89861118290006754050
89861119210003648468
89861119210002646331
89861120239011027537
89861119210003643634
89861123206043314081
89861119266000075774
89861119210003651058
89861119210003643048
89861120235019855713
89861119210002652297
89861123209022794513
89861121250016404711
89861120239011024849
89861119210003650878
89861120239011026869
89861123209022789505
89861120235019859202
89861119210003652692
89861118290006756535
89861123206043414659
89861121250016410676
89861119210003649961
89861120225019877510
89861123209022780702
89861120225019881579
89861123206043318793
89861121250016402632
89861121250016410551
89861119210002651794
89861120211012850241
89861123209022793606
89861120239011026273
89861121250016352852
89861121250016358552
89861123206043318827
89861120211012853187
89861123209022785099
89861119210003644095
89861123209022785743
89861123209022791824
89861120239011022660
89861123209022788564
89861121260017529622
89861119210002646802
89861120225019884508
89861123209022788192
89861123209022780975
89861120239011023478
89861123209022783227
89861123209022783755
89861118290006754605
89861123209022789919
89861119210003644327
89861123206043319338
89861119210002651000
89861120211012852767
89861119210003650852
89861123209022781890
89861121289016749550
89861123209022799074
89861119210003649110
89861119210002646794
89861123209022787731
89861118290006758101
89861119210002652701
89861118290006755214
89861120235019860895
89861121260017530703
89861123206043318025
89861120239011023619
89861120225019878559
89861121250016404828
89861119210002646778
89861119210003646405
89861123206043416282
89861120225019878799
89861121289016749329
89861123209022784969
89861121250016359170
89861120282012293179
89861119210003645571
89861121250016360756
89861121250016352522
89861121250016404083
89861118290006754191
89861120282012292361
89861120235019865340
89861123209022791006
89861119210003649474
89861123209022783805
89861123209022789992
89861121260017527964
89861120235019855994
89861123209022794109
89861118290006757541
89861120239011026331
89861123209022787996
89861119210003649615
89861123209022794356
89861121289016749519
89861121289016749535
89861120239011028329
89861123209022792418
89861121260017529903
89861121250016355285
89861123209022788903
89861120239011023197
89861123209022798969
89861120239011022744
89861120239011032479
89861122228003570909
89861123206043318603
89861120225019883286
89861120225019877718
89861121250016359840
89861123206043312028
89861120211012849896
89861121250016358586
89861122228003569489
89861121250016358370
89861119210003650910
89861119210003646967
89861120211012850159
89861120225019879128
89861123209022791113
89861123206043416878
89861121250016361135
89861119210002654814
89861120211012849482
89861120239011026364
89861119210003644517
89861123206043414998
89861123206043315393
89861121250016403549
89861118248003734327
89861118290006757038
89861118248003734665
89861121250016352217
89861123206043414089
89861123206043316094
89861119210003647775
89861122228003569984
89861121250016360905
89861121289016749543
89861118248003735043
89861119210003651421
89861119210002649632
89861123216035623225
89861121250016402384
89861123206043413230
89861121250016406492
89861120225019884276
89861123206043316227
\0\0{B1:{C:"0000000000
89861120211012854631
89861123206043319361
89861121250016351631
89861120239011031208
89861121250016406005
89861123209022782229
89861120225019878005
89861123209022798373
89861120225019886743
89861120235019856976
89861121260017528608
89861123209022793440
89861123206043314164
89861123216035621831
89861123209022796500
89861122228003568499
89861119210002645978
89861120225019879649
89861121250016360731
89861119210002650598
89861118248003734285
89861119210003646769
89861118290006754936
89861120211012857469
89861123209022791378
89861121250016344420
89861120235019865357
89861123206043312424
89861120225019877304
89861123209022794968
89861120282012292999
89861119210003649797
89861118248003735332
89861120239011030515
89861122228003571790
89861123216035623720
89861123206043313430
89861123206043314453
89861121260017529986
89861123209022790255
89861121250016356184
89861121250016361622
89861123206043313851
89861120235019862651
89861123216035622946
89861120282012292304
89861119210003647494
89861121250016355897
89861121250016404042
89861123209022784282
89861122228003568515
89861119210003645431
89861123206043414279
89861120211012850977
89861119210003652577
89861121250016353165
89861123206043415987
89861120211012850415
89861120282012292817
89861121250016352373
89861123209022786444
89861121289016749741
89861120225019878328
89861120239011028279
89861119210002645887
89861120235019856323
89861123206043315419
89861120225019879193
89861120235019864459
89861123206043318355
89861120211012856339
89861123206043319395
89861121250016361176
89861119210003645688
89861119210003650324
89861120239011026885
89861121250016403648
89861120239011030549
89861120225019884227
89861120239011023890
89861121250016405346
89861121250016353181
89861119210003649854
89861123209022789232
89861121250016403259
89861123206043314180
89861123206043313661
89861121250016361333
89861121250016406641
89861123206043316714
89861119210002655050
89861122228003571998
89861120239011028410
89861123216035624975
89861121250016410718
89861123206043416787
89861120211012851728
89861123209022798142
89861119210003649680
89861121250016405791
89861119210003643790
89861121250016411070
89861121250016405569
89861120225019878765
89861121260017528111
89861120235019862271
89861119210002654434
89861123206043314107
89861123206043313414
89861121250016406187
89861121250016403358
89861120225019881454
89861120211012856180
89861121289016748685
89861121250016410213
89861123209022799678
89861123209022796963
89861119210002652446
89861120225019879375
89861123209022780470
89861123216035624405
89861121250016354676
89861123209022794877
89861123209022781239
89861118248003735928
89861123206043413172
89861118248003733923
89861123209022789281
89861123209022781395
89861121260017530729
89861123209022782906
89861123206043414352
89861123209022792137
89861123206043316128
89861123209022792517
89861123209022793168
89861118290006754951
89861123209022792830
89861123216035620957
89861121260017528244
89861119210003649912
89861121250016355459
89861123209022793077
89861123209022796021
89861119210003645084
89861121260017529085
89861121260017528517
89861123216035620841
89861121250016402012
89861120282012292262
89861119210003647163
89861121250016354767
89861123209022781460
89861118248003734095
89861120225019886560
89861121250016405882
89861123209022788689
89861119210002645937
89861120239011031844
89861123209022795031
89861120239011026935
89861123209022796294
89861122228003571493
89861123209022799306
89861123209022791972
89861123206043414584
89861123206043412141
89861120235019859434
89861120225019884813
89861123209022800138
89861123209022794919
89861123209022792004
89861120211012856818
89861120235019859277
89861118290006754597
89861120211012851140
89861121250016354155
89861123206043416548
89861120225019885927
89861120225019886214
89861123206043312309
89861119210002653865
89861123206043318678
89861121260017527980
89861121250016409959
89861123206043415052
89861119210003650977
89861120211012849284
89861120235019856935
89861123206043315195
89861121250016344321
89861121260017530463
89861123209022782104
89861119210003652700
89861120282012292833
89861119210002647065
89861119266000075717
89861121250016352803
89861123206043414428
89861120239011028766
89861118248003735142
89861120225019880415
89861120239011030168
89861121250016403556
89861123206043312010
89861123209022794869
89861123216035624991
89861119210003649987
89861122228003570008
89861123209022798266
89861123206043316417
89861123209022793747
89861123206043318660
89861120225019881991
89861120211012857600
89861120282012292296
89861123206043413057
89861123206043316516
89861118290006756741
89861123216035621435
89861123206043318991
89861123209022795841
89861123206043313968
89861120211012856651
89861123206043314255
89861120239011028246
89861120211012850118
89861123209022791162
89861122228003572335
89861120225019881470
89861119210002646927
89861123206043413818
89861120225019880381
89861120239011031745
89861120239011025077
89861120235019855754
89861120239011025390
89861121289016748719
89861123206043318850
89861121250016404331
89861121289016749634
89861121250016358321
89861121289016748768
89861120235019861174
89861120211012850365
89861123209022793374
89861123209022791535
89861121250016403754
89861120235019864442
89861123209022789356
89861120239011031265
89861118290006756550
89861123206043413248
89861121250016360582
89861123209022786493
89861119210002651968
89861121250016357844
89861123209022788549
89861123209022789521
89861120239011023585
89861118248003735985
89861120211012848807
89861123206043315203
89861122228003568796
89861120239011032487
89861123209022788267
89861123209022791766
89861120225019877700
89861120225019880506
89861121289016749188
89861121250016357331
89861123209022798928
89861119210002653048
89861120239011024971
89861121250016403309
89861121250016404398
89861123209022792103
89861120235019862859
89861121260017530331
89861120225019882627
89861123209022783045
89861120235019856646
89861123206043416407
89861118290006753847
89861123206043416175
89861119210003645498
89861119210002646497
11\08986111926600007
89861120282012292841
89861120235019856661
89861121250016402194
89861123206043319346
89861120225019883633
89861120225019886057
89861123206043315138
89861123216035625022
89861123209022792087
89861123209022794042
89861123209022788234
89861120239011024062
89861123209022780611
89861122228003571477
89861123216035623597
89861120225019883922
89861121289016749758
89861121250016351433
89861120225019884573
89861123206043314149
89861123209022781692
89861120282012292601
89861120235019863519
89861123206043315005
89861120235019861125
89861120239011027255
89861123206043316326
89861120235019856471
89861120211012855323
89861121250016360269
89861122228003571949
89861120211012857899
89861123206043315443
89861119266000075394
89861120239011026349
89861119210003652585
89861119210002645630
89861123209022784654
89861121260017529614
89861123209022783979
89861123209022794034
89861120235019861463
89861123206043315930
89861120211012848633
89861121250016402541
89861121250016360343
89861123209022782310
89861123209022781197
89861123206043414006
89861122228003570719
89861123216035622581
89861123209022781783
89861121250016402061
89861120239011029848
89861118248003733691
89861120239011028733
89861118290006754498
89861121250016410114
89861123209022797839
89861123206043315021
89861119210002654293
89861120211012856925
89861123209022786790
89861120225019883831
89861121250016360723
89861120282012292510
89861123206043318934
89861121260017528921
89861122228003571378
89861120235019858873
89861119210003647346
89861120239011029939
89861121250016410379
89861123209022786006
89861120211012848856
89861119210003651934
89861121250016405163
89861123209022784803
89861120235019858188
89861123206043414709
89861123206043314768
89861123216035622870
89861121260017529598
89861120239011029392
89861120239011029897
89861119210002651653
89861120225019881512
89861122228003570479
89861119210003647189
89861123209022796815
89861118290006754910
89861123209022784993
89861121250016404323
89861123209022794943
89861120239011024492
89861119210003644939
89861119210003643584
89861118290006756048
89861121260017530307
89861123206043413842
89861121250016352316
89861121250016406054
89861121250016361077
89861118248003733964
89861123209022783011
89861120225019885059
89861123209022784456
89861123209022798092
89861120225019886636
89861120225019879029
89861123209022790446
89861120239011029145
89861123209022788473
89861121260017529994
89861121250016356770
89861121250016358818
89861123206043412398
89861119210002653709
89861123216035625329
89861120225019887188
89861123206043312259
89861122228003569109
89861120225019877775
89861120235019863832
89861123209022800153
89861122228003571113
89861123206043413214
89861120239011030689
89861123206043412208
89861121250016406153
89861123206043412240
89861120235019859095
89861123209022785636
89861123206043318215
89861123209022794240
89861123209022785396
89861121260017528624
89861120211012854086
89861123206043319338
89861123216035622698
89861120225019886065
89861120225019878690
89861123209022797052
89861120239011025309
89861120239011029558
89861121250016351136
89861123209022781353
89861120239011027214
89861123206043312275
89861119210002653741
89861120235019862602
89861123206043315831
89861123206043314560
89861120225019879847
89861120235019859509
89861119210003650480
89861119210002653105
89861121250016355681
89861123209022781247
89861118248003736280
89861121250016410080
89861121260017528590
89861121250016406047
89861121250016360129
89861119210003645613
89861121260017530257
89861120211012853088
89861121260017528525
89861120239011031711
89861119210002646695
89861123209022793978
89861119210002653683
89861122228003569935
89861120239011023809
89861119210003649508
89861123216035623662
89861123206043414816
89861120282012293500
89861120225019880167
89861123206043412299
89861121250016405239
89861121250016352308
89861120239011024344
89861121260017530182
89861123206043412513
89861123209022789265
89861119210002655134
89861120225019880142
89861120211012857519
89861118290006755032
89861122228003571063
89861120225019885810
89861123209022799330
89861123216035623837
89861123209022783540
89861121244034160207
89861123216035620874
89861123209022791618
89861123206043413826
89861123206043319338
89861120239011026604
89861123209022782484
89861120235019858717
89861123206043315245
89861120282012292403
89861120225019883955
89861120239011029228
89861121250016404299
89861121250016355145
89861123209022797912
89861123206043319262
89861121250016358529
89861120225019886578
89861120211012857394
89861123206043413339
89861120235019862065
89861123209022794471
89861123209022782500
89861123209022791923
89861120225019881439
89861123206043318777
89861119210002654921
89861123209022799405
89861123209022786212
89861120211012850068
89861120225019886073
89861120239011023601
89861123206043415409
89861119210003650217
89861123206043318363
89861121250016353389
89861120225019886891
89861120235019862453
89861121250016402459
89861118290006756980
89861123209022789315
89861120211012855133
89861120235019860358
89861123206043414154
89861121250016358768
89861119210003646199
89861120235019859012
89861121289016748909
89861123209022780553
89861123209022794190
89861121250016355848
89861123209022788366
89861123209022790495
89861119210003649920
89861123206043315872
89861120239011024260
89861123209022789687
89861120235019859418
89861123206043414311
89861120211012849961
89861123209022798902
89861120225019886040
89861118248003736017
89861120235019861489
89861120225019881165
89861123216035625485
89861123209022795718
89861120211012855935
89861119210003650811
89861123209022785735
89861119210003652353
89861119210003647296
89861123209022795510
89861121250016354007
89861121250016353397
89861123206043314578
89861121250016410585
89861123209022790412
89861119210003648518
89861121250016357349
89861123206043315948
89861120235019860804
89861120225019877882
89861123209022797805
89861122228003571410
89861120211012853153
89861123209022790768
89861123209022799686
89861123209022792566
89861118290006756733
89861123206043315799
89861120239011031307
89861120282012292882
89861120225019885968
89861121250016359832
89861119210003649011
89861120225019879631
89861121250016357901
89861120225019884292
89861120239011026901
89861119210003652205
89861119210003650142
89861123209022800047
89861123209022796401
89861119210003652106
89861121289016748560
89861120235019864723
89861121250016355517
89861120235019861612
89861121260017529804
89861123209022789158
89861120235019861406
89861123216035623829
89861121250016353066
89861118290006754555
89861123209022792772
89861121250016410841
89861121250016405759
89861119210002646125
89861121250016353983
89861122228003569497
89861120235019863048
89861123209022780876
89861120239011026257
89861123209022780462
89861123209022789554
89861123209022786733
89861121260017530588
89861123209022792681
89861121250016361390
89861119210003650225
89861118290006756022
89861123209022786139
89861121289016749675
89861118290006755644
89861119210003643535
89861121250016353660
89861118290006755602
89861123209022798563
89861122228003569521
89861121250016353918
89861123209022800005
89861122228003572178
89861122228003568929
89861120239011028048
89861120211012855950
89861121250016357273
89861120235019864384
89861123216035624983
89861120235019859673
89861123206043413362
89861123209022798183
89861118248003734582
89861123216035620817
89861119210003645563
89861120235019859517
89861119210003643527
89861123209022789885
89861123209022787988
89861123209022799660
89861120225019885505
89861120239011022645
89861119210003643774
89861118248003734723
89861119210002651422
89861122228003570511
89861118290006754167
89861120239011025671
89861123209022780777
89861121250016404497
89861120239011024088
89861119210003643394
89861120225019884433
89861123206043413495
89861120225019886693
89861121250016354528
89861120239011025960
89861120235019860044
89861123209022793507
89861119210003651439
89861120235019855374
89861119210002651612
89861120235019864566
89861121250016406518
89861120239011022793
89861123209022795189
89861121250016358883
89861123216035624728
89861123209022782831
89861119210002654988
89861119210002653519
89861121250016361564
89861123209022798357
89861118290006754985
89861121250016405908
89861120225019882205
89861118290006755396
89861123209022791733
89861119210003651579
89861120235019861117
89861120235019863121
89861120235019859384
89861119210002650903
89861119210003646744
89861120235019855747
89861119210003648740
89861120239011023635
89861120235019858204
89861123209022789943
89861123209022791188
89861120239011023791
89861119210003650001
89861120235019862248
89861123209022798878
89861123206043319361
89861121260017529226
89861123206043416720
89861121250016355244
89861120225019883328
89861123209022789471
89861120239011027099
89861121260017530414
89861120235019855820
89861120225019886149
89861123206043315716
89861123216035621963
89861119210003649045
89861118248003735324
89861123209022798514
89861120225019883591
89861118290006758085
89861123206043416886
89861121250016357117
89861123209022782294
89861121260017530174
89861120225019887170
89861119210002651307
89861121260017530711
89861121289016749451
89861120235019861471
89861118290006755065
89861120235019864608
89861123209022789166
89861120211012856578
89861121260017528657
89861123209022783151
89861119210002651885
89861121250016354023
89861120235019855648
89861121250016352001
89861121250016344388
89861123206043313828
89861120235019858899
89861120225019878880
89861120225019878096
89861120239011023981
89861123216035622672
89861123206043318587
89861121250016405049
89861119210003649490
89861123209022781437
89861123209022790008
89861123206043316458
89861120235019858048
89861119210002651141
89861121250016405627
89861119210003644566
89861123209022787939
89861123209022790131
89861123209022787723
89861120239011028006
89861120211012849029
89861123206043413131
89861123206043412984
89861123209022799058
89861121260017528483
89861121250016357695
89861118290006755982
89861121289016749667
89861120211012856743
89861123206043415193
89861120225019885794
89861123206043315047
89861121250016411096
89861123209022790354
89861123216035625261
89861122228003568150
89861123209022788531
89861118290006756691
89861120282012292536
89861120225019887097
89861119266000075436
89861121289016748834
89861119210003647361
89861120211012851272
89861123209022780918
89861121250016353744
89861120225019878062
89861120235019860911
89861121250016403671
89861119210003645191
89861120225019886982
89861122228003569273
89861120211012855356
89861123206043414147
89861120282012293450
89861120211012854250
89861123206043413560
89861123206043319254
89861118248003735944
89861120235019859350
89861122228003570636
89861123209022797383
89861123216035621054
89861120235019860655
89861119210002645838
89861123206043414543
89861120239011025515
89861120225019887014
89861119210002646414
89861120211012850274
89861120211012856826
89861123206043316425
89861123209022783342
89861123216035621427
89861119210003649698
89861123209022797623
89861123209022799744
89861121250016351854
89861121260017528236
89861119210002653014
89861120282012293393
89861118248003734574
89861118290006756725
89861123209022788044
89861120225019883120
89861121250016359543
89861119220009768020
89861123209022796062
89861119210003651595
89861119210002645770
89861123209022783532
89861120239011026034
89861120211012849912
89861119210003645803
89861121250016404489
89861123216035625196
89861122228003569588
89861123206043316466
89861120239011032388
89861120225019877874
89861118248003735092
89861121260017530612
89861118290006757897
89861123209022786774
89861120235019857883
89861120225019882593
89861121250016353082
89861120239011027032
89861123209022782666
89861122228003571352
89861121250016358263
89861118290006755925
89861121250016352423
89861121250016357075
89861120235019859459
89861122228003571535
89861120211012849425
89861123206043413990
89861123209022799959
89861119210003644947
89861123209022786535
89861123209022791519
89861123209022800021
89861123209022796971
89861120211012857584
89861120225019883476
89861121289016749717
89861121250016360939
89861119210002654053
89861120239011026851
89861120239011023536
89861118290006754159
89861120235019859657
89861119210002653253
89861118290006754621
89861123216035623530
89861123209022788093
89861118290006757210
89861120239011031612
89861120239011029855
89861121250016403432
89861120225019877411
89861121250016353298
89861123206043313984
89861121250016354213
89861119210003646678
89861120239011023015
89861121250016351946
89861120225019881173
89861120239011028899
89861123206043312606
89861120239011026810
89861121250016357463
89861123209022787798
89861120239011028212
89861119210002653576
89861120235019856596
89861121250016360087
89861123209022782500
\0\0{B1:{C:"110F3C41DE
89861123209022785990
89861120239011028915
89861123209022792525
89861120235019855689
89861119210003649128
89861120225019885356
89861119210003651587
89861123209022797540
89861123209022792467
89861119210003648609
89861120211012849144
89861123206043314826
89861123209022785438
89861120239011023908
89861123206043318975
89861120239011032156
89861119210003650399
89861119210003647908
89861121250016405155
89861123209022797284
89861123209022783946
89861119210003650712
89861119210002652792
89861123206043414303
89861123206043312218
89861123209022799694
89861118248003735076
89861120225019885349
89861118290006753730
89861120211012849904
89861122228003571246
89861119220009767972
89861123206043313497
89861119210002651026
89861120239011023932
89861121250016361325
89861121250016352100
89861120239011029095
89861120239011031752
89861120211012855232
89861121250016356341
89861121250016350997
89861123209022796112
89861123206043318546
89861123206043314958
89861121260017530299
89861123216035625162
89861123216035621534
89861123209022784704
89861121250016409967
89861118290006756238
89861118290006754134
89861119210003649953
89861123206043318249
89861120225019884532
89861123209022789638
89861121250016351110
89861123209022788101
89861123209022786485
89861119210002650853
89861121250016344396
89861120235019861364
89861123206043412729
89861123209022795221
89861121250016357315
89861120235019858907
89861118290006753987
89861120239011029335
89861123209022783482
89861120282012292916
89861123209022782443
89861121250016354478
89861123209022800252
89861120225019880282
89861123209022793630
89861119210003646256
89861119210002646596
89861120235019862222
89861120235019855572
89861120211012855927
89861121250016359279
89861120225019879987
89861119210003648146
89861120235019860416
89861120239011026554
89861118290006758119
89861119210002652966
89861121289016749204
89861120282012293005
89861120239011028998
89861123216035622144
89861123216035623431
89861120225019883500
89861120239011027040
89861120225019883484
89861122228003568168
89861121250016402020
89861120239011031455
89861119210003643006
89861123206043416563
89861123216035622763
89861118290006754548
89861123209022797326
89861121289016749030
89861119210003652460
89861121250016352068
89861119210002654418
89861118290006755917
89861120211012851025
89861120239011031539
89861119210003650043
89861120239011031109
89861119220009768327
89861120225019877635
89861120235019856497
89861118248003734517
89861120225019883914
89861121250016359873
89861121289016748933
89861123209022784050
89861123206043416209
89861121260017529929
89861118248003735449
89861120239011025275
89861121250016356994
89861119210002645804
89861119210002649533
89861120225019886354
89861120235019864707
89861119210002654228
89861123206043416670
89861120239011029988
89861123216035620924
89861123206043319049
89861120225019878708
89861118290006755693
89861121250016360210
89861120211012849417
89861120282012292957
89861123209022792145
89861120239011028113
89861120239011029640
89861123206043413982
89861121289016748693
89861120235019863550
89861123206043416456
89861119210003647650
89861123206043414071
89861119210003647544
89861121250016358669
89861121250016354338
89861121250016402293
89861123209022797441
89861121260017529390
89861119210003643279
89861120235019855697
89861118290006756105
89861123209022787871
89861119210002652842
89861121250016358636
89861121260017528988
89861123206043318785
89861123206043315070
89861118290006754894
89861119210003648898
89861123209022799819
89861120239011023205
89861123209022791899
89861119210002652180
89861123209022783078
89861123209022782625
89861123206043316409
89861123216035622136
89861122228003569836
89861120239011031471
89861118290006756642
89861120211012848930
89861122228003568838
89861121250016358750
89861120239011030366
89861123206043412166
89861119220009768202
89861120235019862073
89861120239011022850
89861120225019877312
89861120239011024948
89861120235019855432
89861118290006756469
89861123206043414121
89861120235019857917
89861120239011025382
89861123209022792715
89861121250016401733
89861123206043318439
89861123209022784159
89861120235019862107
89861119210003649086
89861120239011023452
89861121250016406435
89861118248003735464
89861119210002653642
89861121260017528152
89861121250016355103
89861121250016410593
89861121250016355004
89861123209022784290
89861119210003652098
89861119210003644897
89861123209022785693
89861118248003734376
89861121250016357505
89861123206043413917
89861123209022784951
89861121250016402582
89861123206043415144
89861123209022797185
89861120239011028790
89861119210002645622
89861120239011030671
89861120239011028857
89861121250016352811
89861123206043316920
89861119210002654889
89861121250016355889
89861119210003652239
89861120235019856828
89861123206043318009
89861118290006753839
89861123209022784845
89861120235019859954
89861123206043312549
89861119210002649301
89861121260017528145
89861120225019883096
89861121250016357778
89861123209022788325
89861123209022781510
89861123209022787954
89861120239011027081
89861120211012856305
89861122228003571774
89861123209022790958
89861123206043414014
89861123209022788861
89861123209022789430
89861123209022780942
89861120235019858311
89861120235019864889
89861123206043315583
89861121250016406542
89861119210002652834
89861121250016357174
89861120239011027677
89861119210002646729
89861120225019882833
89861122228003568754
89861119210002646208
89861123209022781742
89861120235019863840
89861120235019855978
89861119266000075402
89861121250016403473
89861123206043416738
89861123206043314008
89861120211012857212
89861122228003570156
89861123209022789679
89861123209022788390
89861123206043416076
89861120225019880399
89861123206043314248
89861118248003735266
89861120239011031703
89861123209022789091
89861123209022786386
89861119210002655100
89861123209022797987
89861120235019858006
89861123209022790719
89861123206043414881
89861119210002652164
89861120225019882056
89861120235019861869
89861118248003733709
89861123209022786204
89861123209022794968
89861119210002646554
89861118248003733667
89861120225019879110
89861123209022794703
89861120282012292809
89861121260017530117
89861119210003647254
89861120235019860267
89861120211012850316
89861121260017529978
89861123209022795775
89861123209022794299
89861121250016403192
89861121250016406070
89861121250016355988
89861121250016351896
89861123209022794158
89861120211012856883
89861123209022796302
89861120239011027024
89861123209022783581
89861120225019877767
89861119220009768301
89861118290006754969
89861123209022787848
89861120211012853377
89861119210003651637
89861120225019886974
89861120225019883880
89861120211012851413
89861120235019861513
89861121289016748636
89861121250016358255
89861121260017528350
89861123206043318322
89861120235019861497
89861119210003648252
89861123209022796716
89861121250016402210
89861122228003572053
89861123216035622482
89861123209022781379
89861123206043412620
89861122228003570305
89861123216035620940
89861120211012856586
89861121250016355624
89861120211012855794
89861119210002651133
89861120239011024872
89861123206043312200
89861123209022798415
89861123209022780769
89861123209022795353
89861121260017530596
89861123216035623589
89861120211012852601
89861123206043315815
89861122228003569083
89861123206043413677
89861120239011027701
89861120239011030374
89861121250016403788
89861120239011030440
89861120239011023254
89861123209022781486
89861120211012856388
89861118290006753938
89861119210003650548
89861120211012850134
89861119220009768400
89861123216035624652
89861123206043316805
89861123206043312465
89861121250016353439
89861119210003648856
89861123206043318272
89861118290006756584
89861119210003647353
89861123209022782351
89861120211012857659
89861120225019878682
89861121250016402103
89861123209022787566
89861120235019856208
89861123209022788028
89861123209022795239
89861119210002653881
89861119210003647916
89861121250016401881
89861120235019858550
89861121250016401741
89861123216035623571
89861123209022790313
89861123206043313976
89861120225019881108
89861120235019859160
89861121250016358230
89861119210002650986
89861120235019856380
89861123209022796260
89861123206043413511
89861123209022795213
89861120211012849722
89861120225019887279
89861123216035621039
89861123209022780835
89861120225019884284
89861123206043313737
89861120235019863618
89861119210003648690
89861120211012848534
89861119210003652833
89861121250016359857
89861120225019885679
89861120282012293286
89861122228003570859
89861120235019860937
89861123209022795585
89861123206043315724
89861123209022781056
89861123209022782765
89861123206043318561
89861121250016357422
89861120235019857495
89861120225019881637
89861120225019882064
89861121250016359659
89861119210003651215
89861121244034160215
89861120225019884342
89861123206043318645
89861121260017529317
89861123209022796948
89861123209022793051
89861120225019881801
89861123206043318694
89861120211012850894
89861121260017529556
89861121250016358313
89861123209022793614
89861119210003649458
89861119220009768012
89861120211012854169
89861119210003645555
89861123209022788705
89861120211012853583
89861120225019878948
89861123206043414527
89861119210002646976
89861120235019855879
89861118290006756147
89861118248003735134
89861121250016403218
89861120239011030184
89861123206043318868
89861121250016403515
89861122228003572285
89861123206043414444
89861121250016406237
89861123206043313133
89861123206043315096
89861121289016748974
89861120211012849821
89861123209022792574
89861120211012848872
89861123209022799934
89861121250016360418
89861120211012858020
89861121250016356721
89861123209022783243
89861119210003643188
89861123206043314925
89861119210002655167
89861123206043415425
89861123209022792699
89861118248003734129
89861120239011025614
89861120239011030002
89861119210002652404
89861120225019886941
89861121260017530158
89861123206043415789
89861120239011032024
89861120225019879599
89861120225019880423
89861123209022793846
89861119210003648187
89861121250016356358
89861123209022789398
89861123209022798589
89861119210002646687
89861121260017530349
89861119210002654533
89861121250016405924
89861119210002652115
89861122228003569687
89861123206043414790
89861120225019881496
89861120235019860176
89861120225019884821
89861118290006753896
89861120225019879045
89861123209022792848
89861123209022785826
89861121250016358511
89861120225019880555
89861120225019882668
89861120225019881157
89861119210003648302
89861123209022800146
89861123206043319221
89861121250016361036
89861119210003651090
89861121250016404273
89861121250016354346
89861123209022795619
89861120235019856687
89861123209022787079
89861121250016402343
89861123216035625634
89861121250016403440
89861120239011032446
89861122228003568556
89861120239011027396
89861118290006754449
89861123209022795957
89861118290006756675
89861120225019886453
89861121250016358180
89861121260017529374
89861121250016353702
89861120282012293021
89861121250016403986
89861119210002654830
89861120235019859343
89861122228003569323
89861123206043319338
89861123209022792335
89861122228003569430
89861119210002646638
89861123216035622417
89861121250016401840
89861123209022799124
89861123206043312184
89861123216035623423
89861121250016411112
89861120239011028170
89861118290006757442
89861123216035625477
89861121260017529812
89861123209022783615
89861118290006756055
89861122228003570511
89861119210002652503
89861122228003570263
89861123206043415284
89861123209022797110
89861123206043319338
89861120225019883716
89861119210002653535
89861123209022798662
89861119210003650118
89861123209022788937
89861121250016410197
89861121250016352290
89861120235019855796
89861119220009767964
89861123209022795536
89861123216035622888
89861120239011025473
89861123206043415201
89861121250016402863
89861119210003651603
89861120211012857865
89861122228003570123
89861123209022783300
89861123206043318751
89861121250016352357
89861121289016748941
89861119220009768087
89861123209022787889
89861119210003643840
89861118290006754860
89861123206043412646
89861120225019882874
89861121250016359717
89861120239011024724
89861120239011026521
89861121260017530281
89861119210003650449
89861121250016402616
89861120239011024278
89861120239011027578
89861120282012292346
89861123209022786477
89861118290006754753
89861123206043319155
89861120239011025143
89861119210003651223
89861123206043413198
89861120239011027388
89861119210003652437
89861123209022796955
89861123206043313810
89861123209022796328
89861120235019859061
89861123209022784399
89861123206043414519
89861121250016361119
89861118290006757491
89861118248003733584
89861119210003652056
89861121250016360236
89861118290006754456
89861121250016356077
89861120225019883203
89861123206043315856
89861120239011028881
89861119210002654996
89861123209022793994
89861120225019879383
89861120225019879102
89861123209022788630
89861122228003572277
89861120211012855554
89861121250016353520
89861123206043312796
89861120235019856612
89861123209022786030
89861123209022799298
89861123209022799595
89861120225019882312
89861123209022782914
89861121250016410346
89861120239011026992
89861120235019856760
89861120282012292544
89861119210003649714
89861120239011028345
89861123209022789794
89861119266000075865
89861121250016344479
89861119220009768293
89861123209022781791
89861119210002652008
89861123206043416274
89861120239011025713
89861123216035620825
89861123209022781213
89861123209022794778
89861120239011024575
89861122228003569703
89861121250016356994
89861121250016406260
89861121250016353488
89861121260017528558
89861120235019861703
89861123209022787129
89861123209022788671
\0\0{B1:{C:"0000000000
89861120225019879078
89861123216035621302
89861118290006755628
89861121250016357653
89861123206043319262
89861121250016403879
89861123206043415656
89861121260017529705
89861123209022796211
89861120225019883617
89861120235019860473
89861121260017528731
89861120235019859293
89861121250016405551
89861119210002650945
89861120225019880886
89861121260017529192
89861123216035625725
89861121260017529754
89861123209022785115
89861121260017529473
89861123209022783367
89861123209022781270
89861122228003570016
89861123209022783664
89861119210003644970
89861123209022793267
89861123206043316367
89861123209022781858
89861119210003651025
89861120225019883294
89861120211012849706
89861123209022784449
89861118290006757285
89861123209022790552
89861123209022799090
89861121260017528368
89861123209022785123
89861123206043412885
89861123206043413149
89861121250016352134
89861120235019864863
89861121250016358388
89861120282012292445
89861123206043412638
89861119210003644004
89861119210003648997
89861123209022786766
89861122228003570586
89861118248003734681
89861121260017529515
89861123209022797615
89861120239011023270
89861120235019857800
89861119210003643949
89861123216035621757
89861120235019857768
89861119210003649383
89861120235019860309
89861121250016410460
89861123206043312044
89861123209022791584
89861120235019857164
89861123206043312648
89861122228003569794
89861123209022793044
89861123209022787665
89861120239011026414
89861119210003651322
89861119210002652719
89861120235019861901
89861118248003734798
89861120235019862446
89861123206043414378
89861123209022786824
89861120239011026737
89861123209022783193
89861123209022787442
89861121289016749782
89861123209022792186
89861120282012292288
89861121250016352472
89861123209022791204
89861121289016748990
89861123209022796930
89861120239011024641
89861123206043312317
89861120239011026422
89861123216035622524
89861122228003570503
89861121250016353249
89861123209022796435
89861120211012857204
89861120235019857628
89861120239011024500
89861120235019859467
89861121250016355426
89861120235019864947
89861121250016403952
89861123216035623217
89861119210003648732
89861120235019862545
89861123209022783961
89861120239011025895
89861121289016749238
89861120235019861299
89861123209022790602
89861120239011028253
89861123206043416563
89861120239011026695
89861120239011024617
89861119210002654590
89861123209022799314
89861120235019860713
89861118248003735100
89861122228003570917
89861121250016358610
89861121260017530109
89861120225019881249
89861121260017530638
89861121250016359436
89861123206043318447
89861121250016358776
89861123209022789976
89861120225019882247
89861122228003569406
89861123206043318058
89861121250016402467
89861123209022794851
89861119210002653584
89861122228003570347
89861120235019862214
89861120211012857352
89861121250016356218
89861122228003568374
89861121250016402970
89861120225019884664
89861122228003570602
89861119210003649425
89861119220009768160
89861123209022799157
89861121250016361101
89861123206043412299
89861120235019859236
89861123209022788572
89861120211012856834
89861120225019884458
89861119210002654442
89861121250016405056
89861119210002649384
89861120225019879706
89861123206043312283
89861120211012854433
89861123209022792681
89861118248003736157
89861119210003649292
89861120211012854128
89861123209022790727
89861120239011028543
89861121250016354734
89861122228003570982
89861122228003571808
89861120225019883724
89861120235019861539
89861121250016358206
89861122228003568416
89861120235019859897
89861123209022796674
89861120225019881900
89861120239011027743
89861123206043414824
89861121250016355269
89861120235019863980
89861121250016354221
89861121250016401725
89861123209022797755
89861123209022782187
89861123206043414865
89861120225019885257
89861120225019883112
89861120235019860010
89861121250016357109
89861123206043313539
89861119210003652601
89861120235019864244
89861121250016354262
89861121260017529549
89861123209022795080
89861121250016356366
89861120211012849664
89861120225019877940
89861123209022782641
89861119210002646190
89861123206043319197
89861123216035621450
89861122228003570727
89861121250016353280
89861123209022798456
89861122228003568697
89861120239011027412
89861122228003570297
89861119210002653402
89861123209022798084
89861122228003568309
89861120235019862917
89861123209022786782
89861119210003647213
89861123209022790701
89861120235019855838
89861123206043313695
89861120225019881454
89861120225019877601
89861123216035623605
89861119210003648831
89861118290006757830
89861121250016404349
89861120235019863501
89861123209022793085
89861123209022790750
89861120211012850563
89861122228003568218
89861120239011025689
89861123209022789414
89861120211012848328
89861120225019880035
89861121250016404760
89861123206043315518
89861121250016361572
89861121250016359915
89861118248003735787
89861119210003643261
89861120282012293385
89861120225019885240
89861123209022793028
89861123216035622722
89861121250016359725
89861121250016404059
89861122228003570933
89861120235019861943
89861123206043316037
89861121260017529499
89861120235019863931
89861119210003648765
89861123206043316060
89861123206043315187
89861123209022789216
860497077593967
89861123209022797474
89861120235019862669
89861123209022789422
89861119210002654707
89861120235019858220
89861122228003570693
89861119210003644988
89861120235019864392
89861121260017530398
89861121250016410619
89861123209022788440
89861120235019864822
89861123209022784860
89861123209022795924
89861123209022797847
89861119210003645266
89861120235019858691
89861123209022789661
89861123209022788622
866207075444277
89861120239011031174
89861123209022791063
89861123209022800203
89861120211012857956
89861120225019877452
89861123206043316193
89861120211012851736
89861121250016360046
89861123209022783722
89861121250016359311
89861120225019886933
89861118290006754282
89861120235019858980
89861123209022792400
89861122228003570826
89861119210003647841
89861119210003651611
89861121250016352779
89861119266000075956
89861118248003734756
89861120235019861380
89861119210002653113
89861123206043312077
89861121250016358057
89861120225019879854
89861119210002652784
89861121250016405601
89861123209022789950
89861120211012848476
89861119210003650886
89861120235019863683
89861120235019860275
89861120235019863154
89861119210003650472
89861120225019879094
89861120225019883898
89861120211012857840
89861120225019879797
89861120225019879714
89861119210003644335
89861122228003568770
89861123206043313950
89861119210002651190
89861120225019881140
89861120211012850423
89861120239011030598
89861121250016358297
89861123209022782922
89861120211012850696
89861121250016358537
89861120225019881546
89861120225019885109
89861120211012856099
89861123206043415508
89861123206043312721
89861120282012292411
89861120235019860374
89861120235019859822
89861121260017528756
89861123206043318819
89861119210003644798
89861118290006755651
89861123209022789299
89861123206043314602
89861123209022783128
89861121250016357323
89861123206043314842
89861120235019864491
89861121250016403234
89861119210003652304
89861120235019858287
89861121250016411260
89861123206043416332
89861123206043314370
89861121260017530133
89861119210003648419
89861120235019858295
89861123209022785628
89861119210003645696
89861120239011024435
89861121250016403762
89861123216035622979
89861123209022795270
89861119210003650423
89861121250016359360
89861121260017530810
89861123209022788309
89861121250016356564
89861123209022784381
89861121289016749311
89861123209022787640
89861120235019864293
89861123209022791600
89861119210003643691
89861120239011026596
89861120239011027115
89861121250016356507
89861120239011025234
89861119210003646702
89861120211012856297
89861120282012292668
89861123209022791071
89861123206043413289
89861119210002645564
89861121250016351292
89861120211012857279
89861120282012293401
89861121250016404067
89861120239011023262
89861123209022788176
89861123206043316862
89861121250016351383
89861118248003734269
89861122228003571485
89861119210002653279
89861119210002654897
89861120225019884755
89861120225019883419
89861123209022797649
89861120235019862677
89861123206043415698
89861120225019881058
89861118290006754696
89861123209022796591
89861120211012855224
89861122228003570784
89861121250016404877
89861119210003643220
89861122228003572350
89861120211012854003
89861118248003733683
89861123206043318769
89861118248003735027
89861118248003734459
89861119210002646406
89861118290006756915
89861121250016359584
89861120225019878013
89861120225019879607
89861123216035624512
89861120239011023999
89861123209022785164
89861120239011023775
89861120211012852346
89861123209022799421
89861123209022789224
89861120225019879219
89861120225019882395
89861120235019865118
89861120235019861125
89861121250016352332
89861120239011024591
89861123209022794026
89861120239011029186
89861123209022792863
89861123209022800039
89861123206043316797
89861121289016749154
89861123206043319015
89861120225019882858
89861120239011031398
89861119210002649335
89861122228003568788
89861120211012857816
89861123206043319114
89861123209022789836
89861120239011028444
89861120235019859400
89861119210003647155
89861123216035621252
89861120225019880571
89861119210002646661
89861119210002646091
89861121250016356291
89861121250016351276
89861123209022792376
89861120239011024302
89861123206043414345
89861119210002655308
89861123209022797243
89861120225019884888
89861121250016354536
89861121250016352761
89861119210003652932
89861121250016352514
89861120239011027958
89861123206043413370
89861120239011025572
89861119210002655282
89861119210002646539
89861121289016749378
89861120235019861950
89861123209022782732
89861123209022790123
89861122228003571568
89861120225019880613
89861123209022792392
89861123206043412950
89861123206043316755
89861123206043414915
89861123209022784746
89861122228003568978
89861123206043314966
89861120225019885489
89861123209022784738
89861118290006756790
89861123209022780652
89861119210003651926
89861123209022796583
89861121250016410254
89861123206043315807
89861123206043319015
89861123209022791303
89861121260017528103
89861120225019878666
89861123209022796849
89861121250016405973
89861118290006756444
89861121250016352969
89861119210002646653
89861121250016357521
89861119210003645985
89861123209022790040
89861121250016360426
89861122228003569067
89861120235019860291
89861119210003648641
89861122228003568945
89861120235019860200
89861123209022789331
89861121250016361051
89861120211012855653
89861119210002651315
89861121250016353116
89861120225019882007
89861120239011028063
89861119210002646737
89861123206043319098
89861123206043316631
89861123209022790925
89861123209022781643
89861119210002654574
89861119210002653634
89861123209022795452
89861120225019878419
89861121250016356911
89861120239011031414
89861121250016361127
89861123206043314198
89861123216035622862
89861119210002653261
89861122228003570867
89861123209022783136
89861120235019855556
89861121250016360699
89861123209022794380
89861120225019881728
89861123216035625659
89861123206043316334
89861123206043416035
89861121260017528970
89861123209022791238
89861119210002651588
89861120225019881595
89861120239011023296
89861121250016355913
89861123206043415896
89861118290006757186
89861120225019882585
89861123206043314297
89861123209022780595
89861121289016749683
89861123216035623118
89861120239011031125
89861120235019856349
89861121250016358974
89861120225019884920
89861123206043314636
89861121250016359196
89861120235019863030
89861120235019862883
89861118290006756519
89861123209022782989
89861123209022788986
89861122228003570420
89861123209022791956
89861121250016359576
89861120225019882304
89861120225019880514
89861120239011030028
89861121250016355442
89861121250016361259
89861123209022800245
89861119210003649979
89861120225019886909
89861120239011024609
89861123209022782088
89861118248003735035
89861120235019864061
89861123209022785032
89861119210003646934
89861123209022799751
89861121250016360541
89861120211012851611
89861120211012848484
89861118248003734889
89861123209022798126
89861122228003570164
89861120239011025127
89861120225019882601
89861123206043416902
89861123209022796757
89861119210002653931
89861120239011031356
89861120239011024401
89861118290006755677
89861121250016355129
89861122228003571154
89861123209022783052
89861119210003647734
89861123206043414188
89861121250016353462
89861120239011031323
89861120235019862735
89861120235019857529
89861121250016354726
89861118248003735829
89861121260017529424
89861122228003570149
89861121260017528376
89861120225019887204
89861119210003652130
89861120235019863956
89861123209022781361
89861123209022797417
89861121260017530307
89861123206043315690
89861120239011027719
89861123209022785024
89861120235019862008
89861120239011027370
89861119266000075907
89861121250016360715
89861121250016357885
89861118290006757178
89861123216035624009
89861122228003571857
89861123209022793291
89861119210002649525
89861121250016355574
89861118290006757723
89861122228003570610
89861121250016404570
89861121250016356127
89861122228003571907
89861121289016749709
89861121260017528764
89861121260017529275
89861120235019861638
89861119210002654491
89861122228003571097
89861121250016357299
89861119210003646082
89861121250016352696
89861119210002650895
89861123209022791881
89861120225019881561
89861118248003734913
89861123209022782039
89861120239011031687
89861120239011031869
89861118290006754639
89861118248003735118
89861119266000075923
89861123209022792624
89861122228003570883
89861120235019857370
89861123209022785628
89861119210003649557
89861121250016359535
89861123209022796542
89861123209022783151
89861123206043311996
89861122228003569810
89861119210003649318
89861121250016353173
89861121250016360772
89861123209022792350
89861123206043319452
89861123216035621211
89861123216035625584
89861123206043416779
89861120282012292692
89861122228003572368
89861120239011025226
89861123209022782450
89861123216035625527
89861123209022791279
89861120239011031331
89861120225019881322
89861121250016356978
89861120225019884854
89861123209022798852
89861119210003651736
89861120239011025630
89861121250016355301
89861121250016358958
89861120239011030457
89861119210003648807
89861123206043318256
89861121260017529440
89861123209022782369
89861120211012851520
89861123206043412430
89861119210003650589
89861123206043412497
89861121260017529911
89861120211012850092
89861120225019880068
89861121250016356150
89861123206043316391
89861123209022792384
89861123209022783433
89861120225019883856
89861119210003648443
89861123206043313885
89861120235019858840
89861121250016403317
89861121260017527949
89861121250016402913
89861118290006757434
89861120211012857634
89861120235019861356
89861121250016360194
89861120225019878500
89861120239011029715
89861119210003650282
89861123209022800013
89861119210003643956
89861123206043414840
89861120239011027321
89861120239011024534
89861123209022794828
89861120225019885448
89861120282012293419
89861121250016405809
89861120235019857065
89861123209022786386
89861120239011030887
89861120225019880704
89861123209022797730
89861123209022800211
89861123206043314214
89861120211012855414
89861123206043313448
89861119210002653998
89861120211012855786
89861119210002651471
89861122228003570131
89861121250016405577
89861119210002647032
89861120282012293468
89861119210003649888
89861119210002652313
89861119210003649250
89861123209022799553
89861120239011023247
89861120235019856539
89861123206043319437
89861120239011024625
89861119210002651703
89861123209022789513
89861118248003735753
89861120211012851900
89861120282012292858
89861118290006757327
89861123206043319387
89861119210002646224
89861119210003650944
89861119210003648351
89861123216035623639
89861123206043412364
89861123209022781874
89861123209022788069
89861121250016406039
89861120239011023510
89861120235019856893
89861120239011027230
89861123209022795387
89861123206043313687
89861120225019880084
89861123206043318504
89861121250016405544
89861123216035622029
89861123206043312820
89861119210003650860
89861123216035624132
89861120225019878120
89861120282012292791
89861120239011030572
89861119210002653782
89861120211012856149
89861118290006756717
89861123209022797938
89861120235019858733
89861118290006755404
89861123206043313406
89861123209022799454
89861120239011023825
89861123209022786246
89861120239011024443
89861120235019858691
89861119210002652941
89861121250016410494
89861123206043318827
89861123209022784134
89861120239011023064
89861120239011030853
89861118290006757988
89861123206043412059
89861123209022784951
89861123209022799645
89861123206043319411
89861121250016359733
89861123209022785370
89861121250016354460
89861123206043313927
89861123216035625675
89861119210003649532
89861121250016357034
89861123209022785008
89861120235019863436
89861123209022798688
89861118290006755321
89861122228003569992
89861120235019863345
89861121250016357836
89861119210002654269
89861121250016402087
89861121260017529366
89861121250016406203
89861119210002651455
89861120235019857578
89861123206043413479
89861123209022794216
89861120225019883302
89861120235019862800
89861121250016355129
89861120239011031950
89861119266000075451
89861119210003649565
89861120235019859616
89861120239011027404
89861118290006757954
89861120235019857941
89861123209022783334
89861123209022798217
89861121250016360798
89861120225019881488
89861123209022785859
89861120239011028469
89861123209022785750
89861121250016405312
89861118290006756931
89861118248003733865
89861120211012856479
89861121260017529341
89861123209022787970
89861119210003650241
89861121289016748578
89861118290006754076
89861119210003652866
89861121250016403911
89861118248003736256
89861120225019883005
89861123209022797094
89861119266000075683
89861120239011028659
89861120235019864129
89861120235019856265
89861119210003646504
89861123209022790289
89861123206043311996
89861120225019884581
89861118248003734897
89861120225019886172
89861123209022783516
89861119210002645473
89861120282012293237
89861123209022783441
89861120211012852213
89861123209022797516
89861123209022799223
89861123209022795635
89861123206043312234
89861120225019883021
89861123216035623548
89861120225019882999
89861119210003646215
89861122228003571956
89861123206043316011
89861119210002651398
89861123206043317910
89861119210003645175
89861121250016410668
89861123206043315062
89861123206043313752
89861120211012852015
89861119210003647122
89861123209022792152
89861122228003570594
89861120225019878849
89861121250016403143
89861123209022795296
89861120282012292379
89861120239011030986
89861123209022784266
89861123209022793648
89861118290006758143
89861123206043318611
89861120235019860028
89861123216035624256
89861123206043318660
89861120239011030804
89861119210002654368
89861119210003650779
89861120239011027990
89861120225019879839
89861120211012854458
89861123206043412463
89861120225019877924
89861120239011023122
89861120211012856800
89861119210002653824
89861123206043314115
89861122228003570669
89861121250016403093
89861118290006757665
89861123206043313935
89861123209022788820
89861120225019879870
89861119210002652461
89861120235019859699
89861118290006756030
89861123206043413776
89861120225019881371
89861119210002653154
89861123206043317910
89861123209022795874
89861119210002654210
89861121260017530844
89861123209022793192
89861120235019857420
89861121250016357760
89861118290006755073
89861118290006754258
89861120211012853781
89861123209022792806
89861120235019859970
89861120235019855440
89861123209022781809
89861120235019861059
89861121250016360855
89861123209022798332
89861121250016360848
89861119210003645159
89861123209022781668
89861120225019881447
89861123206043416647
89861120225019885190
89861120239011028428
89861121250016359378
89861119210003648435
89861123209022794661
89861123206043318579
89861121260017529945
89861123209022794133
89861120211012849177
89861123216035622938
89861123209022788358
89861120235019857875
89861123209022786824
89861121250016404430
89861123209022789935
89861122228003570628
89861123209022795544
89861119210003651405
89861120235019857040
89861121250016355228
89861121250016403606
89861120211012855646
89861123209022794588
89861120239011026968
89861120235019862198
89861123209022798787
89861123206043413354
89861118290006756949
89861123216035621005
89861119210003651413
89861121250016402053
89861123209022796476
89861120239011027784
89861121250016402350
89861123206043414436
89861120225019878245
89861118290006754407
89861119210002651208
89861118248003736223
89861123206043316888
89861121260017529887
89861123206043413008
89861120235019856745
89861123209022795700
89861120282012292734
89861120225019881504
89861118290006757772
89861123209022787186
89861120239011028758
89861123209022793176
89861120211012848369
89861123209022796047
89861119210003643014
89861120225019886313
89861123209022795973
89861120239011025879
89861120239011025648
89861123209022781445
89861118290006754944
89861123209022782203
89861120235019859426
\0\0{B1:{C:"0000000000
89861119210003643493
89861119210003652213
89861118248003735209
89861123206043313182
89861119210003646033
89861120225019882031
89861119210003647585
89861123209022793960
89861123206043416761
89861123209022796708
89861119210003644921
89861123209022798084
89861119210003649813
89861118248003736116
89861120225019882114
89861123209022784886
89861121250016405650
89861122228003569778
89861120211012851264
89861123209022790917
89861118248003734939
89861120211012858079
89861119210003647627
89861118290006757004
89861123206043315336
89861123206043415441
89861122228003569828
89861123206043415359
89861122228003572293
89861123209022788697
89861121260017530497
89861119266000075600
89861119210003648245
89861120235019860945
89861121250016351995
89861123209022782708
89861120282012292585
89861120235019859228
89861120211012852148
89861123206043314909
89861120211012853898
89861123206043415011
89861121250016350971
89861121250016358933
89861119210003645282
89861120211012850738
89861122228003570321
89861123206043415391
89861120225019883708
89861119210003647981
89861123206043316342
89861123206043412141
89861119210003643444
89861119210003652155
89861121250016355186
89861118290006755263
89861119220009768129
89861121250016357133
89861121250016353132
89861121289016749725
89861123209022782534
89861120239011025424
89861121260017530166
89861120235019856257
89861123209022788515
89861118290006754522
89861121289016749428
89861120235019860432
89861120225019881082
89861123209022789034
89861120239011027768
89861119210003645399
89861120239011025010
89861121260017529770
89861123206043314404
89861123209022783268
89861118290006755180
89861121289016748495
89861123206043314792
89861118248003735373
89861122228003569240
89861120225019885471
89861120235019859202
89861121260017529671
89861123216035622367
89861122228003568713
89861120235019858915
89861121250016353710
89861122228003571600
89861121250016351938
89861123209022780967
89861123206043316664
89861119210002645747
89861121260017529838
89861123209022795940
89861120239011023213
89861119210002653337
89861123209022790685
89861121250016356903
89861121260017528186
89861120235019863840
89861123209022791428
89861123209022785487
89861123206043413412
89861122228003569216
89861123209022780710
89861119210003651827
89861120239011028576
89861120239011030143
89861120239011027933
89861123209022785925
89861119210002646281
89861123206043316706
89861120225019885901
89861123206043416548
89861118290006757251
89861119210002645614
89861121250016410296
89861120225019879003
89861120239011022819
89861123206043314644
89861123209022793382
89861120239011027008
89861120225019879466
89861122228003569620
89861119210002646869
89861120239011027297
89861123209022795403
89861120225019881744
89861120239011026125
89861120225019882619
89861123209022791295
89861123209022796807
89861121260017528707
89861123209022784464
89861123209022787327
89861120211012851074
89861121250016402418
\0\0{B1:{C:"0000000000
89861120225019881389
89861123216035622748
89861123209022786162
89861120239011031315
89861120225019881538
89861121289016748677
89861123209022786618
89861123206043415722
89861120211012850613
89861119210003646322
89861120239011026216
89861120235019861844
89861121250016359931
89861121250016359782
89861121260017530554
89861120239011028154
89861120239011031919
89861123216035624926
89861118248003733980
89861121250016410106
89861123209022799942
89861120235019859137
89861119210003647973
89861119210002655175
89861121250016405502
89861121250016357984
89861123209022780330
89861120211012857139
89861120239011023874
89861120211012853419
89861119210003648054
89861121250016411336
89861123206043412471
89861123209022795320
89861121250016406500
89861121250016355392
89861119210003652189
89861119210003652544
89861120239011031836
89861120239011024427
89861120225019879482
89861123206043312457
89861120239011028121
89861120239011030077
89861121250016401790
89861120282012292932
89861123206043313836
89861120225019877577
89861120235019865050
89861121250016402889
89861121250016355590
89861123206043313422
89861121250016405411
89861119210003651504
89861118290006756683
89861120235019856786
89861123216035623464
89861118248003733840
89861123209022789190
89861121250016358669
89861121250016358966
89861123206043319304
89861120239011025150
89861119210002653022
89861120211012854052
89861120235019864483
89861120225019884359
89861121250016353207
89861119210003647197
89861120235019864962
89861118248003735274
89861121250016410031
89861120225019885604
89861121250016354874
89861119210003642982
89861119210003646546
89861123206043415102
89861120282012293096
89861120239011024922
89861121250016360327
89861123209022789323
89861120225019880233
89861120225019880092
89861121260017529465
89861123209022797722
89861123206043414634
89861121250016406583
89861121250016403630
89861120235019864020
89861123209022783359
89861120282012292239
89861123216035621047
89861121250016404547
89861123206043416928
89861119210003646421
89861123206043312333
89861121250016359980
89861120239011031943
89861123209022785511
89861123209022781296
89861119210002651596
89861123209022790677
89861118290006757889
89861120235019857206
89861121250016357380
89861123209022795114
89861121260017529481
89861118248003736108
89861121250016360053
89861119210003647742
89861119210003643253
89861120239011027636
89861123206043413024
89861121250016404257
89861121260017529119
89861123216035624207
89861120211012858186
89861123209022788341
89861121250016410825
89861123209022783730
89861120239011030648
89861121250016411161
89861122228003572301
89861120225019886370
89861120239011031380
89861121260017528897
89861121260017529499
89861119210003649573
89861120235019859103
89861123216035625030
89861123206043414212
89861122228003571634
89861123206043318140
89861120225019878773
89861120225019879748
89861120211012852379
89861123206043313893
89861119210002649251
89861122228003571311
89861120235019858162
89861123216035622425
89861123209022792426
89861123206043318892
89861119210003646710
89861121250016352282
89861123216035622896
89861118290006755859
89861119266000076087
89861121260017529036
89861123209022786998
89861123209022799108
89861123206043416951
89861120211012858046
89861120211012856115
89861120239011027941
89861120211012849193
89861121250016352175
89861123209022783060
89861120239011027149
89861123209022794414
89861121250016405460
89861123216035625543
89861121250016406195
89861122228003570198
89861121250016357646
89861119210002652800
89861123209022790503
89861120211012851017
89861123216035621823
89861123206043316045
89861120235019862255
89861120225019879425
89861119210002653600
89861121250016402327
89861119210003647833
89861120239011026711
89861123206043319205
89861121260017528160
89861120239011026976
89861121250016360178
89861121250016356713
89861123206043312036
89861118248003734921
89861123206043316557
89861122228003568721
89861120235019863667
89861118248003734012
89861118290006756758
89861123209022793861
89861120225019882270
89861120239011025440
89861123209022799264
89861119210003647262
89861123209022798811
89861119220009768368
89861120239011032461
89861120225019885950
89861118290006753755
89861119210002653840
89861120225019878229
89861123209022782591
89861120282012293294
89861121250016411153
89861120235019862081
89861123209022785172
89861123216035621971
89861120235019855812
89861119210002645739
89861119210002646588
89861123216035621559
89861120225019883690
89861123216035624736
89861120239011023593
89861120225019878633
89861123206043318983
89861123209022785818
\0\0{B1:{C:"0000000000
89861123209022797771
89861120235019857149
89861120235019856018
89861123206043415540
89861120235019862297
89861121250016355400
89861123209022789646
89861123206043412307
89861119210003648922
89861120239011025325
89861123209022797342
89861121260017528129
89861118290006756378
89861120225019877668
89861119210003644079
89861120225019885570
89861121250016353561
89861118290006757020
89861121250016360590
89861120239011024013
89861121260017529127
89861120235019863279
89861121250016402673
89861120225019886719
89861123209022800054
89861123206043318652
89861120239011025564
89861119210003644376
89861123216035621070
89861123209022790982
89861120225019881652
89861120225019882320
89861122228003568903
89861123206043312895
89861120225019881025
89861119210003643360
89861123209022782062
89861121260017529333
89861119210003652452
89861119210002647081
89861123209022782609
89861123209022795494
89861123206043316136
89861123206043416803
89861120225019886404
89861122228003569141
89861122228003568630
89861123216035623704
89861122228003568325
89861123209022782930
89861123216035621203
89861120225019878393
89861123206043319338
89861120235019858527
89861121250016354841
89861123209022789166
89861121289016749147
89861119210003644673
89861119210002654145
89861120225019887162
89861120225019880944
89861123206043413305
89861120239011028725
89861123209022790271
89861121250016361242
89861121250016410627
89861120225019885869
89861121250016359394
89861118290006757681
89861120239011029178
89861123209022798712
89861119210003652023
89861121250016355483
89861120225019885562
89861123216035622284
89861123209022793457
89861119210002646703
89861121250016355418
89861120235019855440
89861120211012850225
89861123206043315484
89861123216035625535
89861121250016353991
89861122228003568242
89861123206043414576
89861122228003568911
89861123206043412349
89861120211012852759
89861121250016403960
89861120211012849995
89861121289016749105
89861119210003646850
89861120235019857891
89861119210003651835
89861119210003651181
89861123209022793242
89861119210003651447
89861119210003643717
89861120225019880043
89861120239011023528
89861119210002653766
89861123209022787210
89861123206043314867
89861123209022784498
89861122228003571469
89861119210003648013
89861123206043312937
89861118290006757343
89861123209022797482
89861120239011024682
89861123209022785255
89861121250016355053
866207075002737
89861120239011027586
89861123206043315575
89861121260017530539
89861119210002646901
89861123209022799637
89861123206043313364
89861119210002645606
89861120235019857834
89861123209022790339
89861120235019861018
89861119210002646760
89861120211012855612
89861121250016404703
89861119210002651695
89861120225019884722
89861118290006755818
89861121250016405833
89861119210003648849
89861123206043314263
89861120225019884789
89861123209022791741
89861123209022795965
89861119210003650555
89861123206043312002
89861123206043317977
89861123206043312671
89861118248003734970
89861120225019879359
89861120239011022629
89861119210003643592
89861121260017529713
89861121250016402319
89861120235019859681
89861118290006755289
89861118290006757103
89861123209022794091
866207075009757
89861123206043314420
89861120225019879813
89861120239011031141
89861121250016403226
89861120239011022686
89861119210003648872
89861123209022791196
89861120225019878260
89861120211012848419
89861120282012293013
89861119210002653899
89861123209022790511
89861123216035622839
89861123206043313091
89861120211012858145
89861121250016402707
89861120225019879680
89861120235019855416
89861121250016352571
89861122228003571030
89861120239011031430
89861123209022782740
89861123209022798746
89861121260017530786
89861120239011026372
89861119210003650183
89861119210003649284
89861120235019858758
89861121250016359477
89861118290006758002
89861123206043319171
89861121250016405510
89861119210002654087
89861121250016361523
89861120225019878310
89861121260017530323
89861121250016355608
89861119210002653808
89861123206043318751
89861123216035623233
860497077630868
89861123206043319148
89861120239011028949
89861120225019884177
89861123209022781528
89861121250016403895
89861120225019884862
89861118290006757590
89861118290006754332
89861121260017530521
89861120225019884250
89861120235019864228
89861120225019886750
89861120239011024138
89861120225019878054
89861121250016353801
89861120235019862743
89861123209022800229
89861123206043319106
89861120211012849375
89861120235019862909
89861123209022787392
89861123206043416423
89861122228003570073
89861119220009768335
89861122228003571865
89861121250016357000
300
89861123209022799033
89861122228003568952
89861123209022794257
89861123209022781973
89861118290006754340
89861121260017530778
89861123206043413081
89861120211012850498
89861120225019877437
89861120239011026919
89861123209022783474
89861120239011023098
89861120235019865191
89861120239011026547
89861121250016410163
89861121250016411229
89861121260017529242
89861123209022796146
89861123206043318306
89861119210003650837
89861118290006755057
89861123206043319437
89861119210003652767
89861123209022788382
89861119210002652230
89861121250016404919
89861123209022781221
89861118290006757707
89861123206043319452
89861120235019862263
89861123209022796484
89861123209022795866
89861121250016403077
89861120235019865365
89861118248003734566
89861123209022797581
89861120239011028667
89861120225019886834
89861120235019864764
89861120211012851249
89861121250016403929
89861123216035622532
89861123206043316102
89861120235019858782
89861123209022792996
89861120239011030010
89861123209022780892
89861123216035622094
89861123206043414022
89861119210003647486
89861118290006756394
89861119210003647783
89861118290006757301
89861119210003645829
89861120239011023304
89861120239011028352
89861119210003646827
89861123216035623902
89861121260017528418
89861122228003570222
89861123209022786501
89861119210003651397
89861119210003648088
89861123216035623365
89861123209022787905
89861118290006755099
89861120235019858337
89861123206043312408
89861123209022789026
89861119210003646363
89861122228003568192
89861120239011023288
89861120211012857162
89861120239011023155
89861121250016360657
89861120225019881413
89861121250016405288
89861123209022784001
89861121250016351979
89861120225019884235
89861121289016749618
89861120239011027164
89861120235019863808
89861123209022781627
89861123209022784365
89861121250016401956
89861123209022799900
89861123206043318348
89861120239011027594
89861120235019858832
89861123209022797375
89861123206043415458
89861120239011032552
89861119210003651256
89861123209022784936
89861119210002653964
89861119210003652825
89861121250016359089
89861119210003652288
89861120225019879698
89861121250016360350
89861123209022797961
89861123209022784811
89861121250016361275
89861123209022796187
89861121250016351235
89861123209022791568
89861123206043414600
89861123209022798308
89861119266000075840
89861119210003648096
89861121250016354544
89861118290006757269
89861122228003571824
89861123209022780744
89861118290006756253
89861120239011032354
89861119210003652346
89861122228003570040
89861120225019880241
89861120235019864186
89861118290006757467
89861121260017528475
89861123209022795346
89861121260017530851
89861118290006754209
89861120225019885281
89861123209022786238
89861123206043415581
89861120225019877999
89861120225019879276
89861122228003570107
89861121250016359519
89861123206043315666
89861119210003643386
89861120235019862115
89861123209022783326
89861120211012857030
89861120239011025457
89861123209022782161
89861123206043318942
89861123209022780587
89861121260017528699
89861120239011024864
89861120239011029236
89861120239011024385
89861118290006756618
89861119210002654616
89861120225019885315
89861120239011027628
89861121250016403820
89861121250016351250
89861123209022794612
89861120235019855697
89861123206043316235
89861123209022780561
89861121289016749022
89861119210003652080
89861120225019886818
89861123209022793481
89861120225019886107
89861120239011026117
89861119210003650795
89861121250016404984
89861120225019886081
89861120225019887154
89861120225019882189
89861123206043413107
89861123209022795411
89861121250016406120
89861123209022783896
89861123206043314099
89861119210002649616
89861120225019885877
89861120235019862347
89861120282012292825
89861123209022780868
89861120225019884904
89861121250016404190
89861120225019879169
89861123206043314537
89861120225019878427
89861118248003735936
89861123206043316656
89861123209022796195
89861120239011031760
89861123216035624959
89861123216035621906
89861120235019855580
89861122228003569950
89861119210002651372
89861120211012852270
89861120239011025341
89861118290006757657
89861118290006757764
89861120225019887105
89861123209022793473
89861120225019877569
89861123206043312242
89861123209022790065
89861121250016352720
89861121250016360145
89861121250016354833
89861120225019886016
89861118248003736181
89861119210003650506
89861122228003572343
89861123209022791436
89861120235019860408
89861121250016353538
89861122228003568606
89861119210002646752
89861123206043316870
89861120225019886776
866207075001838
89861123209022791634
89861120225019879771
89861120211012850860
89861122228003569489
89861123209022782955
89861123206043413461
89861123206043312481
89861123209022784555
89861122228003571733
89861120239011029905
89861121260017527998
89861123206043416316
89861123206043416217
89861120235019862206
89861123206043313398
89861119210002646380
89861122228003569760
89861120235019865019
89861120282012293146
89861123206043412216
89861120225019883674
89861123209022795056
89861123209022792855
89861119210002652958
89861118248003735977
89861123209022791345
89861123206043415813
89861120235019865290
89861120235019864434
89861120235019862636
89861121289016749485
89861123216035621062
89861120225019882296
89861119210002646422
89861120235019857560
89861123209022784142
89861119266000075881
89861123209022784894
89861123209022790933
89861123216035624496
89861123209022784639
89861121250016352977
89861121250016352431
89861123206043412547
89861119210003648724
89861120211012852155
89861123209022790826
89861123206043315724
89861122228003569059
89861123206043318033
89861118248003733816
89861120211012856206
89861123209022793119
89861123206043319221
89861122228003571089
89861123209022781130
89861118290006753805
89861120225019882791
89861123206043318744
89861120225019885331
89861121260017528319
89861121250016356317
89861118290006754571
89861123206043315849
89861120225019883526
89861123206043416001
89861121250016404034
89861120235019859335
89861123209022788036
89861120235019856166
89861120211012849300
89861119210003649078
89861121250016403622
89861121260017529242
89861122228003571626
89861123209022797979
89861123206043414063
89861121250016409934
89861121260017529895
89861122228003569414
89861123206043414378
89861120239011029269
89861120225019881892
89861120225019880951
89861123206043413115
89861120225019878146
89861120239011028071
89861119210002653246
89861121250016351482
89861120225019880332
89861120239011025804
89861120225019883849
89861120235019860192
89861122228003571295
89861120211012855364
89861120235019864731
89861119210003643618
89861119210002652636
89861120239011025887
89861121250016402517
89861119210003646959
89861123206043313802
89861123206043412570
89861120235019857354
89861123209022795429
89861121244034160231
89861120211012849946
89861123209022796781
89861123209022787756
89861119210002650994
89861119266000075519
89861121250016401816
89861121260017529663
89861121289016749659
89861118248003734152
89861120235019862990
89861118290006757616
89861120239011028238
89861120235019855481
89861119210003647551
89861123209022786758
89861121250016355053
89861120239011022678
89861119210003648278
89861118248003735472
89861120211012851926
89861121250016404935
89861120225019880977
89861121250016406146
89861119210002645812
89861120239011025184
89861119210002654970
89861123209022793622
89861121250016357448
89861119210003644533
89861123216035625592
89861122228003572228
89861120225019878922
89861121250016410858
89861118248003736173
89861120239011025598
89861121250016356523
89861120225019882650
89861123206043318579
89861119210003645720
89861119210002654764
89861123206043412075
89861123209022783490
89861120235019860077
89861119210002655118
89861118290006753722
89861122228003570990
89861123209022796054
89861121260017528814
89861119210002646935
89861120225019884797
89861119210003651850
89861123206043413602
89861121289016749691
89861121250016354387
89861123209022784142
89861123209022799397
89861120211012851660
89861119210002654723
89861120211012854599
89861119210003649342
89861120225019884052
89861120225019886669
89861120235019863709
89861121260017530240
89861120235019860036
89861123206043412612
89861121260017529051
89861123209022786683
89861120225019879508
89861120235019861430
89861123206043319239
89861120235019859079
89861123206043318843
89861119210002655274
89861120225019880605
89861123206043319429
89861123209022792905
89861123209022787632
89861123206043313174
89861121250016358859
89861123216035621625
89861122228003570255
89861120235019856752
89861120211012853294
89861123216035625667
89861123216035622573
89861121250016403507
89861121250016403846
89861118290006753912
89861120239011026679
89861120235019859020
89861121250016358867
89861119210003646975
89861118248003734061
89861120211012853013
89861123209022788721
89861123206043315161
89861120211012858004
89861121250016403150
89861123209022797011
\0\0{B1:{C:"11053C3CC7
89861123206043312911
89861118290006757517
89861123209022796336
89861119220009768392
89861120225019880753
89861121250016359600
89861121250016403796
89861120225019881819
89861120282012292437
89861123206043416753
89861120225019885075
89861120225019884490
89861121250016359956
89861119210003651132
89861121250016351532
89861120225019885984
89861123216035621088
89861119210003650258
89861120225019879052
89861123216035625360
89861121250016405635
89861123209022797656
89861122228003569547
89861118248003735308
89861123206043318538
89861121250016355236
89861120225019878716
89861123209022800179
89861123209022797854
89861119210003647478
89861123209022795155
89861123209022785552
89861123209022796237
89861123209022781882
89861123209022797219
89861118290006755545
89861123209022788085
89861123209022800187
89861121250016403689
89861121250016360863
89861121250016353835
89861123209022781940
89861119210002646885
89861123209022798563
89861120239011028477
89861120225019885554
89861123206043413503
89861120239011032099
89861123209022788077
89861120239011027909
89861123206043312614
89861123209022792715
89861120211012853864
89861120235019863949
89861118248003736066
89861123209022795890
89861121250016359618
89861123209022785792
89861120225019877890
89861121250016354148
89861120239011028675
89861120225019885034
89861120235019865324
89861123209022790214
89861120225019878591
89861119210003651389
89861123209022787830
89861120235019860952
89861123206043315252
89861119220009768095
89861118248003734905
89861122228003571501
89861118290006755867
89861123216035624900
89861121250016361291
89861118290006757574
89861118290006757962
89861123209022796286
89861123209022780645
89861123209022798597
89861123209022780850
89861119210002647149
89861119210003652064
89861121250016403572
89861119210003652486
89861119210003649276
89861123209022782948
89861120282012292387
89861123209022800088
89861123216035621666
89861123216035622110
89861123206043416704
89861121250016361184
\0\0{B1:{C:"0000000000
89861119220009768277
89861120235019858121
89861123206043315708
89861118248003735340
89861123209022785966
89861123209022796229
89861120225019884441
89861121250016360996
89861120239011027222
89861119210002649244
89861123206043415755
89861123209022785206
89861123209022785388
89861123209022794711
89861122228003571543
89861123209022782013
89861121289016748750
89861120225019883542
89861122228003569034
89861119210002649434
89861119210002652552
89861119210003647387
89861121289016748602
89861119210003647015
89861120225019879250
89861121250016353058
89861121250016410817
89861123206043315492
89861120235019860960
89861120211012854573
89861123209022787624
89861121250016405668
89861121260017530224
89861123209022794984
89861123206043318405
89861121250016351342
89861123206043414550
89861123209022798274
89861120235019862834
89861119210002653097
89861121250016357562
89861123209022785826
89861119210002645671
89861120211012857832
89861120225019886792
89861123209022791287
89861123209022791352
89861122228003568846
89861121250016360517
89861123209022781494
89861121250016401824
89861121250016358842
89861123209022786980
89861119210003652916
89861121250016402731
89861121250016354452
89861120225019885166
89861119210003648633
89861120225019880761
89861120225019878864
89861120235019856133
89861123209022785412
89861123206043314834
89861120225019887147
89861120235019861398
89861120235019861091
89861123206043412554
89861123209022793317
89861123209022794653
89861123216035623415
89861118290006756360
89861123209022783599
89861119210003649862
89861121260017528178
89861123209022790016
89861120211012854938
89861120211012854912
89861121289016748651
89861123206043318199
89861120235019864467
89861120225019881678
89861120235019864673
89861121250016352662
89861121260017527931
89861121289016748776
89861120239011030622
89861123206043312739
89861120211012853427
89861121260017529853
89861120225019884201
89861120235019857024
89861120282012293245
89861120225019887253
89861123209022784035
89861123209022795668
89861121260017529507
89861123216035621344
89861123206043414972
89861119210003645316
89861121250016355640
89861123209022796005
89861123209022787962
89861119210003646835
89861121250016402590
89861122228003570057
89861119210003652775
89861123209022787319
89861123206043319338
89861120239011030879
89861123206043411978
89861123206043319338
89861120282012292452
89861118248003734749
89861120282012292890
89861120235019864046
89861121250016404315
89861121250016359345
89861121260017529309
89861121250016410767
89861121250016361382
89861123206043415730
89861119210002646158
89861121250016351334
89861118248003733527
89861123206043412968
89861123209022794844
89861120225019883799
89861120239011026836
89861123206043416027
89861118290006757632
89861123209022795312
89861120225019884607
89861121250016359824
89861123206043319247
89861119220009768111
89861120239011026067
89861120225019878484
89861123209022789083
89861120211012848625
89861121250016404240
89861123209022785313
89861120225019879581
89861120225019880324
89861123209022782427
89861121250016351458
89861118290006756295
89861121260017529143
89861123209022789414
89861123209022786295
89861123209022796880
89861123209022783748
89861120235019855382
89861121250016358354
89861123206043318868
89861121250016410981
89861123216035625170
89861120235019857305
89861123206043319270
89861121250016354197
89861123206043416068
89861120282012293211
89861123209022792038
89861119210003647577
89861119210003643238
89861123209022793424
89861119210002651935
89861120239011025432
89861121260017529408
89861120235019862057
89861122228003571980
89861123209022799181
89861120211012856941
89861120211012854045
89861121250016358644
89861119210002654806
89861121250016406559
89861120225019880118
89861123209022799538
89861118290006757277
89861121250016351037
89861119210002645507
89861123206043315179
89861120225019880894
89861120235019864327
89861123209022790867
89861118248003734491
89861121250016358107
89861123209022790388
89861119210002646828
89861119210002652065
89861121250016410957
89861118290006754530
89861123209022786642
89861120211012851868
89861122228003569679
89861121250016358172
89861121250016401691
89861123209022799983
89861119210002655159
89861121250016355905
89861119210003647452
89861119210003644087
89861118248003735480
89861120225019886297
89861120239011027982
89861120239011024245
89861123206043315401
89861123206043316474
89861120211012856909
89861120225019883765
89861122228003571766
89861121250016354270
89861120235019863824
89861119210002649459
89861123209022780926
89861123206043414386
89861120235019855663
89861121260017528087
89861123209022792319
89861118290006757558
89861118290006757566
89861120239011029079
89861120239011026232
89861123206043315997
89861123209022784142
89861121260017529259
89861118248003733725
89861120225019880621
89861119210002646893
89861120235019860440
89861123209022785453
89861121250016351904
89861120239011028691
89861123206043312432
89861123216035622623
89861120235019864699
89861123216035624413
89861119210003651017
89861123209022783318
89861123209022792202
89861120239011029772
89861123209022785578
89861120225019878401
89861123209022783862
89861119210003649375
89861123209022784902
89861123209022792277
89861123206043416472
89861120239011028956
89861122228003568507
89861118290006756659
89861120211012855943
89861121250016358024
89861123206043412778
89861123206043316185
89861120239011022991
89861123209022785735
89861123206043415029
89861118290006757780
89861119210002653311
89861121250016354718
89861119266000075642
89861119210003651652
89861119210003647866
89861121250016355194
89861119210002652479
89861119210002652990
89861123209022780686
89861120235019862289
89861123209022799769
89861119210002650937
89861120225019882759
89861123206043415151
89861119210002651240
89861119210003652841
89861120225019880639
89861123206043318900
89861123209022794463
89861121260017530752
89861119210003644616
89861119210002650606
89861120225019881421
89861120225019884045
89861120239011032545
89861118290006758093
89861123209022781437
89861121260017529077
89861123209022786436
89861123209022793093
89861123209022799017
89861118290006757368
89861122228003570230
89861122228003571741
89861119210003649649
89861123209022796682
89861122228003568283
89861123206043313620
89861118290006756782
89861120211012849839
89861123206043312754
89861123206043318876
89861121289016749469
89861120239011026471
89861123206043314412
89861121250016357299
89861119210003652726
89861119210002653386
89861122228003568457
89861123209022795825
89861123209022784068
89861123209022783151
89861123206043318280
89861123209022791998
89861123209022788135
89861121250016402079
89861123209022783284
89861123216035624306
89861120225019885018
89861120225019882825
89861120225019878047
89861119210003652510
89861120211012855216
89861122228003570891
89861120235019855390
89861120239011029491
89861123206043312994
89861123209022785834
89861121250016405247
89861123206043319031
89861123209022795817
89861118290006753961
89861123209022784944
89861121250016352159
89861123209022790263
89861123209022789539
89861118248003734772
89861123209022784688
89861121250016411146
89861123206043416811
89861123209022781551
89861122228003572046
89861123206043318884
89861123216035621112
89861123209022786915
89861119210002649350
89861120225019878807
89861123209022793408
89861120239011026000
89861123206043316573
89861120235019857396
89861123206043415326
89861118290006757970
89861121250016354619
89861121250016358073
89861123206043412596
89861123206043316508
89861123209022794331
89861123216035625014
89861123209022791709
89861123216035622730
89861123209022790883
89861120235019861802
89861123209022796013
89861119210002653816
89861119210003651371
89861123216035625519
89861120282012293260
89861119210003646157
89861120235019859798
89861123209022790628
89861119210003650100
89861122228003571451
89861120235019860234
89861123209022784076
89861119210003643725
89861119210002653071
89861121250016352274
89861120235019863105
89861120225019883336
89861123209022797573
89861120239011023007
89861120235019855788
89861119266000075824
89861120239011023346
89861123209022794745
89861123209022795478
89861119210002652172
89861120239011031018
89861120225019877536
89861120225019881959
89861122228003569752
89861122228003572020
89861119210003647528
89861123206043319445
89861119210003648971
89861123209022781064
89861121250016360285
89861122228003570230
89861123216035624587
89861118290006755503
89861123206043315450
89861123209022786394
89861121250016355715
89861121250016411294
89861123209022790560
89861119210002649657
89861123209022785107
89861120211012849292
89861120235019860564
89861118290006753862
89861118290006755131
89861119210002651224
89861120235019862529
89861118290006757061
89861122228003568358
89861121250016410643
89861120225019885406
89861119210003646116
89861123209022785701
89861119210002652222
89861123216035625253
89861120225019886800
89861123209022787426
89861121289016749014
89861123209022793390
89861123209022791337
89861122228003569802
89861120225019882098
89861120235019860929
89861121250016406344
89861118248003733899
89861119210003649482
89861123206043318629
89861123216035624579
89861123209022782591
89861121250016356143
89861123206043314800
89861120235019855705
89861121250016404471
89861123209022799470
89861120225019881017
89861120239011023973
89861123206043314677
89861120225019878906
89861123206043314818
89861123206043319320
89861119210002646034
89861119210003646439
89861120211012853609
89861118290006757111
89861123209022781676
89861121250016354965
89861119210002645911
89861123206043312028
89861120239011024328
89861123209022798597
89861119210002645879
89861123209022785933
89861119210003649870
89861120235019861372
89861121260017529630
89861120235019858212
89861119210003647460
89861120211012850357
89861123209022791030
89861120235019857677
89861120235019856281
89861122228003568762
89861120235019862958
89861119220009768186
89861119210003650233
89861123216035621641
89861122228003568861
89861120225019884078
89861120225019878161
89861120225019879565
89861120235019855424
89861122228003569646
89861120225019879326
89861120235019860283
89861121289016748917
89861121250016356515
89861123209022787160
89861123209022798894
89861123206043416373
89861123206043314289
89861120239011023494
89861123216035620965
89861119210003646041
89861122228003572376
89861123206043318967
89861121250016402764
89861123209022784431
89861122228003571055
89861121250016355996
89861123209022784829
89861120235019863303
89861121250016404836
89861123206043315591
89861121250016405452
89861123209022798555
89861123216035620908
89861120225019878369
89861119210003652320
89861120239011024229
89861123209022781494
89861120282012293492
89861119210003648757
89861122228003570404
89861121250016357455
89861121250016405221
89861120211012852916
89861119210002650929
89861121250016356242
89861120225019885976
89861120211012852395
89861119210002653857
89861123206043412083
89861123209022787806
89861121244034160215
89861120239011027834
89861120225019879151
89861120239011027248
89861123209022796005
89861119210003647411
89861121260017528327
89861120235019862230
89861120225019883609
89861120225019877429
89861120235019859483
89861120211012855901
89861120239011022694
89861120225019878567
89861121250016354056
89861120225019880688
89861123216035625295
89861121250016357281
89861120225019886024
89861120211012853203
89861118248003733592
89861123209022797391
89861120225019885943
89861121250016359238
89861120239011024757
89861121250016405874
89861123206043315609
89861121260017530083
89861123209022799801
89861119210002652974
89861120225019886917
89861119210003646645
89861123209022799843
89861123206043313588
89861120239011025408
89861123206043412604
89861121250016410940
89861120235019858451
89861118290006757152
89861118290006757855
89861119210003649193
89861123209022794497
89861119210002652388
89861120239011030911
89861118248003736249
89861120225019880126
89861119210003651074
89861121250016405676
89861120225019883559
89861123216035620999
89861120239011022751
89861119210003651660
89861123209022785263
89861123209022798829
89861120225019886545
89861119210003652593
89861122228003568812
89861120225019884623
89861123209022796633
89861123206043414683
89861120235019860945
89861123209022781775
89861120235019861976
89861122228003569463
89861119266000075972
89861120225019883666
89861118290006756402
89861120235019862933
89861123206043319114
89861120225019881843
89861123209022788317
89861120225019887063
89861118248003733774
89861120211012849490
89861118290006754217
89861121250016354981
89861123209022787921
89861123209022789737
89861119210003650936
89861120239011032263
89861123209022782815
89861118290006755826
89861122228003569695
89861119210002645903
89861120282012293195
89861119210002653287
89861119210002653378
89861123209022783680
89861121250016358743
89861120235019864855
89861120225019879342
89861120282012292569
89861121250016353306
89861121250016359428
89861121289016748982
89861119210003652809
89861121250016411286
89861123209022788457
89861123209022788416
89861120239011026083
89861123209022784712
89861123209022787913
89861119210003650902
89861120239011029822
89861120239011024559
89861123209022781759
89861119210003644764
89861123206043312432
89861119210003644681
89861118290006757483
89861122228003571659
89861118248003736330
89861123206043313729
89861123209022785404
89861120235019863741
89861122228003571162
89861120235019857271
89861123216035624439
89861122228003570768
89861120211012852569
89861120235019863576
89861120235019855895
89861123209022797789
89861121250016359998
89861123209022782419
89861120225019878609
89861123209022786907
89861120211012852726
89861123209022781049
89861120239011024716
89861123206043318926
89861120235019857602
89861119210002646026
89861120225019884672
89861121250016357307
89861121289016749626
89861119210002653469
89861123216035621096
89861119210002654244
89861123216035620858
89861123206043312499
89861123216035624975
89861123216035621807
89861120225019880910
89861123209022799611
89861120211012855265
89861118290006755370
89861123206043413800
89861119210003649136
89861121260017530760
89861119220009767931
89861121250016353827
89861123206043414964
89861123209022796906
89861123209022792046
89861120225019884300
89861120225019881215
89861122228003572418
89861123209022793788
89861120235019859772
89861120239011022835
89861118290006754712
89861120211012849334
89861123206043318645
89861119210003651991
89861120225019880373
89861120211012852130
89861122228003569919
89861120211012856438
89861119210002646562
89861119210002654517
89861123206043319171
89861120239011025978
89861121260017529648
89861120225019880449
89861120225019877726
89861123209022797102
89861120235019855465
89861118290006755347
89861119210002654129
89861118248003736264
89861120239011024179
89861121250016358198
89861123209022795130
89861120225019887121
89861122228003571436
89861119266000075758
89861119210002654749
89861120239011023783
89861120225019880431
89861123206043316177
89861120235019858881
89861121250016411344
89861119210003651702
89861120225019885547
89861121250016402814
89861120225019879391
89861123209022786972
89861120225019883310
89861123209022789406
89861123206043315567
89861120225019886768
89861123216035625436
89861121250016402715
89861123209022794521
89861121250016404125
89861121289016748800
89861121250016405866
89861120239011025192
89861119210003645001
89861121250016410171
89861123209022787012
89861120225019881330
89861119210003647601
89861123206043319130
89861119210003649706
89861119210002652024
89861120211012855729
89861123206043414550
89861120282012292270
89861121250016353611
89861123209022786261
89861118248003735415
89861121250016358818
89861123209022792178
89861121250016355913
89861118290006756212
89861119210002646471
89861118290006753763
89861120239011026661
89861120225019878237
89861123209022784647
89861119210002652032
89861121250016354783
89861121250016403176
89861123209022780348
89861123209022781106
89861119210002645465
89861120239011028774
89861123209022791592
89861120235019859178
89861118290006756089
89861119210003650068
89861123209022797797
89861123209022780793
89861123209022797458
89861121250016404653
89861121250016409850
89861120225019881769
89861121250016358578
89861121250016357430
89861119210002654004
89861121250016402905
89861123209022786105
89861120225019878252
89861119210003643907
89861121250016353322
89861120239011022728
89861123206043319338
89861121250016360822
89861123209022781866
89861123206043412489
89861121250016355525
89861121250016359030
89861123209022792475
89861118248003734335
89861121260017530885
89861123216035621815
89861121260017528954
89861120235019862024
89861119210003651744
89861120235019862461
89861120235019858485
89861120235019860838
89861119210003651645
89861121250016352324
89861121250016357612
89861119210002650887
89861120225019881645
89861119210002652511
89861120235019855861
89861120235019863592
89861120225019885919
89861119210003651363
89861123209022782799
89861122228003570263
89861123206043314479
89861120235019863717
89861123209022782773
89861122228003569026
89861123206043414808
89861123209022790107
89861120235019862875
89861119210003645324
89861118290006755610
89861120225019885752
89861123209022782211
89861120211012857303
89861120239011030101
89861121250016357752
89861123209022792657
89861119210003647759
89861118290006757640
89861123209022787103
89861118248003734590
89861120225019884037
89861120239011027792
89861123209022795007
89861123209022784142
89861123206043318744
89861119210003647445
89861120225019884961
89861119210003649755
89861123206043416266
89861121250016351177
89861119210002649319
89861122228003571642
89861123206043315534
89861120211012857121
89861120225019885158
89861123209022796138
89861120235019857735
89861121260017530794
89861123206043316482
89861123206043315278
89861121250016351300
89861120235019860101
89861120225019877353
89861123209022781148
89861120225019884219
89861120235019861893
89861123206043413610
89861120239011027859
89861120235019856877
89861120211012855885
89861123209022781338
89861119220009768319
89861123209022796203
89861123206043315039
89861121260017528277
89861119210003650134
89861120235019862982
89861120211012852163
89861123206043416837
89861120235019859111
89861120235019859665
89861119210003643683
89861120235019856331
89861122228003570776
89861120235019859491
89861123206043318850
89861119210002653980
89861120235019862891
89861120235019859129
89861119210002655001
89861121250016359881
89861121289016749253
89861123209022781312
89861123209022794364
89861123209022795262
89861120235019860119
89861119220009767923
89861120225019878815
89861123209022789711
89861123209022795601
89861123209022787103
89861119210003647825
89861121260017529416
89861123209022780306
89861121250016405254
89861122228003570834
89861118248003734343
89861123209022791964
89861120235019856554
89861120225019877338
89861121250016355863
89861123209022799348
89861122228003569174
89861121250016354296
89861123209022792483
89861123209022793283
89861120211012855604
89861123209022798605
89861119210003644038
89861123209022783391
89861123206043312879
89861123209022795767
89861121260017529432
89861123206043315989
89861123209022799785
89861123209022792665
89861118290006757673
89861123209022787228
89861120235019862495
89861120235019862404
89861120239011024112
89861123206043415227
89861123209022780751
89861122228003571071
89861120235019859178
89861120235019855804
89861119266000075485
89861119210002651604
89861123206043415714
89861121250016360434
89861120225019886008
89861121260017529846
89861123216035621922
89861119210002652735
89861123206043415771
89861119210003648427
89861118290006758036
89861119210002653659
89861123209022791261
89861120235019857552
89861118290006757335
89861121250016403036
89861118248003735803
89861123209022785081
89861121250016354940
89861121260017529341
89861119210003644210
89861120235019863170
89861120239011026075
89861123209022786931
89861121250016358800
89861122228003569976
89861122228003569729
89861121250016351615
89861123206043316623
89861119210003649631
89861118248003733576
89861120239011024963
89861121250016359709
89861119210003648963
89861123209022782757
89861120282012293310
89861123209022782146
89861123209022795304
89861121260017528012
89861120235019857826
89861120235019861687
89861123206043318736
89861118290006754837
89861120235019862792
89861120225019880787
89861119210003647171
89861121250016354858
89861123216035621385
89861120235019855549
89861123209022786626
89861119210003648401
89861120211012852692
89861120235019861968
89861121250016402624
89861123209022792293
89861120235019856588
89861119210002652305
89861123206043412992
89861123206043416167
89861120235019864632
89861118248003733857
89861122228003571014
89861123206043318553
89861120235019859640
89861120239011027735
89861121250016401758
89861121260017528293
89861121250016403416
89861123206043312119
89861121250016401683
89861121250016351243
89861120225019885455
89861120239011022934
89861123216035623167
89861118290006757814
89861122228003568424
89861119210002646042
89861123209022788911
89861120225019886032
89861121250016353884
89861121250016404638
89861121250016355665
89861120211012849748
89861123209022783813
89861123209022780934
89861121250016410833
89861120235019856307
89861119210003651546
89861120225019884540
89861121250016359048
89861123209022793879
89861120239011030473
89861120211012849391
89861123216035623142
89861120225019882130
89861119210003644293
89861120235019863675
89861123209022798316
89861121289016749246
89861123206043315377
89861123209022797193
89861121289016749568
89861120235019862396
89861121250016405643
89861123206043412695
89861120239011028535
89861120235019863790
89861121250016359501
89861123206043416340
89861120225019886842
89861121260017528509
89861121250016402780
89861121250016357398
89861121250016356580
89861119210003646892
89861123209022790206
89861121250016359865
89861123209022788580
89861120225019882486
89861118290006755255
89861121250016401873
89861123209022792533
89861120239011029418
89861123209022783854
89861123209022790370
89861120235019860606
89861118290006755941
89861123216035625550
89861119210002655084
89861120235019861653
89861121250016355590
89861123209022800062
89861123209022793853
89861120235019858469
89861121250016410908
89861123206043319353
89861120211012850324
89861123209022795148
860575057963423
89861119210002651802
89861123216035623308
89861119210003652361
89861123209022786923
89861119210003650340
89861123206043413651
89861123206043318959
89861123209022787897
89861119220009768210
89861123206043416092
89861119210003645233
89861121250016404950
89861120211012852510
89861121250016354486
89861119220009768236
89861123216035622458
89861123209022781726
89861123209022785248
89861120225019878518
89861119210002651034
89861123209022784985
89861123209022795205
89861120235019860861
89861120225019886362
89861121250016358289
89861120225019878740
89861123209022784142
89861123209022787269
89861123209022797631
89861122228003570115
89861121250016354080
89861120211012848641
89861123206043414618
89861120239011029954
89861123206043318132
89861120225019880738
89861120235019857032
89861120211012858103
89861120235019863139
89861120235019861182
89861120239011024708
89861118248003735175
89861123206043314834
89861120225019879938
89861123216035623407
89861123209022799967
89861121250016358362
89861119220009768079
89861123209022800237
89861120235019861133
89861121250016355160
89861120239011024856
89861121244034160215
89861120235019856091
89861118248003734632
89861121250016353850
89861119210002645523
89861120235019864624
89861120239011023965
89861118290006756261
89861123216035625048
89861119210003645274
89861120235019863055
89861123216035620775
89861119266000076038
89861123209022790057
89861121250016359626
89861123209022784944
89861121250016406336
89861123216035621492
89861123209022792111
89861120225019885885
89861123209022782377
89861123209022792053
89861119210003645860
89861121250016359204
89861120235019858964
89861120235019857859
89861123206043413966
89861119210003650035
89861123209022800278
89861120239011032503
89861120239011022876
89861120225019880969
89861123206043416290
89861123206043318413
89861120239011025838
89861122228003568804
89861121250016402558
89861122228003569612
89861123216035622771
89861119210002651067
89861121250016352142
89861120211012849094
89861122228003571147
89861123206043412927
89861123209022796864
89861120239011024054
89861118248003734277
89861120239011028493
89861120225019886156
89861119210002646133
89861123209022784761
89861119210003647023
89861120211012853039
89861120239011022710
89861123216035620981
89861123206043316060
89861120225019886602
89861123206043412232
89861120225019880266
89861120239011026646
89861118290006754464
89861120235019857388
89861120239011023767
89861121250016352555
89861119210002646992
89861123209022797425
89861120235019858774
89861118248003734418
89861120211012852171
89861121250016358156
89861120235019859269
89861122228003572251
89861123216035625154
89861120239011029046
89861120225019885612
89861123206043313372
89861119210003650761
89861122228003572327
89861120225019884391
89861123216035622169
89861120235019856299
89861121260017528822
89861120239011025168
89861123209022784597
89861120239011028378
89861119210003652049
89861123209022789620
89861123209022785883
89861120239011026265
89861122228003572202
89861120235019865118
89861121289016749766
89861123206043318231
89861123209022788838
89861123209022786055
89861120211012853948
89861119210003648625
89861119210003644855
89861120211012852742
89861119210003645878
89861121250016404976
89861120235019856109
89861121250016403598
89861121250016357364
89861120235019864756
89861121250016351557
89861123209022786022
89861121250016357471
89861123206043319338
89861120211012855505
89861119210003651868
89861123209022789570
89861120239011030150
89861123209022800294
89861120235019858824
89861123206043318603
89861120239011027545
89861123209022792913
89861120225019881041
89861120225019877841
89861123206043312630
89861118290006753920
89861118290006756188
89861120225019877791
89861123216035622300
89861119210003651983
89861123209022786113
89861118290006755388
89861121250016353603
89861123209022796369
89861120282012293476
89861121250016355921
89861120225019885695
89861121250016352548
89861121260017530000
89861120235019861042
89861123206043318884
89861123209022781387
89861123209022784621
89861120211012853005
89861120211012853997
89861120235019862487
89861118290006758077
89861119210003647692
89861123206043413016
89861120235019864038
89861122228003572442
89861121250016351227
89861118290006755784
89861123209022790222
89861123209022787608
89861121250016403770
89861123216035622789
89861123209022782179
89861119210002652875
89861123206043413925
89861121260017530869
89861120235019863923
89861120235019861620
89861123206043319056
89861123209022781932
89861119210002650952
89861121250016359550
89861120239011026323
89861121250016356473
89861123216035622383
89861119210003646124
89861118248003736231
89861118248003733675
89861123209022785602
89861120225019879524
89861121250016359568
89861123209022788929
89861122228003570230
89861120235019860705
89861119210002652057
89861121250016357406
89861121260017529200
89861123209022781155
89861121260017529747
89861123206043315823
89861123206043319247
89861123216035625139
89861121250016354049
89861121250016351219
89861123209022782575
89861120225019883872
89861123206043319007
89861121250016358545
89861118248003733741
89861119210002647107
89861120225019885380
89861119210003651942
89861123209022790305
89861119210002655183
89861119210003650431
89861120239011029194
89861120239011023650
89861120211012850001
89861120239011027552
89861123206043416522
89861120211012849730
89861120239011023940
89861123209022788804
89861120235019860515
89861123216035622037
89861120225019882817
89861119210003644368
89861120239011029319
89861120235019859376
89861119210003646751
89861123209022789620
89861119210002645549
89861120225019885786
89861119210002651638
89861120225019879060
89861120225019886271
89861119210002651844
89861123209022785305
89861123216035625063
89861119210003647148
89861123209022782096
89861121250016356861
89861120225019884417
89861121250016355921
89861123209022794620
89861120225019877494
89861123206043413180
89861123216035622201
89861121289016749360
89861123206043416936
89861118290006758127
89861121260017529655
89861123206043314685
89861120235019863352
89861122228003569471
89861123206043317936
89861123206043415037
89861123206043415961
89861120235019858543
89861123209022793754
89861123206043415672
89861120239011026406
89861121250016405585
89861120211012853559
89861120225019883393
89861121250016356655
89861118290006756840
89861121250016352845
89861121250016355095
89861121250016352738
89861123206043414105
89861120239011024955
89861123209022781817
89861122228003569968
89861121250016359691
89861122228003568994
89861120225019885935
89861121250016359410
89861123209022786709
89861118290006753797
89861119210002649160
89861123216035623449
89861120239011024765
89861118290006757228
89861118290006755552
89861123216035622045
89861121260017529531
89861120239011024880
89861123209022790875
89861121244034160215
89861120225019883930
89861123206043315740
89861123209022787483
89861119210003649847
89861122228003572186
89861118248003734137
89861120239011028295
89861123206043319338
89861123206043412273
89861121260017529457
89861120239011027362
89861118248003735019
89861123206043319338
89861123216035621583
89861119210003643881
89861123206043316607
89861120235019858923
89861118290006755040
89861123206043313869
89861123209022785826
89861123206043413321
89861121250016403283
89861123209022793549
89861123209022798837
89861120235019856125
89861121250016404901
89861118290006755834
89861123206043312127
89861121250016404265
89861120225019882155
89861123216035623266
89861120235019855903
89861123209022793721
89861120239011030937
89861120239011024989
89861118290006756956
89861120211012856958
89861123209022793838
89861121250016360251
89861123209022790099
89861120239011028717
89861120235019862750
89861119210003649102
89861120225019883237
89861123209022799256
89861123206043312440
89861123209022783870
89861121250016406419
89861118290006758028
89861123209022789406
89861122228003570644
89861120225019882841
89861118248003736025
89861120225019883344
89861119210002653493
89861121250016361481
89861120235019860341
89861120239011023189
89861123209022799322
89861120225019878179
89861121250016354924
89861120239011026398
89861119210003649938
89861120235019860051
89861120239011026513
89861123206043413438
89861123206043412711
89861121250016410577
89861123209022791857
89861120225019883385
89861121289016749196
89861123206043314339
89861123209022788598
89861123209022785685
89861123206043319338
89861120211012855281
89861120225019877858
89861123209022784340
89861122228003568952
89861120239011024393
89861120239011026950
89861120225019879318
89861120225019878377
89861119210002651877
89861123216035623761
89861123206043416746
89861121250016404414
89861123209022796559
89861120225019881694
89861123209022789448
89861123209022792848
89861123216035623050
89861123209022796161
89861120211012857485
89861123206043313125
89861123209022799546
89861119210003645258
89861123206043316524
89861121250016351524
89861118248003733600
89861119210002646182
89861120211012853237
89861120211012853872
89861118290006757087
89861120235019857461
89861120225019884367
89861123206043312663
89861118290006753763
89861118290006753904
89861121250016352381
89861121250016353553
89861121250016357927
89861120225019880597
89861123209022797532
89861123206043416357
89861120225019881074
89861120235019861984
89861119210002645853
89861121250016358347
89861120235019859905
89861120235019861349
89861123209022781965
89861121250016406401
89861120211012852999
89861120239011027883
89861119210002653691
89861121250016410528
89861120211012854797
89861119210003647288
89861123206043415557
89861123206043413909
89861121250016361192
89861121250016405536
89861120239011029525
89861120225019879417
89861123206043411960
89861119210003648377
89861120239011023114
89861120225019884896
89861120239011022637
89861122228003571394
89861119210003649466
89861119210003651751
89861123209022799249
89861120211012849532
89861120239011029996
89861123209022796773
89861123209022794547
89861123206043412265
89861120225019883054
89861122228003568663
89861123206043313521
89861123209022790859
89861123209022783656
89861120235019857412
89861119210002647008
89861120225019877973
89861123206043415334
89861119210002651489
89861121250016402681
89861123209022786352
89861121250016405692
89861121250016410924
89861123209022781031
89861123209022782492
89861121250016402699
89861120239011032057
89861123209022789752
89861121260017530034
89861120239011024658
89861123206043412703
89861121250016404406
89861120225019883070
89861118290006757921
89861121250016358826
89861119210002645754
89861123216035620973
89861120225019878468
89861120239011025788
89861120211012853914
89861121250016356739
89861123209022793325
89861123209022790172
89861123206043415607
89861119210003649623
89861123209022781577
89861120211012849854
89861119210003649367
89861123209022788952
89861121250016360673
89861120211012848252
89861123209022787616
89861120225019878385
89861121260017530208
89861119210003652668
89861121250016354700
89861120225019882239
89861123209022784480
89861123209022786550
89861121289016748669
89861119210003647858
89861118290006756543
89861120239011030267
89861120235019856067
89861121250016402897
89861119210003651330
89861121250016359154
89861120239011023429
89861123209022797029
89861120282012292577
89861123209022787863
89861120235019865068
89861123209022791139
89861120235019860671
89861118290006756006
89861120225019883187
89861119210002651323
89861119210003652817
89861119220009768046
\0\0{B1:{C:"110F3C41B7
89861121250016409975
89861123209022790594
89861123209022788887
89861123209022795163
89861121250016361531
89861123209022788663
89861121260017529010
89861120282012292429
89861123209022791790
89861123209022784423
89861123206043318819
89861123209022785537
89861120225019884243
89861123206043312101
89861119210003650688
89861123206043313794
89861120239011023924
89861119210003645944
89861123209022789273
89861119210003648500
89861120211012855430
89861123209022798175
89861123206043413685
89861121250016404364
89861120239011029434
89861119210002652628
89861119210003652338
89861123209022780405
89861121250016411088
89861123206043312341
89861118248003734780
89861123209022792459
89861123209022787137
89861120239011025119
89861123209022786576
89861123206043316698
89861120239011024740
89861119210002652370
89861123216035621161
89861123209022781122
89861123209022788127
89861123206043316672
89861120235019859087
89861118248003735910
89861120225019886248
89861119210003650316
89861122228003569380
89861120235019857636
89861120235019856364
89861120225019883146
89861120235019859806
89861123216035622557
89861121250016344412
89861120225019883278
89861123206043414287
89861123216035625451
89861123206043412117
89861118248003735878
89861119266000075725
89861121289016748727
89861122228003568739
89861123206043413446
89861123206043315286
89861123209022796799
89861119210003646231
89861123209022795742
89861123209022793929
89861120235019856158
89861120225019879961
89861121250016357893
89861123206043319379
89861120225019884086
89861120235019862511
89861121250016359949
89861121260017529101
89861120239011027438
89861123209022790966
89861120239011028568
89861119210002646786
89861120239011025820
89861120282012293161
89861121250016354932
89861121250016405783
89861123206043416514
89861123209022784308
89861123209022795676
89861118248003734657
89861120225019877742
89861121260017530836
89861120211012853492
89861122228003570388
89861123209022792004
89861123209022786311
89861120239011027693
89861123209022788754
89861121250016358222
89861123209022797235
89861120235019856356
89861122228003570529
89861122228003568879
89861121260017528681
89861123209022798050
89861123209022788549
89861121260017529267
89861119210002652545
89861123209022784373
89861121250016356036
89861121250016356796
89861121250016404851
89861120282012293062
89861120225019882262
89861123209022782237
89861118248003736199
89861120211012856859
89861118248003734111
89861120225019884011
89861121250016352712
89861120235019861166
89861121250016355319
89861123206043315476
89861123206043415532
89861123206043315260
89861123206043414956
89861120235019857933
89861120225019883179
89861118290006755453
89861123209022784043
89861118290006754613
89861120239011026141
89861122228003568648
89861118290006757319
89861123206043316680
89861121250016402798
89861123216035621971
89861123209022782138
89861123216035621500
89861119210003649177
89861123216035625113
89861119210002651554
89861120211012850290
89861123209022795833
89861121250016359303
89861123216035621898
89861123209022783573
89861123206043414774
89861122228003570172
89861120225019881702
89861121250016406377
89861120225019884110
89861123209022796617
89861119266000076053
89861123206043416225
89861121250016360574
89861121250016402160
89861121250016404505
89861121250016405072
89861119210002653006
89861123216035621195
89861120225019886552
89861120235019856679
89861119266000076061
89861123209022798027
89861120239011031117
89861121250016401964
89861123206043416142
89861119210003646512
89861119210003646686
89861123209022786592
89861120239011022892
89861120211012857493
89861121250016353728
89861123209022787590
89861123209022790859
89861120239011030739
89861118290006756774
89861120239011022918
89861121260017530273
89861119210002651570
89861123209022790859
89861118290006754803
89861123206043319403
89861121250016351011
89861121250016357711
89861123209022797920
89861123209022786121
89861120239011027198
89861123209022796195
89861119210002654772
89861123206043314172
89861123206043413867
89861119210002651265
89861121260017528020
89861123209022786741
89861120239011026570
89861118290006756428
89861123209022784696
89861119210002651869
89861123209022793911
89861123209022786048
89861119210003644756
89861123206043313844
89861122228003572103
89861123209022789240
89861123209022799975
89861120235019855929
89861121289016748610
89861122228003571758
89861121250016359493
89861119210002654871
89861123209022783003
89861122228003569117
89861120211012851512
89861123209022799892
89861123209022798985
89861120239011030481
89861123216035622078
89861123209022787293
89861119210002653485
89861123209022785677
89861120211012851579
89861121260017530828
89861119210003652882
89861123209022782971
89861121250016411310
89861121250016352019
89861120239011023361
89861120235019863626
89861120239011028618
89861120211012852098
89861120239011026612
89861121250016402483
89861121260017530547
89861120211012855315
89861120282012292338
89861120235019856026
89861121250016402665
89861121289016749071
89861123216035623522
89861119210003645050
89861121250016356051
89861119210003650514
89861121250016405080
89861122228003571881
89861119210003650753
89861119210002652750
89861121250016355137
89861119266000075618
89861119210002653501
89861122228003572236
89861121250016403051
89861123209022780355
89861122228003572194
89861120239011027156
89861119210002653733
89861120225019885513
89861123209022787699
89861123209022791931
89861121260017529739
89861123206043414402
89861123209022792236
89861123206043315922
89861123209022798084
89861119210002652727
89861120235019855655
89861120235019861786
89861118290006756923
89861120239011030945
89861123209022798951
89861120235019862552
89861121250016402533
89861123206043412679
89861121250016357232
89861119266000075659
89861123209022796088
89861121250016404596
89861123206043312846
89861120239011028923
89861121250016358727
89861121260017530307
89861120211012857733
89861120235019862388
89861119210003646983
89861119220009768418
89861123209022796385
89861120235019861851
89861121250016352753
89861120235019859327
89861122228003569745
89861118290006757392
89861123206043314461
89861121250016404216
89861119210003648062
89861120225019879516
89861120225019878856
89861123206043319403
89861121250016356499
89861120211012852106
89861121250016406591
89861123209022787343
89861123209022795981
89861123209022780439
89861122228003570065
89861120235019858113
89861123206043413859
89861120235019865126
89861123206043412158
89861119210003644194
89861119220009768459
89861123206043312861
89861121250016357190
89861119210002647156
89861121260017529291
89861120239011028840
89861120225019878153
89861123209022788374
89861118290006754795
89861123209022789455
89861119210002652123
89861123209022788713
89861120239011025283
89861123206043313174
89861119210003648476
89861121250016358982
89861118248003733873
89861123209022786717
89861123206043313638
89861121250016360244
89861121250016410874
89861123209022800112
89861118290006757608
89861123206043314701
89861119210002647057
89861120239011026091
89861120225019880209
89861121250016357372
89861118290006754126
89861123209022781189
89861120225019885422
89861123209022797664
89861120225019886859
89861123209022789547
89861118248003735159
89861120235019860747
89861122228003572087
89861120235019857545
89861120211012853880
89861123209022785545
89861123209022780520
89861121250016356424
89861118290006757244
89861119210002646794
89861123216035625121
89861121260017529796
89861121250016361341
89861123206043315211
89861121250016360921
89861121250016360632
89861123209022798522
89861119210002646117
89861120225019886552
89861123209022787681
89861121289016748529
89861120225019884649
89861119210002653428
89861123209022798258
89861121250016411179
89861121250016351151
89861120239011028022
89861121250016404562
89861123206043414691
89861120225019884409
89861118290006756857
89861123206043314016
89861123209022784670
89861122228003570677
89861123216035624751
89861119210002651620
89861120239011025002
89861123209022786824
89861121250016354593
89861119210003647668
89861123209022790404
89861123209022795361
89861121250016355269
89861120225019881298
89861119210003650019
89861121250016403382
89861123209022785784
89861123206043312390
89861118290006756097
89861120239011023338
89861122228003569570
89861121250016354890
89861119210002651109
89861121250016359758
89861120235019857115
89861123209022784357
89861119210003650845
89861120239011026380
89861121250016353975
89861119210003651892
89861120211012856594
89861123216035624041
89861121250016410791
89861121260017529606
89861120239011031695
89861120225019879730
89861123209022798613
89861119210003643071
89861120239011032289
89861122228003570941
89861123206043412828
89861123209022788259
89861123206043414220
89861121250016410148
89861120235019857339
89861123216035625642
89861119210002653907
89861123206043316250
89861123206043415342
89861120225019883625
89861121250016356937
89861118290006755172
89861123209022794448
89861119210002650911
89861120211012852312
89861120282012292981
89861121250016410387
89861118290006756964
89861120225019879789
89861120235019856943
89861119210002654020
89861123209022786667
89861118248003734210
89861121250016351508
89861121250016359212
89861123209022792194
89861120282012292650
89861120235019859186
89861119210003648815
89861123206043414501
89861123206043414535
89861123206043415912
89861123206043316144
89861123216035621187
89861123216035621955
89861123209022788846
89861123216035624157
89861123216035622292
89861123209022780512
89861123209022787475
89861120225019879177
89861123209022783029
89861120225019881660
89861121250016351912
89861122228003571709
89861120225019877460
89861121250016358628
89861120211012857790
89861121250016360806
89861123209022787053
89861123209022797599
89861120225019882742
89861123206043416555
89861123206043315757
89861121250016354809
89861118290006757582
89861123206043412976
89861118290006756063
89861120211012852445
89861120239011025994
89861119210003644814
89861119220009768285
89861119210003648542
89861123209022793218
89861122228003570537
89861123209022783144
89861120211012856032
89861123206043315047
89861119210003651975
89861123216035622912
89861121250016409900
89861120225019886487
89861123209022788895
89861120225019878757
89861121250016358297
89861118290006755701
89861121250016358495
89861120239011022827
89861120225019880191
89861120239011030895
89861123206043318702
89861121260017529382
89861123206043414337
89861123206043313786
89861123209022787483
89861120239011024377
89861123209022788242
89861119210003648880
89861119210002654509
860497077622667
89861121250016361093
89861123206043416134
89861123209022798647
89861123209022794455
89861123216035625006
89861123209022796609
89861123206043413958
89861121250016404133
89861120235019865308
89861120239011026489
89861123206043414097
89861123209022784092
89861121250016357760
89861118290006754357
89861121250016410536
89861120235019865001
89861119210002646505
89861119210002654152
89861120239011027354
89861123209022784720
89861123209022795197
89861123209022799272
89861120225019882387
89861120235019863964
89861121250016361473
89861123209022793366
89861120225019880001
89861123216035625709
89861123206043414931
89861123209022788333
89861119210002649582
89861123216035624876
89861119210003651157
89861123216035621740
89861120225019884805
89861121260017527998
89861123206043315732
89861118290006754175
89861123209022782328
89861119210003649227
89861123209022780819
89861120225019883732
89861123209022792327
89861120211012856842
89861120239011025093
89861120211012848922
89861120225019882809
89861123206043414832
89861123209022795171
89861118290006757236
89861121250016354171
89861123209022785941
89861120225019882551
89861123209022792988
89861120239011029053
89861123216035623753
89861123209022794265
89861119220009768228
89861121250016353140
89861119210003645993
89861120239011027271
89861123216035621351
89861119210002654343
89861123209022792020
89861121250016357265
89861120211012855166
89861123206043318637
89861120225019879474
89861119220009767998
89861120282012292742
89861120225019881868
89861123206043412521
89861123206043314990
89861123209022784175
89861119220009767907
89861120239011031596
89861123206043318207
89861118248003733543
89861121250016355327
89861123209022789760
89861120235019860796
89861121250016360400
89861121289016749048
89861123209022781072
89861120211012857311
89861120225019880548
89861123209022792749
89861122228003571022
89861123209022791550
89861123209022783235
89861123206043314131
89861120235019863881
89861121250016405957
89861120225019877957
89861121250016360335
89861120235019857867
\0\0{B1:{C:"0000000000
89861119210003648955
89861120235019861927
89861123209022790651
89861120211012854490
89861123209022799363
89861120239011023486
89861119210003650464
89861123209022789778
89861123206043313703
89861123216035625337
89861119210003648450
89861119210002654467
89861118290006755248
89861118248003736165
89861120225019881132
89861123209022790990
89861122228003571337
89861120235019860184
89861123206043415995
89861122228003568580
89861119210003650597
89861121250016355970
89861119266000075899
89861123209022782658
89861120225019881728
89861119210003643873
89861123206043415045
89861120225019878138
89861121250016356804
89861121260017528061
89861121289016748966
89861120225019878963
89861123206043414485
89861123206043315708
89861123206043314727
89861120282012292221
89861119210003650647
89861123206043416001
89861120239011026778
89861121260017530661
89861123206043414550
89861120225019878294
89861123209022797334
89861120235019856133
89861120211012855273
89861123216035622011
89861123206043415870
89861120211012857717
89861120235019861281
89861121260017529028
89861123206043316433
89861118290006753870
89861120225019886230
89861120235019864806
89861120225019886412
89861120282012292775
89861120225019879227
89861123209022800286
89861120225019880472
89861118290006757749
89861123209022785776
89861120235019858972
89861121250016361606
89861123209022789497
89861121250016357919
89861121250016359261
89861120235019858931
89861121250016410049
89861119210003652684
89861119210003643501
89861120225019878492
89861123209022789257
89861123209022790073
89861120239011026497
89861121250016358040
89861121260017529903
89861120235019856190
89861120239011031927
89861121250016404612
89861123216035623316
89861118248003733758
89861121250016354999
89861119210003643196
89861123206043315658
89861123209022781635
89861118290006756014
89861123209022792244
89861119210003644418
89861123206043318330
89861120225019878435
89861120235019857958
89861120225019878732
89861120225019886388
89861120225019882106
860497077621826
89861120239011022702
89861120239011023163
89861123209022798670
89861119210002645697
89861120235019857982
89861121260017529176
89861121250016360384
89861123206043415367
89861120239011026174
89861118290006755735
89861123209022785800
89861123206043319338
89861119266000075550
89861120239011025242
89861120211012851785
89861123216035625097
89861120225019882676
89861121250016353934
89861120235019864376
89861120225019878914
89861120225019883252
89861120235019862727
89861123216035622508
89861120235019861679
89861123206043412281
\0\0{B1:{C:"0000000000
89861119210003648179
89861118248003735951
89861123209022784589
89861120235019861448
89861121250016359006
89861120239011027891
89861119210003647429
89861119210003644665
89861120235019864616
89861120225019884706
89861123209022794638
89861120239011030838
89861121250016411104
89861123209022782286
89861121250016406609
89861121250016404455
89861123216035625303
89861120211012853500
89861119210003646389
89861121250016353314
89861123206043416183
89861121250016406484
89861123209022796963
89861120225019882197
89861123209022793309
89861119210003647643
89861123209022796914
89861123206043415003
89861121250016403713
89861123206043318611
89861120239011026018
89861121250016358594
89861120239011032149
89861120239011030523
89861122228003569869
89861120239011030358
89861120225019881827
89861123209022798001
89861123216035623324
89861123206043312838
89861120235019861067
89861119210003649417
89861120235019862610
89861120225019880530
89861120239011027974
89861118248003736306
89861119266000075576
89861119210003646223
89861120225019885174
89861120235019860770
89861120225019878542
89861118290006755875
89861119210003645035
860497077622667
89861119210002646711
89861121250016356275
89861123206043316029
89861119210003643931
89861120239011025580
89861123206043318736
89861123209022781221
89861120239011031299
89861120235019861323
89861123206043315468
89861121250016356267
89861120235019859392
89861120239011032495
89861120211012853963
89861120239011032594
89861119266000075410
89861123209022783466
89861120235019859780
89861120225019882049
89861119210002654327
89861122228003570875
89861121289016749576
89861123209022794406
89861123209022785560
89861123206043313463
89861123206043316045
89861118290006754829
89861119210002649491
89861123206043318223
89861120211012850191
89861123209022789182
89861122228003571105
89861120235019863287
89861122228003569653
89861119210003652270
89861123206043414568
89861121250016359055
89861119210002651018
89861121289016749402
89861119210002654566
89861123209022782054
89861120211012856131
89861121250016405528
89861121250016405593
89861120235019862164
89861122228003569711
89861119210003648344
89861123206043314040
89861121250016410932
89861123209022786600
89861120239011024997
89861121250016358123
89861119210003647320
89861118290006757384
89861120225019882908
89861119210003644699
89861118248003736215
89861119210003644319
89861121250016353330
89861120239011026208
89861123216035622425
89861123206043315617
89861120211012856065
89861121250016352076
89861120235019860424
89861119210��\0\0\0\0\0\0\0
89861119210003644228
89861118290006755016
89861119210002653832
89861120235019861877
89861123209022794067
89861118248003734947
89861123209022786246
89861119210002651232
89861123206043413768
89861120225019879284
89861123209022782872
89861123209022781825
89861121289016749527
89861119210002653758
89861120239011027057
89861121250016406633
89861120225019885588
89861119210002652453
89861119210002654400
89861120235019865241
89861120235019862560
89861123209022781452
89861119210002649442
89861120239011030705
89861121250016352654
89861123206043319338
89861121250016360012
89861119210003651710
89861120225019882767
89861119210002645929
89861121250016360020
89861121260017529689
89861120282012292312
89861123216035623043
89861120235019863402
89861123206043313679
89861123209022786584
89861123206043319106
89861119210002651331
89861120225019881967
89861118248003735084
89861122228003570099
89861123209022782302
89861123206043412018
89861123206043318488
89861121289016749444
89861120211012850605
89861120211012852734
89861120225019877502
89861123209022797250
89861120239011027180
89861119210003643626
89861121250016352233
89861119210003648104
89861118290006756386
89861123206043414048
89861123209022780306
89861121250016404018
89861121250016402434
89861119210002651786
89861120235019860325
89861122228003572400
89861120239011022777
89861120235019857230
89861119210003652379
89861120211012857949
89861120211012853393
89861120225019877676
89861120239011029459
89861123209022798597
89861120239011027131
89861121250016352944
89861122228003568226
89861120211012852825
89861123209022784316
89861120239011032537
89861120211012848351
89861121250016344503
89861121260017530364
89861123206043319288
89861123209022796963
89861120239011026893
89861121250016359105
89861119210002649368
89861123206043316797
89861123209022791543
89861119210003644491
89861120235019857511
89861120211012858012
89861120225019880589
89861119210002651760
89861120235019859582
89861120239011027651
89861121260017529135
89861123206043414873
89861120239011023544
89861121250016410775
89861119210003643972
89861121250016354502
89861120211012849763
89861123206043312523
89861123209022796724
89861121250016353819
89861123216035625352
89861120239011032214
89861123206043414725
89861120225019881553
89861119210003645381
89861120235019864897
89861123206043319338
89861121289016749501
89861120239011024021
89861123209022781924
89861120235019857701
89861120235019860267
89861123206043416050
89861121250016354759
89861120211012853310
89861120225019880696
89861119210002651943
89861118248003736082
89861120282012292593
89861119210002646174
89861123209022786329
89861118290006756352
89861121250016410973
89861123216035621237
89861120235019862339
89861119210003650266
89861123206043416688
89861123206043415466
89861123209022787780
89861118248003736090
89861123216035625568
89861123209022784233
89861121260017530786
89861120235019862362
89861120235019864335
89861119210003648914
89861121250016357976
89861120239011032420
89861120225019882528
89861121289016748842
89861119210002651182
89861123206043412661
89861121250016410395
89861123206043415938
89861121250016402111
89861121260017530687
89861120235019864921
89861120235019864517
89861123209022791089
89861119210002651083
89861120239011027263
89861120239011028147
89861123209022793556
89861121250016406658
89861123206043312051
89861120239011031935
89861120225019884326
89861120239011031893
89861123216035625246
89861123206043318082
89861123209022789968
89861121250016410437
89861123209022781981
89861120239011029632
89861123209022797813
89861121250016352449
89861123209022792442
89861123209022780546
89861123209022781098
89861121250016406245
89861118290006755800
89861121250016352639
89861119210003649029
89861121260017530893
89861119210002651505
89861123209022784084
89861120235019857644
89861120235019864798
89861120235019864095
89861123209022800096
89861121289016749220
89861123206043314024
89861120225019884680
89861123209022783714
89861120225019881199
89861123206043413222
89861123206043413545
89861120225019881033
89861123216035622953
89861120239011025523
89861121250016410759
89861123206043314933
89861118290006754852
89861120239011026653
89861120225019880076
89861118290006756600
89861118248003733519
89861121250016352506
89861119210003651538
89861121250016402491
89861123209022786220
89861120239011025499
89861123206043413032
89861119210003649672
89861119210003650290
89861121250016406096
89861120225019881066
89861123209022786147
89861121250016360558
89861119210002652768
89861123216035624884
89861119210003645589
89861118290006756410
89861123206043314982
89861121250016357851
89861122228003570446
89861123209022799280
89861119210003650209
89861123216035621781
89861121250016351870
89861123206043318801
89861120239011025416
89861119210002653550
89861120239011024906
89861120239011029889
89861120239011024484
89861121260017530786
89861119210002646794
89861120235019860630
89861120225019882973
89861120225019885414
89861120235019862420
89861120225019877486
89861123209022786378
89861120235019862594
89861120225019884375
89861119210003646074
89861121250016351540
89861120225019883518
89861120225019877965
89861120282012292759
89861121289016748644
89861121250016404182
89861121289016749410
89861120211012850555
89861121250016361283
89861123209022797037
89861120239011025291
89861122228003569893
89861118248003734608
89861123209022781411
89861121250016409918
89861119266000075790
89861120211012855349
89861119210003643022
89861123216035624595
89861120235019864814
89861123206043312242
89861120225019881181
89861122228003568655
89861120211012857667
89861120225019878278
89861119210003644657
89861121250016355772
89861119210002652289
89861123209022795627
89861121289016749493
89861120211012851215
89861120235019864012
89861123209022785131
89861120235019859046
89861120211012851702
89861119266000076046
89861121250016360970
89861119210003644269
89861119210003648567
89861120235019858667
89861123206043316540
89861123209022785149
89861123206043415060
866207075410732
89861122228003569158
89861120239011023759
89861119210003644624
89861123209022783995
89861119210003648559
89861118290006755750
89861121250016357737
89861123206043415920
89861119210002654137
89861118248003735225
89861119210003652569
89861121250016354098
89861123209022793515
89861121260017530562
89861121250016353215
89861121250016361515
89861123206043312705
89861119210002649574
89861119210003644780
89861123209022792269
89861121250016404463
89861121250016351581
89861121250016354031
89861121260017529788
89861120211012857543
89861121250016359790
89861121250016410965
89861120211012849078
89861118290006754563
89861118290006755511
89861120235019861810
89861119210002654160
89861123206043318769
89861120225019884946
89861123209022795486
89861123209022795593
89861120211012852056
89861121250016410783
89861120239011026703
89861122228003570685
89861120235019858154
89861123209022789729
89861120225019885125
89861120235019862032
89861123209022781403
89861121250016402152
89861123206043316532
89861120235019858741
89861121250016401915
89861120239011026166
89861120225019881314
89861122228003570545
89861118248003735357
89861118248003733642
89861118290006755362
89861121250016356614
89861121250016405916
89861123216035622797
89861122228003568333
89861123209022791154
89861121260017528913
89861123206043315559
89861119266000075691
89861120225019881876
89861120235019860168
\0\0{B1:{C:"0000000000
89861122228003571519
89861121260017530406
89861123206043314784
89861123209022797300
89861123216035624181
89861120282012292460
89861120211012856123
89861123209022797953
89861121250016353090
89861123206043318496
89861120211012851686
89861120211012857071
89861123209022790362
89861120225019884847
89861118290006755560
89861121250016351888
89861121250016353157
89861123206043414642
89861123206043319338
89861119210003645811
89861120225019884714
89861121250016344404
89861121250016351003
89861121260017530042
89861120235019856232
89861123206043416365
89861120239011030820
89861120225019884391
89861120235019862313
89861121250016355293
89861119210003644277
89861120235019860382
89861121250016352647
89861119210003648161
89861121260017530646
89861121289016749394
89861120239011024310
89861123209022788994
89861121250016360780
89861123209022785347
89861123206043412117
89861123216035625691
89861119210002650879
89861121250016352993
89861123209022790909
89861120235019865134
89861121250016356325
89861121250016402772
89861120225019878625
89861120235019856273
89861120225019880779
89861123216035620742
89861120239011030234
89861121250016404521
89861120225019878989
89861120235019861422
89861121260017527998
89861120211012848617
89861119210002645952
89861123209022794927
89861118290006756899
89861123209022788853
89861120225019887113
89861120239011023171
89861120239011027818
89861123209022793804
89861120239011029285
89861123216035624405
89861120239011023130
89861119210002649293
89861123206043312259
89861118248003734806
89861123206043312747
89861123209022787509
89861123206043413701
89861119210003646629
89861120225019881520
89861119210002653089
89861120235019858105
89861121250016360665
89861121250016403861
89861123206043314974
89861121250016403580
89861120235019855762
89861123216035622185
89861123206043313471
89861119210002652248
89861120225019882940
89861122228003569299
89861120235019861646
89861120235019865258
89861123209022781502
89861121250016354288
89861119210002647040
89861120239011028642
89861123209022791451
\0\0{B1:{C:"0000000000
89861119266000076186
89861120225019880928
89861123209022791006
89861120239011028501
89861120225019887238
89861121250016404232
89861120235019862586
89861120225019885711
89861118248003450080
89861123209022799033
89861123206043318835
89861123209022795858
89861123206043314057
89861123206043413883
89861120235019862966
89861123206043313737
89861123209022799702
89861121250016360004
89861119210002651497
89861122228003568598
89861123209022784977
89861123209022788432
89861118290006756667
89861120235019856695
89861119210003646280
89861121250016403853
89861119210003643428
89861123209022783185
89861120239011031067
89861123209022799355
89861123209022782245
89861119266000075501
89861123209022798795
89861123209022791147
89861119210002651828
89861123209022792079
89861120225019882932
89861123206043318496
89861119210002651737
89861121250016352092
89861119210002653915
89861120235019859608
89861123209022781205
89861120239011031364
89861123206043316821
89861123209022785974
89861120211012851603
89861118290006754233
89861123209022798340
89861119210003652387
89861120239011024674
89861123206043312812
89861123206043316656
89861121244034160173
89861121250016401980
89861123209022795122
89861119210002653410
89861123206043412034
89861123209022782476
89861119266000075709
89861123216035623811
89861120235019858279
89861119210003645639
89861121250016357745
89861121289016748867
89861119210003644632
89861123206043319155
89861119210002655233
89861121250016406534
89861121250016402368
89861123206043415649
89861118290006755933
89861121250016405007
89861120211012848757
89861123209022786154
89861123209022781262
89861122228003569901
89861123206043413586
89861120225019882510
89861120225019886198
89861121250016359907
89861121250016404075
89861120235019858949
89861121250016356887
89861121250016355111
89861121250016405379
89861120211012852189
89861123209022787384
89861121250016409884
89861123206043314073
89861120239011024567
89861121260017530489
89861122228003571188
89861120235019862719
89861120211012855422
89861123209022794422
89861120225019879722
89861123209022784753
89861118290006755719
89861123209022788317
89861123209022794802
89861118290006753789
89861120225019878674
89861123206043318470
89861120225019882148
89861123209022790115
89861123206043414741
89861122228003570362
89861123216035624314
89861120211012852254
89861123206043415664
\0\0{B1:{C:"110F3C41BA
89861120225019882684
89861119210003652163
89861123206043414626
89861118290006756451
89861120235019858147
89861121250016404729
89861120225019883997
89861119220009768194
89861120239011030051
89861120239011024419
89861123209022792459
89861120225019881405
89861123206043412174
89861120211012858160
89861123206043413693
89861123206043319387
89861123209022794174
89861118248003734228
89861118248003734624
89861120225019886594
89861121250016358149
89861120239011031158
89861120211012858178
89861120225019885224
89861120239011029376
89861120239011023080
89861123209022790156
89861121250016402137
89861120225019877643
89861120225019880050
89861121289016748511
89861120235019858709
89861121250016361200
89861123206043412091
89861119210002646257
89861121250016356853
89861120235019857685
89861121260017528400
89861118290006755156
89861119210003645779
89861120225019877981
89861123209022791832
89861118290006756436
89861119210003652890
89861123209022793416
89861123209022790644
89861122228003569422
89861123206043412372
89861122228003570818
89861121250016410122
89861120225019886503
89861123209022781197
89861121289016749386
89861120239011032347
89861123206043416399
89861119210003648203
89861122228003572160
89861121250016354650
89861122228003570206
89861121250016406450
89861122228003571428
89861118248003734541
89861118248003733915
89861118248003734020
89861119210002651752
89861123206043412315
89861121260017528574
89861121250016405114
89861119266000075543
89861119210003644525
89861123206043313034
89861123206043318710
89861121250016361630
89861119210003649730
89861119210002646448
89861123209022799504
89861119210003647965
89861123209022798860
89861120225019886495
89861122228003569737
89861120225019882965
89861119210003647205
89861119220009768350
89861121250016410239
89861122228003568317
89861121250016355152
89861122228003571782
89861123209022787558
89861123209022784514
89861123209022785644
89861123216035625345
89861119210002646455
89861120239011027420
89861119210002654582
89861119210003650969
89861123209022791253
89861120239011031448
89861121250016403887
89861120239011025507
89861120239011028097
89861121250016353686
89861123216035623100
89861122228003571584
89861123209022795338
89861120211012853773
89861123206043416852
89861119210002646612
89861123209022793952
89861120235019864285
89861123209022796427
89861123206043318637
89861123206043313513
89861121250016358131
89861121250016355012
89861121250016402095
89861121250016404737
89861119210003645969
89861123209022786089
89861118248003734293
89861120239011027172
89861123209022780579
89861123206043314669
89861119210003649839
866207075008478
89861121250016356960
89861120225019879300
89861123209022788424
89861120211012851488
89861119210002652776
89861120239011028139
89861123206043319304
89861123209022798159
89861123209022793572
89861123206043319064
89861123209022791311
89861119210003651454
89861123209022794166
89861121260017530455
89861123206043416530
89861123209022785065
89861122228003568390
89861120211012855083
89861121250016410247
89861121289016749337
89861121250016358479
89861121260017529580
89861123209022796351
89861120225019881850
89861119210003646785
89861121250016357588
89861119210003649995
89861121250016404695
89861119266000075931
89861119210003652734
89861123206043314388
89861123209022793564
89861123209022794125
89861120239011024930
89861121250016406161
89861123206043315328
89861123209022784241
89861123209022792871
89861122228003572012
89861123209022795650
89861119210003650084
89861120211012851934
89861120225019886461
89861123209022792954
89861123209022783037
89861123209022799504
89861120225019884565
89861120211012855620
89861121260017528996
89861120225019877734
89861118248003734699
89861119210003645845
89861121250016358214
89861123209022780629
89861120235019865167
89861123209022793200
89861120235019857966
89861123206043315641
89861118290006754514
89861123209022781304
89861123216035621591
89861118248003734558
89861120235019857792
89861120211012849235
89861123206043312721
89861121250016354312
89861118248003734962
89861119210003643063
89861119210002654459
89861123209022799991
89861119266000075592
89861121250016360962
89861120225019884656
89861121250016357463
89861121250016355251
89861120239011029749
89861121250016410569
89861119210002652180
89861120239011027966
89861120225019887139
89861119210002649608
89861123206043314917
89861123206043414907
89861123206043318397
89861120225019885000
89861120235019857404
89861123209022785917
89861119210003650530
89861123209022797524
89861121250016354114
89861120239011030747
89861121260017528335
89861123209022785727
89861120235019863113
89861119210003650274
89861123206043313554
89861121250016405130
89861123209022786246
89861120225019878070
89861121250016406468
89861120211012853328
89861121250016360533
89861121250016360608
89861120239011026026
89861119210003651488
89861123206043415094
89861120211012853369
89861120235019855986
89861123209022799926
89861123206043416522
89861119210003646272
89861123209022784084
89861119210002645762
89861123209022784571
89861118290006755198
89861120235019858196
89861119210003647338
89861121250016409868
89861123209022794505
89861120225019879540
89861119210002646877
89861121250016405015
89861123209022795783
89861123209022797730
89861123206043415904
89861122228003569265
89861119210003648716
89861119210003652031
89861118248003734988
89861121244034160215
89861121250016411245
89861123206043411994
89861121260017528384
89861123216035623175
89861121250016404166
89861120239011022736
89861120211012852932
89861123209022782997
89861120235019856182
89861120235019857990
89861123206043415300
89861123209022784118
89861121250016354072
89861121260017529697
89861121250016401949
89861123206043317944
89861123209022785610
89861123206043413180
89861118290006756832
89861123206043316748
89861119210003648286
89861121250016361366
89861123209022784217
89861123209022782880
89861121250016410999
89861121260017530448
89861119210003650373
89861121250016402046
89861119210003652072
89861119210002652263
89861120225019881835
89861123206043412737
89861120235019857081
89861123209022784191
89861122228003568341
89861119210002645648
89861123209022798043
89861118248003734640
89861120239011029160
89861122228003569042
89861122228003571550
89861120239011030382
89861123209022780363
89861122228003571618
89861123209022796179
89861119210003647635
89861121289016748859
89861123209022781841
89861120211012850175
89861121250016360871
89861120225019884029
89861120239011024914
89861121250016353629
89861118290006754647
89861121289016749774
89861120225019880662
89861123209022780454
89861120239011028873
89861121260017529184
89861123209022790420
89861121250016355616
89861120239011027107
89861119210002654715
89861123209022797243
89861123209022792582
89861120225019885653
89861120225019887220
89861120225019883641
89861120225019886164
89861120235019860390
89861121250016352746
89861123209022797466
89861120239011028261
89861123206043416605
89861123206043412505
89861120225019878112
89861123209022794430
89861120239011030069
89861123206043416191
89861120239011023676
89861118248003733790
89861120225019881207
89861120235019858477
89861121250016404679
89861120239011029103
89861123206043312143
89861121250016357539
89861120235019856117
89861120239011023239
89861120239011031778
89861123206043316037
89861120225019879953
89861120211012856917
89861123209022791758
89861121260017530695
89861123209022794539
89861120239011032222
89861121260017530265
89861123206043314230
89861122228003572228
89861123209022785958
89861120282012293070
89861120239011026281
89861120235019855770
89861121250016402830
89861119220009768137
89861123209022783631
89861123209022798449
89861121250016355939
89861120239011025770
89861121250016352910
89861120239011028907
89861123209022787145
89861120225019877692
89861120239011024195
89861118290006758069
89861119210002646570
89861121250016401998
89861123216035625154
89861120239011023957
89861120235019861604
89861122228003572061
89861120225019882254
89861120235019855507
89861121250016410726
89861122228003569562
89861122228003571238
89861120235019856653
89861120239011030465
89861119220009768053
89861121250016360889
89861123209022785230
89861123216035623936
89861123206043416449
89861120239011032230
89861120225019882460
89861119210002654475
89861123209022797607
89861120225019880993
89861123206043319080
89861120239011030341
89861120282012293054
89861121260017530125
89861123209022794810
89861119210003651843
89861123206043413784
89861121289016749295
89861121260017528236
89861123209022785016
89861123209022798530
89861119210003644830
89861118290006757079
89861123206043314859
89861123206043315633
89861121260017530315
89861123206043315989
89861120225019884870
866207075002653
89861121250016351359
89861118290006753946
89861121250016360111
89861119210002646679
89861120239011032107
89861118290006756303
89861123216035625105
89861123209022794695
89861119210003643980
89861123209022789869
89861122228003568291
89861121250016355368
89861123216035623779
89861123209022795809
89861119220009768152
89861119210003650720
89861120239011028386
89861120211012852965
89861119210002653717
89861120225019879888
89861123209022784415
89861120211012856792
89861120225019880175
89861118290006758051
89861120225019878898
89861123206043319130
89861121250016360814
89861123209022793036
89861120225019882734
89861121250016357513
89861121250016403465
89861123209022797227
89861121250016360640
89861119210003643709
89861123206043412158
89861120225019881223
89861120211012849011
89861118290006753888
89861119210002652214
89861120225019880837
89861121250016403390
89861120235019857586
89861122228003570313
89861123209022796120
89861120239011025747
89861120211012854813
89861123206043414980
89861123206043413792
89861122228003572111
89861119210002653444
89861120235019861604
89861120225019886644
89861123206043318934
89861121250016353678
89861121250016357810
89861123209022786519
89861119210002654046
89861121250016404794
89861118248003734996
89861120239011027917
89861120235019860663
89861120225019883427
89861123209022782559
89861123209022794976
89861120239011025721
89861120225019885893
89861121250016409876
89861119210002645986
89861120225019878336
89861122228003572152
89861123209022784779
89861123209022783318
89861123206043412125
89861120235019862644
89861123209022795882
89861120225019886529
89861121250016357547
89861123209022782617
89861123206043316169
89861120225019877619
89861119220009768442
89861121250016406526
89861120225019879904
89861121250016404844
89861120235019857347
89861121260017528855
89861123209022796419
89861120211012849771
89861118290006755008
89861121289016748883
89861123209022796658
89861119210003644806
89861121250016404893
89861120239011031661
89861120235019862503
89861120225019887071
89861118290006753771
89861123209022783847
89861119210002653618
89861120239011026448
89861120235019858600
89861118248003734533
89861123209022791576
89861120211012852775
89861123206043319312
89861119210002650697
89861120225019886446
89861123206043413933
89861118248003734822
89861120225019885778
89861119210003644848
89861123209022791816
89861118290006757293
89861120225019877478
89861121250016356606
89861121250016405304
89861123209022792715
89861121250016361499
89861121250016359097
89861120211012849342
89861120239011025267
89861122228003568705
89861120239011032313
89861123209022799025
89861123209022784183
89861123209022794893
89861123209022798480
89861121250016355350
89861118290006754035
89861118248003734434
89861120225019886610
89861120235019865035
89861120225019880746
89861123209022789844
89861118248003734509
860497077622188
89861120235019862305
89861121250016358081
89861123209022793739
89861118290006757129
89861120211012849037
89861119210002645820
89861120211012849540
89861120211012851207
89861122228003571220
89861120225019882783
89861123206043312507
89861123209022793986
89861123209022796278
89861123216035621468
89861121250016411328
89861121250016354130
89861121260017530901
89861119210002652156
89861123206043313547
89861120239011031042
89861123209022784100
89861123209022784027
89861119210003650027
89861118290006755776
89861123216035624629
89861123209022796252
89861123209022785594
89861120225019884995
89861120225019885620
89861121250016353587
89861120239011025259
89861121250016401642
89861123209022790636
89861121250016353231
89861121250016401766
89861123209022790032
89861120235019863766
89861119210002652826
89861120235019856430
89861119210002652321
89861120239011029541
89861119210002652586
89861120235019861224
89861123209022787533
89861119210002654681
89861120235019865209
89861121289016748594
89861120235019863089
89861121250016403002
89861119210003649359
89861123206043412752
89861123209022786725
89861123206043315955
89861123209022781601
89861123209022783672
89861120225019878823
89861120235019862941
89861120235019861257
89861118290006758010
89861119210002655126
89861121250016406427
89861123209022797557
89861119210003645332
89861122228003570354
89861123209022781346
89861122228003569315
89861120225019881777
89861123209022783649
89861123206043413263
89861120225019884540
89861118290006754316
89861121250016353967
89861118248003733733
89861123209022790800
89861119210002652099
89861120235019858634
89861120225019887212
89861119210003648492
89861121250016351284
89861123216035624769
89861123209022799629
89861119210003650407
89861118290006754688
89861119210003643915
89861120225019881090
89861119210002653543
89861118290006756709
89861123206043316003
89861120211012856487
89861123216035622474
89861123209022798654
89861119210003652635
89861118248003734830
89861123206043413206
89861123209022781254
89861121250016352894
89861121289016748743
89861120225019879136
89861120235019861240
89861120225019882478
89861123206043318959
89861123209022798068
89861122228003570669
89861118290006755024
89861118290006757798
89861120225019885232
89861119210003647684
89861123209022790198
89861120235019856968
89861120239011022959
89861120235019864848
89861123216035624603
89861123209022790040
89861123209022799165
89861123209022786964
89861123209022786303
89861121244034160199
89861123206043315765
89861121289016749063
89861123206043412943
89861121250016359923
89861118290006755768
89861120235019856711
89861123206043412000
89861123209022795726
89861118248003734731
89861119210003651967
89861123209022796302
89861119210002646919
89861123209022783508
89861120239011024211
89861123209022786162
89861119210003648484
89861121250016401907
89861123209022796666
89861120239011032180
89861123209022787434
89861121250016410015
89861123206043319064
89861122228003568275
89861123216035623159
89861121250016352696
89861123206043312176
89861120225019881611
89861120239011024773
89861119210002646836
89861120225019886222
89861121250016359386
89861120239011023718
89861123206043313919
89861120282012293229
89861120211012851942
89861121250016354106
89861121260017530026
89861121250016406138
89861123206043313489
89861122228003569455
89861120239011024351
89861121250016409983
89861120235019864145
89861120239011024666
89861119210003650639
89861121250016405189
89861123206043318504
89861123209022788002
89861121260017528343
89861123209022790453
89861122228003571675
89861119210002654657
89861120211012851587
89861120239011029277
89861120282012292619
89861118290006756824
89861123209022799215
89861119266000075857
89861120225019886438
89861121250016359444
89861123209022796443
89861121250016404885
89861120235019855721
89861119210003643410
89861123209022800161
89861119210003652122
89861120225019877544
89861120225019884953
89861118290006755685
89861123209022790081
89861121250016352936
89861123206043415748
89861120235019857594
89861123206043413396
89861119210003652643
89861123209022786832
89861123209022783987
89861122228003569786
89861120239011031505
89861120239011031588
89861123209022791675
89861120235019858881
89861120235019858790
89861121250016360707
89861123206043318595
89861120225019883781
89861123209022795288
89861120282012293484
89861119220009768061
89861120235019861414
89861120239011032255
89861121250016351268
89861123209022788960
89861121250016361143
89861123206043416019
89861118248003734442
89861123209022782807
89861123206043312606
89861120239011025085
89861121250016354163
89861120225019880878
89861123206043315914
89861118290006758044
89861122228003571972
89861119210002654855
89861119210002653675
89861119210003646660
89861119210002649517
89861120211012849607
89861120211012856453
89861118290006756634
89861121250016355046
89861121260017529986
89861121260017528251
89861120235019864418
89861120235019855739
89861120235019861695
89861123209022787400
89861123209022789307
89861123209022781684
89861119210003651116
89861123209022783904
89861123206043415821
89861120282012293336
89861123209022789877
89861120235019856604
89861123209022797748
89861123209022799231
89861120211012850472
89861123216035621377
89861123209022791097
89861121260017530679
89861120225019878781
89861123209022782252
89861120211012857048
89861123209022792590
89861119210003652478
89861119210003647395
89861123206043412869
89861120225019884979
89861121260017528533
89861118290006757053
89861122228003569018
89861120211012856701
89861123209022781114
89861121250016353645
89861120235019865316
89861120239011027800
89861121250016403325
89861122228003570271
89861120225019879896
89861118290006756246
89861121250016404380
89861120235019861455
89861122228003570578
89861123209022785891
89861120211012851462
89861120225019883377
89861123206043318538
89861121250016403499
89861123206043414162
89861120239011024583
89861120211012849979
89861123206043318108
89861123209022786840
89861119210002646604
89861121250016410189
89861120225019882437
89861123216035623373
89861121250016359071
89861118290006753979
89861123216035625501
89861119210002645895
89861123209022792731
89861123206043314313
89861123206043315161
89861120211012857196
89861121250016353652
89861123209022792509
89861120282012293187
89861119210003643741
89861120239011030770
89861123206043416506
89861119210003652940
89861123209022795643
89861119210002646299
89861120225019882171
89861121250016351193
89861123209022796732
89861120225019886727
89861118248003735001
89861120239011031232
89861123206043312515
89861118248003736041
89861120235019863394
89861118290006754704
89861123216035624488
89861123209022784647
89861120211012852684
89861123209022789075
89861123209022788606
89861122228003568820
89861123206043316912
89861118290006755529
89861123206043314172
89861120235019857784
89861120211012857287
89861123209022789364
89861121250016357638
89861121260017530356
89861123209022785842
89861118290006754761
89861121260017530422
89861120235019861752
89861121250016410478
89861123206043412141
89861120225019878575
89861123206043315500
89861121250016351847
89861120239011030259
89861121250016356754
89861120225019880845
89861123206043319429
89861120225019878534
89861123209022792202
89861123209022792095
89861120235019856141
89861121260017527923
89861123209022787277
89861123209022784209
89861123209022796153
89861121250016405965
89861123209022794935
89861119210002652537
89861120239011023692
89861121250016403994
89861120235019856521
89861123209022791022
89861123209022783953
89861122228003572079
89861123206043414097
89861123209022783821
89861120225019886784
89861120239011023668
89861122228003569034
89861123206043318942
89861121250016360509
89861123209022783250
89861120211012849250
\0\0{B1:{C:"11053C3CC4
89861118290006754977
89861121244034160181
89861121289016749006
89861120225019885851
89861123209022783987
89861121250016403747
89861122228003568630
89861123206043313133
89861120239011030275
89861121250016352084
89861123209022795908
89861121289016748552
89861123209022784472
89861122228003569125
89861120211012852635
89861118290006754381
89861123206043314222
89861123216035625618
89861123206043314396
89861120225019877361
89861119210002652412
89861123206043415243
89861119210003648070
89861120225019883351
89861121250016352829
89861123206043414170
89861120225019886479
89861120211012856370
89861123206043413453
89861120239011028972
89861122228003569075
89861119210003644541
89861123206043316300
89861123206043416464
89861119266000075527
89861120211012851363
89861119210003647239
89861123206043314776
89861122228003568465
89861119266000075675
89861119210003649201
89861120239011029038
89861120239011030242
89861119210002653170
89861123216035621799
89861123209022794976
89861120235019860093
89861120235019856059
89861122228003569844
89861121250016353959
89861120211012849268
89861119210003647718
89861123209022798464
89861121250016406476
89861120239011029814
89861122228003569851
89861119210003648617
89861123209022791444
89861119210002654822
89861123206043412851
89861118248003735217
89861123209022786642
89861123206043319189
89861123209022787541
89861120239011023916
89861123206043415219
89861120211012849862
89861123209022799371
89861120235019862701
89861122228003571170
89861120239011028816
89861123209022796492
89861123209022798977
89861121250016358305
89861121250016356481
89861123206043416241
89861120235019862784
89861121250016355582
89861123206043314305
89861118290006756998
89861118290006753953
89861119210003649896
89861123209022793184
89861120235019863972
89861121250016403184
89861119266000076160
89861120211012854276
89861120235019859004
89861120225019883658
89861123209022789653
89861123206043318694
89861121250016354890
89861120239011025622
89861123206043313711
89861122228003569877
89861123209022788507
89861120225019885307
89861121250016355962
89861123209022788465
89861123209022783987
89861120282012292627
89861119210002653626
89861120225019881363
89861120235019862578
89861120282012293427
89861123206043415276
89861120235019864954
89861123206043413156
89861120282012293203
89861120211012856735
89861122228003569539
89861120225019879433
89861120211012852536
89861123209022797292
89861120235019858683
89861120235019859442
89861120235019857974
89861123209022789927
89861123206043312374
89861119210003650175
89861120235019861158
89861120235019860531
89861120211012852320
89861120225019884730
89861123209022799520
89861123209022799868
89861123206043318702
89861123206043316615
89861123209022791980
89861123209022786360
89861123209022782153
89861123209022786451
89861120235019859921
89861119210002655209
89861123216035621336
89861119210003649151
89861121250016355509
89861121250016357943
89861121250016411005
89861123209022791329
89861120239011028089
89861119210003645464
89861120239011023684
89861123209022786881
89861121250016352902
89861120239011023411
89861123209022790784
89861121250016351144
89861121250016406369
89861122228003568705
89861120235019863915
89861121250016357554
89861121250016402376
89861119210003650365
89861123216035625469
89861120225019878831
89861123206043313646
89861119210003651082
89861119210003650993
89861123206043312770
89861121250016411013
89861121250016356283
89861120239011025929
89861121250016404554
89861123206043312168
89861120235019860325
89861121260017530307
89861123206043413719
89861119210002654376
89861120235019861919
89861120239011029913
89861121250016410205
89861121250016402640
89861123216035621716
89861122228003568671
89861121260017529002
89861123209022785495
89861118290006756337
89861120235019857008
89861121250016359287
89861123206043312648
89861123209022784548
89861120235019856224
89861123206043319205
89861119210002652495
89861120225019883435
89861123209022787491
89861123206043318355
89861123209022783839
89861120225019885323
89861121250016402848
89861118248003735860
89861119210003643097
89861121250016402749
89861120239011032412
89861121250016410601
89861120239011027123
89861123209022790222
89861120225019880365
89861120235019861315
89861120235019857818
89861119210002646851
89861121260017529820
89861123206043413123
89861121250016355699
89861121250016353348
89861120282012293104
89861122228003571006
89861123206043313877
89861120239011029616
89861123209022789414
89861119210002652396
89861119210003652528
89861120211012856164
89861121260017528939
89861123206043313109
89861120225019878658
89861121250016405171
89861122228003571493
89861119210002653436
89861120225019884748
89861123206043413834
89861118248003736348
89861123209022787749
89861120225019879755
89861121250016402939
89861119210003652551
89861118290006757426
89861122228003568622
89861123206043415490
89861123209022798910
89861119210003647924
89861120235019855473
89861120235019863634
89861118248003735167
89861120235019861109
89861123209022783912
89861121260017530513
89861120225019883583
89861121250016402962
89861123206043318264
89861123209022797136
89861119210003645670
89861120282012292684
89861119210002653873
89861120211012856024
89861119210003651348
89861123209022786808
89861123209022792160
89861119210002651091
89861121250016409942
89861123206043414717
89861120225019884268
89861120239011026240
89861123206043414477
89861123209022787418
89861119210003652411
89861123206043314974
89861123209022785586
89861119210003650662
89861123209022785156
89861123209022785446
89861120235019856216
89861120235019860259
89861123209022780660
89861118290006756345
89861123209022792897
89861120225019886867
89861123206043416084
89861119210002654608
89861121250016352530
89861120282012293278
89861120239011024633
89861123209022791667
89861123209022788614
89861119210003648120
89861123209022786402
89861121250016344339
89861121250016356309
89861118290006754084
89861120239011032404
89861121250016359295
89861119210002649392
89861119210003651561
89861119210003651819
89861123209022780785
89861121250016357257
89861123209022792822
89861120235019856984
89861123209022788481
89861120225019878443
89861120225019877817
89861119210003651249
89861123209022781593
89861120239011025374
89861119210003646025
89861121250016352688
89861120225019885067
89861120225019886677
89861123209022785669
89861118248003733832
89861119210003651678
89861121260017530372
89861120211012857535
89861118290006753854
89861123209022792756
89861122228003572038
89861120282012293302
89861123209022792368
89861121250016352126
89861119210002652529
89861120239011025028
89861121260017529960
89861121250016358271
89861121250016356879
89861120211012850282
89861119210002654178
89861118248003735472
89861118290006755297
89861123216035621401
89861119210003645365
89861120211012857741
89861119210003649581
89861123209022782690
89861120282012293138
89861120235019859574
89861120235019859053
89861120225019885042
89861119210002655043
89861123216035623910
89861120239011026638
89861120239011025556
89861118248003735423
89861120211012857022
89861121250016355038
89861119210003649185
89861120235019861521
89861120235019861935
89861123209022784522
89861120239011031984
89861120235019863311
89861121250016351086
89861119210003650621
89861120225019881884
89861119210003650738
89861123209022783060
89861121250016353777
89861120235019860242
89861120239011030630
89861120239011024187
89861118290006755958
89861118290006755883
89861123206043312689
89861120225019885133
89861123209022783458
89861119210002651810
89861123209022782963
89861123216035623076
89861121250016353942
89861120239011027313
89861120235019856901
89861120239011031257
89861120239011027610
89861120239011022926
89861122228003569257
89861123206043318652
89861121250016405338
89861120225019886628
89861123209022781676
89861123206043415516
89861121250016402129
89861118290006754506
89861120225019886305
89861121250016405437
89861121289016748818
89861121260017528723
89861123206043412588
89861120239011025366
89861120235019862685
89861123206043318801
89861123206043414451
89861120211012848880
89861120235019863253
89861121250016357356
89861123206043414675
89861120225019877346
89861120211012852593
89861120225019883211
89861120239011024294
89861123209022796740
89861123209022786188
89861123209022795916
89861121250016405106
89861123206043316789
89861118290006757160
89861119210003650654
89861120225019885091
89861120239011032123
89861123209022782195
89861120225019882429
89861123209022799603
89861120239011025044
89861123209022784126
89861120211012854805
89861120239011027644
89861118290006755792
89861123206043313109
89861123209022782070
89861121250016358701
89861123206043311988
89861120239011030416
89861123209022787814
89861120239011027826
89861120235019861711
89861120239011028683
89861123209022787715
89861120225019879995
89861121250016411039
89861120225019885802
89861120235019863840
89861121250016356820
89861123209022795932
89861120225019882692
89861120235019858261
89861121289016748826
89861123209022784563
89861121250016410130
89861120225019884912
89861123206043414410
89861120235019862826
89861120211012857873
89861123209022787707
89861123206043415946
89861121289016749303
89861119210003647726
89861121250016357794
89861120225019879862
89861118290006754142
89861121250016402806
89861122228003571667
89861123209022789570
89861120235019856810
89861121250016402392
89861121260017530232
89861121289016749436
89861119210003649441
89861120225019884599
89861119210003652783
89861123216035622003
89861123206043315898
89861120211012849326
89861119210003643576
89861123216035621104
89861123206043412331
89861119210003652742
89861119210003651694
89861119210002652602
89861123209022781007
89861121250016355467
89861121250016352985
89861120235019861216
89861123209022792947
89861119210003647809
89861123206043414782
89861120239011028519
89861121250016352670
89861120239011029731
89861120211012849656
89861123216035622961
89861119210003646314
89861119210003651298
89861123216035621179
89861123206043412901
89861119210002646844
89861123206043416845
89861119210003646496
89861123206043313117
89861120211012852080
89861120239011023148
89861123206043413271
89861120225019880498
89861123209022795015
89861120225019878021
89861118248003736074
89861123209022785891
89861122228003571527
89861120239011024898
89861121250016356374
89861119210002652891
89861119210002652610
89861120282012292940
89861123209022789463
89861119210003652171
89861121250016361309
89861119210002653352
89861123209022800195
89861120235019860572
89861120239011032206
89861121244034160173
89861121289016749287
89861123209022798639
89861121289016749113
89861121250016358297
89861120225019882445
89861121250016403945
89861123209022780595
89861120211012850746
89861121250016404117
89861120235019858246
89861121260017530604
89861119210003648237
89861123209022796377
89861120239011027503
89861120235019859194
89861120239011025481
89861119210002654798
89861120239011031646
89861120235019862693
89861121250016351607
89861123209022799140
89861120235019856638
89861121250016403697
89861120211012854789
89861121250016357380
89861119210002645945
89861118248003734160
89861120239011023817
89861123209022786170
89861123209022794760
89861120239011032172
89861119210002646521
89861120235019855846
89861123216035621856
89861121250016402426
89861123206043414923
89861123209022791535
89861119210002654780
89861120225019879946
89861119210003647080
89861123206043413487
89861123216035621674
89861119210003648211
89861123206043314644
89861121250016404174
89861122228003569307
89861121289016749733
89861119210002652107
89861123206043413644
89861123206043312788
89861121250016344370
89861120225019880936
89861121250016356838
89861121260017528301
89861120235019860754
89861120211012855497
89861123206043416431
89861122228003572384
89861118290006754118
89861122228003570081
89861123209022798761
89861119210003649243
89861123216035624199
89861123209022787194
89861120239011027529
89861122228003570214
89861121250016401923
89861120235019856885
89861120225019879912
89861120239011028600
89861120239011027289
89861123216035622599
89861122228003570958
89861123209022794208
89861119210003647957
89861119220009768434
89861119210003645977
89861120239011032032
89861120225019885596
89861123209022784530
89861123206043319338
89861120239011026190
89861120239011027446
89861120225019882023
89861123206043318157
89861120211012853401
89861119210002651901
89861119210003647882
89861123209022786311
89861123206043316219
89861120235019862768
89861119210003651207
89861120225019879235
89861123216035624744
89861121250016403663
89861121250016357182
89861118290006754274
89861120225019877908
89861123206043415862
89861123209022799447
89861122228003571287
89861120239011031190
89861119210003651165
89861123209022794232
89861119210002652354
89861123206043313901
89861123216035621229
89861123209022795395
89861121250016359667
89861119210002646216
89861123209022781569
89861121250016405734
89861122228003570180
89861120282012292874
89861123209022794349
89861121250016355087
89861120239011028030
89861119210003647379
89861123206043415706
89861121250016356101
89861120235019864426
89861119210002651992
89861119210002655225
89861123209022788945
89861123209022787988
89861120211012856891
89861123216035622607
89861123209022782724
89861123209022781999
89861123209022798696
89861121260017530653
89861123209022796450
89861119210002649624
89861123209022785180
89861120239011025549
89861123206043316086
89861123216035625410
89861123209022783375
89861120239011030762
89861123206043314156
89861123209022794117
89861119210003649268
89861123209022780389
89861118290006756287
89861120225019886321
89861123209022799892
89861120211012851819
89861120225019880134
89861120239011030317
89861120239011026844
89861123216035625238
89861120235019856737
89861121260017528095
89861123206043315112
89861118290006757095
89861123206043315294
89861119210003651173
89861120239011023460
89861122228003571261
89861118290006755537
89861120225019884128
89861123209022780983
89861120235019857594
89861120211012856552
89861121289016748925
89861123209022787657
89861120235019862628
89861121250016405775
89861120235019858089
89861121250016406351
89861121250016357497
89861118248003735811
89861120225019883039
89861120225019885364
89861120225019883088
89861123206043315682
89861118290006756568
89861123209022792640
89861123216035622680
89861120225019878187
89861121250016360624
89861121260017528616
89861119210002652818
89861123209022796310
89861120225019881603
89861123206043416498
89861120235019861760
89861121250016406229
89861121250016358065
89861118290006757871
89861123209022798704
89861120239011030119
89861118290006757939
89861121250016403457
89861120239011023445
89861123216035622276
89861122228003568572
89861119210002654095
89861123209022782393
89861123206043313943
89861120211012849672
89861123206043314511
89861123206043314719
89861123209022799041
89861123209022783540
89861119210003643998
89861119210003646181
89861122228003571923
89861120211012855380
89861118290006755123
89861120235019857057
89861120239011023395
89861123209022786097
89861120211012854383
89861121250016402988
89861123209022791527
89861121250016357604
89861123209022799132
89861123206043319338
89861123209022798290
89861122228003571121
89861123209022787475
89861121250016404869
89861123209022797177
89861119220009768244
89861121250016404992
89861123209022792764
89861120211012855174
89861123209022784795
89861120239011026133
89861120235019857289
89861118248003736124
89861120235019861596
89861123206043314552
89861121250016356010
89861119210003647437
89861121250016358115
89861122228003571345
89861120239011023833
89861118290006755495
89861120239011032578
89861120239011028485
89861120225019882981
89861123209022799009
89861120235019858345
89861121250016411120
89861123216035622235
89861120225019882726
89861120235019860465
89861123209022784332
89861121260017529937
89861123216035624850
89861120235019860093
89861121260017530802
89861119220009768004
89861120239011026463
89861119210002654632
89861123209022784019
89861120239011024799
89861119210002652594
89861121250016405387
89861123209022782591
89861118290006754654
89861119210002652131
89861120239011029087
89861123209022793127
89861123209022796898
89861120235019864905
89861123206043414899
89861120239011026760
89861123209022786063
89861123206043315146
89861123209022785198
89861120225019882494
89861118248003733782
89861123206043412539
89861120239011032198
89861120225019880654
89861123206043319254
89861121289016749261
89861123206043316441
89861122228003571014
89861123209022781007
89861123206043415136
89861120282012293047
89861120282012292502
89861119210003647304
89861121250016356002
89861119210003648153
89861120211012857774
89861120225019885844
89861123209022788119
89861120211012856313
89861123209022793333
89861122228003571683
89861123206043316003
89861123209022782807
89861120225019887089
89861123206043414204
89861123206043314628
89861120235019857073
89861120225019881256
89861123209022788226
89861120235019858238
89861120225019877809
89861119210003647999
89861120239011023023
89861123209022785479
89861119220009768376
89861123206043415235
89861120225019877759
89861123206043415185
89861120239011026927
89861123209022791436
89861121250016351490
89861123209022795049
89861123206043313075
89861120225019879805
89861123209022785420
89861121260017528137
89861118290006755446
89861120225019881751
89861123209022785354
89861121289016749097
89861121260017530075
89861121260017528178
89861120225019884698
89861121250016361218
89861120225019879920
89861123209022796633
89861123209022783276
89861123206043314495
89861118290006756329
89861123206043312226
89861123209022790941
89861123206043416910
89861120235019856315
89861120239011031547
89861122228003568895
89861123206043412224
89861121250016351169
89861118290006757996
89861118248003733881
89861121250016352191
89861123206043416043
89861120239011029574
89861122228003571915
89861119210002655258
89861119210002653238
89861121250016355558
89861121250016360681
89861119210003643287
89861120239011025531
89861120225019884466
89861120235019856406
89861120225019880811
89861119210003644046
89861123209022799918
89861120225019886420
89861121250016402475
89861120239011028709
89861120235019861034
89861118290006756139
89861121250016360277
89861120239011026539
89861123206043414196
89861120225019880522
89861122228003570396
89861120235019856398
89861120235019865159
89861120235019857669
89861120235019856851
89861120211012856081
89861119210002654202
89861121250016357224
89861123209022797904
89861118290006757202
89861118290006754027
89861121250016405445
89861123209022791501
89861123209022792202
89861121250016411211
89861123209022795551
89861119210002649566
89861121250016405361
89861120239011024450
89861121250016410403
89861121250016353512
89861118248003733634
89861123206043312267
89861119210002651349
89861120225019885703
89861119210003647700
89861121260017528491
89861119210003644707
89861120235019860143
89861123209022784613
89861123216035621021
89861123206043313653
89861121260017529093
89861119210003649003
89861123209022794224
89861120225019881264
89861120225019880860
89861119266000076111
89861121289016748792
89861120211012848393
89861121250016358446
89861119210002649467
89861121250016410270
89861120235019856778
89861121250016404158
89861120235019863857
89861121250016353454
89861123206043314347
89861121250016401808
89861121250016355202
89861123209022799884
89861121250016403903
89861119210002653774
89861121250016401972
89861123209022795247
89861123216035624918
89861120235019859244
89861120225019882700
89861123209022793580
89861119210003645506
89861123209022798993
89861120235019857610
89861119210002654558
89861118248003734855
89861123209022794570
89861121250016358917
89861118290006756626
89861121250016358685
89861120211012848344
89861123209022781908
89861120235019858816
89861123209022796690
89861123209022796039
89861120235019856489
89861121250016403366
89861123206043319379
89861120235019860457
89861123209022782385
89861123209022782401
89861123206043413404
89861121250016360475
89861123209022780322
89861121250016402285
89861119210003644731
89861123206043318983
89861120235019863220
89861121260017528236
89861119210003646108
89861120211012850910
89861121260017528541
89861120235019855952
89861121250016404620
89861123209022788408
89861120225019879086
89861123216035625071
89861123209022792061
89861123206043315781
89861120211012858012
89861121250016410411
89861121250016351102
89861121260017529572
89861119210003643204
89861123206043314743
89861122228003570651
89861118290006755487
89861120235019865233
89861121250016403614
89861122228003568200
89861122228003571691
89861119210003649433
89861119210003644426
89861119210002652925
89861120239011028188
89861120211012856990
89861123209022784787
89861119210003647932
89861123209022792616
89861123206043412893
89861121250016402509
89861121250016353579
89861118290006756154
89861118290006755206
89861120239011026455
89861119210003652627
89861120235019861547
89861123209022786071
89861120211012851470
89861120235019862867
89861121260017527915
89861119210003651629
89861121250016354221
89861123209022792558
89861121260017530471
89861120235019856174
89861119210003650803
89861122228003569943
89861120225019879979
89861121250016411203
89861120239011023056
89861121250016357992
89861122228003568366
89861121250016360442
89861120235019864939
89861122228003572004
89861119210002649343
89861123209022792343
89861123206043318900
89861121260017530919
89861119210003646413
89861123209022790669
89861119210003651793
89861122228003572392
89861123216035624967
89861121250016358560
89861121260017528442
89861123209022780397
89861120225019884318
89861123206043315542
89861120211012852494
89861120225019881280
89861123206043316771
89861123206043314271
89861123206043415383
89861123206043416639
89861120239011029517
89861123206043318553
89861119210003647874
89861121250016402228
89861123209022795445
89861120225019877684
89861120235019860226
89861122228003569232
89861120282012293435
89861121250016353447
89861123209022792012
89861123206043413420
89861123209022785214
866207075441919
89861120239011030978
89861123206043415854
89861121250016405981
89861122228003568473
89861123206043412786
89861120225019885430
89861123209022790545
89861121250016403291
89861121260017528566
89861123206043315088
89861123209022794679
89861123209022787855
89861122228003571832
89861120239011031075
89861122228003571576
89861123206043412117
89861121250016411187
89861123209022796922
89861123209022793150
89861121250016409926
89861123209022782864
89861120235019865142
89861120225019883195
89861123209022783177
89861123206043416860
89861123209022782898
89861120282012292643
89861118248003735316
89861123209022798506
89861120211012854995
89861123209022783565
89861120239011024120
89861123209022781320
89861121250016357596
89861123209022798076
89861123209022784407
89861119210002650978
89861120211012857709
89861121250016354247
89861123209022786113
89861121250016358693
89861123206043412760
89861120235019859160
89861123209022781718
89861119210002651406
89861123206043415573
89861120225019886966
89861119210003650159
89861120211012853484
89861120211012852791
89861120239011030531
89861123209022787251
89861123206043316375
89861119210003649607
89861121260017528392
89861121260017528806
89861121250016361416
89861123209022782468
89861119210002655241
89861120225019880019
89861122228003568267
89861123209022790248
89861120225019880225
89861120235019861992
89861123209022790818
89861119210002652271
89861123206043316318
89861119210002654483
89861120239011023734
89861118248003735431
89861123209022780900
89861120239011025135
860497077631262
89861121289016748735
89861120239011024807
89861120239011032370
89861121250016359774
89861119210002651976
89861121250016352795
89861123206043319296
89861118290006755222
89861120235019863733
89861120235019862438
89861123206043319338
89861120239011028337
89861118290006755727
89861121250016357802
89861121250016358792
89861120235019863774
89861123206043315526
89861123206043316011
89861123206043313000
89861120211012853047
89861123206043312689
89861122228003570842
89861123206043314123
89861122228003569513
89861123209022783771
89861121250016411195
89861120225019879037
89861120239011029301
89861120225019883815
89861123209022792608
89861118290006755354
89861119210002652883
89861118290006757525
89861121250016356788
89861122228003571253
89861123209022783797
89861123216035622920
89861118290006757046
89861123209022789612
89861119220009768251
89861123209022793663
89861122228003570974
89861120211012853021
89861120225019885539
89861120225019879292
89861123209022780504
89861123209022781767
89861123206043318074
89861119210002649418
89861123216035622342
89861123216035625220
89861123206043313760
89861120235019862180
89861120211012856347
89861120239011025796
89861123206043312069
89861121260017530018
89861123206043318421
89861123206043318728
89861119210003651231
89861123206043314446
89861120235019858071
89861123209022797169
89861121289016749139
89861120225019882072
89861119210002651851
89861118248003735191
89861119210003649722
89861123209022784662
89861120235019860994
89861123206043416696
89861121250016358412
89861121250016352589
89861123209022795692
89861123206043313331
89861123209022791402
89861123209022798803
89861120239011031729
89861120239011029210
89861123206043311970
\0\0{B1:{C:"0000000000
89861122228003571279
89861120225019880670
89861123209022788648
89861120235019861885
89861118248003735894
89861119210003643659
89861123209022791808
89861121250016403333
89861120235019859368
89861121260017528749
89861120225019887022
89861121260017529325
89861123209022788523
89861120225019885687
89861120235019855630
89861121250016358016
89861120239011031422
89861120235019863725
89861118248003734467
89861120239011028592
89861118248003735407
89861120225019885463
89861120225019882221
89861121250016358404
89861123206043416571
89861119210003652759
89861123209022795254
89861120235019863816
89861123209022789067
89861120211012856263
89861121250016356457
89861121250016404372
89861120225019880100
89861121250016360152
89861122228003569208
89861123206043415805
89861120211012850332
89861120239011026588
89861121250016356945
89861120225019881710
89861120211012857683
89861123206043312085
89861120235019859889
89861119210003650191
89861119210002655324
89861123209022798738
89861118290006756873
89861123209022785842
89861121250016361317
89861119210002654038
89861120235019861778
89861123209022787947
89861123209022793929
89861120239011027727
89861118290006755842
89861123209022791048
89861122228003570495
89861119210002654525
89861120211012851256
89861119266000075808
89861119210003645225
89861123209022785339
89861122228003568424
89861123209022792459
89861123206043319163
89861120235019863378
89861123209022794943
89861123206043315427
89861123209022795460
89861119220009768426
89861120235019861729
89861122228003571105
89861120211012853179
89861123209022785628
89861121289016749642
89861121250016359147
89861120235019865100
89861123206043316763
89861119210002651174
89861120239011022868
89861120211012852668
89861120225019882882
89861123209022798779
89861123209022791212
89861123209022790438
89861121289016748586
89861118290006756501
89861122228003569489
89861121250016359972
89861120239011025333
89861118290006754290
89861120239011025663
89861123206043312655
89861118290006755081
89861123209022783409
89861118290006756113
89861123209022782047
89861119210003648930
89861120225019878344
89861123206043316896
89861119210002655076
89861120239011025176
89861121250016360137
89861119210002645960
89861118290006754365
89861120239011026687
89861122228003570438
89861123209022793895
89861121250016405205
89861120239011027461
89861121250016361069
89861120225019885521
89861120239011030580
89861118248003735050
89861121250016403739
89861123209022795379
89861123206043416308
89861123206043318181
89861120235019859863
89861123206043314875
89861123206043312622
89861120282012292395
89861121250016403705
89861120235019865225
89861119210003650357
89861120239011024096
89861121250016406294
89861123209022794687
89861121250016405262
89861123209022790420
89861123209022793689
89861123216035622409
89861120211012857436
89861123209022786469
89861119210002651430
89861120239011026620
89861120211012850381
89861121250016403838
89861118290006757731
89861123209022795577
89861119210002652982
89861119210003645019
89861122228003572244
89861123206043414113
89861118290006755461
89861121250016357935
89861121250016405270
89861120235019862776
89861122228003570032
89861123209022790461
89861123209022787764
89861123206043318173
89861119220009768103
89861123216035624561
\0\0{B1:{C:"0000000000
89861123216035624538
89861120211012857295
89861123209022794992
89861119210002654384
89861120225019879144
89861123206043316730
89861119210003643147
89861120225019883534
89861120239011032396
89861123206043413941
89861120235019856992
89861121260017530836
89861120211012851991
89861123209022789125
89861118248003735498
89861123209022782260
89861119266000076178
89861123206043412562
89861123209022794711
89861123209022782633
89861118290006754670
89861120225019881934
89861120235019861745
89861119220009768038
89861121250016361010
89861120211012854151
89861120282012293377
89861121250016403200
89861123209022784738
89861120235019859533
89861120225019878286
89861123209022790578
89861120225019883807
89861119210002649400
89861123206043312192
89861123209022783383
89861119210002655142
89861120239011029293
89861120225019878450
89861121250016355657
89861123216035624025
89861119210002645705
89861123209022793465
89861123209022798936
89861118286002564006
89861123209022788218
89861121250016354015
89861120225019884334
89861118290006755164
89861120225019884383
89861123209022785651
89861120235019857172
89861120225019882361
89861123206043413263
89861120235019862925
89861120225019884839
89861118290006757806
89861123209022785461
89861120225019885208
89861123209022794562
89861120239011027016
89861120239011024252
89861121250016351599
89861123209022785982
89861119210002654236
89861120235019856422
89861123209022794307
89861123209022781080
89861118248003734954
89861119210002652420
89861121250016410916
89861118248003733618
89861123206043312093
89861123209022787111
89861121260017528459
89861121250016354916
89861120225019883401
89861121250016410452
89861120211012849599
89861120282012292551
89861123209022791410
89861120239011031703
89861122228003569166
89861120225019879490
89861123209022788788
89861123209022781916
89861119210002645481
89861119210003644558
89861123209022790693
89861121250016353595
89861120225019886206
89861123216035622631
89861121250016406021
89861119210003645522
89861120225019878955
89861121250016355723
89861119210002654319
89861123209022792541
89861121250016344453
89861119210002651299
89861123209022791246
89861123209022792129
89861120235019856505
89861121260017528202
89861120211012851645
89861119210003650456
89861123209022785628
89861120225019883153
89861120239011028865
89861121250016357158
89861119210002646398
89861121250016352464
89861121250016351318
89861123216035624298
89861123209022785222
89861120235019861661
89861119210003649771
89861120239011032529
89861118248003735969
89861118248003734350
89861119210003648583
89861120211012850514
89861120239011029202
89861123209022793523
89861122228003570289
89861123209022783110
89861120239011029582
89861119210003652494
89861119210003645662
89861119210003647270
89861121250016356929
89861123209022789851
89861120239011032586
89861120235019858659
89861121260017530190
89861121250016356010
89861123206043312713
89861120225019886099
89861118248003734871
89861122228003568176
89861121250016361226
89861119210003652502
89861121250016410221
89861121250016360079
89861120235019860549
89861120235019861570
89861120235019864749
89861120225019877932
89861123206043313141
89861123209022791014
89861121250016351409
89861120282012293518
89861123216035625378
89861121289016749089
89861121260017528426
89861123209022798944
89861123209022788796
89861121250016353199
89861123206043314750
89861120239011029723
89861119210002655027
89861119210003648666
89861123209022784852
89861120235019863907
89861119210002651125
89861123209022783607
89861122228003568986
89861120225019883260
89861119210002651729
89861119210002646273
89861123209022786527
89861123209022798407
89861123209022784258
89861120225019884938
89861121260017530877
89861123209022798571
89861120235019863477
89861121250016360459
89861120282012292783
89861119210003648682
89861123209022786634
89861123216035620866
89861123209022791717
89861120239011023403
89861120211012848286
89861123209022785289
89861122228003572145
89861119210003644509
89861123209022796641
89861123216035624140
89861119210003650522
89861120211012858038
89861123209022786014
89861119210002653477
89861123206043415631
89861119210002646240
89861121250016351961
89861123209022780728
89861123206043319049
89861123206043314354
89861121250016352456
89861121250016353736
89861118290006756576
89861121250016344313
89861120282012292635
89861120239011032008
89861122228003571444
89861122228003569331
89861118290006754415
89861121250016357620
89861119210002651448
89861121260017530620
89861123206043412380
89861123206043315971
89861120211012851397
89861120239011027669
89861120239011024153
89861123209022791907
89861123209022798514
89861123209022788812
89861123209022780678
89861120282012292478
89861123216035622706
89861121250016357570
89861123209022794075
89861121250016405718
89861123209022798621
89861121260017529762
866877072651528
89861120225019881462
89861123209022785057
89861121250016402921
89861123206043412935
89861119210003648773
89861123216035621880
89861123209022796856
89861120225019881785
89861123216035623696
89861121250016357935
89861119210002651687
89861118290006757533
89861120211012856677
89861121250016361614
89861123209022787202
89861121250016406385
89861123206043318991
89861119210003643345
89861118248003736009
89861123209022790347
89861123216035622375
89861123209022793002
89861123209022784878
89861120235019864079
89861121250016353900
89861120225019882890
89861123216035625287
89861120235019855564
89861121250016410809
89861120225019880183
89861121250016358396
89861123209022793499
89861119210002654541
89861123209022799397
89861121250016355335
89861120235019859541
89861121250016358503
89861119210003651801
89861123206043314545
89861120211012852650
89861121250016356168
89861121260017528129
89861123209022799033
89861122228003571196
89861120239011028832
866877072653748
89861121244034160215
89861122228003569398
89861121250016360566
89861123209022786691
89861118248003736322
89861121250016403481
89861120239011026182
 
89861120225019886875
89861120235019856927
89861119210002651984
89861123209022791725
89861120225019881348
89861118290006755271
89861122228003568887
89861121250016354957
89861119210003648674
89861123209022787178
89861123206043319338
89861120211012850050
89861120239011032305
89861123209022786659
89861123206043318314
89861123209022790180
89861119210003646652
89861123209022786246
89861123209022781288
89861120225019878302
89861120235019863337
89861121289016749584
89861120235019862974
89861120235019857479
89861120235019858097
89861123206043413388
89861120211012850373
89861119210002651711
89861120239011029004
89861121250016357083
89861123209022780538
89861120235019865027
89861122228003571477
89861123209022795072
89861120211012857154
89861123206043412067
89861118290006754589
89861119210002655191
89861123206043319288
89861119210003644640
89861120235019865076
89861120282012293153
89861123209022798365
89861120225019885398
89861120211012850688
89861119210003652908
89861120225019881124
89861118248003733550
89861121250016353041
89861123216035623951
89861120239011025101
89861118248003735258
89861123209022791493
89861120239011022785
89861123206043313570
89861120211012854896
89861120282012292718
89861123209022799413
89861121250016356598
89861123206043318892
89861123216035621633
89861120225019879201
89861119210003645621
89861121260017529952
89861123209022783094
89861120235019861190
89861122228003571402
89861119210002646463
89861123206043415979
89861119220009768178
89861123209022784738
89861123209022792780
89861120235019864251
89861123206043314586
89861120225019877866
89861121250016406013
89861123209022794398
89861121250016353470
89861123209022786733
89861119220009768384
89861120235019862016
89861120239011030960
89861119210002646265
89861121250016351987
89861120239011024237
89861121250016410866
89861120225019881736
89861119210003645795
89861120235019864640
89861123209022780637
89861123209022783938
89861118290006757137
89861122228003568382
89861118248003734384
89861121250016411047
89861119210003644103
89861120282012292973
89861123206043313612
89861123216035621294
89861121250016410486
89861120225019884433
89861123209022792301
89861123209022791915
89861122228003572319
89861122228003571774
89861120235019863188
89861123209022786519
89861123206043319270
89861121250016404604
89861121250016357661
89861120225019884516
89861121250016360293
89861121250016350989
89861121250016354866
89861121250016401832
89861120225019886149
89861119210002651281
89861123206043413180
89861122228003570800
89861120211012849573
89861119210003651876
89861121250016355541
89861120235019864400
89861122228003568234
89861120239011025705
89861123216035621526
89861122228003571212
89861120225019884524
89861120225019886883
89861120225019882213
89861123209022782716
89861123209022799835
89861118248003734426
89861120239011031638
89861120235019857925
89861121250016410635
89861123206043415953
89861121250016360228
89861119210003646462
89861118290006757194
89861123206043318439
89861120239011023320
89861118290006756196
89861121250016410742
89861120239011025465
89861120235019855960
89861121250016410155
89861123209022793598
89861121289016749162
89861123209022792723
89861123206043415078
89861120239011024518
89861123209022787301
89861120239011029129
89861121250016357687
89861120239011023049
89861119210003645597
89861123209022786949
89861123206043312663
89861119210003652254
89861120235019862040
89861120225019879268
89861119210003643337
89861119210003648534
89861122228003569356
89861122228003569885
89861122228003568531
89861120239011027776
89861119210003647791
89861123206043416597
89861123206043319080
89861118248003734616
89861121250016402608
89861119210002646075
89861121250016359816
89861119210003643139
89861120235019861836
89861119210003648385
89861123209022788283
89861123209022792434
89861123209022797714
89861123209022785321
89861123209022795569
89861120211012855687
89861123209022790230
89861122228003571204
89861123209022798324
89861120225019884151
89861121250016355756
89861120239011026042
89861121250016358719
89861121250016404802
89861119210002651646
89861120225019877627
89861123209022789000
89861119210002645499
89861120211012853120
89861120211012852619
89861122228003568614
89861120225019881306
89861123206043314321
89861119210003646371
89861123206043318066
89861120239011024732
89861121250016355186
89861123206043314941
89861123206043315104
89861123209022782823
89861120211012850985
89861123206043415615
89861123209022791642
89861120211012848997
89861119210002652438
89861122228003572095
89861123206043413529
89861120235019864913
89861121250016405494
89861123209022781437
89861123209022797896
89861123209022789703
89861120225019883161
89861120225019880290
89861121250016355566
89861118290006756162
89861123209022797706
89861120239011031059
89861121260017528632
89861120225019884003
89861120211012856511
89861120239011026109
89861121250016405197
89861118290006754662
89861120235019861828
89861121250016410320
89861118290006755974
89861119210003650332
89861123206043416829
89861118248003735837
89861119210003649524
89861121250016403424
89861120235019857537
89861119210003643865
89861121250016358248
89861120235019860135
89861123209022785271
89861120239011022611
89861122228003571840
89861123209022784167
89861120225019880258
89861123206043415565
89861123209022791774
89861120225019880795
89861122228003570925
89861123206043319338
89861120225019885299
89861123206043316201
89861119210003650050
89861120225019881397
89861119210002645861
89861123206043314487
89861123216035621484
89861123209022786279
89861123209022790735
89861119210003651009
89861123209022792889
89861123216035622664
89861120225019882288
89861123206043311962
89861120235019859632
89861119210003652312
89861123216035623068
89861120235019857263
89861123209022786337
89861120282012292908
89861123206043413552
89861119210003647312
89861120239011026943
89861119210003646538
89861121250016354536
89861118290006753748
89861120211012853625
89861123209022785503
89861123206043412919
89861123209022797201
89861122228003570255
89861120239011025911
89861120239011032511
89861123216035621930
89861120235019860481
89861123206043413347
89861120225019885661
89861119210002646943
89861121250016358008
89861123209022787467
89861122228003569364
89861123206043412190
89861120225019878203
89861120235019857248
89861120211012855018
89861120235019862123
89861123206043416795
89861123206043313505
89861123209022785909
89861120225019885646
89861123206043319023
89861123209022799199
89861119210003647403
89861120235019863998
45b3f9c8-9020-4104-b7c0-798cd258d7e1
89861123206043317985
89861123209022793234
89861119210003648708
89861121250016405700
89861120225019883989
89861122228003568549
89861119210003644822
89861120235019855531
89861119210002651166
89861123209022792962
89861121250016353017
89861123206043312838
89861119210002647024
89861120235019859830
89861123206043414394
89861121250016405817
89861123209022783763
89861121260017528871
89861120225019881686
89861120235019861307
89861123209022782849
89861123216035622615
89861119210003645068
89861120239011026307
89861123209022780496
89861120235019858030
89861120239011024542
89861120239011024146
89861123206043319338
89861123206043415763
89861121250016354973
89861123206043413297
89861120225019877379
89861119210003649748
89861120211012849797
89861123206043319148
89861120282012292965
89861120235019861000
89861121250016358784
89861119210002645713
89861118290006753821
89861118290006756881
89861120239011031240
89861119210003652197
89861123206043415292
89861123209022792285
89861123209022780314
89861121289016748701
89861120225019880274
89861123209022800120
89861123209022786733
89861123209022787525
89861120235019864210
89861120225019883864
89861120235019857719
89861120235019862354
89861120225019880407
89861120239011023742
89861120225019882775
89861123209022782021
89861120211012854375
89861120235019861273
89861120225019885497
89861119210003649060
89861118248003733501
89861119266000076152
89861120239011024369
89861121250016358735
89861119266000075535
89861121250016355210
89861120239011027339
89861123206043315344
89861120235019861562
89861118248003735779
89861123216035621773
89861120239011031521
89861120225019883229
89861118290006757400
89861120239011032164
89861123209022785529
89861119210002645788
89861121250016355707
89861123209022786345
89861123209022782732
89861123206043414766
89861120235019862479
89861120225019884425
89861122228003571964
89861123206043414246
89861123206043416126
89861120239011028402
89861121260017530505
89861122228003571329
89861123206043415250
89861123209022790149
89861119210003643568
89861120211012856230
89861120239011031000
89861120239011027487
89861120235019864269
89861123209022796120
89861120211012852643
89861123206043316151
89861123209022795759
89861123206043319213
89861121250016360301
89861121250016354585
89861120239011027453
89861120239011023627
89861119210003648369
89861123209022790974
89861121250016360061
89861118290006755578
89861120239011027305
89861120235019857180
89861120239011025739
89861123209022794182
89861120239011025903
89861121289016749212
89861121289016748875
89861120239011025986
89861123209022790610
89861118290006757848
89861121250016402277
89861120225019883948
89861122228003571360
89861118248003733931
89861120211012856503
89861120239011031034
89861120225019885141
89861118290006757624
89861119210003649219
89861120225019882718
89861119210003648823
89861120235019857776
89861123209022789042
89861121250016405023
89861120235019860317
89861123209022791105
89861123209022793259
89861123209022785875
89861121250016401667
89861123206043316490
89861119210003649300
89861120235019863428
89861120225019885182
89861123209022798019
89861121250016358651
89861121250016356762
89861123206043415524
89861123209022782112
89861119210002653527
89861120239011023072
89861123209022788150
89861123206043314883
89861119210003651280
89861119210003651785
89861118248003734764
89861123216035621880
89861123206043315369
89861118248003733717
89861119210002649533
89861123209022781650
89861121250016410734
89861118290006754266
89861123209022788291
89861122228003570412
89861120239011023577
89861121250016354908
89861120211012852817
89861120225019886511
89861123209022783201
89861121250016406575
89861123209022791469
89861120239011026752
89861123209022784274
89861123209022787350
89861120211012858053
89861121250016359063
89861121260017528269
89861123216035621153
89861120225019883575
89861123206043314636
89861123209022793812
89861120225019881629
89861123209022782005
89861123206043412653
89861121289016749477
89861121250016354494
89861121260017529150
89861119210002651117
89861120239011025937
89861123206043319338
89861123209022795858
89861123209022791683
89861123209022789349
89861123209022781015
89861119210003649516
89861120239011028196
89861119210002646745
89861123209022798720
89861118290006755339
89861120225019887196
89861123206043414261
89861123209022788739
89861121250016352241
89861120225019886958
89861123216035623456
89861121250016354825
89861123206043314693
89861120225019882536
89861123206043314735
89861123209022783417
89861120225019886735
89861123206043316292
89861121250016403531
89861123209022791220
89861120225019881587
89861122228003569349
89861123209022787772
89861119210002651463
89861120235019860069
89861122228003570735
89861119266000076095
89861120225019885083
89861120239011024831
89861119210002645580
89861120211012856974
89861123216035621310
89861123209022800104
89861122228003570792
\0\0{B1:{C:"0000000000
89861123209022781544
89861119210003643667
89861119210003652924
89861121289016748545
89861121289016749055
89861120235019857438
89861120235019860127
89861120239011029368
89861123209022789141
89861122228003571105
89861121250016352621
89861119210003649391
89861119210003650563
89861121250016360988
89861123209022794059
89861123209022780801
89861121260017529283
89861120239011023502
89861120225019877650
89861123209022785040
89861118248003735795
89861123206043316110
89861121250016404422
89861119266000075816
89861119210002652016
89861120239011027347
89861120225019882411
89861120235019855671
89861123209022787244
89861121250016402251
89861118290006756865
89861123209022788184
89861119210002651778
89861120235019862321
89861120235019856505
89861119210002653030
\0\0{B1:{C:"11053C3CB7
89861121250016359139
89861119210002654731
89861121250016410353
89861121250016357786
89861123209022796096
89861118248003736033
89861121250016403085
89861119210003651124
89861121289016749592
89861121260017530091
89861121250016361507
89861119210003647676
89861118248003734863
89861123206043316268
89861119210002653196
89861119266000075634
89861123206043412794
89861121250016403812
89861120225019885828
89861121250016357216
89861119210003650951
89861120239011024468
89861118290006754324
89861119210003651728
89861120239011025036
89861123206043414329
89861123209022796625
89861119210003652296
89861120225019886115
89861121250016359766
89861123209022798100
89861118248003735902
89861120239011028360
89861123209022786824
89861120225019882502
89861120239011028220
89861121250016353371
89861121250016353108
89861123216035621989
89861118248003734004
89861123209022785867
89861121260017528889
89861120225019879656
89861120225019887048
89861121250016351953
89861119210003644020
89861123206043416589
89861123209022797524
89861121260017528905
89861123209022794729
89861123209022781676
89861123209022794950
89861120239011029244
89861119210002651521
89861119210003647817
89861123206043416894
89861123206043415433
89861120235019858014
89861120211012853104
89861120225019882353
89861120211012852007
89861123209022784506
89861118248003734848
89861120282012292866
89861119210002651273
89861123216035625600
89861120211012856354
89861118290006754308
89861120239011031877
89861119210002646166
89861120211012854862
89861120239011024203
89861121250016406393
89861120225019885117
89861120239011025754
89861121250016355343
89861118290006757350
89861118290006754431
89861123209022790321
89861119210002652198
89861121250016405395
89861123206043318389
89861120235019862172
89861120239011030085
89861121250016404356
89861119210002651364
89861123206043414733
89861120239011022843
89861123209022798191
89861123209022798241
89861121260017529747
89861118290006754878
89861118290006757913
89861119210003650076
89861121250016360160
89861123216035621013
89861122228003568747
89861118248003734483
89861123209022789695
89861123209022787152
89861123209022798514
89861120211012852700
89861123209022799579
89861119210002652917
89861121250016356440
89861123206043414469
89861120211012857923
89861119210003649946
89861121289016749279
89861123209022791055
89861120225019882957
89861121250016360764
89861120282012293344
89861120235019863097
89861123209022787046
89861119210003643329
89861120225019883823
89861119210003651066
89861123206043312473
89861123206043318629
89861120235019860150
89861119210002649475
89861122228003569919
89861123209022783920
89861123209022789174
89861122228003571899
89861121250016358388
89861123206043319007
89861119210003647569
89861120225019880480
89861123216035623522
89861121260017528673
89861123209022791873
89861119210002651679
89861123206043315674
2452
89861121250016402442
89861123209022799116
89861123209022780959
89861123216035621732
89861123209022783888
89861123209022786816
89861123206043318843
89861120235019858253
89861121260017530570
89861120235019860697
89861121250016356952
89861123209022795684
89861123209022791170
89861120235019861794
89861120235019863329
89861119210003650670
89861120211012856768
89861120239011029798
89861119210003643089
89861119210003647502
89861123206043312135
89861120225019880852
89861120235019855499
89861120239011022801
89861120211012857188
89861123206043312150
89861123209022787459
89861123209022794083
89861120235019861208
89861123216035625147
89861123209022796831
89861120235019864533
89861120282012292254
89861123216035622854
89861123209022780421
89861119210003651470
89861118248003733766
89861119210002652578
89861119210003651199
89861119210002646646
89861121250016402038
89861118248003736207
89861123206043416258
89861120225019883062
89861118248003736132
89861123209022789752
89861121250016360913
89861118290006756972
89861120235019857214
89861121250016353892
89861123209022781429
89861123206043415888
89861123206043312325
89861123209022783706
89861118290006754746
89861121250016404646
89861121250016406617
89861120211012858061
89861120225019880159
89861123209022787236
89861121250016405932
89861118248003735761
89861121260017528467
89861120235019859731
89861123206043313745
89861119210003646819
89861121260017528848
89861120211012852502
89861119210002650903
89861121250016360491
89861119220009767949
89861121250016360830
89861118248003735845
89861120239011032081
89861120211012848385
89861123206043318710
89861119210002654947
89861121250016404224
89861123206043312887
89861123209022799728
89861120211012857089
89861120225019884763
89861121250016410486
89861119210003652148
89861123206043416324
89861118290006754100
89861120225019878724
89861123209022786899
89861121250016401774
89861121250016406104
89861119210003650704
89861123209022782435
89861122228003569604
89861121250016405619
89861120225019886255
89861118248003736140
89861119210002653592
89861123209022797045
89861120225019878039
89861123206043315237
89861123209022796575
89861119210002655217
89861120235019859814
89861120225019878583
89861120211012857063
89861120235019859145
89861120239011028394
89861123206043312713
89861123209022788556
89861123216035625493
89861118290006754720
89861119210003643477
89861123206043319338
89861120239011025952
89861123209022791626
89861122228003568937
89861123209022780827
89861121250016359741
89861123209022799850
89861120225019879821
89861123216035624777
89861121260017528582
89861120239011030176
89861123209022794836
89861120211012852627
89861123206043318678
89861119210002646430
89861123209022793887
89861120235019861331
89861121250016353694
89861123209022781585
89861120239011028527
89861119210003647510
89861120235019858626
89861123216035623274
89861118290006756220
89861119210003648906
89861120235019856620
89861120235019860846
89861123209022782583
89861118290006754928
89861120282012292494
89861121250016403804
89861120235019862149
89861120239011031224
89861122228003570719
89861121250016404513
89861123209022789489
89861121250016355749
89861123206043312762
89861123206043318298
89861123209022783045
89861119210003648260
89861120235019860085
89861119210002652040
89861123209022794968
89861123206043315161
89861123206043318041
89861121250016351078
89861119210002645689
89861119210003650381
89861119210003651959
89861121250016351573
89861120235019864343
89861120225019883963
89861121250016352043
89861119210002652743
89861119210003648864
89861121250016351201
89861120235019864236
89861122228003569182
89861122228003569372
89861121250016359899
89861120211012857758
89861121250016353769
89861120235019855598
89861121250016410361
89861119210003644434
89861120225019881272
89861118290006756493
89861120225019880563
89861123209022786543
89861120239011023551
89861118248003733535
89861121260017528830
89861123206043316649
89861121260017528285
89861121250016355947
89861120239011022983
89861121289016748891
89861121250016361044
89861120239011032339
89861120211012849953
89861123209022787673
89861120239011032552
89861119210003650605
89861121250016355384
89861119210002651836
89861119220009768269
89861120282012292726
89861123209022797821
89861122228003569927
89861118248003734871
89861123206043312382
89861119210003649599
89861123206043313778
89861120282012293252
89861123209022782674
89861123209022780371
89861121250016358834
89861123206043413875
89861120225019886396
89861120225019879011
89861119210003652676
89861118290006754399
89861119210003650985
89861121250016356416
89861121289016749170
89861123209022793358
89861123216035622250
89861123206043416233
89861121250016360319
89861123209022793432
89861123209022798886
89861123206043316763
89861119210002647115
89861120239011026430
89861123216035620833
89861120225019884987
89861120239011029780
89861121250016355392
89861120211012850928
89861123209022785297
89861121250016401675
89861120235019864681
89861120225019879664
89861123206043318371
89861121250016402236
89861118290006757459
89861119210002653790
89861120235019857198
89861121250016410544
89861120239011025697
89861120225019887006
89861123209022784225
89861121250016403523
89861123209022783789
89861123209022782856
89861120239011026505
89861120211012855760
89861123206043414543
89861123206043318686
89861120239011026794
89861123209022797698
89861118290006755149
89861121250016359964
89861120225019880902
89861123209022797367
89861119210002651950
89861123216035622904
89861121250016360749
89861123206043415482
89861123209022790792
89861120235019861554
89861119210002645663
89861121250016357414
89861122228003571048
89861119210002651745
89861120235019857446
89861123206043414493
89861122228003569661
89861119210003643758
89861119210002652073
89861121250016410304
89861123209022791659
89861121250016404281
89861123209022780488
89861119210002646323
89861121250016359162
89861120235019859475
89861123206043414030
89861120235019860507
89861120235019860218
89861121250016403101
89861120235019856000
89861120239011022975
89861119210003647114
89861120235019864970
89861120239011028626
89861119210002651539
89861123209022786196
89861123209022786253
89861123206043318512
89861121250016406179
89861123209022790164
89861123209022797946
89861121250016361234
89861119210002654079
89861120239011032040
89861120211012850027
89861121250016357950
89861123216035621872
89861120235019856034
89861122228003571873
89861119210003647619
89861123206043318777
89861119210002646018
89861121250016402400
89861120239011023379
89861123206043313992
89861122228003570701
89861123216035621138
89861121250016405940
89861121250016352225
89861123206043316052
89861123206043315153
89861121260017528798
89861121250016405429
89861121250016352878
866207075447296
\0\0{B1:{C:"0000000000
89861120211012852403
89861123209022798134
89861119210002647131
89861119210003648005
89861123209022797235
89861123206043318835
89861123209022782336
89861120235019862818
89861120225019882635
89861123206043312945
89861121250016356135
89861119210003648195
89861119210003649821
89861123209022796518
89861123209022798340
89861120235019857222
89861119210002646547
89861121250016356259
89861121250016402566
89861120239011031653
89861120235019864152
89861123209022793713
89861120235019859624
89861120225019878211
89861119210003651918
89861120225019879623
89861120225019882346
89861119210003651306
89861120235019864111
89861120235019862537
89861121250016358164
89861119220009767915
89861120225019885372
89861119210002651042
89861119210002653063
89861120225019883971
89861119210003645753
89861120225019886925
89861120235019863691
89861123209022786857
89861120239011026059
89861121250016352027
89861119220009767980
89861120211012849474
89861121289016748503
89861123206043312853
89861120235019858766
89861120239011031786
89861120211012857618
89861121250016355491
89861123206043315211
89861123209022792491
89861121289016749352
89861118290006757509
89861121250016402574
89861120211012848658
89861121250016352415
89861120235019857099
89861119210002654848
89861118290006756279
89861121250016401865
89861118290006756816
89861121250016361580
89861123209022792970
89861123209022798381
89861123206043413628
89861123209022797318
89861121250016356705
89861119210003651108
89861123206043313604
89861123209022792228
89861123209022785941
89861119210002649640
89861121250016357489
89861120235019863212
89861120239011029962
89861122228003570370
89861123206043318595
89861121250016410700
89861123209022793945
89861120239011024690
89861123209022794372
89861118290006754225
89861120239011023437
89861120211012857568
89861121260017529358
89861123209022797433
89861119210003643246
89861123216035625279
89861119210002646356
89861123209022798209
89861122228003572269
89861123206043415169
89861120239011031828
89861123206043414592
89861120225019879672
89861121250016354254
89861121250016355657
89861123209022784324
89861119210003651769
89861120211012855331
89861118248003733568
89861121289016748958
89861123206043412406
89861122228003568184
89861120235019864871
89861120235019864350
89861118248003734673
89861120211012849623
89861123209022785073
89861121250016403374
89861121250016411062
89861121250016357018
89861120235019861737
89861120239011032297
89861122228003570453
89861120235019857743
89861119210003643402
89861123209022788051
89861120235019860721
89861121250016357026
89861120239011026877
89861119210003649540
89861121250016404208
89861123209022790396
89861120235019864715
89861119210002652339
89861120225019886586
89861122228003570487
89861120211012851967
89861121289016748602
89861123216035620767
89861119210002652362
89861120211012849680
89861120239011029327
89861120239011027867
89861120239011032602
89861120211012852049
89861120211012849367
89861118290006757376
89861123206043412455
89861121250016403119
89861121260017530059
89861119210002652669
89861123206043316722
89861119210003647221
89861123206043315302
89861121250016359634
89861123209022787020
89861119220009768145
89861119210002654673
89861123209022799355
89861120225019886263
89861118290006757863
89861121250016356572
89861123206043413099
89861123206043316078
89861120225019879573
89861123209022797672
89861123206043412133
89861123209022782781
89861120239011031992
89861123209022798118
89861123216035625717
89861120225019883757
89861120239011031554
89861123209022794828
89861120235019863006
89861120239011028105
89861121250016353413
89861121250016360947
89861123209022791477
89861123206043318462
89861121250016354643
89861119210003649037
89861121250016405403
89861123206043318785
89861123206043313596
89861120239011025317
89861122228003570024
89861123206043315385
89861123209022789984
89861123209022799587
89861119210002653949
89861123209022795064
89861123206043413727
89861123209022794596
89861119210003652874
89861120239011028055
89861119210003648021
89861118248003734707
89861120235019857909
89861121289016749600
89861120211012848740
89861121289016748628
89861119210002651661
89861119210003646009
89861123206043412836
89861121250016351516
89861120239011028741
89861121244034160173
89861123206043413537
89861118290006757012
89861119220009768343
89861119210003651355
89861120235019860523
89861123209022792707
89861120239011024815
89861123206043414857
89861123209022785362
89861122228003568689
89861120225019877783
89861119210002651414
89861120211012857253
89861119210003648989
89861119210003644889
89861120225019877833
89861123209022783102
89861121250016404026
89861121250016358941
89861123209022796245
89861123209022783086
89861123209022786568
89861119210003652262
89861123209022785768
89861121250016352183
89861120239011024823
89861123209022799827
89861121250016403721
89861120235019863469
89861120235019856729
89861119210002645846
89861123209022780843
89861120225019880985
89861121250016358602
89861120211012858129
89861120282012293039
89861120239011023643
89861121260017528863
89861120211012854557
89861120235019865175
89861118290006757418
89861120235019856703
89861123206043414139
89861123206043316565
89861121250016411021
89861119210003647940
89861123209022795320
89861123209022797995
89861120239011025945
89861120211012853344
89861123216035625311
89861120225019880308
89861123209022790834
89861120239011030283
89861123206043313455
89861123216035621328
89861119210003646561
89861120239011029343
89861119210003648575
89861120225019877320
89861123206043312697
89861122228003572426
89861119210002653139
89861122228003571485
89861121250016359121
89861123206043319098
89861119210003651272
89861123209022794281
89861119210002654285
89861120225019883492
89861123209022795098
89861120225019883138
89861123209022798845
89861123209022792673
89861118290006754423
89861121250016358677
89861121250016406310
89861120211012849227
89861119210002652644
89861119210002652206
89861123206043416241
89861119210002654699
89861121250016359923
89861123209022784910
89861119210003647411
89861120225019886701
89861120239011027602
89861123209022791824
89861121244034160207
89861123209022798498
89861118248003736058
89861123209022794273
89861122228003569638
89861120239011031802
89861120239011025606
89861123206043416613
89861120235019862842
89861120282012292676
89861119210002654863
89861123209022787574
89861119210003643436
89861120225019887030
89861120235019863600
89861123209022793226
89861123209022798282
89861120239011031562
89861123209022799561
866207075008650
89861123206043316581
89861120239011028162
89861120225019886537
89861120211012851223
89861118290006756907
89861123206043319312
89861121244034160231
89861119210002654939
89861123206043314651
89861120225019877916
89861120225019886651
89861120239011023387
89861123209022798167
89861120235019860689
89861119210003650308
89861123206043314891
89861123209022798472
89861120239011024476
89861121250016401857
89861120225019881009
89861120239011026562
89861120235019865092
89861123209022782682
89861118290006754480
89861123209022783292
89861121250016355020
89861123206043319411
89861123209022793903
89861120225019885992
89861119210002653303
89861119210002653055
89861119210003648138
89861118290006753995
89861120211012849805
89861123209022798548
89861121260017527972
89861123216035623613
89861119210003650092
89861120211012855307
89861120235019855408
89861119210003649656
89861120225019886990
89861120235019860614
89861120235019856844
89861119210003649409
89861123206043318504
89861120239011027511
89861123209022783698
89861118248003734087
89861119210002651547
89861123209022789059
89861122228003571105
89861120225019883740
89861118290006755479
89861123206043315013
89861123209022791360
89861122228003569554
89861122228003568440
89861123206043314362
89861121250016353496
89861119210003651496
89861123216035623332
89861120239011032453
89861122228003570743
89861120235019858139
89861120235019856802
89861122228003572129
89861123206043316383
89861123209022789109
89861123209022796070
89861119210003650167
89861123206043416415
89861119266000075667
89861120235019860788
89861120225019880217
89861119210002655290
89861119210002645994
89861119210002646109
89861121250016411237
89861123209022797060
89861123206043318165
89861123206043319122
89861123209022782344
89861122228003570248
89861121260017530737
89861121250016409991
89861120225019885836
89861120225019884094
89861121250016361374
89861119210002651059
89861123209022795734
89861123206043312531
89861123206043412877
89861123209022797078
89861120225019880712
89861120211012852940
89861123209022791386
89861121250016356119
89861123209022787376
89861121260017529218
89861121250016403135
89861122228003569133
89861118248003736272
89861123206043416662
89861120235019856919
89861119210003646488
89861123209022795106
89861118290006757947
89861119210002646083
89861123209022793671
89861120225019884144
89861123209022782120
89861123209022793275
89861120211012850639
89861120211012852551
89861119220009767956
89861121250016352787
89861119210003643600
89861119210003647056
89861123209022786428
89861121250016360954
89861120239011028808
89861123216035621690
89861123209022784035
89861121260017528434
89861120282012293112
89861120239011025655
89861120235019857693
89861120225019880316
89861120235019862156
89861121250016411302
89861120225019881793
89861122228003571592
89861121250016351862
89861123206043412026
89861123209022793010
89861119210003647536
89861123209022795858
89861121250016361556
89861123209022798225
89861119266000075584
89861122228003572210
89861120239011023569
89861119210002654962
89861119210003649094
89861120225019885273
89861122228003569323
89861118248003733998
89861121250016406112
89861121250016404448
89861123209022792251
89861123209022788267
89861120225019884482
89861120235019860499
89861121250016403408
89861119210003652957
89861123209022787632
89861118248003736298
89861120239011032438
89861121250016358032
89861121250016358487
89861118248003735365
89861118290006757475
89861120235019860762
89861121250016353785
89861118290006755107
89861123206043315435
89861120225019884771
89861120235019856562
89861123216035621997
89861120225019877296
89861119266000076012
89861123209022797409
89861118290006757905
89861119210002655316
89861120211012855455
89861121250016403275
89861123209022788275
89861120239011023700
89861121250016358677
89861123209022792681
89861123209022793697
89861120235019865084
89861120239011025358
89861120235019857107
89861123209022787004
89861123206043313323
89861123209022797763
89861122228003568960
89861120239011022967
89861121260017528665
89861123209022793770
89861121250016404687
89861123206043314248
89861123206043415128
89861123209022781437
89861122228003570339
89861120235019860333
89861121250016360392
89861120211012849870
89861123206043312754
89861120239011024047
89861118290006756311
89861120225019881116
89861120239011027206
89861120211012855968
89861123206043314032
89861120211012851538
89861123209022780991
89861118290006757822
89861118290006756477
89861119210003649763
89861120225019883104
89861120235019863782
89861123209022790743
89861118248003733626
89861120239011032560
89861121260017528046
89861123209022789836
89861123216035623738
89861121250016404927
89861123216035622128
89861120239011029947
89861120225019878104
89861121260017530380
89861119210002651927
89861123209022787368
89861120235019860739
89861121250016404141
89861120225019883047
89861121260017527956
89861123209022782567
89861123206043415318
89861123216035625576
89861119210002646000
89861122228003570974
89861121250016355277
89861119210002654756
89861119210003651686
89861121250016359642
89861121244034160199
89861120225019886131
89861119210002653188
89861121250016353124
89861123216035621443
89861123206043414238
89861123209022792210
89861120225019885216
89861122228003571725
89861119210003643154
89861123206043319338
89861121260017528004
89861123206043315351
89861123206043318918
89861123209022780736
89861120235019864780
89861123206043416944
89861123209022787335
89861120235019857842
89861119266000076004
89861119210003644467
89861123209022790776
89861120225019878641
89861119210003650415
89861120225019880829
89861121250016360376
89861120225019880647
89861122228003572434
89861123209022791865
89861122228003568432
89861123206043412687
89861123209022783557
89861120235019859301
89861123209022791840
89861123206043414139
89861121250016356093
89861119210003643311
89861123209022793762
89861120225019882924
89861120235019856240
89861120225019883773
89861120239011026224
89861123209022783623
89861123209022780884
89861121250016405684
89861121250016352258
89861123216035625212
89861120282012293088
89861119210003644400
89861120239011023106
89861120282012293369
89861121260017528640
89861120235019862370
89861120239011030333
89861120225019887055
