03010707007323050010215
1
1
1111111
1111111111
123456753456
1234567899
125684258
2022-BN4-南宁市江南区欢乐之家12栋电梯01
2022-BN4-南宁市江南区欢乐之家1栋电梯01
2022-BN6-南宁市江南区云星钱隆御园9栋1单元B2F平层04-B2211车位
8600610565744642
860061065744642
860061065744642
860061065744642
860061065744659
860061065744691
860061065744691
860061065744691
860061065744691
860061065744691
860061065744691
860061065744691
860061065744691
860061065744691
860061065744691
860061065744691
860061065744691
860061065749856
860061065749856
860061065749856
860061065749963
860061065749963
860061065749971
860061065749971
860061065749971
860061065749971
860123055473036
860123055475940
860123055475973
860123055476146
860123055476880
860123055477987
860123055477987
860123055489495
860123055489511
860123055489552
860123055489586
860123055489594
860123055489602
860123055494776
860123055495500
860123055495500
860123055495526
860123055495542
860123055495807
860123055495922
860123055495955
860123055495963
860123055495971
860123055496078
860123055496243
860123055496250
860123055496318
860123055496391
860123055496409
860123055496458
860123055496581
860123055496680
860123055496847
860123055497050
860123055497076
860123055497076
860123055497209
860123055497340
860123055497340
860123055497357
860123055497365
860123055497373
860123055497407
860123055497415
860123055497522
860123055497530
860123055497563
860123055497662
860123055497712
860123055497738
860123055497753
860123055497761
860123055497886
860123055497894
860123055497928
860123055498066
860123055498132
860123055498157
860123055498223
860123055498223
860123055498264
860123055498405
860123055498447
860123055499064
860123055500168
860123055500291
860123055500929
860123055500978
860123055500978
860123055501034
860123055502057
860123055502214
860123055502248
860123055502248
860123055502255
860123055502263
860123055502271
860123055502289
860123055502297
860123055502305
860123055502313
860123055502321
860123055502404
860123055502420
860123055502438
860123055502693
860123055502701
860123055502735
860123055502800
860123055502834
860123055502842
860123055502867
860123055502917
860123055502925
860123055502966
860123055502982
860123055503006
860123055503022
860123055503048
860123055503089
860123055503097
860123055503105
860123055503113
860123055503147
860123055503204
860123055503295
860123055503352
860123055503360
860123055503394
860123055503402
860123055503428
860123055503436
860123055503444
860123055503451
860123055503519
860123055503519
860123055503527
860123055503576
860123055503592
860123055503600
860123055503626
860123055503634
860123055503675
860123055503725
860123055503733
860123055503766
860123055503790
860123055503808
860123055503816
860123055503824
860123055503857
860123055503865
860123055503907
860123055503915
860123055503931
860123055503949
860123055503964
860123055503980
860123055503998
860123055504004
860123055504046
860123055504061
860123055504079
860123055504087
860123055504095
860123055504103
860123055504111
860123055504137
860123055504145
860123055504186
860123055504202
860123055504251
860123055504368
860123055504384
860123055504400
860123055504509
860123055504533
860123055504558
860123055504558
860123055504558
860123055504582
860123055504640
860123055504657
860123055504756
860123055504806
860123055504806
860123055504863
860123055504970
860123055504988
860123055505019
860123055505050
860123055505076
860123055505290
860123055505308
860123055505316
860123055505548
860123055505696
860123055505852
860123055505860
860123055506058
860123055506256
860123055506272
860123055506454
860123055506637
860123055506694
860123055506744
860123055506892
860123055506967
860123055506991
860123055507007
860123055507064
860123055507155
860123055507239
860123055525090
860123055525355
860123055526395
860123055526908
860123055531791
860123055532799
860123055550437
860123055550585
860123055570849
860123055570922
860123055571102
860123055571144
860123055571177
860123055571177
860123055571276
860123055571342
860123055571383
860123055571425
860123055571482
860123055571524
860123055571870
860123055571995
860123055572340
860123055572365
860123055572365
860123055572787
860123055572845
860123055573264
860123055573421
860123055575103
860123055575103
860123055581135
860123055581218
860123055581747
860123055582059
860123055582299
860123055582695
860123055582711
860123055589823
860123055604515
860123055604655
860123055604911
860123055605132
860123055605157
860123055605165
860123055605181
860123055605199
860123055605199
860123055605207
860123055605215
860123055605280
860123055605306
860123055605314
860123055605322
860123055605330
860123055605611
860123055605652
860123055605660
860123055605678
860123055605686
860123055605702
860123055605710
860123055605728
860123055605736
860123055605843
860123055605876
860123055605900
860123055605900
860123055605975
860123055605991
860123055606023
860123055606023
860123055606023
860123055606031
860123055606064
860123055606148
860123055606221
860123055606239
860123055606270
860123055606288
860123055606502
860123055606601
860123055606684
860123055606692
860123055606700
860123055606718
860123055606726
860123055606734
860123055606742
860123055606759
860123055606767
860123055606775
860123055606791
860123055606809
860123055638224
860123055639859
860123055642275
860123055643190
860123055643196
860123055643497
860123055643505
860123055643539
860123055643562
860123055643570
860123055643638
860123055643646
860123055645021
860123055667934
860123055678741
860123055678857
860123055679392
860123055679426
860123055679442
860123055679624
860123055679657
860123055679731
860123055681240
860123055681364
860123055681661
860123055681695
860123055682941
860123055683196
860123055683196
860123055683246
860123055683493
860123055683501
860123055683741
860123055683758
860123055683964
860123055684178
860123055684202
860123055684228
860123055684269
860123055684319
860123055684392
860123055684541
860123055684566
860123055684582
860123055684608
860123055685233
860123055685308
860123055685324
860123055685431
860123055685449
860123055685985
860123055686033
860123055686116
860123055686652
860123055688203
860123055688237
860123055688286
860123055688815
860123055689607
860123055689763
860123055689763
860123055689904
860123055690258
860123055690365
860123055690613
860123055690837
860123055690910
860123055690936
860123055691314
860123055691348
860123055691397
860123055691710
860123055692353
860123055692403
860123055692460
860123055692460
860123055692825
860123055692866
860123055693989
860123055694011
860123055694060
860123055694060
860123055694094
860123055694102
860123055694144
860123055694235
860123055694284
860123055694326
860123055694664
860123055694730
860123055694763
860123055694797
860123055694797
860123055695174
860123055695182
860123055695661
860123055695703
860123055695752
860123055695760
860123055695760
860123055695901
860123055696149
860123055696628
860123055696685
860123055697220
860123055697360
860123055699846
860123055700388
860123055700420
860123055700420
860123055700420
860123055700461
860123055700479
860123055700487
860123055700495
860123055700529
860123055700537
860123055700552
860123055700560
860123055700610
860123055700636
860123055700651
860123055700685
860123055700693
860123055703432
860123055729056
860123055729395
860123055729460
860123055729478
860123055729510
860123055729650
860123055730096
860123055730112
860123055730120
860123055730138
860123055730138
860123055730146
860123055730153
860123055735756
860123055751274
860123055751290
860123055751308
860123055751340
860207077630587
860374052799810
860374056900853
860374056900861
860374056901190
860374056903469
860374056903634
860374056904376
860374056905712
860374056906397
860374056907148
860374056907569
860374056909078
860374056911769
860374056911892
860374056916420
860374056916651
860374056924341
860374056924663
860374056926676
860374056926692
860374056926734
860374056929712
860374056930108
860374056930223
860374056930678
860374056930751
860374056930769
860374056930850
860374056930876
860374056932500
860374056934324
860374056934332
860374056934498
860374056935149
860374056935164
860374056935180
860374056935198
860374056935263
860374056935396
860374056935586
860374056935743
860374056935826
860374056936642
860374056936758
860374056937301
860374056938176
860374056938184
860374056938184
860374056939166
860374056939349
860374056939760
860374056939943
860374056940057
860374056940750
860374056940875
860374056940875
860374056941402
860374056941527
860374056941592
860374056941659
860374056941691
860374056941709
860374056942327
860374056942533
860374056942566
860374056942657
860374056942673
860374056943010
860374056943416
860374056943895
860374056944208
860374056944406
860374056944497
860374056944570
860374056944687
860374056944752
860374056944927
860374056944943
860374056945668
860374056945809
860374056946278
860374056947193
860374056947656
860374056948357
860374056949306
860374056949504
860374056949769
860374056949785
860374056949868
860374056949959
860374056950270
860374056950346
860374056950510
860374056950544
860374056950585
860374056950759
860374056952367
860374056952433
860374056952672
860374056952748
860374056953035
860374056953126
860374056953274
860374056953365
860374056954496
860374056954835
860374056955378
860374056956277
860374056956970
860374056957499
860374056957895
860374056957952
860374056958331
860374056958620
860374056958661
860374056958703
860374056958935
860374056958950
860374056959156
860374056959339
860374056959370
860374056959537
860374056960287
860374056961079
860374056961111
860374056961178
860374056961277
860374056961301
860374056961509
860374056961541
860374056961608
860374056961780
860374056962218
860374056962234
860374056962283
860374056962432
860374056962994
860374056963125
860374056963471
860374056963612
860374056963711
860374056964180
860374056964438
860374056964578
860374056965153
860374056965674
860374056965914
860374056966177
860374056966219
860374056966615
860374056966623
860374056966730
860374056966888
860374056967035
860374056967316
860374056967555
860374056969015
860374056969049
860374056969189
860374056969338
860374056969379
860374056969551
860374056969593
860374056969734
860374056970070
860374056970534
860374056970708
860374056970765
860374056971821
860374056972043
860374056972670
860374056972761
860374056973082
860374056973090
860374056973215
860374056973843
860374056973868
860374056975707
860374056975780
860374056975905
860374056975921
860374056976028
860374056976291
860374056976507
860374056976861
860374056977224
860374056977364
860374056977448
860374056977588
860374056977778
860374056977786
860374056978180
860374056978792
860374056978842
860374056979303
860374056979410
860374056979865
860374056980020
860374056980319
860374056980582
860374056980863
860374056981044
860374056981366
860374056981440
860374056981895
860374056981945
860374056982265
860374056982786
860374056983255
860374056984477
860374056984535
860374056985516
860374056986597
860374056986936
860374056988742
860374056988809
860374056989773
860374056990466
860374056990805
860374056990854
860374056991175
860374056991233
860374056991431
860374056991688
860374056991712
860374056992694
860374056993452
860374056994526
860374056996620
860374056996885
860374056997024
860374056997388
860374056997412
860374056997602
860374056998220
860374056998246
860374056999988
860374057000174
860374057002162
860374057004051
860374057004234
860374057004564
860374057005520
860374057006015
860374057007583
860374057008144
860374057010355
860374057011270
860374057013029
860374057013128
860374057013201
860374057014407
860374057014423
860374057017038
860374057017152
860374057018283
860374057019638
860374057020214
860374057020214
860374057020610
860374057020677
860374057021055
860374057021162
860374057021337
860374057021410
860374057022236
860374057022327
860374057038034
860374057038919
860374057039156
860374057039412
860374057039453
860374057039743
860374057040550
860374057041293
860374057041400
860374057041780
860374057042069
860374057043695
860374057044313
860374057044396
860374057044529
860374057045211
860374057045807
860374057046177
860374057047084
860374057048934
860374057050328
860374057050732
860374057061481
860374057063610
860374057063743
860374057063776
860374057063784
860374057063792
860374057063891
860374057073411
860374057075135
860374057075770
860374057076869
860374057076893
860374057082024
860374057082065
860374057082081
860374057082107
860374057082156
860374057082180
860374057082917
860374057082990
860374057083121
860374057083279
860374057084491
860374057085068
860374057086728
860374057087544
860374057087825
860374057087890
860374057087916
860374057088393
860374057089151
860374057089482
860374057089573
860374057089623
860374057089870
860374057089961
860374057090027
860374057090118
860374057090225
860374057090233
860374057090324
860374057090357
860374057090647
860374057090688
860374057090951
860374057090977
860374057091074
860374057091447
860374057091769
860374057091918
860374057092163
860374057092270
860374057092569
860374057092908
860374057092999
860374057093542
860374057093641
860374057094029
860374057094300
860374057094482
860374057094623
860374057094706
860374057095232
860374057095265
860374057095539
860374057095646
860374057095745
860374057095885
860374057096222
860374057096461
860374057097162
860374057097428
860374057097618
860374057097873
860374057097907
860374057097964
860374057098111
860374057098459
860374057098558
860374057098608
860374057098707
860374057098749
860374057099051
860374057099085
860374057099093
860374057099127
860374057099259
860374057099283
860374057099325
860374057099747
860374057099762
860374057100552
860374059994283
860374059994291
860374059994309
860374059994325
860374059994341
860374059994358
860374059994366
860374059994374
860374059994382
860374059994408
860374059994416
860374059994416
860374059994424
860374059994440
860374059994457
860374059994465
860374059994473
860374059994481
860374059994499
860374059994507
860374059994515
860374059994523
860374059994549
860374059994556
860374059994572
860374059994580
860374059994606
860374059994614
860374059994622
860374059994630
860374059994648
860374059994655
860374059994663
860374059994671
860374059994689
860374059994739
860374059994747
860374059994754
860374059994788
860374059994838
860374059995009
860374059995017
860374059995025
860374059995033
860374059995041
860374059995058
860374059995072
860374059995074
860374059995082
860374059995090
860374059995108
860374059995116
860374059995124
860374059995132
860374059995173
860374059995215
860374059995223
860374059995231
860374059995272
860374059995298
860374059995314
860374059995439
860374059995488
860374059995496
860374059995504
860374059995512
860374059995520
860374059995538
860374059995546
860374059995553
860374059995561
860374059995579
860374059995587
860374059995595
860374059995603
860374059995611
860374059995629
860374059995637
860374059995645
860374059995652
860374059995660
860374059995678
860374059995686
860374059995694
860374059995702
860374059995710
860374059995728
860374059995744
860374059995751
860374059995769
860374059995777
860374059995785
860374059995801
860374059995827
860374059995843
860374059995850
860374059995868
860374059995876
860374059995884
860374059995892
860374059995900
860374059995918
860374059995934
860374059995942
860374059995967
860374059995975
860374059995983
860374059995991
860374059996007
860374059996015
860374059996023
860374059996031
860374059996056
860374059996064
860374059996072
860374059996098
860374059996106
860374059996114
860374059996122
860374059996130
860374059996148
860374059996155
860374059996163
860374059996171
860374059996189
860374059996197
860374059996205
860374059996221
860374059996254
860374059996262
860374059996288
860374059996312
860374059996353
860374059996379
860374059996411
860374059996437
860437077630587
860497072625845
860497072625845
860497072628823
860497072628823
860497072630944
860497072630944
860497072646387
860497072653607
860497072653607
860497072653649
860497072653649
860497072653821
860497072653821
860497074495488
860497075001911
860497075363873
860497075442834
860497075442834
860497075442834
860497075493118
860497077367636
860497077383427
860497077383427
860497077383427
860497077383427
860497077383658
860497077383658
860497077383658
860497077388970
860497077388970
860497077388970
860497077391222
860497077391222
860497077391222
860497077391598
860497077391925
860497077391941
860497077391958
860497077391966
860497077391974
860497077391982
860497077391990
860497077392006
860497077392014
860497077392022
860497077392048
860497077392360
860497077392386
860497077392402
860497077392501
860497077392543
860497077392568
860497077392576
860497077392592
860497077392634
860497077392642
860497077392659
860497077392691
860497077395322
860497077395322
860497077395322
860497077395330
860497077395330
860497077395355
860497077395355
860497077395405
860497077395405
860497077395405
860497077395413
860497077395413
860497077395439
860497077395439
860497077395439
860497077395447
860497077395447
860497077395447
860497077395488
860497077395488
860497077395488
860497077395520
860497077395520
860497077395520
860497077395553
860497077395553
860497077395553
860497077395561
860497077395561
860497077395603
860497077395603
860497077395603
860497077395611
860497077395611
860497077395934
860497077395934
860497077395934
860497077395942
860497077395942
860497077395942
860497077395967
860497077395967
860497077395967
860497077396056
860497077396056
860497077396056
860497077396684
860497077396684
860497077396684
860497077396924
860497077396924
860497077396924
860497077397112
860497077397112
860497077397526
860497077397526
860497077397526
860497077397609
860497077397609
860497077397880
860497077397880
860497077397880
860497077397955
860497077397955
860497077397955
860497077397997
860497077397997
860497077397997
860497077398714
860497077398714
860497077398714
860497077402136
860497077402136
860497077402136
860497077403027
860497077403027
860497077403027
860497077404058
860497077404058
860497077404058
860497077404058
860497077404058
860497077404058
860497077404058
860497077404058
860497077404058
860497077404058
860497077404058
860497077404058
860497077404058
860497077404058
860497077404058
860497077404058
860497077404058
860497077404058
860497077404058
860497077404058
860497077404058
860497077404058
860497077404058
860497077404058
860497077404058
860497077404058
860497077404058
860497077404058
860497077404058
860497077404058
860497077404058
860497077404058
860497077404058
860497077404058
860497077404090
860497077404090
860497077404090
860497077404108
860497077404108
860497077404108
860497077404116
860497077404116
860497077404116
860497077404140
860497077404140
860497077404140
860497077404173
860497077404173
860497077404173
860497077404181
860497077404181
860497077404181
860497077404199
860497077404199
860497077404199
860497077404207
860497077404207
860497077404207
860497077404215
860497077404215
860497077404215
860497077404223
860497077404223
860497077404231
860497077404231
860497077404231
860497077404256
860497077404256
860497077404256
860497077404264
860497077404264
860497077404264
860497077404272
860497077404272
860497077404272
860497077404280
860497077404280
860497077404280
860497077404298
860497077404306
860497077404314
860497077404314
860497077404314
860497077404322
860497077404322
860497077404322
860497077404330
860497077404330
860497077404348
860497077404348
860497077404348
860497077404355
860497077404355
860497077404363
860497077404363
860497077404363
860497077404371
860497077404371
860497077404371
860497077404371
860497077404389
860497077404389
860497077404389
860497077404538
860497077404546
860497077404553
860497077404561
860497077404579
860497077404595
860497077404629
860497077404637
860497077404645
860497077404652
860497077404678
860497077404686
860497077404702
860497077404710
860497077404728
860497077404736
860497077404744
860497077404751
860497077404769
860497077404777
860497077404785
860497077404793
860497077404801
860497077404835
860497077406954
860497077406954
860497077406954
860497077406962
860497077406962
860497077406962
860497077406962
860497077406970
860497077406970
860497077406970
860497077407028
860497077407028
860497077407028
860497077407069
860497077407069
860497077407069
860497077407341
860497077407341
860497077407341
860497077408349
860497077408349
860497077408521
860497077408521
860497077408521
860497077408869
860497077408869
860497077408869
860497077408877
860497077408877
860497077408943
860497077408943
860497077408943
860497077458815
860497077458815
860497077458815
860497077458823
860497077458823
860497077458823
860497077458831
860497077458831
860497077458849
860497077458849
860497077458849
860497077458872
860497077458872
860497077458880
860497077458880
860497077458880
860497077458898
860497077458898
860497077458898
860497077458906
860497077458906
860497077458906
860497077458914
860497077458914
860497077458914
860497077458922
860497077458922
860497077458922
860497077458963
860497077458963
860497077458971
860497077458971
860497077458971
860497077458989
860497077458989
860497077458997
860497077458997
860497077459003
860497077459003
860497077459003
860497077459011
860497077459011
860497077459011
860497077459011
860497077459029
860497077459029
860497077459029
860497077459052
860497077459052
860497077459052
860497077459086
860497077459086
860497077459086
860497077459102
860497077459102
860497077459102
860497077470042
860497077470042
860497077470042
860497077477005
860497077477005
860497077483466
860497077483466
860497077483466
860497077485826
860497077485826
860497077486386
860497077487020
860497077487210
860497077493093
860497077494411
860497077494604
860497077494604
860497077494604
860497077494604
860497077494901
860497077494901
860497077494901
860497077495908
860497077495924
860497077495932
860497077495932
860497077501325
860497077501325
860497077507363
860497077509427
860497077509435
860497077509450
860497077509468
860497077509476
860497077509484
860497077509492
860497077509500
860497077509518
860497077509526
860497077509534
860497077509542
860497077509559
860497077509559
860497077509567
860497077509575
860497077509583
860497077509591
860497077509617
860497077509625
860497077520416
860497077520903
860497077522214
860497077522875
860497077522883
860497077522966
860497077523006
860497077523071
860497077523089
860497077523089
860497077523147
860497077523154
860497077523899
860497077525399
860497077525407
860497077525415
860497077525449
860497077525456
860497077525464
860497077525472
860497077527567
860497077527567
860497077529771
860497077530225
860497077537626
860497077537626
860497077537790
860497077537790
860497077537790
860497077537857
860497077539119
860497077553276
860497077553276
860497077553276
860497077593884
860497077593884
860497077593884
860497077593884
860497077593892
860497077593918
860497077593926
860497077593926
860497077593934
860497077593959
860497077593959
860497077593967
860497077593975
860497077593983
860497077593983
860497077593991
860497077594007
860497077594015
860497077594031
860497077594049
860497077594056
860497077594072
860497077594080
860497077594080
860497077594098
860497077594106
860497077594106
860497077594361
860497077594379
860497077594387
860497077594403
860497077594411
860497077594429
860497077594437
860497077594445
860497077594460
860497077594478
860497077594486
860497077594488
860497077594494
860497077594494
860497077598347
860497077600416
860497077600416
860497077603766
860497077603766
860497077603766
860497077620760
860497077620786
860497077620794
860497077620802
860497077620836
860497077620844
860497077620851
860497077620869
860497077620877
860497077620893
860497077620901
860497077620943
860497077620984
860497077621008
860497077621016
860497077621024
860497077621024
860497077621032
860497077621065
860497077621099
860497077621107
860497077621139
860497077621149
860497077621156
860497077621164
860497077621164
860497077621172
860497077621198
860497077621206
860497077621263
860497077621271
860497077621289
860497077621297
860497077621313
860497077621321
860497077621339
860497077621347
860497077621354
860497077621354
860497077621388
860497077621396
860497077621404
860497077621420
860497077621438
860497077621446
860497077621446
860497077621453
860497077621479
860497077621479
860497077621479
860497077621487
860497077621495
860497077621495
860497077621503
860497077621511
860497077621529
860497077621537
860497077621552
860497077621578
860497077621586
860497077621602
860497077621610
860497077621628
860497077621629
860497077621630
860497077621630
860497077621636
860497077621644
860497077621669
860497077621677
860497077621685
860497077621693
860497077621701
860497077621703
860497077621719
860497077621727
860497077621735
860497077621743
860497077621743
860497077621750
860497077621768
860497077621776
860497077621784
860497077621784
860497077621800
860497077621818
860497077621834
860497077621834
860497077621842
860497077621859
860497077621875
860497077621875
860497077621881
860497077621891
860497077621909
860497077621917
860497077621925
860497077621933
860497077621941
860497077621958
860497077621966
860497077621974
860497077621981
860497077621982
860497077621990
860497077621991
860497077621991
860497077621994
860497077622014
860497077622022
860497077622030
860497077622048
860497077622055
860497077622063
860497077622071
860497077622089
860497077622097
860497077622105
860497077622105
860497077622113
860497077622121
860497077622139
860497077622154
860497077622170
860497077622188
860497077622196
860497077622410
860497077622436
860497077622444
860497077622451
860497077622462
860497077622462
860497077622469
860497077622477
860497077622485
860497077622493
860497077622519
860497077622527
860497077622535
860497077622535
860497077622543
860497077622550
860497077622568
860497077622584
860497077622592
860497077622600
860497077622626
860497077622626
860497077622634
860497077622642
860497077622642
860497077622642
860497077622667
860497077622667
860497077622667
860497077622667
860497077622668
860497077622675
860497077622675
860497077622925
860497077625488
860497077625496
860497077625496
860497077625496
860497077625579
860497077625587
860497077625587
860497077625595
860497077625629
860497077625629
860497077625637
860497077625645
860497077625652
860497077625660
860497077625660
860497077625673
860497077625678
860497077625686
860497077625694
860497077625702
860497077625710
860497077625728
860497077625728
860497077625736
860497077625736
860497077625751
860497077625769
860497077625769
860497077625777
860497077625785
860497077625793
860497077625801
860497077625819
860497077625827
860497077625835
860497077625843
860497077625850
860497077625850
860497077625876
860497077625900
860497077625918
860497077625926
860497077625934
860497077625942
860497077625942
860497077625942
860497077625967
860497077625967
860497077625975
860497077625983
860497077626007
860497077626008
860497077626015
860497077626023
860497077626031
860497077627377
860497077627385
860497077627385
860497077627401
860497077627419
860497077627427
860497077627435
860497077627443
860497077627450
860497077627468
860497077627476
860497077627476
860497077627500
860497077627518
860497077627534
860497077627534
860497077627542
860497077627567
860497077627575
860497077627575
860497077627583
860497077627609
860497077627617
860497077627617
860497077627633
860497077627641
860497077627658
860497077627666
860497077627666
860497077627674
860497077627690
860497077627708
860497077627724
860497077627724
860497077627724
860497077627732
860497077627740
860497077627757
860497077627765
860497077627815
860497077627823
860497077627831
860497077627856
860497077627864
860497077627872
860497077627880
860497077630553
860497077630553
860497077630587
860497077630587
860497077630587
860497077630595
860497077630611
860497077630629
860497077630629
860497077630629
860497077630637
860497077630686
860497077630710
860497077630710
860497077630710
860497077630710
860497077630711
860497077630843
860497077630843
860497077630850
860497077630868
860497077630876
860497077630876
860497077630884
860497077630892
860497077630900
860497077630918
860497077630926
860497077630926
860497077630934
860497077630942
860497077630959
860497077630975
860497077631007
860497077631007
860497077631007
860497077631007
860497077631007
860497077631023
860497077631031
860497077631049
860497077631056
860497077631072
860497077631080
860497077631098
860497077631106
860497077631122
860497077631130
860497077631148
860497077631163
860497077631189
860497077631197
860497077631213
860497077631221
860497077631239
860497077631247
860497077631247
860497077631254
860497077631270
860497077631270
860497077631288
860497077631296
860497077631304
860497077631312
860497077631320
860497077631338
860497077631338
860497077631346
860497077631353
860497077631361
860497077631379
860497077631387
860497077631395
860497077631395
860497077631403
860497077631411
860497077631429
860497077631429
860497077631437
860497077631445
860497077631452
860497077631460
860497077631478
860497077631486
860497077631494
860497077631502
860497077631510
860497077631528
860497077631544
860497077631551
860497077631569
860497077631577
860497077631593
860497077631593
860497077631601
860497077631619
860497077631619
860497077631627
860497077631635
860497077631643
860497077631650
860497077631668
860497077631676
860497077631684
860497077631692
860497077631700
860497077631718
860497077631726
860497077631734
860497077631742
860497077631775
860497077631775
860497077631783
860497077631791
860497077631809
860497077631809
860497077631817
860497077631833
860497077631841
860497077631841
860497077631866
860497077631882
860497077631908
860497077631916
860497077631924
860497077631932
860497077631940
860497077631965
860497077631973
860497077631981
860497077631999
860497077632005
860497077632013
860497077632021
860497077632039
860497077632047
860497077632047
860497077632047
860497077632047
860497077632054
860497077632054
860497077632054
860497077632062
860497077632088
860497077632096
860497077632104
860497077632120
860497077632153
860497077632161
860497077632203
860497077632211
860497077632229
860497077632237
860497077632237
860497077632252
860497077632278
860497077632286
860497077632302
860497077632310
860497077632336
860497077632369
860497077632385
860497077632385
860497077632393
860497077632419
860497077632435
860497077632443
860497077632450
860497077632468
860497077632492
860497077632500
860497077632518
860497077632526
860497077632534
860497077632534
860497077632559
860497077632575
860497077632583
860497077632591
860497077632609
860497077632617
860497077632625
860497077632625
860497077632626
860497077632633
860497077632658
860497077632666
860497077632666
860497077632674
860497077632682
860497077632708
860497077632716
860497077632724
860497077632732
860497077632740
860497077632757
860497077645967
860497077650207
860497077653482
860497077656881
860527053464480
860575057963811
860575057965691
860662072489778
860662072586318
861410049502247
861410049502254
861410049502262
861410049502270
861410049502288
861410049502296
861410049502312
861410049502320
861410049502338
861410049502346
861410049502361
861410049502387
861410049502411
861410049502429
861410049502437
861410049502460
861410049502486
861410049502494
861410049502528
861410049502536
861410049502544
861410049502551
861410049502569
861410049502684
861410049502742
861410049502759
861410049502767
861410049502775
861410049502783
861410049502809
861410049502817
861410049502825
861410049502833
861410049502841
861410049502841
861410049502866
861410049502874
861410049502916
861410049502924
861410049502932
861410049502940
861410049502957
861410049503492
861410049503708
861410049503724
861410049503732
861410049503757
861410049503765
861410049503773
861410049503781
861410049503799
861410049505877
861410049505919
861410049505935
861410049505950
861410049505976
861410049506008
861410049506016
861410049506024
861410049506040
861410049506057
861410049506065
861410049506073
861410049506115
861410049506156
861410049506164
861410049506180
861410049506206
861410049506248
861410049506255
861410049506263
861410049506313
861410049506321
861410049506339
861410049506370
861410049506396
861410049506420
861410049506438
861410049506461
861410049506545
861410049506560
861410049506578
861410049506594
861410049506610
861410049506636
861410049506644
861410049506651
861410049506669
861410049506685
861410049506701
861410049506719
861410049506727
861410049506735
861410049506750
861410049506784
861410049506792
861410049506800
861410049506818
861410049506826
861410049506834
861410049506842
861410049506859
861410049506867
861410049506875
861410049506883
861410049506891
861410049506917
861410049506933
861410049506933
861410049506933
861410049506966
861410049506974
861410049507006
861410049507014
861410049507055
861410049507063
861410049507089
861410049507097
861410049507113
861410049507121
861410049507139
861410049507154
861410049507162
861410049507170
861410049507188
861410049507196
861410049507212
861410049507220
861410049507238
861410049507246
861410049507253
861410049507261
861410049507279
861410049507287
861410049507303
861410049507311
861410049507329
861410049507337
861410049507345
861410049507360
861410049507378
861410049507386
861410049507410
861410049507436
861410049507444
861410049507477
861410049507485
861410049507501
861410049507519
861410049507527
861410049507543
861410049507550
861410049507584
861410049507592
861410049507600
861410049507626
861410049507626
861410049507634
861410049507642
861410049507659
861410049507667
861410049507675
861410049507683
861410049507691
861410049507733
861410049507741
861410049507766
861410049507790
861410049507824
861410049507832
861410049507840
861410049507857
861410049507857
861410049507857
861410049507857
861410049507873
861410049507881
861410049507899
861410049507907
861410049507915
861410049507923
861410049507931
861410049507931
861410049507949
861410049507964
861410049507972
861410049507980
861410049507998
861410049508020
861410049508038
861410049508061
861410049508087
861410049508095
861410049508129
861410049508137
861410049508145
861410049508152
861410049508160
861410049508178
861410049508186
861410049508194
861410049508202
861410049508228
861410049508236
861410049515421
861410049515504
861410049515579
861410049515587
861410049515595
861410049515603
861410049515611
861410049516908
861410049516981
861410049517823
861410049517831
861410049518938
861410049518946
861410049518961
861410049518987
861410049519019
861410049519027
861410049519175
861410049519191
861410049519233
861410049519449
861410049519548
861410049519555
861410049519563
861410049519597
861410049519605
861410049519621
861410049519647
861410049519654
861410049519662
861410049519670
861410049519696
861410049519704
861410049519712
861410049519712
861410049519712
861410049519720
861410049519746
861410049519753
861410049519761
861410049519787
861410049519795
861410049519803
861410049519811
861410049519829
861410049519837
861410049519845
861410049519852
861410049519860
861410049519878
861410049519894
861410049519902
861410049519910
861410049519928
861410049519928
861410049519936
861410049519951
861410049519969
861410049519977
861410049519985
861410049520025
861410049520033
861410049520041
861410049520074
861410049520090
861410049520108
861410049520116
861410049520124
861410049520132
861410049520140
861410049520157
861410049520173
861410049520181
861410049520199
861410049520207
861410049520215
861410049520223
861410049520231
861410049520249
861410049520256
861410049520280
861410049520314
861410049520330
861410049520348
861410049520355
861410049520603
861410049520611
861410049520637
861410049520678
861410049520702
861410049520710
861410049520975
861410049520983
861410049521007
861410049521023
861410049521049
861410049521064
861410049521809
861410049521833
861410049521841
861410049521858
861410049521866
861410049521916
861410049522161
861410049522179
861410049522203
861410049522278
861410049522294
861410049522302
861410049522310
861410049522625
861410049522666
861410049522872
861410049522906
861410049522914
861410049522930
861410049522948
861410049522963
861410049522989
861410049522997
861410049523037
861410049523060
861410049523219
861410049523300
861410049523490
861410049523508
861410049523532
861410049523540
861410049523557
861410049523581
861410049523607
861410049523656
861410049523748
861410049524019
861410049524035
861410049524290
861410049524423
861410049524530
861410049524613
861410049525438
861410049531311
861410049531360
861410049531378
861410049533010
861410049534927
861410049535072
861410049535106
861410049537276
861410049540817
861410049541369
861410049543522
861410049543571
861410049543589
861410049543720
861410049543738
861410049544009
861410049544124
861410049544132
861410049544140
861410049544157
861410049544181
861410049544199
861410049544215
861410049544231
861410049544256
861410049544264
861410049544272
861410049544298
861410049544306
861410049544314
861410049544330
861410049544348
861410049544355
861410049556660
861410049556730
861410049556755
861410049556755
861410049556763
861410049556771
861410049556789
861410049556797
861410049556805
861410049556813
861410049556821
861410049556839
861410049556847
861410049556854
861410049556870
861410049556888
861410049556904
861410049556920
861410049556961
861410049556979
861410049556987
861410049557001
861410049557027
861410049557035
861410049557043
861410049557050
861410049557076
861410049557084
861410049557126
861410049557142
861410049557159
861410049557191
861410049557209
861410049557225
861410049557233
861410049557241
861410049557274
861410049557282
861410049557290
861410049557308
861410049557316
861410049557332
861410049557340
861410049557365
861410049557407
861410049557456
861410049557464
861410049557472
861410049557480
861410049557514
861410049557522
861410049557555
861410049557563
861410049557589
861410049557597
861410049557605
861410049557613
861410049557647
861410049557654
861410049557662
861410049557712
861410049557720
861410049557738
861410049557753
861410049557787
861410049557811
861410049557829
861410049557845
861410049557860
861410049557878
861410049557886
861410049557894
861410049557902
861410049557910
861410049557936
861410049557944
861410049557951
861410049557969
861410049557977
861410049557985
861410049557993
861410049558017
861410049558025
861410049558033
861410049558041
861410049558058
861410049558066
861410049558082
861410049558090
861410049558108
861410049558124
861410049558140
861410049558165
861410049558173
861410049558181
861410049558199
861410049558223
861410049558231
861410049558249
861410049558256
861410049558264
861410049558272
861410049558280
861410049558298
861410049558306
861410049558314
861410049558322
861410049558330
861410049558348
861410049558355
861410049558363
861410049558371
861410049558389
861410049558405
861410049558413
861410049558421
861410049558454
861410049558462
861410049558470
861410049558470
861410049558488
861410049558496
861410049558504
861410049558512
861410049558579
861410049558587
861410049558652
861410049558660
861410049558686
861410049558694
861410049558702
861410049558710
861410049558736
861410049558744
861410049558751
861410049558777
861410049558777
861410049558785
861410049558793
861410049558819
861410049558827
861410049558835
861410049558843
861410049558850
861410049558884
861410049558918
861410049558926
861410049558934
861410049558942
861410049558959
861410049558983
861410049558991
861410049559007
861410049559015
861410049559049
861410049559064
861410049559072
861410049559072
861410049559080
861410049559098
861410049559106
861410049559114
861410049559143
861410049559148
861410049559148
861410049559148
861410049559155
861410049559171
861410049559205
861410049559221
861410049559221
861410049559221
861410049559239
861410049559247
861410049559254
861410049559262
861410049559270
861410049559288
861410049559304
861410049559320
861410049559338
861410049559346
861410049559353
861410049559361
861410049559395
861410049559403
861410049559429
861410049559437
861410049559445
861410049559452
861410049559452
861410049559460
861410049559478
861410049559486
861410049559494
861410049559510
861410049559536
861410049559551
861410049559569
861410049559593
861410049559635
861410049559650
861410049559684
861410049559718
861410049559734
861410049559809
861410049559817
861410049559833
861410049559841
861410049559858
861410049559874
861410049559882
861410049559890
861410049559908
861410049559924
861410049559940
861410049559973
861410049560021
861410049560054
861410049560062
861410049560070
861410049560104
861410049560120
861410049560120
861410049560138
861410049560153
861410049560161
861410049560179
861410049560187
861410049560195
861410049560203
861410049560211
861410049560237
861410049560245
861410049560260
861410049560278
861410049560286
861410049560294
861410049560302
861410049560310
861410049560328
861410049560336
861410049560344
861410049560377
861410049560385
861410049560393
861410049560401
861410049560419
861410049560435
861410049560443
861410049560450
861410049560476
861410049560484
861410049560508
861410049560518
861410049560526
861410049560534
861410049560542
861410049560559
861410049560575
861410049560591
861410049560609
861410049560617
861410049560625
861410049560633
861410049560641
861410049560666
861410049560716
861410049560773
861410049561045
861410049561078
861410049561086
861410049561094
861410049561110
861410049561136
861410049561151
861410049561169
861410049561177
861410049561185
861410049561193
861410049561201
861410049561219
861410049561227
861410049561235
861410049561243
861410049561250
861410049561268
861410049561276
861410049561284
861410049561300
861410049561318
861410049561326
861410049561334
861410049561342
861410049561367
861410049561375
861410049561391
861410049561433
861410049561458
861410049561466
861410049561474
861410049561524
861410049561532
861410049561557
861410049561565
861410049561573
861410049561615
861410049561623
861410049561649
861410049561656
861410049561672
861410049561698
861410049561706
861410049561722
861410049561755
861410049561763
861410049561771
861410049561789
861410049561797
861410049561805
861410049561813
861410049561813
861410049561813
861410049561813
861410049561847
861410049561862
861410049561904
861410049561912
861410049561946
861410049561953
861410049561961
861410049561979
861410049561987
861410049562001
861410049562019
861410049562043
861410049562050
861410049562068
861410049562084
861410049562092
861410049562100
861410049562118
861410049562118
861410049562134
861410049562159
861410049562167
861410049562183
861410049562217
861410049562225
861410049562241
861410049562266
861410049562274
861410049562282
861410049562308
861410049562316
861410049562324
861410049562340
861410049562357
861410049562365
861410049562373
861410049562381
861410049562407
861410049562415
861410049562431
861410049562449
861410049562449
861410049562456
861410049562464
861410049562480
861410049562498
861410049562506
861410049562514
861410049562530
861410049562555
861410049562563
861410049562571
861410049562589
861410049562597
861410049562605
861410049562613
861410049562621
861410049562639
861410049562654
861410049562662
861410049562704
861440049557530
861617050783238
861647050501205
861647050501531
861647050501549
861647050501556
861647050501564
861647050501572
861647050501580
861647050501598
861647050501606
861647050501614
861647050501614
861647050501622
861647050501630
861647050501648
861647050501655
861647050501655
861647050501663
861647050501671
861647050501689
861647050501697
861647050501705
861647050501713
861647050501713
861647050501713
861647050501721
861647050501739
861647050501747
861647050501754
861647050501762
861647050502997
861647050502998
861647050511111
861647050559117
861647050600499
861647050637392
861647050637418
861647050637434
861647050637491
861647050637517
861647050637533
861647050637558
861647050637590
861647050637616
861647050637632
861647050637657
861647050637673
861647050637699
861647050637731
861647050637772
861647050637798
861647050637814
861647050637863
861647050637871
861647050637889
861647050637905
861647050637913
861647050637921
861647050637939
861647050637947
861647050637962
861647050637988
861647050637996
861647050638010
861647050638028
861647050638036
861647050638044
861647050638051
861647050638069
861647050638077
861647050638085
861647050638093
861647050638101
861647050638119
861647050638127
861647050638135
861647050638143
861647050638150
861647050638168
861647050638176
861647050638192
861647050638218
861647050638226
861647050638234
861647050638242
861647050638267
861647050638275
861647050638283
861647050638291
861647050638309
861647050638317
861647050638325
861647050638382
861647050638408
861647050638424
861647050638440
861647050638507
861647050638549
861647050639422
861647050639547
861647050639588
861647050639604
861647050639646
861647050639661
861647050639729
861647050639778
861647050639786
861647050639794
861647050639802
861647050639802
861647050639810
861647050639828
861647050639836
861647050639844
861647050639851
861647050639869
861647050639877
861647050639893
861647050639901
861647050639901
861647050639919
861647050639935
861647050639943
861647050639950
861647050639968
861647050639976
861647050639992
861647050640008
861647050640016
861647050640032
861647050640040
861647050640057
861647050640065
861647050640073
861647050640081
861647050640099
861647050640107
861647050640115
861647050640131
861647050640149
861647050640156
861647050640164
861647050640172
861647050640198
861647050640206
861647050640206
861647050640214
861647050640222
861647050640230
861647050640248
861647050640750
861647050640818
861647050640834
861647050640859
861647050640875
861647050640891
861647050640917
861647050640933
861647050640958
861647050640990
861647050641014
861647050641030
861647050641055
861647050641071
861647050641097
861647050641113
861647050641139
861647050641154
861647050641196
861647050641204
861647050641246
861647050641246
861647050641287
861647050641303
861647050641329
861647050641329
861647050641345
861647050641360
861647050641386
861647050641402
861647050641469
861647050641485
861647050641501
861647050641527
861647050641543
861647050641568
861647050641584
861647050641600
861647050641626
861647050641642
861647050641667
861647050641683
861647050641691
861647050641725
861647050641733
861647050641741
861647050641758
861647050641766
861647050641774
861647050641782
861647050641808
861647050641816
861647050641824
861647050641832
861647050641840
861647050641857
861647050641865
861647050641881
861647050641899
861647050641915
861647050641923
861647050641931
861647050641949
861647050641949
861647050641949
861647050641956
861647050641972
861647050641980
861647050642004
861647050642004
861647050642012
861647050642012
861647050642020
861647050642026
861647050642038
861647050642046
861647050642061
861647050642079
861647050642087
861647050642095
861647050642103
861647050642111
861647050642129
861647050642137
861647050642145
861647050642152
861647050642160
861647050642202
861647050642228
861647050642269
861647050642285
861647050642301
861647050642327
861647050642343
861647050642368
861647050642384
861647050642400
861647050642426
861647050642442
861647050642467
861647050642483
861647050642509
861647050642525
861647050642541
861647050642566
861647050642582
861647050642608
861647050642608
861647050642608
861647050642624
861647050642632
861647050642640
861647050642640
861647050642657
861647050642699
861647050642715
861647050642731
861647050642756
861647050642772
861647050642798
861647050642814
861647050642830
861647050642855
861647050642871
861647050642897
861647050642913
861647050642939
861647050642970
861647050643010
861647050643051
861647050643077
861647050643093
861647050643176
861647050643192
861647050643218
861647050643234
861647050643259
861647050643275
861647050643291
861647050643317
861647050643333
861647050643358
861647050643374
861647050643390
861647050643416
861647050643432
861647050643473
861647050643499
861647050643515
861647050643515
861647050643556
861647050643566
861647050643572
861647050643580
861647050643598
861647050643606
861647050643614
861647050643622
861647050643630
861647050643648
861647050643655
861647050643663
861647050643671
861647050643689
861647050643705
861647050643713
861647050643739
861647050643747
861647050643754
861647050643762
861647050643770
861647050643788
861647050643804
861647050643812
861647050643838
861647050643846
861647050643853
861647050643861
861647050643895
861647050643911
861647050643929
861647050643937
861647050643937
861647050643945
861647050643952
861647050643994
861647050644000
861647050644018
861647050644026
861647050644034
861647050644042
861647050644075
861647050644141
861647050644166
861647050644182
861647050644208
861647050644224
861647050644240
861647050644281
861647050644307
861647050644323
861647050644349
861647050644364
861647050644406
861647050644422
861647050644448
861647050644463
861647050644489
861647050644521
861647050644539
861647050644547
861647050644562
861647050645056
861647050645064
861647050645080
861647050645098
861647050645106
861647050645114
861647050645122
861647050645130
861647050645148
861647050645163
861647050645197
861647050645213
861647050645221
861647050645239
861647050645247
861647050645254
861647050645262
861647050645270
861647050645288
861647050645304
861647050645312
861647050645320
861647050645346
861647050645353
861647050645379
861647050645387
861647050645395
861647050645411
861647050645429
861647050645437
861647050645445
861647050645452
861647050645460
861647050645478
861647050645486
861647050645502
861647050645510
861647050645528
861647050645536
861647050645544
861647050645569
861647050645585
861647050645601
861647050645627
861647050645643
861647050645700
861647050645726
861647050645742
861647050645767
861647050645783
861647050645809
861647050645825
861647050645841
861647050645882
861647050645940
861647050645965
861647050646013
861647050646021
861647050646039
861647050646070
861647050646096
861647050646112
861647050646138
861647050646153
861647050646179
861647050646195
861647050646211
861647050646237
861647050646252
861647050646294
861647050646336
861647050646351
861647050646377
861647050646393
861647050646435
861647050646450
861647050646518
861647050646526
861647050646534
861647050646559
861647050646575
861647050646591
861647050646617
861647050646633
861647050646658
861647050646674
861647050646716
861647050646732
861647050646757
861647050646773
861647050646799
861647050646831
861647050646856
861647050646872
861647050646898
861647050646914
861647050646971
861647050646989
861647050646997
861647050647003
861647050647011
861647050647029
861647050647052
861647050647078
861647050647094
861647050647110
861647050647136
861647050647151
861647050647193
861647050647219
861647050647235
861647050647250
861647050647276
861647050647292
861647050647318
861647050647375
861647050655154
861647050655170
861647050655196
861647050655212
861647050655238
861647050655279
861647050655295
861647050655311
861647050655337
861647050655378
861647050655394
861647050655410
861647050655436
861647050655477
861647050655493
861647050655519
861647050655535
861647050655550
861647050655576
861647050655592
861647050658513
861647050658539
861647050658554
861647050658570
861647050658596
861647050658612
861647050658638
861647050658653
861647050658679
861647050658695
861647050658711
861647050658752
861647050658778
861647050658794
861647050658810
861647050658836
861647050658851
861647050658893
861647050658935
861647050658968
861647050712757
861647050712773
861647050712799
861647050712815
861647050712872
861647050712898
861647050712914
861647050712930
861647050713672
861647050713680
861647050725767
861647050725783
861647050725882
861647050728605
861647050728621
861647050728647
861647050728662
861647050728688
861647050728704
861647050728720
861647050728746
861647050728845
861647050728860
861647050728886
861647050728902
861647050728944
861647050728969
861647050728985
861647050729009
861647050729025
861647050729033
861647050729041
861647050734678
861647050734694
861647050734793
861647050734801
861647050735295
861647050735303
861647050735345
861647050735360
861647050735386
861647050735402
861647050735428
861647050735444
861647050735469
861647050735485
861647050735501
861647050735600
861647050735626
861647050735642
861647050735667
861647050735683
861647050735709
861647050735725
861647050735741
861647050736251
861647050736269
861647050736293
861647050736301
861647050736319
861647050736327
861647050736335
861647050736368
861647050736376
861647050736384
861647050736400
861647050736418
861647050736426
861647050736434
861647050736442
861647050736467
861647050736475
861647050736483
861647050736491
861647050736509
861647050736517
861647050736541
861647050736558
861647050736574
861647050736582
861647050736590
861647050736608
861647050736616
861647050736632
861647050736640
861647050736657
861647050736681
861647050736699
861647050736715
861647050736723
861647050736731
861647050736756
861647050736764
861647050736772
861647050736780
861647050736798
861647050736806
861647050736814
861647050736830
861647050736848
861647050736855
861647050736863
861647050736871
861647050736889
861647050736905
861647050736913
861647050736921
861647050736947
861647050736962
861647050736988
861647050737002
861647050737010
861647050737044
861647050737051
861647050737069
861647050737093
861647050737101
861647050737119
861647050737127
861647050737135
861647050737143
861647050737176
861647050737184
861647050737200
861647050737218
861647050737226
861647050737234
861647050737242
861647050737259
861647050737267
861647050737275
861647050737291
861647050737309
861647050737317
861647050737333
861647050737358
861647050737366
861647050737390
861647050737408
861647050737424
861647050737457
861647050737465
861647050737481
861647050737515
861647050737523
861647050737531
861647050737549
861647050737556
861647050737564
861647050737572
861647050737572
861647050737580
861647050737598
861647050737606
861647050737648
861647050737655
861647050737663
861647050737671
861647050737689
861647050761960
861647050778279
861647050778311
861647050778337
861647050778352
861647050778360
861647050778378
861647050778386
861647050778394
861647050778410
861647050778436
861647050778451
861647050778477
861647050778485
861647050778493
861647050778501
861647050778519
861647050778550
861647050778576
861647050778592
861647050778600
861647050778618
861647050778626
861647050778642
861647050778659
861647050778667
861647050778683
861647050778691
861647050778709
861647050778717
861647050778725
861647050783097
861647050783113
861647050783154
861647050783196
861647050783212
861647050783238
861647050783253
861647050783279
861647050783295
861647050783311
861647050783337
861647050783352
861647050783378
861647050783410
861647050783436
861647050783451
861647050783477
861647050783493
861647050783527
861647050783744
861647050784491
861647050784517
861647050784525
861647050784533
861647050784541
861647050784558
861647050784566
861647050784574
861647050784582
861647050784590
861647050784608
861647050784616
861647050784624
861647050784632
861647050784657
861647050784665
861647050784673
861647050784681
861647050784699
861647050784707
861647050784715
861647050784723
861647050784764
861647050784772
861647050784780
861647050784780
861647050784806
861647050784814
861647050784822
861647050784830
861647050784848
861647050784855
861647050784863
861647050784871
861647050784889
861647050784897
861647050784905
861647050784921
861647050784939
861647050784947
861647050784954
861647050784962
861647050785744
861647050785936
861647050785944
861647050785951
861647050785977
861647050785985
861647050785993
861647050786009
861647050786009
861647050786017
861647050786041
861647050786074
861647050786082
861647050786108
861647050786116
861647050786124
861647050786132
861647050786140
861647050786157
861647050786165
861647050786173
861647050786199
861647050786207
861647050786215
861647050786231
861647050786256
861647050786264
861647050786272
861647050786280
861647050786298
861647050786306
861647050786314
861647050786330
861647050786348
861647050786363
861647050786371
861647050786389
861647050786397
861647050786405
861647050786421
861647050786447
861647050786454
861647050786470
861647050786488
861647050786504
861647050786512
861647050786520
861647050786538
861647050786553
861647050786561
861647050786595
861647050786603
861647050786611
861647050786629
861647050786637
861647050786637
861647050786645
861647050786652
861647050786678
861647050786702
861647050786728
861647050786736
861647050786744
861647050786751
861647050786769
861647050786777
861647050786785
861647050786793
861647050786801
861647050786819
861647050786827
861647050786835
861647050786850
861647050792668
861647050792676
861647050792684
861647050792692
861647050792700
861647050792718
861647050792726
861647050792742
861647050792759
861647050792767
861647050792775
861647050792817
861647050792833
861647050792841
861647050792866
861647050792916
861647050792924
861647050792965
861647050792981
861647050793005
861647050793013
861647050793021
861647050793039
861647050793047
861647050793054
861647050793062
861647050793088
861647050793104
861647050793112
861647050793120
861647050800818
861647050800834
861647050800933
861647050800958
861647050801055
861647050801097
861647050801113
861647050801139
861647050801154
861647050801170
861647050801196
861647050801212
861647050801238
861647050801253
861647050801295
861647050801311
861647050801329
861647050801345
861647050801378
861647050801394
861647050801402
861647050801428
861647050801436
864162047503753
864162047526739
864162047526747
864162047526754
864162047527273
864162047527331
864162047527505
864162047527760
864162047528420
864162047743995
864162047744019
864162047765113
864162047792125
864162047797082
864162047823334
864162047827392
864162047872778
864662072489760
864662072489778
864662072586300
864662072586318
865027052272777
865027052277966
865027052280168
865027052281893
865027052288716
865027052288757
865027052290423
865027052301105
865027052301105
865027052301105
865027052301105
865027052303176
865027052308233
865027052308241
865027052308241
865027052308258
865027052308266
865027052313860
865027052320113
865027052331649
865027052341622
865027052345078
865027052350227
865027052350367
865027052356778
865027052356778
865027052361729
865027052363709
865027052376966
865027052380318
865027052380356
865027052386619
865027052386932
865027052400907
865027052400923
865027052401673
865027052401707
865027052401707
865027052417786
865027052420764
865027052420780
865027052420939
865027052421010
865027052433924
865027052436356
865027052438881
865027052439400
865027052439939
865027052439962
865027052440606
865027052440937
865027052443063
865027052443089
865027052443105
865027052444392
865027052449771
865027052450498
865027052450738
865027052452296
865027052454813
865027052458251
865027052459606
865027052466858
865027052469308
865027052469316
865027052469944
865027052470371
865027052470785
865027052470975
865027052471031
865027052472450
865027052472500
865027052472518
865027052472534
865027052472682
865027052473250
865027052486500
865027052488142
865027052488456
865027052488456
865027052507446
865027052517320
865027052522189
865027052544100
865027052547418
865027052547780
865027052550750
865027052567515
865027052567879
865027052569230
865027052582068
865027052589337
865027052597397
865027052603112
865027052603120
865027052603757
865027052614697
865027052617195
865027052619407
865027052623060
865027052632368
865027052638555
865027052640866
865027052652440
865027052654891
865027052664924
865027052666879
865027052668040
865027052669444
865027053383284
865027053384761
865027053384787
865027053384803
865027053384811
865027053384902
865027053384951
865027053385933
865027053386170
865027053386410
865027053386469
865027053386477
865027053386527
865027053386774
865027053386816
865027053386832
865027053386899
865027053387129
865027053387152
865027053387194
865027053387251
865027053387319
865027053387434
865027053387459
865027053387780
865027053387830
865027053388424
865027053388788
865027053388879
865027053388895
865027053389083
865027053389109
865027053389851
865027053391188
865027053391303
865027053391428
865027053391535
865027053391592
865027053392020
865027053393465
865027053393572
865027053393606
865027053393648
865027053393671
865027053393671
865027053393689
865027053393689
865027053393848
865027053393853
865027053394430
865027053394430
865027053395726
865027053396864
865027053397508
865027053397680
865027053397680
865027053397680
865027053398373
865027053398373
865027053399686
865027053399900
865027053404445
865027053404445
865027053404767
865027053404981
865027053405210
865027053405418
865027053405681
865027053407059
865027053407083
865027053407299
865027053407349
865027053407349
865027053407497
865027053408024
865027053408180
865027053408198
865027053409949
865027053410517
865027053410590
865027053411572
865027053411812
865027053411853
865027053412224
865027053412414
865027053412414
865027053412414
865027053412885
865027053412893
865027053413271
865027053413362
865027053413362
865027053413404
865027053413628
865027053413727
865027053413859
865027053413974
865027053414220
865027053414683
865027053414733
865027053414931
865027053414956
865027053415094
865027053415102
865027053415110
865027053415128
865027053415136
865027053415144
865027053415151
865027053415169
865027053415177
865027053415185
865027053415193
865027053415201
865027053415219
865027053415227
865027053415235
865027053415250
865027053415268
865027053415276
865027053415276
865027053415284
865027053415292
865027053415300
865027053415318
865027053415318
865027053415326
865027053415334
865027053415359
865027053415367
865027053415375
865027053415383
865027053415409
865027053415581
865027053415599
865027053415607
865027053415623
865027053415631
865027053415649
865027053415656
865027053415664
865027053415672
865027053415680
865027053415698
865027053415706
865027053415722
865027053415730
865027053415748
865027053415755
865027053415771
865027053415789
865027053415797
865027053415805
865027053415813
865027053415821
865027053415821
865027053415821
865027053415839
865027053415847
865027053415854
865027053415862
865027053415870
865027053415888
865027053415904
865027053415912
865027053415920
865027053415938
865027053415946
865027053415953
865027053415961
865027053415987
865027053416001
865027053416019
865027053416027
865027053416035
865027053416050
865027053416068
865027053416068
865027053416076
865027053416084
865027053416084
865027053416092
865027053416100
865027053416167
865027053416241
865027053416258
865027053416373
865027053416399
865027053416407
865027053416415
865027053416696
865027053416886
865027053416928
865027053416969
865027053417702
865027053418247
865027053419633
865027053419807
865027053420300
865027053420433
865027053420656
865027053420789
865027053420813
865027053420862
865027053420904
865027053420904
865027053420904
865027053420904
865027053420904
865027053420912
865027053420938
865027053421258
865027053421357
865027053421613
865027053421639
865027053421654
865027053421852
865027053421928
865027053421993
865027053422066
865027053422082
865027053422108
865027053422181
865027053422256
865027053422330
865027053422371
865027053422710
865027053422710
865027053422710
865027053422934
865027053422942
865027053422959
865027053423072
865027053423122
865027053423130
865027053423312
865027053423502
865027053423502
865027053423510
865027053423775
865027053423783
865027053423791
865027053423809
865027053423817
865027053423825
865027053423833
865027053423841
865027053423858
865027053423858
865027053423858
865027053423866
865027053423874
865027053423882
865027053423890
865027053423908
865027053423916
865027053423924
865027053423932
865027053423940
865027053423957
865027053423965
865027053423973
865027053423981
865027053424005
865027053424021
865027053424039
865027053424047
865027053424054
865027053424054
865027053424062
865027053424070
865027053424088
865027053424096
865027053424104
865027053424104
865027053424104
865027053424104
865027053424104
865027053424104
865027053424112
865027053424120
865027053424146
865027053424153
865027053424161
865027053424179
865027053424187
865027053424195
865027053424203
865027053424229
865027053424252
865027053424260
865027053424278
865027053424294
865027053424310
865027053424336
865027053424351
865027053424765
865027053424849
865027053424955
865027053425689
865027053425929
865027053426075
865027053426075
865027053426257
865027053426307
865027053427032
865027053427073
865027053427214
865027053427289
865027053427529
865027053429491
865027053430036
865027053430242
865027053430259
865027053430754
865027053430770
865027053430846
865027053431612
865027053432156
865027053432917
865027053432958
865027053433279
865027053433386
865027053433410
865027053433410
865027053433956
865027053434111
865027053434574
865027053434582
865027053434590
865027053434608
865027053434624
865027053434632
865027053434640
865027053434657
865027053434673
865027053434673
865027053434681
865027053434699
865027053434707
865027053434715
865027053434715
865027053434715
865027053434723
865027053434731
865027053434749
865027053434756
865027053434764
865027053434772
865027053434780
865027053434798
865027053434806
865027053434814
865027053434939
865027053434947
865027053434954
865027053434962
865027053434970
865027053434988
865027053434996
865027053435019
865027053435035
865027053435035
865027053435035
865027053435043
865027053435290
865027053435308
865027053435316
865027053435324
865027053435332
865027053435340
865027053435357
865027053435365
865027053435373
865027053435381
865027053435399
865027053435407
865027053435415
865027053435423
865027053435431
865027053435449
865027053435456
865027053435472
865027053435480
865027053435498
865027053435506
865027053435514
865027053435522
865027053435530
865027053435563
865027053435571
865027053435589
865027053435597
865027053435605
865027053435613
865027053435621
865027053435639
865027053435647
865027053435654
865027053435670
865027053435688
865027053435696
865027053435704
865027053435712
865027053435720
865027053435738
865027053435753
865027053435894
865027053435910
865027053435928
865027053435936
865027053435936
865027053435944
865027053435951
865027053435969
865027053435977
865027053435985
865027053436009
865027053436017
865027053436025
865027053436033
865027053436041
865027053436041
865027053436058
865027053436066
865027053436074
865027053436082
865027053436090
865027053436108
865027053436116
865027053436124
865027053436132
865027053436140
865027053436165
865027053436165
865027053436173
865027053436181
865027053436199
865027053436207
865027053436215
865027053436223
865027053436249
865027053436348
865027053436371
865027053436397
865027053436413
865027053436421
865027053436421
865027053436496
865027053436496
865027053436504
865027053436512
865027053436520
865027053436538
865027053436546
865027053436553
865027053436561
865027053436587
865027053436611
865027053436637
865027053436645
865027053436652
865027053436660
865027053436686
865027053436686
865027053436686
865027053436694
865027053436702
865027053436710
865027053436728
865027053436736
865027053436744
865027053436744
865027053436744
865027053436751
865027053436769
865027053436777
865027053436785
865027053436793
865027053436801
865027053436819
865027053436827
865027053436835
865027053436843
865027053436850
865027053436868
865027053436876
865027053436876
865027053436892
865027053436900
865027053436918
865027053436926
865027053436934
865027053436942
865027053436959
865027053436967
865027053436975
865027053436983
865027053436991
865027053437007
865027053437015
865027053437023
865027053437023
865027053437023
865027053437031
865027053437049
865027053437056
865027053437064
865027053437072
865027053437080
865027053437106
865027053437320
865027053437338
865027053437346
865027053437353
865027053437361
865027053437379
865027053437387
865027053437395
865027053437411
865027053437429
865027053437437
865027053437445
865027053437452
865027053437486
865027053437494
865027053437502
865027053437510
865027053437528
865027053437536
865027053437544
865027053437551
865027053437569
865027053437577
865027053437585
865027053437593
865027053437601
865027053437619
865027053437627
865027053437635
865027053437643
865027053437650
865027053437668
865027053437676
865027053437684
865027053437692
865027053437700
865027053437718
865027053437726
865027053437734
865027053437742
865027053437742
865027053437742
865027053437759
865027053437767
865027053437775
865027053437783
865027053437791
865027053437809
865027053437841
865027053437866
865027053437874
865027053437890
865027053437890
865027053437908
865027053437932
865027053437965
865027053437973
865027053437981
865027053437999
865027053437999
865027053438005
865027053438013
865027053438021
865027053438047
865027053438294
865027053438302
865027053438310
865027053438328
865027053438336
865027053438344
865027053438377
865027053438385
865027053438393
865027053438435
865027053438443
865027053438450
865027053438476
865027053438484
865027053438484
865027053438500
865027053438518
865027053438518
865027053438526
865027053438542
865027053438559
865027053438567
865027053438575
865027053438583
865027053438591
865027053438609
865027053438617
865027053438625
865027053438633
865027053438641
865027053438658
865027053438666
865027053438674
865027053438690
865027053438708
865027053438716
865027053438724
865027053438765
865027053438765
865027053438773
865027053438781
865027053438799
865027053438815
865027053438831
865027053438849
865027053438856
865027053438864
865027053438872
865027053438880
865027053438914
865027053438914
865027053438914
865027053438922
865027053438930
865027053438963
865027053438971
865027053438997
865027053439003
865027053439003
865027053439292
865027053439318
865027053439375
865027053439383
865027053439391
865027053439391
865027053439391
865027053439391
865027053439409
865027053439417
865027053439425
865027053439433
865027053439441
865027053439466
865027053439474
865027053439615
865027053439623
865027053439631
865027053439649
865027053439656
865027053439664
865027053439672
865027053439680
865027053439698
865027053439706
865027053439714
865027053439722
865027053439755
865027053439854
865027053439995
865027053440233
865027053440258
865027053440415
865027053440415
865027053440597
865027053440829
865027053441991
865027053442130
865027053442254
865027053442304
865027053442387
865027053442395
865027053442486
865027053442494
865027053442502
865027053442510
865027053442528
865027053442536
865027053442544
865027053442551
865027053442569
865027053442577
865027053442585
865027053442593
865027053442676
865027053442692
865027053442726
865027053442791
865027053442866
865027053442874
865027053442874
865027053442882
865027053442908
865027053442916
865027053442924
865027053442957
865027053442965
865027053442965
865027053442965
865027053442973
865027053442981
865027053442999
865027053443005
865027053443013
865027053443021
865027053443039
865027053443047
865027053443054
865027053443054
865027053443054
865027053443062
865027053443088
865027053443104
865027053443203
865027053443229
865027053443229
865027053443237
865027053443278
865027053443310
865027053443484
865027053443492
865027053443823
865027053444060
865027053444193
865027053444268
865027053444292
865027053444391
865027053444417
865027053444466
865027053444656
865027053444698
865027053444706
865027053444714
865027053444870
865027053444912
865027053444938
865027053445208
865027053445240
865027053445323
865027053445471
865027053445653
865027053445752
865027053446099
865027053446198
865027053446206
865027053446214
865027053446222
865027053446230
865027053446248
865027053446255
865027053446271
865027053446289
865027053446297
865027053446305
865027053446313
865027053446321
865027053446347
865027053446362
865027053446370
865027053446396
865027053446404
865027053446412
865027053446420
865027053446461
865027053446479
865027053446495
865027053446511
865027053446511
865027053446529
865027053446537
865027053446545
865027053446545
865027053446545
865027053446545
865027053446560
865027053446578
865027053446586
865027053446594
865027053446602
865027053446628
865027053446636
865027053446644
865027053446651
865027053446669
865027053446677
865027053446685
865027053446701
865027053446719
865027053446727
865027053446727
865027053446727
865027053446735
865027053446743
865027053446750
865027053446750
865027053446750
865027053446768
865027053446776
865027053446784
865027053446792
865027053446800
865027053446826
865027053446834
865027053446842
865027053446859
865027053446867
865027053446875
865027053446875
865027053446883
865027053446909
865027053446917
865027053446925
865027053446941
865027053446958
865027053446974
865027053446974
865027053446974
865027053447006
865027053447014
865027053447022
865027053447030
865027053447048
865027053447055
865027053447063
865027053447071
865027053447089
865027053447105
865027053447113
865027053447121
865027053447147
865027053447154
865027053447162
865027053447170
865027053447204
865027053447212
865027053447220
865027053447238
865027053447253
865027053447253
865027053447253
865027053447261
865027053447295
865027053447360
865027053447378
865027053447394
865027053447410
865027053447428
865027053447436
865027053447444
865027053447451
865027053447469
865027053447477
865027053447485
865027053447493
865027053447501
865027053447519
865027053447527
865027053447535
865027053447543
865027053447550
865027053447550
865027053447568
865027053447576
865027053447580
865027053447584
865027053447592
865027053447600
865027053447600
865027053447618
865027053447626
865027053447634
865027053447642
865027053447659
865027053447675
865027053447683
865027053447691
865027053447709
865027053447725
865027053447733
865027053447741
865027053447840
865027053447873
865027053447980
865027053447998
865027053448103
865027053448137
865027053448244
865027053448285
865027053448517
865027053448517
865027053448582
865027053448699
865027053448731
865027053448749
865027053448749
865027053448749
865027053448749
865027053448855
865027053448921
865027053448921
865027053448947
865027053448962
865027053449234
865027053449382
865027053449424
865027053450042
865027053450091
865027053450299
865027053450299
865027053450299
865027053450331
865027053450513
865027053450547
865027053450885
865027053451198
865027053451222
865027053451370
865027053451404
865027053451453
865027053451719
865027053451818
865027053451933
865027053452063
865027053452063
865027053452071
865027053452089
865027053452105
865027053452105
865027053452113
865027053452121
865027053452147
865027053452154
865027053452188
865027053452196
865027053452204
865027053452238
865027053452253
865027053452279
865027053452295
865027053452303
865027053452311
865027053452329
865027053452337
865027053452345
865027053452352
865027053452360
865027053452378
865027053452386
865027053452394
865027053452402
865027053452410
865027053452428
865027053452436
865027053452444
865027053452469
865027053452477
865027053452485
865027053452493
865027053452501
865027053452519
865027053452527
865027053452535
865027053452584
865027053452865
865027053452865
865027053452899
865027053453020
865027053453053
865027053453111
865027053453137
865027053453152
865027053453160
865027053453178
865027053453202
865027053453228
865027053453236
865027053453251
865027053453277
865027053453293
865027053453301
865027053453319
865027053453350
865027053453434
865027053453442
865027053453459
865027053453467
865027053453475
865027053453509
865027053453525
865027053453533
865027053453566
865027053453574
865027053453624
865027053453632
865027053453640
865027053453699
865027053453707
865027053453715
865027053453731
865027053453988
865027053453988
865027053453996
865027053454010
865027053454028
865027053454036
865027053454044
865027053454051
865027053454069
865027053454069
865027053454077
865027053454085
865027053454093
865027053454101
865027053454101
865027053454119
865027053454127
865027053454135
865027053454150
865027053454168
865027053454176
865027053454184
865027053454200
865027053454218
865027053454226
865027053454234
865027053454242
865027053454259
865027053454259
865027053454267
865027053454275
865027053454283
865027053454291
865027053454317
865027053454325
865027053454333
865027053454341
865027053454358
865027053454374
865027053454408
865027053454416
865027053454424
865027053454440
865027053454457
865027053454465
865027053454465
865027053454473
865027053454499
865027053454507
865027053454515
865027053454523
865027053454564
865027053454572
865027053454580
865027053454580
865027053454580
865027053454598
865027053454606
865027053454614
865027053454622
865027053454630
865027053454663
865027053454671
865027053454697
865027053454960
865027053455033
865027053455066
865027053455074
865027053455090
865027053455108
865027053455132
865027053455132
865027053455132
865027053455140
865027053455165
865027053455173
865027053455181
865027053455199
865027053455207
865027053455215
865027053455223
865027053455231
865027053455249
865027053455256
865027053455264
865027053455272
865027053455280
865027053455298
865027053455306
865027053455314
865027053455322
865027053455330
865027053455348
865027053455363
865027053455371
865027053455389
865027053455397
865027053455413
865027053455447
865027053455587
865027053455660
865027053455678
865027053455678
865027053455686
865027053455694
865027053455702
865027053455710
865027053455728
865027053455736
865027053455744
865027053455751
865027053455769
865027053455777
865027053455785
865027053455793
865027053455843
865027053456098
865027053456130
865027053456254
865027053456262
865027053456270
865027053456288
865027053456296
865027053456304
865027053456312
865027053456320
865027053456361
865027053456387
865027053456395
865027053456403
865027053456411
865027053456429
865027053456437
865027053456445
865027053456452
865027053456460
865027053456478
865027053456486
865027053456486
865027053456486
865027053456494
865027053456502
865027053456510
865027053456528
865027053456536
865027053456544
865027053456569
865027053456577
865027053456585
865027053456593
865027053456601
865027053456619
865027053457021
865027053457039
865027053457039
865027053457120
865027053457120
865027053457146
865027053457161
865027053457203
865027053457229
865027053457484
865027053457492
865027053457518
865027053457526
865027053457724
865027053457773
865027053457773
865027053457773
865027053457989
865027053458102
865027053458185
865027053458201
865027053458201
865027053458201
865027053458318
865027053458326
865027053458334
865027053458383
865027053458391
865027053458409
865027053458417
865027053458425
865027053458433
865027053458458
865027053458466
865027053458466
865027053458474
865027053458482
865027053458482
865027053458490
865027053458508
865027053458508
865027053458524
865027053458532
865027053458540
865027053458557
865027053458565
865027053458573
865027053458581
865027053458599
865027053458607
865027053458615
865027053458623
865027053458649
865027053458656
865027053458656
865027053458664
865027053458672
865027053458706
865027053458714
865027053458722
865027053458730
865027053458748
865027053458755
865027053458763
865027053458771
865027053458813
865027053459043
865027053459050
865027053459407
865027053459472
865027053459472
865027053459514
865027053459563
865027053459977
865027053460033
865027053460041
865027053460058
865027053460066
865027053460066
865027053460074
865027053460082
865027053460090
865027053460108
865027053460116
865027053460124
865027053460132
865027053460157
865027053460165
865027053460173
865027053460181
865027053460199
865027053460207
865027053460215
865027053460223
865027053460231
865027053460249
865027053460256
865027053460264
865027053460272
865027053460298
865027053460306
865027053460306
865027053460314
865027053460322
865027053460355
865027053460371
865027053460397
865027053460397
865027053460454
865027053460470
865027053460496
865027053460512
865027053460819
865027053460843
865027053460850
865027053461031
865027053461056
865027053461106
865027053461122
865027053461130
865027053461189
865027053461205
865027053461262
865027053461403
865027053461403
865027053461411
865027053461437
865027053461445
865027053461452
865027053461460
865027053461478
865027053461502
865027053461502
865027053461635
865027053461643
865027053461650
865027053461668
865027053461676
865027053461692
865027053461700
865027053461718
865027053461726
865027053461742
865027053461759
865027053461767
865027053461775
865027053461783
865027053461791
865027053461809
865027053461817
865027053461825
865027053461833
865027053461841
865027053461858
865027053461866
865027053461874
865027053461882
865027053461908
865027053461916
865027053461924
865027053461932
865027053461940
865027053461957
865027053461965
865027053461973
865027053461981
865027053461999
865027053462005
865027053462013
865027053462013
865027053462013
865027053462013
865027053462013
865027053462021
865027053462021
865027053462021
865027053462039
865027053462039
865027053462047
865027053462054
865027053462062
865027053462088
865027053462096
865027053462104
865027053462138
865027053462146
865027053462153
865027053462161
865027053462179
865027053462187
865027053462195
865027053462203
865027053462211
865027053462229
865027053462351
865027053462617
865027053462856
865027053462898
865027053463193
865027053463201
865027053463227
865027053463318
865027053463359
865027053463367
865027053463375
865027053463383
865027053463391
865027053463409
865027053463425
865027053463433
865027053463466
865027053463482
865027053463490
865027053463516
865027053463524
865027053463557
865027053463573
865027053463581
865027053463599
865027053463615
865027053463623
865027053463631
865027053463631
865027053463656
865027053463664
865027053463680
865027053463698
865027053463698
865027053463706
865027053463714
865027053463722
865027053463730
865027053463748
865027053463755
865027053463763
865027053463789
865027053463797
865027053463805
865027053463813
865027053463813
865027053463813
865027053463821
865027053463839
865027053463847
865027053463862
865027053463870
865027053463888
865027053463896
865027053463896
865027053463904
865027053463912
865027053463920
865027053463938
865027053463946
865027053463953
865027053463961
865027053463961
865027053463979
865027053463987
865027053463995
865027053464019
865027053464027
865027053464035
865027053464043
865027053464050
865027053464076
865027053464084
865027053464092
865027053464092
865027053464100
865027053464118
865027053464134
865027053464142
865027053464159
865027053464167
865027053464167
865027053464175
865027053464183
865027053464183
865027053464191
865027053464209
865027053464217
865027053464225
865027053464241
865027053464241
865027053464258
865027053464324
865027053464332
865027053464357
865027053464365
865027053464373
865027053464399
865027053464407
865027053464407
865027053464407
865027053464415
865027053464431
865027053464449
865027053464456
865027053464464
865027053464480
865027053464480
865027053464480
865027053464498
865027053464506
865027053464530
865027053464548
865027053464555
865027053464563
865027053464571
865027053464571
865027053464571
865027053464589
865027053464597
865027053464613
865027053464621
865027053464621
865027053464621
865027053464639
865027053464647
865027053464647
865027053464654
865027053464662
865027053464670
865027053464670
865027053464688
865027053464696
865027053464704
865027053464704
865027053464704
865027053464712
865027053464720
865027053464761
865027053464779
865027053464795
865027053464803
865027053464811
865027053464837
865027053464845
865027053464852
865027053464860
865027053464878
865027053464894
865027053464902
865027053464910
865027053464936
865027053464951
865027053464969
865027053464977
865027053464977
865027053464977
865027053465008
865027053465016
865027053465024
865027053465032
865027053465057
865027053465065
865027053465073
865027053465826
865027053465834
865027053465842
865027053465842
865027053465842
865027053465867
865027053465875
865027053465883
865027053465891
865027053465933
865027053465933
865027053465933
865027053465941
865027053465966
865027053465990
865027053466006
865027053466014
865027053466022
865027053466030
865027053466048
865027053466055
865027053466063
865027053466063
865027053466071
865027053466071
865027053466089
865027053466097
865027053466105
865027053466113
865027053466121
865027053466139
865027053466147
865027053466162
865027053466170
865027053466196
865027053466204
865027053466212
865027053466220
865027053466238
865027053466246
865027053466261
865027053466279
865027053466287
865027053466295
865027053466311
865027053466329
865027053466337
865027053466345
865027053466352
865027053466360
865027053466378
865027053466386
865027053466394
865027053466402
865027053466410
865027053466410
865027053466543
865027053466550
865027053466568
865027053466584
865027053466600
865027053466618
865027053466626
865027053466634
865027053466659
865027053466667
865027053466675
865027053466683
865027053466709
865027053466717
865027053466725
865027053466733
865027053466741
865027053466758
865027053466766
865027053466782
865027053466790
865027053466816
865027053466824
865027053466832
865027053466840
865027053466857
865027053466865
865027053466873
865027053466899
865027053466907
865027053466923
865027053466931
865027053466949
865027053466964
865027053466972
865027053466980
865027053466998
865027053467004
865027053467012
865027053467020
865027053467038
865027053467046
865027053467053
865027053467061
865027053467079
865027053467079
865027053467087
865027053467095
865027053467103
865027053467111
865027053467137
865027053467145
865027053467160
865027053467178
865027053467186
865027053467194
865027053467210
865027053467228
865027053467236
865027053467244
865027053467251
865027053467269
865027053467269
865027053467277
865027053467285
865027053467343
865027053467350
865027053467376
865027053467384
865027053467392
865027053467418
865027053467426
865027053467434
865027053467459
865027053467459
865027053467467
865027053467475
865027053467483
865027053467491
865027053467657
865027053467681
865027053467699
865027053467715
865027053467723
865027053467731
865027053467988
865027053468002
865027053468242
865027053468606
865027053468887
865027053468945
865027053468952
865027053468978
865027053468986
865027053468994
865027053469026
865027053469034
865027053469042
865027053469059
865027053469067
865027053469067
865027053469067
865027053469075
865027053469083
865027053469109
865027053469117
865027053469125
865027053469133
865027053469141
865027053469158
865027053469158
865027053469182
865027053469190
865027053469208
865027053469216
865027053469224
865027053469232
865027053469240
865027053469265
865027053469273
865027053469281
865027053469299
865027053469299
865027053469307
865027053469315
865027053469356
865027053469364
865027053469372
865027053469380
865027053469398
865027053469406
865027053469414
865027053469505
865027053469513
865027053469521
865027053469539
865027053469547
865027053469554
865027053469562
865027053469596
865027053469612
865027053469620
865027053469638
865027053469640
865027053469646
865027053469646
865027053469653
865027053469968
865027053470149
865027053470156
865027053470172
865027053470180
865027053470198
865027053470206
865027053470222
865027053470248
865027053470248
865027053470263
865027053470271
865027053470289
865027053470297
865027053470305
865027053470313
865027053470321
865027053470339
865027053470347
865027053470388
865027053470420
865027053470438
865027053470453
865027053470461
865027053470479
865027053470495
865027053470495
865027053470529
865027053470537
865027053470545
865027053470552
865027053470560
865027053470578
865027053470586
865027053470610
865027053470628
865027053470644
865027053470651
865027053470651
865027053470693
865027053470701
865027053470719
865027053470727
865027053470735
865027053470743
865027053470750
865027053470750
865027053470750
865027053470768
865027053470776
865027053470784
865027053470792
865027053470818
865027053470826
865027053470834
865027053470842
865027053470842
865027053470859
865027053471055
865027053471063
865027053471071
865027053471246
865027053472210
865027053472228
865027053472244
865027053472251
865027053472269
865027053472277
865027053472285
865027053472293
865027053472301
865027053472319
865027053472327
865027053472335
865027053472343
865027053472368
865027053472376
865027053472392
865027053472392
865027053472400
865027053472400
865027053472400
865027053472418
865027053472434
865027053472475
865027053472509
865027053472533
865027053472541
865027053472541
865027053472541
865027053472566
865027053472574
865027053472582
865027053472590
865027053472608
865027053472616
865027053472624
865027053472640
865027053472657
865027053472657
865027053472863
865027053472871
865027053472889
865027053472905
865027053472913
865027053472939
865027053472947
865027053472954
865027053472970
865027053472988
865027053472996
865027053473002
865027053473010
865027053473028
865027053473028
865027053473028
865027053473036
865027053473044
865027053473051
865027053473069
865027053473077
865027053473085
865027053473093
865027053473101
865027053473119
865027053473127
865027053473135
865027053473143
865027053473150
865027053473168
865027053473184
865027053473192
865027053473200
865027053473242
865027053473259
865027053473267
865027053473291
865027053473317
865027053473333
865027053473341
865027053473341
865027053473358
865027053473366
865027053473374
865027053473382
865027053473390
865027053473408
865027053473416
865027053473424
865027053473432
865027053473481
865027053473499
865027053473523
865027053473531
865027053473531
865027053473531
865027053473531
865027053473531
865027053473556
865027053473564
865027053473572
865027053473572
865027053473572
865027053473598
865027053473606
865027053473614
865027053473655
865027053473671
865027053473747
865027053473754
865027053473762
865027053473770
865027053473812
865027053473846
865027053473853
865027053473903
865027053473911
865027053473929
865027053476377
865027053476401
865027053476419
865027053476427
865027053476435
865027053476443
865027053476450
865027053476484
865027053476492
865027053476500
865027053476518
865027053476526
865027053476534
865027053476542
865027053476567
865027053476575
865027053476583
865027053476591
865027053476617
865027053476625
865027053476633
865027053476641
865027053476658
865027053476674
865027053476690
865027053476716
865027053476724
865027053476732
865027053476740
865027053476765
865027053476773
865027053476781
865027053476781
865027053476799
865027053476815
865027053476823
865027053476849
865027053476856
865027053476864
865027053476872
865027053476880
865027053476898
865027053476914
865027053476914
865027053476922
865027053476930
865027053476948
865027053476955
865027053476963
865027053476971
865027053476989
865027053476997
865027053477003
865027053477011
865027053477029
865027053477037
865027053477045
865027053477060
865027053477078
865027053477086
865027053477094
865027053477102
865027053477110
865027053477128
865027053477136
865027053477144
865027053477177
865027053477185
865027053477193
865027053477201
865027053477219
865027053477235
865027053477243
865027053477250
865027053477268
865027053477276
865027053477284
865027053477292
865027053477300
865027053477318
865027053477326
865027053477334
865027053477334
865027053477342
865027053477359
865027053477367
865027053477375
865027053477383
865027053477409
865027053477417
865027053477433
865027053477458
865027053477458
865027053477466
865027053477474
865027053477482
865027053477490
865027053477508
865027053477516
865027053477524
865027053477524
865027053477532
865027053477540
865027053477557
865027053477557
865027053477624
865027053477920
865027053478043
865027053478050
865027053478076
865027053478084
865027053478100
865027053478118
865027053478134
865027053478159
865027053478167
865027053478183
865027053478183
865027053478209
865027053478217
865027053478225
865027053478233
865027053478241
865027053478258
865027053478266
865027053478274
865027053478373
865027053478381
865027053478399
865027053478407
865027053478415
865027053478449
865027053478456
865027053478472
865027053478498
865027053478506
865027053478530
865027053478589
865027053478647
865027053478654
865027053478662
865027053478670
865027053478688
865027053478696
865027053478704
865027053478712
865027053478720
865027053478753
865027053478761
865027053478829
865027053478837
865027053478845
865027053478852
865027053478860
865027053478878
865027053478886
865027053478894
865027053479009
865027053479108
865027053479108
865027053479108
865027053479108
865027053479249
865027053479256
865027053479272
865027053479280
865027053479298
865027053479306
865027053479322
865027053479330
865027053479363
865027053479371
865027053479389
865027053479397
865027053479405
865027053479413
865027053479421
865027053479439
865027053479447
865027053479454
865027053479462
865027053479470
865027053479496
865027053479504
865027053479512
865027053479538
865027053479546
865027053479553
865027053479561
865027053479579
865027053479587
865027053479595
865027053479611
865027053479637
865027053479645
865027053479660
865027053479660
865027053479678
865027053479694
865027053479702
865027053479710
865027053480338
865027053480437
865027053480445
865027053480452
865027053480569
865027053480676
865027053480692
865027053480924
865027053481062
865027053481286
865027053481427
865027053481468
865027053481765
865027053482003
865027053482110
865027053482110
865027053482136
865027053482151
865027053482193
865027053482193
865027053482201
865027053482219
865027053482243
865027053482243
865027053482250
865027053482268
865027053482276
865027053482292
865027053482300
865027053562039
86502705454440
86502705454440
865027054567103
865027063442999
865027072303184
865094052622962
865094052622967
865596060053619
865596060053866
865596060053866
865596060053866
865596060053874
865596060054039
865596060054070
866071056652419
866071056652419
866071056661337
866071056663192
866071056664513
866071056683067
866071056683067
866071056683125
866071056696655
866071056725363
866071056728151
866071056732625
866071056733425
866071056753787
866071056753787
866071056754736
866071056762507
866071056763133
866071056764347
866071056764370
866071056764388
866071056764396
866071056764404
866071056764438
866071056764446
866071056768850
866071056769478
866071056770799
866071056780434
866071056780442
866071056780475
866071056780483
866071056781515
866071056781523
866071056781531
866071056785540
866071056796034
866071056796042
866071056798105
866071056803806
866071056825148
866071056826070
866071056827961
866071056828092
866071056859048
866071056866589
866071056868809
866071056882057
866071056888716
866071056899366
866071056899812
866071059045066
866071059045082
866084052833254
866094051177265
866094051282933
866094051290183
866094051293419
866094051293435
866094051293476
866094051300826
866094051302251
866094051305411
866094051307730
866094051309454
866094051309538
866094051309561
866094051314033
866094051315923
866094051329049
866094051330260
866094051337174
866094051346225
866094051353510
866094051355044
866094051357685
866094051358345
866094051358782
866094051359053
866094051359400
866094051360812
866094051360838
866094051362172
866094051362453
866094051363683
866094051363949
866094051364046
866094051364079
866094051365118
866094051365563
866094051369946
866094051370530
866094051372585
866094051374011
866094051374045
866094051374177
866094051374912
866094051380323
866094051380331
866094051380604
866094051380612
866094051380646
866094051381586
866094051381594
866094051381628
866094051382097
866094051382113
866094051382618
866094051383277
866094051383616
866094051384150
866094051391205
866094051392500
866094051393086
866094051393094
866094051393128
866094051393391
866094051393607
866094051394159
866094051397129
866094051397392
866094051398127
866094051398432
866094051402515
866094051403166
866094051403901
866094051403935
866094051408058
866094051408215
866094051408462
866094051413991
866094051414080
866094051418255
866094051418347
866094051418396
866094051419147
866094051425003
866094051430557
866094051430623
866094051435739
866094051436125
866094051436232
866094051437156
866094051438782
866094051438816
866094051445530
866094051446710
866094051447692
866094051448401
866094051449003
866094051450308
866094051450548
866094051451793
866094051452916
866094051453617
866094051457147
866094051458319
866094051459077
866094051459101
866094051459119
866094051459143
866094051459150
866094051459168
866094051459176
866094051459184
866094051459192
866094051459200
866094051459226
866094051459234
866094051459242
866094051459259
866094051459283
866094051459291
866094051466890
866094051467005
866094051467138
866094051467468
866094051467492
866094051467542
866094051469720
866094051469803
866094051470025
866094051472823
866094051472831
866094051473268
866094051473755
866094051473797
866094051473847
866094051476436
866094051477624
866094051478507
866094051478507
866094051480693
866094051482186
866094051483036
866094051484604
866094051484836
866094051485346
866094051485726
866094051485734
866094051487854
866094051488639
866094051488761
866094051488803
866094051488860
866094051490122
866094051492086
866094051492722
866094051492896
866094051493159
866094051493423
866094051494157
866094051497952
866094051500730
866094051502827
866094051507248
866094051507271
866094051507305
866094051507313
866094051507321
866094051507339
866094051507347
866094051507354
866094051507362
866094051507370
866094051507388
866094051507396
866094051507404
866094051507412
866094051507420
866094051507438
866094051507503
866094051508766
866094051508774
866094051508998
866094051509517
866094051509939
866094051510283
866094051510291
866094051510366
866094051510531
866094051510556
866094051511232
866094051515951
866094051517221
866094051517320
866094051518310
866094051519417
866094051519755
866094051519912
866094051519920
866094051519938
866094051519946
866094051519953
866094051519961
866094051519987
866094051519995
866094051520001
866094051520019
866094051520035
866094051520043
866094051520050
866094051520068
866094051520084
866094051520092
866094051520100
866094051520118
866094051520126
866094051520134
866094051520142
866094051520159
866094051520167
866094051520175
866094051520183
866094051520191
866094051520209
866094051520217
866094051520225
866094051520233
866094051520241
866094051520258
866094051520266
866094051520274
866094051520282
866094051520290
866094051520308
866094051520316
866094051520324
866094051520332
866094051520340
866094051520472
866094051520480
866094051520555
866094051520605
866094051520613
866094051520621
866094051520746
866094051520852
866094051521603
866094051521875
866094051521876
866094051522569
866094051523559
866094051523567
866094051523591
866094051523617
866094051523625
866094051525976
866094051528012
866094051528277
866094051528285
866094051528293
866094051528301
866094051528319
866094051528327
866094051528335
866094051528343
866094051528350
866094051528368
866094051528376
866094051529598
866094051531263
866094051532428
866094051532477
866094051532501
866094051532519
866094051532543
866094051532550
866094051532733
866094051532972
866094051533046
866094051533954
866094051533962
866094051533970
866094051533988
866094051533996
866094051534002
866094051534028
866094051534036
866094051534044
866094051534051
866094051534069
866094051534077
866094051534085
866094051534093
866094051534101
866094051534119
866094051534127
866094051534135
866094051534143
866094051534150
866094051534168
866094051534176
866094051534184
866094051534192
866094051534267
866094051534283
866094051534473
866094051534606
866094051534614
866094051534671
866094051536072
866094051536759
866094051537898
866094051538748
866094051539316
866094051539431
86609405153943�
866094051539704
866094051539720
866094051539738
866094051539746
866094051539753
866094051539761
866094051539779
866094051539787
866094051539795
866094051539811
866094051539829
866094051539845
866094051539878
866094051539910
866094051540546
866094051540660
866094051540678
866094051540686
866094051540694
866094051540702
866094051540710
866094051540728
866094051540736
866094051540744
866094051540751
866094051540769
866094051540777
866094051540785
866094051540793
866094051540801
866094051540827
866094051540835
866094051540843
866094051540850
866094051540868
866094051540876
866094051540884
866094051540892
866094051540900
866094051540926
866094051540934
866094051540942
866094051540959
866094051540975
866094051540983
866094051541494
866094051541502
866094051541510
866094051541528
866094051541536
866094051541544
866094051541551
866094051541569
866094051541627
866094051541635
866094051541759
866094051541767
866094051541775
866094051541783
866094051541791
866094051541809
866094051541817
866094051541833
866094051541841
866094051541858
866094051541866
866094051541882
866094051541890
866094051541908
866094051541916
866094051541932
866094051541940
866094051541957
866094051541965
866094051541973
866094051541981
866094051541999
866094051542005
866094051542013
866094051542021
866094051542039
866094051542062
866094051542252
866094051542260
866094051542286
866094051542302
866094051542310
866094051542328
866094051542351
866094051542369
866094051542377
866094051542385
866094051542393
866094051542401
866094051542419
866094051542427
866094051542435
866094051542443
866094051542450
866094051542468
866094051542484
866094051542500
866094051542518
866094051542526
866094051542534
866094051542542
866094051542567
866094051542591
866094051542609
866094051542617
866094051542625
866094051542633
866094051542641
866094051542658
866094051542666
866094051542674
866094051542682
866094051542690
866094051542708
866094051542716
866094051542724
866094051542740
866094051542757
866094051542765
866094051542773
866094051542781
866094051542799
866094051542807
866094051542815
866094051542823
866094051542849
866094051542856
866094051542864
866094051542872
866094051542880
866094051542898
866094051542906
866094051542914
866094051542922
866094051542930
866094051542948
866094051542955
866094051542963
866094051542989
866094051543417
866094051547786
866094052431729
866094052431737
866094052431745
866094052431752
866094052431760
866094052431786
866094052431794
866094052431802
866094052431810
866094052431828
866094052431836
866094052431844
866094052431869
866094052431885
866094052431893
866094052431919
866094052431927
866094052431935
866094052431984
866094052432016
866094052432024
866094052432040
866094052432065
866094052432107
866094052432123
866094052432149
866094052432172
866094052432198
866094052432297
866094052432313
866094052432339
866094052432354
866094052432370
866094052432396
866094052434103
866094052434111
866094052434129
866094052434145
866094052434186
866094052434202
866094052434244
866094052434269
866094052434269
866094052434285
866094052435449
866094052435464
866094052435506
866094052435522
866094052435548
866094052435563
866094052435589
866094052435605
866094052435621
866094052435654
866094052435670
866094052435696
866094052435704
866094052435704
866094052435712
866094052435712
866094052445554
866094052447097
866094052447113
866094052447238
866094052447253
866094052447329
866094052447345
866094052447360
866094052447386
866094052447428
866094052447444
866094052447469
866094052447527
866094052447535
866094052447709
866094052447725
866094052449374
866094052449390
866094052449416
866094052449432
866094052449457
866094052457195
866094052459472
866094052459571
866094052459597
866094052459613
866094052459613
866094052459613
866094052459670
866094052459696
866094052459712
866094052459738
866094052459753
866094052459860
866094052466758
866094052466774
866094052466790
866094052466816
866094052466832
866094052466857
866094052466873
866094052466899
866094052466915
866094052466931
866094052466956
866094052470206
866094052470206
866094052505688
866094052505704
866094052505720
866094052505753
866094052505753
866094052506256
866094052506272
866094052506314
866094052506330
866094052506355
866094052506371
866094052506397
866094052506413
866094052506439
866094052506454
866094052522576
866094052522592
866094052522618
866094052522634
866094052522659
866094052522675
866094052522691
866094052522717
866094052522733
866094052522758
866094052522766
866094052524697
866094052524705
866094052524762
866094052524937
866094052524945
866094052524960
866094052524986
866094052524986
866094052525009
866094052525025
866094052525041
866094052525066
866094052525082
866094052525108
866094052525124
866094052525140
866094052525199
866094052525215
866094052525231
866094052525256
866094052525272
866094052525298
866094052525314
866094052525371
866094052525397
866094052525405
866094052533698
866094052533714
866094052533722
866094052533730
866094052533748
866094052533755
866094052533763
866094052533771
866094052533789
866094052533797
866094052533813
866094052533821
866094052533839
866094052533847
866094052533854
866094052533862
866094052533870
866094052533888
866094052533896
866094052533904
866094052533912
866094052533920
866094052533938
866094052533946
866094052533953
866094052533961
866094052533979
866094052533995
866094052534019
866094052534035
866094052534043
866094052534050
866094052534068
866094052534076
866094052534084
866094052534100
866094052534118
866094052534126
866094052534134
866094052534142
866094052534159
866094052534167
866094052534175
866094052534217
866094052534241
866094052534258
866094052534274
866094052534290
866094052534308
866094052534316
866094052534332
866094052534340
866094052534357
866094052534365
866094052534373
866094052534399
866094052534407
866094052534415
866094052534423
866094052534431
866094052534449
866094052534456
866094052534464
866094052534472
866094052534498
866094052534506
866094052534514
866094052534522
866094052534530
866094052534548
866094052534555
866094052534563
866094052534589
866094052534597
866094052534605
866094052534613
866094052534621
866094052534639
866094052534647
866094052534654
866094052534662
866094052534670
866094052534688
866094052534696
866094052534712
866094052552094
866094052552532
866094052552540
866094052552565
866094052552581
866094052552607
866094052552623
866094052552649
866094052552664
866094052552680
866094052552706
866094052552722
866094052552789
866094052552805
866094052552821
866094052552888
866094052552904
866094052552920
866094052552920
866094052552946
866094052552961
866094052552987
866094052553290
866094052553332
866094052553357
866094052553373
866094052553415
866094052553431
866094052553431
866094052553456
866094052553480
866094052553498
866094052553506
866094052553514
866094052553522
866094052553530
866094052553548
866094052553555
866094052553563
866094052553571
866094052553589
866094052553597
866094052603822
866094052603830
866094052603855
866094052603863
866094052603871
866094052603889
866094052603897
866094052603905
866094052603913
866094052603921
866094052603939
866094052603947
866094052603954
866094052603962
866094052603962
866094052603970
866094052603988
866094052603996
866094052604002
866094052604010
866094052604028
866094052604036
866094052604721
866094052604747
866094052604762
866094052604804
866094052604820
866094052604846
866094052604861
866094052604887
866094052604903
866094052604911
866094052604929
866094052604937
866094052604978
866094052604994
866094052605017
866094052605033
866094052605058
866094052605074
866094052615842
866094052615867
866094052615925
866094052615966
866094052615982
866094052616006
866094052616022
866094052616030
866094052616055
866094052616071
866094052616097
866094052616139
866094052616154
866094052616196
866094052616212
866094052618184
866094052618192
866094052618234
866094052618275
866094052618358
866094052620867
866094052620883
866094052620925
866094052620966
866094052620982
866094052621006
866094052621022
866094052621048
866094052621055
866094052621089
866094052621105
866094052621147
866094052621162
866094052621188
866094052621220
866094052621246
866094052621261
866094052621287
866094052622749
866094052622756
866094052622764
866094052622772
866094052622780
866094052622780
866094052622798
866094052622806
866094052622814
866094052622822
866094052622822
866094052622830
866094052622848
866094052622855
866094052622863
866094052622889
866094052622897
866094052622905
866094052622913
866094052622921
866094052622939
866094052622962
866094052622962
866094052622962
866094052622970
866094052622988
866094052622996
866094052623002
866094052623010
866094052623028
866094052623036
866094052623044
866094052623051
866094052623069
866094052623077
866094052623085
866094052623101
866094052623119
866094052623127
866094052623135
866094052623150
866094052623176
866094052623184
866094052623192
866094052623218
866094052623242
866094052623267
866094052623283
866094052623309
866094052623325
866094052623341
866094052623366
866094052623382
866094052623408
866094052623424
866094052623440
866094052623457
866094052623721
866094052623747
866094052623762
866094052623788
866094052623804
866094052623820
866094052623846
866094052623861
866094052623887
866094052623903
866094052623929
866094052623937
866094052624349
866094052624364
866094052624380
866094052624406
866094052729411
866094052729619
866094052730039
866094052732720
866094052733009
866094052742299
866094052743529
866094052744105
866094052748072
866094052749294
866094052751183
866094052752629
866094052753601
866094052753601
866094052753619
866094052753627
866094052753650
866094052753858
866094052753973
866094052754831
866094052763444
866094052763493
866094052763501
866094052763790
866094052764665
866094052765514
866094052765779
866094052765860
866094052766116
866094052766363
866094052766447
866094052766504
866094052766553
866094052766603
866094052766611
866094052766678
866094052766694
866094052766702
866094052766710
866094052766728
866094052766736
866094052766744
866094052766751
866094052766769
866094052766777
866094052766801
866094052766827
866094052766884
866094052767098
866094052768054
866094052768591
866094052769466
866094052769839
866094052769854
866094052769862
866094052769870
866094052769888
866094052769896
866094052769904
866094052769912
866094052770381
866094052770647
866094052770654
866094052770662
866094052770670
866094052770688
866094052770696
866094052770704
866094052770712
866094052770720
866094052770738
866094052770753
866094052770985
866094052770985
866094052770985
866094052771033
866094052771595
866094052771603
866094052771611
866094052771629
866094052771637
866094052771645
866094052771652
866094052771660
866094052771678
866094052771686
866094052771694
866094052771702
866094052771769
866094052772122
866094052772544
866094052773187
866094052773443
866094052775919
866094052775927
866094052775935
866094052775943
866094052775950
866094052775968
866094052775984
866094052775992
866094052776008
866094052776420
866094052776982
866094052777162
866094052777204
866094052778202
866094052778319
866094052778335
866094052778343
866094052778350
866094052778368
866094052778376
866094052778392
866094052778418
866094052778426
866094052778434
866094052778442
866094052778459
866094052778467
866094052778475
866094052778483
866094052778491
866094052778509
866094052778517
866094052778525
866094052778533
866094052778541
866094052778905
866094052779028
866094052779689
866094052780067
866094052780133
866094052780687
866094052780869
866094052780943
866094052781040
866094052781446
866094052781669
866094052782139
866094052782279
866094052782279
866094052782287
866094052782295
866094052782303
866094052782311
866094052782329
866094052782337
866094052782345
866094052782352
866094052782360
866094052782378
866094052782386
866094052784382
866094052785397
866094052785397
866094052785405
866094052785413
866094052785421
866094052785439
866094052785454
866094052785462
866094052785470
866094052785504
866094052785512
866094052785520
866094052785538
866094052785546
866094052785561
866094052785579
866094052785587
866094052785595
866094052785611
866094052785629
866094052785637
866094052785645
866094052785652
866094052785660
866094052785678
866094052785686
866094052785694
866094052785702
866094052785728
866094052785736
866094052785744
866094052785769
866094052785777
866094052785785
866094052785793
866094052785801
866094052785819
866094052785827
866094052785835
866094052785843
866094052785850
866094052785868
866094052785876
866094052785900
866094052785918
866094052785926
866094052785934
866094052785942
866094052785959
866094052785967
866094052785975
866094052785983
866094052786056
866094052786064
866094052786080
866094052786098
866094052786106
866094052787070
866094052787096
866094052787120
866094052787195
866094052787211
866094052787229
866094052787237
866094052787245
866094052787252
866094052787286
866094052787294
866094052787310
866094052787328
866094052787336
866094052787344
866094052787351
866094052787369
866094052787377
866094052787385
866094052787393
866094052787401
866094052787427
866094052787435
866094052787443
866094052787450
866094052787476
866094052787484
866094052787492
866094052787500
866094052787518
866094052787526
866094052787567
866094052787575
866094052787583
866094052787591
866094052787609
866094052787625
866094052787633
866094052787674
866094052787682
866094052787690
866094052787708
866094052787716
866094052787732
866094052787740
866094052787757
866094052787765
866094052787773
866094052787781
866094052787799
866094052787807
866094052787823
866094052787831
866094052787849
866094052787856
866094052787864
866094052787872
866094052787898
866094052787906
866094052787930
866094052787948
866094052787955
866094052787963
866094052787989
866094052787997
866094052788003
866094052788011
866094052788029
866094052788037
866094052788045
866094052788052
866094052788060
866094052788078
866094052788086
866094052788094
866094052788102
866094052788110
866094052788128
866094052788136
866094052788144
866094052788524
866094052788532
866094052788540
866094052788557
866094052788565
866094052788573
866094052788581
866094052788607
866094052788615
866094052788623
866094052789530
866094052790462
866094052791163
866094052791270
866094052791288
866094052791296
866094052791320
866094052791403
866094052791429
866094052791437
866094052791445
866094052791460
866094052791478
866094052791486
866094052791494
866094052791502
866094052791510
866094052791528
866094052791569
866094052791577
866094052791585
866094052791593
866094052791601
866094052791619
866094052791635
866094052791643
866094052791650
866094052791668
866094052791676
866094052791684
866094052791692
866094052791700
866094052791718
866094052791726
866094052791734
866094052791742
866094052791759
866094052791767
866094052791775
866094052791775
866094052791791
866094052791809
866094052791817
866094052791825
866094052791833
866094052791841
866094052791866
866094052791874
866094052791890
866094052791908
866094052791916
866094052791924
866094052791932
866094052791940
866094052791957
866094052791965
866094052791973
866094052791999
866094052792005
866094052792013
866094052792047
866094052792054
866094052792062
866094052792070
866094052792096
866094052792104
866094052792591
866094052792609
866094052792617
866094052792625
866094052792641
866094052792658
866094052792666
866094052792674
866094052792682
866094052792690
866094052792708
866094052792716
866094052792724
866094052792732
866094052792740
866094052792757
866094052792765
866094052792773
866094052792781
866094052792799
866094052792807
866094052792807
866094052792815
866094052792823
866094052792906
866094052792914
866094052793144
866094052793680
866094052793698
866094052793706
866094052793748
866094052793797
866094052793862
866094052793888
866094052793896
866094052793946
866094052793979
866094052793979
866094052793979
866094052793987
866094052793995
866094052794027
866094052794159
866094052794282
866094052794290
866094052794324
866094052794340
866094052794357
866094052794365
866094052794456
866094052794464
866094052794506
866094052794530
866094052794555
866094052794563
866094052794589
866094052794639
866094052794647
866094052794654
866094052794662
866094052794670
866094052794696
866094052794704
866094052794712
866094052794746
866094052794753
866094052794761
866094052794787
866094052794803
866094052794811
866094052794845
866094052794878
866094052794886
866094052794944
866094052794993
866094052795008
866094052795016
866094052795024
866094052795032
866094052795040
866094052795057
866094052795065
866094052795073
866094052795081
866094052795099
866094052795107
866094052795115
866094052795123
866094052795149
866094052795156
866094052795164
866094052795172
866094052795180
866094052795198
866094052795214
866094052795222
866094052795230
866094052795248
866094052795255
866094052795263
866094052795289
866094052795305
866094052795313
866094052795354
866094052795362
866094052795370
866094052795388
866094052795396
866094052795404
866094052795412
866094052795420
866094052795438
866094052795446
866094052795461
866094052795479
866094052795487
866094052795495
866094052795503
866094052795511
866094052795529
866094052795537
866094052795545
866094052795552
866094052795578
866094052795586
866094052795594
866094052795602
866094052795610
866094052795628
866094052795636
866094052795644
866094052795651
866094052795669
866094052795677
866094052795685
866094052795693
866094052795719
866094052795727
866094052795735
866094052795743
866094052795750
866094052795768
866094052795776
866094052795784
866094052795792
866094052795800
866094052795818
866094052795834
866094052795842
866094052795925
866094052796022
866094052796030
866094052796055
866094052796063
866094052796709
866094052796717
866094052796725
866094052796790
866094052796808
866094052796816
866094052796824
866094052796832
866094052796840
866094052796857
866094052796865
866094052796873
866094052796881
866094052796899
866094052796907
866094052796915
866094052796923
866094052796931
866094052796949
866094052796956
866094052796964
866094052796972
866094052796998
866094052797012
866094052797020
866094052797038
866094052797046
866094052797053
866094052797061
866094052797087
866094052797095
866094052797111
866094052797129
866094052797137
866094052797145
866094052797152
866094052797160
866094052797178
866094052797202
866094052797202
866094052797210
866094052797236
866094052797244
866094052797251
866094052797269
866094052797277
866094052797301
866094052797327
866094052797335
866094052797343
866094052797384
866094052797384
866094052797392
866094052797400
866094052797426
866094052797442
866094052797467
866094052797475
866094052797483
866094052797509
866094052797517
866094052797533
866094052797541
866094052797558
866094052797566
866094052797574
866094052797582
866094052797590
866094052797616
866094052797624
866094052797699
866094052797707
866094052797723
866094052797731
866094052797798
866094052798051
866094052798150
866094052798168
866094052798184
866094052798192
866094052798200
866094052798218
866094052798226
866094052798234
866094052798259
866094052798267
866094052798275
866094052798283
866094052798291
866094052798358
866094052798366
866094052798374
866094052798382
866094052798390
866094052798408
866094052798416
866094052798424
866094052798432
866094052798440
866094052798457
866094052798465
866094052798481
866094052798499
866094052798507
866094052798523
866094052798523
866094052798523
866094052798549
866094052798556
866094052798564
866094052798598
866094052798606
866094052798622
866094052798630
866094052798648
866094052798663
866094052798671
866094052798689
866094052798697
866094052798705
866094052798804
866094052798812
866094052799414
866094052799455
866094052799489
866094052799547
866094052799620
866094052799729
866094052799794
866094052799810
866094052799828
866094052799836
866094052799844
866094052799869
866094052799877
866094052799901
866094052799919
866094052799927
866094052799935
866094052799968
866094052799984
866094052799992
866094052800006
866094052800014
866094052800022
866094052800030
866094052800048
866094052800055
866094052800071
866094052800089
866094052800097
866094052800105
866094052800113
866094052800121
866094052800121
866094052800139
866094052800154
866094052800162
866094052800188
866094052800204
866094052800212
866094052800220
866094052800246
866094052800303
866094052800311
866094052800329
866094052800345
866094052800352
866094052800394
866094052800568
866094052800626
866094052800717
866094052800725
866094052800774
866094052800782
866094052800816
866094052801038
866094052801079
866094052801103
866094052801111
866094052801384
866094052801442
866094052801459
866094052801541
866094052801558
866094052801665
866094052801731
866094052801889
866094052801921
866094052802069
866094052802085
866094052802101
866094052802119
866094052802127
866094052802135
866094052802143
866094052802192
866094052802200
866094052802218
866094052802226
866094052802234
866094052802242
866094052802259
866094052802267
866094052802283
866094052802291
866094052802309
866094052802382
866094052802390
866094052802556
866094052802564
866094052802572
866094052802580
866094052802598
866094052802606
866094052802697
866094052802739
866094052802747
866094052802754
866094052802770
866094052802788
866094052802820
866094052802853
866094052802861
866094052802879
866094052804172
866094052804834
866094052804842
866094052804859
866094052804867
866094052804875
866094052804875
866094052804883
866094052804909
866094052804917
866094052804933
866094052804941
866094052804966
866094052805310
866094052805328
866094052805344
866094052805351
866094052805385
866094052805393
866094052805401
866094052805419
866094052805427
866094052806821
866094052807720
866094052807753
866094052808215
866094052809080
866094052809106
866094052809189
866094052809296
866094052809403
866094052809510
866094052809528
866094052809536
866094052809544
866094052809551
866094052809569
866094052809593
866094052809601
866094052809619
866094052809627
866094052809874
866094052809882
866094052809890
866094052809908
866094052809916
866094052809924
866094052809932
866094052809940
866094052809957
866094052809965
866094052809973
866094052809981
866094052809999
866094052810005
866094052810013
866094052810047
866094052810088
866094052810112
866094052810120
866094052810138
866094052810153
866094052810161
866094052810187
866094052810195
866094052810203
866094052810229
866094052810237
866094052810245
866094052810252
866094052810260
866094052810278
866094052810286
866094052810294
866094052810302
866094052810310
866094052810336
866094052810344
866094052810369
866094052810385
866094052810401
866094052810419
866094052810427
866094052810435
866094052810450
866094052810468
866094052810492
866094052810492
866094052810500
866094052810518
866094052810526
866094052810534
866094052810559
866094052810567
866094052810575
866094052810583
866094052811102
866094052812084
866094052812910
866094052812928
866094052812951
866094052813090
866094052813165
866094052814825
866094052814874
866094052815293
866094052815392
866094052815400
866094052815400
866094052815418
866094052815426
866094052815467
866094052815475
866094052815491
866094052815509
866094052815517
866094052815541
866094052815558
866094052815566
866094052815574
866094052815590
866094052815608
866094052815624
866094052815640
866094052815657
866094052815665
866094052815673
866094052815681
866094052815749
866094052815780
866094052815798
866094052815814
866094052815863
866094052815970
866094052816929
866094052818370
866094052818784
866094052818875
866094052819030
866094052819055
866094052819071
866094052819097
866094052819113
866094052819121
866094052819477
866094052819493
866094052819501
866094052819519
866094052819535
866094052819543
866094052819550
866094052819568
866094052819576
866094052819584
866094052819592
866094052819618
866094052819626
866094052819634
866094052819642
866094052819659
866094052819667
866094052819675
866094052819691
866094052819709
866094052819717
866094052819725
866094052819741
866094052819766
866094052819774
866094052819782
866094052819790
866094052819808
866094052819816
866094052819824
866094052819956
866094052819964
866094052819972
866094052819980
866094052819998
866094052820012
866094052820020
866094052820038
866094052820046
866094052820053
866094052820061
866094052820525
866094052820558
866094052820566
866094052820574
866094052820582
866094052820590
866094052820608
866094052820616
866094052820624
866094052820640
866094052820665
866094052820673
866094052820681
866094052820699
866094052820707
866094052820715
866094052820723
866094052820731
866094052820749
866094052820764
866094052820772
866094052820798
866094052820806
866094052820814
866094052820822
866094052820830
866094052820848
866094052820863
866094052820897
866094052820913
866094052820921
866094052820939
866094052820947
866094052820954
866094052820962
866094052820996
866094052821028
866094052821044
866094052821051
866094052821069
866094052821093
866094052821101
866094052821119
866094052821127
866094052821150
866094052821168
866094052821176
866094052821184
866094052821259
866094052821630
866094052821689
866094052821887
866094052821895
866094052821903
866094052821911
866094052821937
866094052821945
866094052821952
866094052821986
866094052821994
866094052822000
866094052822018
866094052822026
866094052822042
866094052822059
866094052822075
866094052822083
866094052822091
866094052822109
866094052822489
866094052822497
866094052822505
866094052822513
866094052822521
866094052822539
866094052822547
866094052822554
866094052822562
866094052822570
866094052822588
866094052822596
866094052822604
866094052822612
866094052822620
866094052822646
866094052822653
866094052822661
866094052822679
866094052822703
866094052822794
866094052822802
866094052822810
866094052822828
866094052823321
866094052823461
866094052823487
866094052823495
866094052823503
866094052823511
866094052823529
866094052823537
866094052823545
866094052823792
866094052823818
866094052823842
866094052823925
866094052823958
866094052823966
866094052823966
866094052823966
866094052823974
866094052823982
866094052823990
866094052824014
866094052824055
866094052824063
866094052824071
866094052824089
866094052824097
866094052824097
866094052824113
866094052824121
866094052824139
866094052824147
866094052824154
866094052824170
866094052824188
866094052824196
866094052824204
866094052824212
866094052824220
866094052824238
866094052824246
866094052824261
866094052824279
866094052824287
866094052824295
866094052824303
866094052824311
866094052824329
866094052824337
866094052824345
866094052824352
866094052824386
866094052824394
866094052824402
866094052824410
866094052824428
866094052824436
866094052824444
866094052824451
866094052824469
866094052824477
866094052824477
866094052824485
866094052824493
866094052824600
866094052824956
866094052824964
866094052824980
866094052825839
866094052825847
866094052825854
866094052825862
866094052825870
866094052825870
866094052825888
866094052825896
866094052825904
866094052825953
866094052825961
866094052825979
866094052825987
866094052825995
866094052826001
866094052826019
866094052826035
866094052826043
866094052826068
866094052826076
866094052826084
866094052826118
866094052826134
866094052826142
866094052826159
866094052826167
866094052826175
866094052826191
866094052826209
866094052826217
866094052826225
866094052826241
866094052826258
866094052826266
866094052826274
866094052826282
866094052826283
866094052826290
866094052826308
866094052826316
866094052826332
866094052826340
866094052826365
866094052826373
866094052826381
866094052826399
866094052826399
866094052826415
866094052826423
866094052826431
866094052826464
866094052826498
866094052826506
866094052826530
866094052826555
866094052826563
866094052826571
866094052826597
866094052826605
866094052826613
866094052826654
866094052826670
866094052826688
866094052826688
866094052826704
866094052826712
866094052826738
866094052826753
866094052826779
866094052826787
866094052826811
866094052826829
866094052826837
866094052826845
866094052826852
866094052826860
866094052826878
866094052826886
866094052826894
866094052826902
866094052826910
866094052826928
866094052826936
866094052826944
866094052826951
866094052827009
866094052827017
866094052827025
866094052827033
866094052827041
866094052827058
866094052827066
866094052827108
866094052827108
866094052827124
866094052827132
866094052827173
866094052827223
866094052827272
866094052827306
866094052827322
866094052827330
866094052827371
866094052827397
866094052827405
866094052827413
866094052827421
866094052827447
866094052827454
866094052827462
866094052827488
866094052827496
866094052827504
866094052827512
866094052827520
866094052827538
866094052827546
866094052827553
866094052827561
866094052827579
866094052827587
866094052827595
866094052827629
866094052827637
866094052827637
866094052827637
866094052827645
866094052827652
866094052827678
866094052827710
866094052827744
866094052827769
866094052827777
866094052827785
866094052827793
866094052827801
866094052827819
866094052827827
866094052827835
866094052827850
866094052827868
866094052827876
866094052827884
866094052827892
866094052827900
866094052827918
866094052827926
866094052827934
866094052827942
866094052827967
866094052827975
866094052827983
866094052827991
866094052828007
866094052828015
866094052828023
866094052828031
866094052828049
866094052828056
866094052828056
866094052828064
866094052828072
866094052828080
866094052828098
866094052828106
866094052828114
866094052828122
866094052828130
866094052828148
866094052828155
866094052828163
866094052828171
866094052828197
866094052828205
866094052828213
866094052828221
866094052828239
866094052828247
866094052828254
866094052828262
866094052828270
866094052828296
866094052828304
866094052828320
866094052828346
866094052828353
866094052828361
866094052828387
866094052828403
866094052828411
866094052828437
866094052828452
866094052828478
866094052828486
866094052828494
866094052828502
866094052828528
866094052828536
866094052828544
866094052828551
866094052828585
866094052828593
866094052828619
866094052828635
866094052828643
866094052828676
866094052828692
866094052828718
866094052828726
866094052828734
866094052828742
866094052828767
866094052828775
866094052828783
866094052828791
866094052828809
866094052828817
866094052828825
866094052829559
866094052829567
866094052829575
866094052829583
866094052829591
866094052829609
866094052829617
866094052829625
866094052829633
866094052829658
866094052829666
866094052829799
866094052829807
866094052829815
866094052829823
866094052829849
866094052829856
866094052829864
866094052829872
866094052829880
866094052829898
866094052829906
866094052829914
866094052829922
866094052829930
866094052829948
866094052829955
866094052829963
866094052829971
866094052829989
866094052830003
866094052830011
866094052830029
866094052830037
866094052830045
866094052830052
866094052830086
866094052830094
866094052830102
866094052830110
866094052830128
866094052830136
866094052830144
866094052830516
866094052830532
866094052830540
866094052830557
866094052830607
866094052830615
866094052830698
866094052830706
866094052830722
866094052830730
866094052830748
866094052830870
866094052830888
866094052830896
866094052830904
866094052830912
866094052830912
866094052830920
866094052830938
866094052830946
866094052830961
866094052830987
866094052830995
866094052831001
866094052831019
866094052831027
866094052831043
866094052831050
866094052831068
866094052831076
866094052831084
866094052831084
866094052831092
866094052831142
866094052831159
866094052831175
866094052831183
866094052831191
866094052831209
866094052831217
866094052831225
866094052831472
866094052831480
866094052831498
866094052831514
866094052831522
866094052831530
866094052831548
866094052831563
866094052831571
866094052831589
866094052831597
866094052831605
866094052831621
866094052831639
866094052831647
866094052831654
866094052831662
866094052831670
866094052831688
866094052831696
866094052831704
866094052831712
866094052831712
866094052831720
866094052831738
866094052831753
866094052831761
866094052831779
866094052831787
866094052831795
866094052831803
866094052831811
866094052831829
866094052831837
866094052831845
866094052831845
866094052831852
866094052831860
866094052831878
866094052831886
866094052831894
866094052831902
866094052831910
866094052831928
866094052831944
866094052831951
866094052831969
866094052831977
866094052831993
866094052832009
866094052832025
866094052832033
866094052832041
866094052832058
866094052832066
866094052832082
866094052832090
866094052832108
866094052832140
866094052832157
866094052832165
866094052832173
866094052832199
866094052832207
866094052832215
866094052832223
866094052832231
866094052832249
866094052832264
866094052832272
866094052832280
866094052832298
866094052832306
866094052832314
866094052832322
866094052832330
866094052832348
866094052832355
866094052832363
866094052832371
866094052832389
866094052832397
866094052832405
866094052832413
866094052832421
866094052832447
866094052832462
866094052832470
866094052832488
866094052832496
866094052832504
866094052832512
866094052832520
866094052832538
866094052832546
866094052832553
866094052832561
866094052832579
866094052832587
866094052832603
866094052832611
866094052832629
866094052832645
866094052832652
866094052832660
866094052832678
866094052832686
866094052832694
866094052832702
866094052832710
866094052832728
866094052832736
866094052832744
866094052832751
866094052832769
866094052832777
866094052832785
866094052832793
866094052832801
866094052832819
866094052832827
866094052832835
866094052832843
866094052832850
866094052832868
866094052832876
866094052832884
866094052832892
866094052832900
866094052832918
866094052832926
866094052832926
866094052832959
866094052832967
866094052832975
866094052832983
866094052832991
866094052833007
866094052833015
866094052833023
866094052833031
866094052833049
866094052833056
866094052833064
866094052833072
866094052833080
866094052833098
866094052833114
866094052833122
866094052833130
866094052833148
866094052833155
866094052833163
866094052833189
866094052833197
866094052833221
866094052833239
866094052833247
866094052833262
866094052833379
866094052833635
866094052833643
866094052833650
866094052833676
866094052833692
866094052833700
866094052833718
866094052833734
866094052833742
866094052833759
866094052833767
866094052833775
866094052833783
866094052833817
866094052833825
866094052833833
866094052833858
866094052833866
866094052833999
866094052834005
866094052834013
866094052834021
866094052834039
866094052834047
866094052834054
866094052834062
866094052834070
866094052834088
866094052834096
866094052834104
866094052834237
866094052834245
866094052834252
866094052834260
866094052834278
866094052834286
866094052834302
866094052834310
866094052834328
866094052834336
866094052834344
866094052834468
866094052834575
866094052834674
866094052834807
866094052834815
866094052834823
866094052835069
866094052835168
866094052835895
866094052836109
866094052836125
866094052836141
866094052836216
866094052836232
866094052836257
866094052836265
866094052836356
866094052836372
866094052836463
866094052836497
866094052836513
866094052836521
866094052836547
866094052836554
866094052836562
866094052836570
866094052836588
866094052836638
866094052836646
866094052836653
866094052836661
866094052836679
866094052836687
866094052836695
866094052836703
866094052836711
866094052836729
866094052836737
866094052836745
866094052836752
866094052836760
866094052836778
866094052836786
866094052836802
866094052836810
866094052836828
866094052836836
866094052836844
866094052836851
866094052836869
866094052836877
866094052836885
866094052836893
866094052836901
866094052836935
866094052836943
866094052836950
866094052836976
866094052836984
866094052836992
866094052837008
866094052837024
866094052837057
866094052837115
866094052837123
866094052837156
866094052837164
866094052837172
866094052837180
866094052837198
866094052837206
866094052837214
866094052837222
866094052837263
866094052837271
866094052837289
866094052837297
866094052837305
866094052837313
866094052837321
866094052837339
866094052837347
866094052837354
866094052837362
866094052837370
866094052837404
866094052837412
866094052837420
866094052837438
866094052837446
866094052837453
866094052837461
866094052837602
866094052837610
866094052837628
866094052837636
866094052837644
866094052837651
866094052837669
866094052837677
866094052837693
866094052837701
866094052837719
866094052837735
866094052837743
866094052837750
866094052837776
866094052837784
866094052837818
866094052837826
866094052837834
866094052837842
866094052837859
866094052837867
866094052837875
866094052837891
866094052837909
866094052837917
866094052837925
866094052837933
866094052837941
866094052837958
866094052837966
866094052837974
866094052837982
866094052837990
866094052838006
866094052838014
866094052838022
866094052838030
866094052838055
866094052838063
866094052838071
866094052838089
866094052838105
866094052838113
866094052838121
866094052838139
866094052838147
866094052838154
866094052838162
866094052838170
866094052838196
866094052838204
866094052838212
866094052838238
866094052838253
866094052838261
866094052838402
866094052838410
866094052841000
866094052841018
866094052841026
866094052841034
866094052841141
866094052844079
866094052844087
866094052844111
866094052844129
866094052844137
866094052844145
866094052844160
866094052844178
866094052844186
866094052844939
866094052845035
866094052845043
866094052845050
866094052845068
866094052845084
866094052845092
866094052845100
866094052845118
866094052845134
866094052845159
866094052845175
866094052845225
866094052845761
866094052846447
866094052846454
866094052847551
866094052849714
866094052849722
866094052849839
866094052849847
866094052849854
866094052849862
866094052849870
866094052849888
866094052849896
866094052849904
866094052849912
866094052849920
866094052849938
866094052849946
866094052849961
866094052849979
866094052849995
866094052850001
866094052850019
866094052850027
866094052850035
866094052850043
866094052850050
866094052850068
866094052850076
866094052850084
866094052850092
866094052850118
866094052850126
866094052850134
866094052850159
866094052850167
866094052850175
866094052850183
866094052850191
866094052850209
866094052850225
866094052850233
866094052850233
866094052850241
866094052850258
866094052850266
866094052850282
866094052850290
866094052850308
866094052850316
866094052850324
866094052850332
866094052850340
866094052850357
866094052850365
866094052850373
866094052850381
866094052850399
866094052850407
866094052850415
866094052850423
866094052850431
866094052850449
866094052850456
866094052850464
866094052850472
866094052850480
866094052850498
866094052850506
866094052850514
866094052850522
866094052850530
866094052850548
866094052850563
866094052850589
866094052850597
866094052850605
866094052850613
866094052850621
866094052850639
866094052850647
866094052850654
866094052850662
866094052850688
866094052850696
866094052850712
866094052850720
866094052850738
866094052850746
866094052850753
866094052850787
866094052850795
866094052850803
866094052850811
866094052850829
866094052850837
866094052850845
866094052850852
866094052850860
866094052850878
866094052850886
866094052850894
866094052850902
866094052850910
866094052850928
866094052850936
866094052850944
866094052850951
866094052850969
866094052850977
866094052850985
866094052850993
866094052851009
866094052851025
866094052851033
866094052851041
866094052851058
866094052851066
866094052851074
866094052851082
866094052851090
866094052851108
866094052851116
866094052851124
866094052851132
866094052851140
866094052851157
866094052851165
866094052851173
866094052851181
866094052851199
866094052851207
866094052851215
866094052851223
866094052851231
866094052851249
866094052851256
866094052851264
866094052851272
866094052851272
866094052851280
866094052851298
866094052851314
866094052851330
866094052851348
866094052851355
866094052851363
866094052851371
866094052851405
866094052851421
866094052851447
866094052851454
866094052851462
866094052851470
866094052851488
866094052851496
866094052851512
866094052851520
866094052851538
866094052851546
866094052851553
866094052851561
866094052851579
866094052851595
866094052851603
866094052851611
866094052851629
866094052851637
866094052851645
866094052851678
866094052851686
866094052851694
866094052851702
866094052851710
866094052851728
866094052851736
866094052851744
866094052851751
866094052851769
866094052851777
866094052851785
866094052851793
866094052851801
866094052851819
866094052851827
866094052851835
866094052851843
866094052851843
866094052851850
866094052851868
866094052851900
866094052851918
866094052851926
866094052851934
866094052851959
866094052851967
866094052851975
866094052851983
866094052852114
866094052852122
866094052852130
866094052852148
866094052852155
866094052852171
866094052852205
866094052852262
866094052852270
866094052852304
866094052852312
866094052852320
866094052852338
866094052852346
866094052855802
866094052856073
866094052856081
866094052856107
866094052856123
866094052856131
866094052856149
866094052856156
866094052856180
866094052856818
866094052856826
866094052856834
866094052856842
866094052856933
866094052856958
866094052856966
866094052856974
866094052856982
866094052856990
866094052857006
866094052857014
866094052857022
866094052857154
866094052857162
866094052857170
866094052857188
866094052857196
866094052857212
866094052857220
866094052857261
866094052857303
866094052857337
866094052857360
866094052857386
866094052857964
866094052858210
866094052858244
866094052858285
866094052858327
866094052858335
866094052858368
866094052858400
866094052858467
866094052858517
866094052858533
866094052858558
866094052858574
866094052858582
866094052859531
866094052860877
866094052860885
866094052860893
866094052860927
866094052860992
866094052861008
866094052861016
866094052861024
866094052861032
866094052861040
866094052861057
866094052861065
866094052861073
866094052861081
866094052861099
866094052861107
866094052861115
866094052861123
866094052861131
866094052861149
866094052861156
866094052861164
866094052861172
866094052861180
866094052861198
866094052861206
866094052861222
866094052861230
866094052861248
866094052861255
866094052861263
866094052861271
866094052861289
866094052861297
866094052861313
866094052861321
866094052861339
866094052861347
866094052861594
866094052861602
866094052861610
866094052861628
866094052861636
866094052861644
866094052861651
866094052861669
866094052861677
866094052861685
866094052861701
866094052861719
866094052861727
866094052861735
866094052861743
866094052861750
866094052861768
866094052861776
866094052861784
866094052861792
866094052861800
866094052861818
866094052862196
866094052862204
866094052862212
866094052862220
866094052862238
866094052862246
866094052862261
866094052862279
866094052862287
866094052862295
866094052862303
866094052863277
866094052863285
866094052863293
866094052863301
866094052863319
866094052863327
866094052863335
866094052863343
866094052863350
866094052863368
866094052863376
866094052863384
866094052863699
866094052863707
866094052863723
866094052863954
866094052863996
866094052864002
866094052864010
866094052864093
866094052864119
866094052864127
866094052864135
866094052864259
866094052864267
866094052864283
866094052864291
866094052864309
866094052864317
866094052864325
866094052864333
866094052864341
866094052864366
866094052864382
866094052864390
866094052864408
866094052864416
866094052864416
866094052864465
866094052864473
866094052864481
866094052864499
866094052864515
866094052864523
866094052864531
866094052864549
866094052864556
866094052864564
866094052864580
866094052864598
866094052864606
866094052864614
866094052864622
866094052864630
866094052864655
866094052864663
866094052864671
866094052864713
866094052864721
866094052864739
866094052864747
866094052864754
866094052864762
866094052864770
866094052864788
866094052864796
866094052864804
866094052864820
866094052864986
866094052864994
866094052865017
866094052865025
866094052865033
866094057435712
866094057804883
866094057849854
866094058161338
866094058172996
866094058172996
866094058336922
866094058338548
866094058338621
866094058343902
866094058365178
866094058367570
866094058370327
866094058377595
866094058383130
866094058388204
866094058389087
866094058395563
866094058395852
866094058395969
866094058398955
866094058399896
866094058400017
866094058400025
866094058400041
866094058400058
866094058400090
866094058400124
866094058400132
866094058400157
866094058400165
866094058400173
866094058400181
866094058400207
866094058400215
866094058400223
866094058400231
866094058400272
866094058400306
866094058400330
866094058400348
866094058400421
866094058400702
866094058404506
866094058412160
866094058415544
866094058416344
866094058417300
866094058417300
866094058417318
866094058417334
866094058417342
866094058417359
866094058417367
866094058417375
866094058417383
866094058417391
866094058417409
866094058417417
866094058417425
866094058417433
866094058417466
866094058417474
866094058417490
866094058417508
866094058417524
866094058417532
866094058417540
866094058417557
866094058417565
866094058417581
866094058417599
866094058417607
866094058417615
866094058417862
866094058418258
866094058421476
866094058421492
866094058421500
866094058421633
866094058421682
866094058421690
866094058423381
866094058429578
866094058431145
866094058435518
866094058435633
866094058435641
866094058435658
866094058435666
866094058435674
866094058435682
866094058435708
866094058435716
866094058435724
866094058435732
866094058435740
866094058435757
866094058435765
866094058435773
866094058435781
866094058435799
866094058435807
866094058435823
866094058435849
866094058435864
866094058435880
866094058435898
866094058435906
866094058435914
866094058435930
866094058435948
866094058435955
866094058435963
866094058435989
866094058435992
866094058436029
866094058436037
866094058436086
866094058436094
866094058437415
866094058440799
866094058442696
866094058442704
866094058442746
866094058442829
866094058443074
866094058443082
866094058443090
866094058443108
866094058443116
866094058443124
866094058443157
866094058448263
866094058448461
866094058449311
866094058449337
866094058449345
866094058449360
866094058449378
866094058449386
866094058449394
866094058449402
866094058449428
866094058449568
866094058449576
866094058449592
866094058449600
866094058449618
866094058449626
866094058449659
866094058449667
866094058449774
866094058449857
866094058449865
866094058449873
866094058449899
866094058449907
866094058450160
866094058450285
866094058450293
866094058450319
866094058450335
866094058450343
866094058450350
866094058450376
866094058450384
866094058450400
866094058450418
866094058450442
866094058450467
866094058450483
866094058450491
866094058450509
866094058450517
866094058450525
866094058450582
866094058450590
866094058450608
866094058450624
866094058450756
866094058450764
866094058450772
866094058450806
866094058450822
866094058450830
866094058450848
866094058450855
866094058451002
866094058451010
866094058451028
866094058451051
866094058451077
866094058451085
866094058451093
866094058451119
866094058451143
866094058451192
866094058451218
866094058451598
866094058451606
866094058451648
866094058451671
866094058453578
866094058453628
866094058453990
866094058453990
866094058454022
866094058454030
866094058454063
866094058454089
866094058454105
866094058454105
866094058454105
866094058454238
866094058454246
866094058454253
866094058454261
866094058454295
866094058454329
866094058454345
866094058454352
866094058454378
866094058454394
866094058454402
866094058454410
866094058454428
866094058454436
866094058454444
866094058454477
866094058454485
866094058454493
866094058454493
866094058454501
866094058454527
866094058454535
866094058454543
866094058454550
866094058454568
866094058454576
866094058454592
866094058454600
866094058454618
866094058454626
866094058454642
866094058454659
866094058454675
866094058454683
866094058454717
866094058454725
866094058454733
866094058454741
866094058454758
866094058454766
866094058454782
866094058454824
866094058454998
866094058455037
866094058455060
866094058455078
866094058455086
866094058455094
866094058455102
866094058455110
866094058455128
866094058455144
866094058455169
866094058455177
866094058455326
866094058455334
866094058455524
866094058455557
866094058455607
866094058455615
866094058455623
866094058455631
866094058455656
866094058455664
866094058455672
866094058455706
866094058455714
866094058455722
866094058455748
866094058455789
866094058455946
866094058455961
866094058455987
866094058455995
866094058456001
866094058456019
866094058456027
866094058456159
866094058456167
866094058457264
866094058457314
866094058457322
866094058457470
866094058457488
866094058457496
866094058457504
866094058457538
866094058457546
866094058457553
866094058457850
866094058457942
866094058458072
866094058458098
866094058458106
866094058458114
866094058458122
866094058458130
866094058458148
866094058458155
866094058458163
866094058458171
866094058458189
866094058458296
866094058458320
866094058458338
866094058458346
866094058458353
866094058458361
866094058458379
866094058458387
866094058458395
866094058458403
866094058458411
866094058458429
866094058458437
866094058458452
866094058458460
866094058458478
866094058458486
866094058458494
866094058458502
866094058458510
866094058458528
866094058458536
866094058458544
866094058458676
866094058458684
866094058458692
866094058458700
866094058458718
866094058458726
866094058458734
866094058458742
866094058458767
866094058458775
866094058458783
866094058458809
866094058458924
866094058458932
866094058458940
866094058458957
866094058458965
866094058458981
866094058458999
866094058459005
866094058459013
866094058459021
866094058459062
866094058459070
866094058459104
866094058459120
866094058459138
866094058459153
866094058459161
866094058459179
866094058459187
866094058459203
866094058459211
866094058459229
866094058459237
866094058459252
866094058459641
866094058459658
866094058459682
866094058459708
866094058459740
866094058459872
866094058459880
866094058459898
866094058459914
866094058459922
866094058459930
866094058459963
866094058459971
866094058459989
866094058461111
866094058462512
866094058462520
866094058462538
866094058462546
866094058462553
866094058462561
866094058462587
866094058462595
866094058462611
866094058462751
866094058462769
866094058462785
866094058462793
866094058462801
866094058462819
866094058462827
866094058462835
866094058462843
866094058462850
866094058462868
866094058462884
866094058463395
866094058463957
866094058464559
866094058464575
866094058464674
866094058464740
866094058464757
866094058464799
866094058464971
866094058465002
866094058465010
866094058465028
866094058465036
866094058465044
866094058465051
866094058465069
866094058465077
866094058465135
866094058465143
866094058465457
866094058465481
866094058465499
866094058465507
866094058465879
866094058465937
866094058465986
866094058466125
866094058466133
866094058466141
866094058466158
866094058466166
866094058466174
866094058466182
866094058466190
866094058466208
866094058466216
866094058466257
866094058466265
866094058466273
866094058466281
866094058466299
866094058466307
866094058466315
866094058466323
866094058466331
866094058466349
866094058466364
866094058466380
866094058466398
866094058466406
866094058466422
866094058466430
866094058466448
866094058466455
866094058466463
866094058466471
866094058466489
866094058466497
866094058466513
866094058466521
866094058466539
866094058466547
866094058466554
866094058466562
866094058466570
866094058466588
866094058466711
866094058466729
866094058466737
866094058466745
866094058466760
866094058466778
866094058466786
866094058466802
866094058466828
866094058466844
866094058466851
866094058466869
866094058466877
866094058466885
866094058466893
866094058466901
866094058466919
866094058466927
866094058466935
866094058466950
866094058466968
866094058466976
866094058466984
866094058467008
866094058467016
866094058467024
866094058467032
866094058467040
866094058467057
866094058467065
866094058467081
866094058467107
866094058467131
866094058467156
866094058467164
866094058467172
866094058467206
866094058467222
866094058467230
866094058467248
866094058467263
866094058467271
866094058467289
866094058467297
866094058467305
866094058467438
866094058467453
866094058467461
866094058467479
866094058467487
866094058467495
866094058467503
866094058467511
866094058467529
866094058467537
866094058467545
866094058467677
866094058467685
866094058467693
866094058467719
866094058467727
866094058467743
866094058467750
866094058467792
866094058467818
866094058467826
866094058467834
866094058467842
866094058467859
866094058467867
866094058467875
866094058467883
866094058467891
866094058467909
866094058467941
866094058468170
866094058468303
866094058468311
866094058468329
866094058468337
866094058468345
866094058468360
866094058468378
866094058468386
866094058468535
866094058468543
866094058468550
866094058468568
866094058468576
866094058468584
866094058468592
866094058468600
866094058468618
866094058468626
866094058468774
866094058468782
866094058468790
866094058468808
866094058468816
866094058468824
866094058468840
866094058468857
866094058468865
866094058468865
866094058468873
866094058468881
866094058468899
866094058468923
866094058468931
866094058468964
866094058468972
866094058468980
866094058469129
866094058469137
866094058469145
866094058469152
866094058469160
866094058469178
866094058469186
866094058469194
866094058469202
866094058469210
866094058469228
866094058469244
866094058469251
866094058469269
866094058469277
866094058469285
866094058469293
866094058469301
866094058469319
866094058469475
866094058469483
866094058469491
866094058469509
866094058469517
866094058469525
866094058469533
866094058469541
866094058469566
866094058469574
866094058469723
866094058469756
866094058469780
866094058469814
866094058469822
866094058469830
866094058469848
866094058469855
866094058469863
866094058469871
866094058469889
866094058469897
866094058469905
866094058469913
866094058469947
866094058469970
866094058469988
866094058469996
866094058470002
866094058470028
866094058470036
866094058470051
866094058470077
866094058470085
866094058470093
866094058470101
866094058470119
866094058470127
866094058470143
866094058470150
866094058470168
866094058470176
866094058470184
866094058470572
866094058470580
866094058470606
866094058470614
866094058470630
866094058470655
866094058470663
866094058470689
866094058470697
866094058470705
866094058470713
866094058470721
866094058470762
866094058470770
866094058470788
866094058471000
866094058471018
866094058471026
866094058471034
866094058471042
866094058471075
866094058471083
866094058471091
866094058471109
866094058471117
866094058471125
866094058471141
866094058471158
866094058471166
866094058471174
866094058471190
866094058471224
866094058471232
866094058471240
866094058471257
866094058471273
866094058471281
866094058471299
866094058471307
866094058471315
866094058471356
866094058471364
866094058471398
866094058471414
866094058471422
866094058471455
866094058471463
866094058471471
866094058471489
866094058471497
866094058471513
866094058471521
866094058471539
866094058471547
866094058471554
866094058471562
866094058471570
866094058471588
866094058471596
866094058471604
866094058471612
866094058471620
866094058471638
866094058471646
866094058471661
866094058471679
866094058471687
866094058471695
866094058471703
866094058471711
866094058471729
866094058471737
866094058471745
866094058471752
866094058471760
866094058471778
866094058471786
866094058471794
866094058471802
866094058471810
866094058471836
866094058471851
866094058471869
866094058471877
866094058471885
866094058471893
866094058471901
866094058471927
866094058471935
866094058471950
866094058471950
866094058471968
866094058471976
866094058471984
866094058471992
866094058472008
866094058472016
866094058472024
866094058472040
866094058472057
866094058472065
866094058472073
866094058472099
866094058472107
866094058474152
866094058477510
866094058477528
866094058477536
866094058477544
866094058477551
866094058477569
866094058477577
866094058477585
866094058477593
866094058477601
866094058477627
866094058477635
866094058477643
866094058477650
866094058477676
866094058477684
866094058477700
866094058477734
866094058477742
866094058477759
866094058477767
866094058477775
866094058477783
866094058477791
866094058477817
866094058477833
866094058477841
866094058477858
866094058477866
866094058477999
866094058478013
866094058478021
866094058478039
866094058478047
866094058478062
866094058478070
866094058478088
866094058478096
866094058478104
866094058479193
866094058479219
866094058479227
866094058479235
866094058479243
866094058479250
866094058479268
866094058479276
866094058479284
866094058479292
866094058479300
866094058479441
866094058479458
866094058479466
866094058479482
866094058479482
866094058479490
866094058479508
866094058479524
866094058479532
866094058479540
866094058480241
866094058480258
866094058516994
866094058517000
866094058517018
866094058517497
866094058517505
866094058517521
866094058517562
866094058517570
866094059996353
8660945051539878
866207072625043
866207072626280
866207072640364
866207072640620
866207072640620
866207072645041
866207072645066
866207072645561
866207072655404
866207074411573
866207075000574
866207075001135
866207075001176
866207075001176
866207075001176
866207075001218
866207075001259
866207075001275
866207075001291
866207075001317
866207075001333
866207075001374
866207075001416
866207075001432
866207075001457
866207075001473
866207075001499
866207075001515
866207075001531
866207075001531
866207075001598
866207075001598
866207075001655
866207075001671
866207075001713
866207075001739
866207075001770
866207075001796
866207075001812
866207075001838
866207075001853
866207075001879
866207075001895
866207075001911
866207075001937
866207075001952
866207075001994
866207075002018
866207075002034
866207075002059
866207075002075
866207075002091
866207075002117
866207075002133
866207075002174
866207075002190
866207075002273
866207075002299
866207075002299
866207075002299
866207075002299
866207075002299
866207075002315
866207075002331
866207075002356
866207075002372
866207075002398
866207075002414
866207075002455
866207075002497
866207075002497
866207075002497
866207075002539
866207075002570
866207075002612
866207075002612
866207075002653
866207075002695
866207075002737
866207075006936
866207075006977
866207075007090
866207075007132
866207075007231
866207075007272
866207075007314
866207075007314
866207075007355
866207075007355
866207075007355
866207075007355
866207075007390
866207075007391
866207075007397
866207075007439
866207075007470
866207075007496
866207075007538
866207075007579
866207075007611
866207075007652
866207075007678
866207075007710
866207075007736
866207075007751
866207075007777
866207075007793
866207075007819
866207075007835
866207075007850
866207075007876
866207075007892
866207075007918
866207075007934
866207075007937
866207075007975
866207075007991
866207075008015
866207075008031
866207075008056
866207075008072
866207075008098
866207075008114
866207075008130
866207075008155
866207075008171
866207075008197
866207075008213
866207075008239
866207075008254
866207075008270
866207075008296
866207075008312
866207075008338
866207075008353
866207075008379
866207075008395
866207075008411
866207075008452
866207075008478
866207075008493
866207075008494
866207075008510
866207075008536
866207075008551
866207075008593
866207075008619
866207075008635
866207075008650
866207075008676
866207075008692
866207075008718
866207075008734
866207075008759
866207075008775
866207075008791
866207075008817
866207075008833
866207075008874
866207075008890
866207075008916
866207075008932
866207075008957
866207075008973
866207075008999
866207075009013
866207075009039
866207075009054
866207075009070
866207075009096
866207075009138
866207075009179
866207075009179
866207075009211
866207075009211
866207075009211
866207075009252
866207075009294
866207075009377
866207075009419
866207075009450
866207075009492
866207075009534
866207075009575
866207075009591
866207075009716
866207075009732
866207075009757
866207075009773
866207075009815
866207075009856
866207075009872
866207075009898
866207075009914
866207075009930
866207075009971
866207075009997
866207075010011
866207075010037
866207075010052
866207075010078
866207075010110
866207075010151
866207075010193
866207075010235
866207075010433
866207075010474
866207075010516
866207075010557
866207075010573
866207075010599
866207075010730
866207075010771
866207075174072
866207075174239
866207075174510
866207075174551
866207075226898
866207075230031
866207075230072
866207075230114
866207075230114
866207075230270
866207075230478
866207075289219
866207075292197
866207075292239
866207075292312
866207075292353
866207075292395
866207075292635
866207075324750
866207075362792
866207075362818
866207075362818
866207075362834
866207075362859
866207075362891
866207075362974
866207075363051
866207075363055
866207075363065
866207075363139
866207075363139
866207075363170
866207075363212
866207075363253
866207075363378
866207075363394
866207075363410
866207075363410
866207075363436
866207075363733
866207075363873
866207075363873
866207075363915
866207075364038
866207075364079
866207075364111
866207075364152
866207075364194
866207075364319
866207075365738
866207075365779
866207075365811
866207075365852
866207075365894
866207075365894
866207075366595
866207075366611
866207075366611
866207075366611
866207075366751
866207075366751
866207075366835
866207075366876
866207075366918
866207075366959
866207075366991
866207075367031
866207075367056
866207075367072
866207075367114
866207075367114
866207075367197
866207075387518
866207075387559
866207075387591
866207075387674
866207075409510
866207075409551
866207075410732
866207075410757
866207075410773
866207075410856
866207075410856
866207075410898
866207075410914
866207075410930
866207075410955
866207075410997
866207075411011
866207075411037
866207075411052
866207075411078
866207075411094
866207075411110
866207075411136
866207075411151
866207075411177
866207075411219
866207075411219
866207075411235
866207075411292
866207075411318
866207075411318
866207075411334
866207075411417
866207075411458
866207075411490
866207075411532
866207075411573
866207075411573
866207075411615
866207075411615
866207075411615
866207075411656
866207075411698
866207075411730
866207075411771
866207075422532
866207075440150
866207075440192
866207075440234
866207075440275
866207075440317
866207075440390
866207075440432
866207075440473
866207075440515
866207075440556
866207075440598
866207075440614
866207075440630
866207075440655
866207075440697
866207075440739
866207075440770
866207075440937
866207075440978
866207075441018
866207075441331
866207075441356
866207075441372
866207075441398
866207075441414
866207075441430
866207075441430
866207075441471
866207075441497
866207075441513
866207075441539
866207075441554
866207075441570
866207075441596
866207075441596
866207075441612
866207075441653
866207075441679
866207075441778
866207075441810
866207075441836
866207075441877
866207075441877
866207075441893
866207075441919
866207075441935
866207075441950
866207075441976
866207075441992
866207075442016
866207075442032
866207075442057
866207075442073
866207075442099
866207075442115
866207075442136
866207075442156
866207075442156
866207075442156
866207075442156
866207075442156
866207075442172
866207075442198
866207075442214
866207075442230
866207075442255
866207075442271
866207075442297
866207075442313
866207075442313
866207075442339
866207075442354
866207075442370
866207075442396
866207075442412
866207075442438
866207075442438
866207075442453
866207075442479
866207075442511
866207075442552
866207075442594
866207075442636
866207075442677
866207075442719
866207075442792
866207075442834
866207075442875
866207075442917
866207075442958
866207075443030
866207075443139
866207075443170
866207075443212
866207075443253
866207075443295
866207075443337
866207075443378
866207075443394
866207075443410
866207075443436
866207075443477
866207075443519
866207075443550
866207075443634
866207075443675
866207075443717
866207075443758
866207075443790
866207075443832
866207075443873
866207075443915
866207075443956
866207075443956
866207075443998
866207075444236
866207075444251
866207075444293
866207075444319
866207075444335
866207075444376
866207075444418
866207075444459
866207075444491
866207075444492
866207075444493
866207075444493
866207075444533
866207075444574
866207075444616
866207075444657
866207075444731
866207075444772
866207075444897
866207075444939
866207075444970
866207075445019
866207075445134
866207075445175
866207075445217
866207075445233
866207075445258
866207075445274
866207075445316
866207075445357
866207075445399
866207075445415
866207075445472
866207075445498
866207075445597
866207075445639
866207075445670
866207075445712
866207075445738
866207075445795
866207075445811
866207075445837
866207075445852
866207075445878
866207075445910
866207075445936
866207075445951
866207075446017
866207075446058
866207075446074
866207075446157
866207075446157
866207075447213
866207075447254
866207075447296
866207075447338
866207075447379
866207075447411
866207075447452
866207075447494
866207075447536
866207075447577
866207075447619
866207075447833
866207075447874
866207075447916
866207075448195
866207075448195
866207075448237
866207075448476
866207075448518
866207075448559
866207075448591
866207075448633
866207075448674
866207075448716
866207075448757
866207075448831
866207075448872
866207075492078
866207075492078
866207075492078
866207075492078
866207075492110
866207075492136
866207075492219
866207075492250
866207075492953
866207075492979
866207075493118
866207075493159
866207075493159
866207075493191
866207075493233
866207077630587
866207975002174
866732051104207
866732051344076
866732055354980
866732055354998
866732055355003
866732055355029
866732055355037
866732055355052
866732055356043
866732055356050
866732055356068
866732055356076
866732055356092
866732055356100
866732055356126
866732055356134
866732055356159
866732055356282
866732055356308
866732055356316
866732055356324
866732055356332
866732055356340
866732055356357
866732055356365
866732055356373
866732055356381
866732055356399
866732055356423
866732055356431
866732055356449
866732055356456
866732055356464
866732055356480
866732055356506
866732055372115
866732055372123
866732055372131
866732055372149
866732055372156
866732055372164
866732055372198
866732055372206
866732055372214
866732055372230
866732055372255
866732055372263
866732055372990
866732055372990
866732055373006
866732055373014
866732055373022
866732055373030
866732055373048
866732055373055
866732055373071
866732055373089
866732055373097
866732055373105
866732055373113
866732055373121
866732055373139
866732055373147
866732055373154
866732055373162
866732055373204
866732055373212
866732055373253
866732055373261
866732055373287
866732055478656
866732055478664
866732055478672
866732055478706
866732055478722
866732055478730
866732055478748
866732055478755
866732055478763
866732055478771
866732055478789
866732055478797
866732055478805
866732055478821
866732055478862
866732055478870
866732055478888
866732055479142
866732055479159
866732055479167
866732055479175
866732055479183
866732055479209
866732055479217
866732055479225
866732055479233
866732055479258
866732055479266
866732055479274
866732055479282
866732055479290
866732055479308
866732055479316
866732055479324
866732055479340
866732055479357
866732055479365
866732055479563
866732055479571
866732055479589
866732055479597
866732055479613
866732055479621
866732055479654
866732055480264
866732055480272
866732055480280
866732055480298
866732055480306
866732055480314
866732055480322
866732055480579
866732055480702
866732055480777
866732055526363
866877072171543
866877072197324
866877072197324
866877072621588
866877072621604
866877072621687
866877072621703
866877072621828
866877072621869
866877072621901
866877072621927
866877072621943
866877072621968
866877072621984
866877072622008
866877072622024
866877072622065
866877072622123
866877072622149
866877072622206
866877072622222
866877072622404
866877072622487
866877072622883
866877072622909
866877072622925
866877072622941
866877072622982
866877072623006
866877072623022
866877072623022
866877072623048
866877072623063
866877072623089
866877072623105
866877072623121
866877072623147
866877072623162
866877072623188
866877072623204
866877072623220
866877072623246
866877072623261
866877072623287
866877072624301
866877072624509
866877072624764
866877072624962
866877072625001
866877072625043
866877072625068
866877072625100
866877072625183
866877072625720
866877072625761
866877072625845
866877072625886
866877072625902
866877072625944
866877072625969
866877072625985
866877072626223
866877072626249
866877072626280
866877072626306
866877072626306
866877072626348
866877072626363
866877072626389
866877072626405
866877072626546
866877072626629
866877072626785
866877072626827
866877072626884
866877072628666
866877072628708
866877072628724
866877072628765
866877072628823
866877072628849
866877072628906
866877072628948
866877072628989
866877072629029
866877072629045
866877072630100
866877072630183
866877072630225
866877072630324
866877072630407
866877072630449
866877072630860
866877072630902
866877072630944
866877072640182
866877072640224
866877072640364
866877072640406
866877072640489
866877072640521
866877072640620
866877072640661
866877072640703
866877072640745
866877072640901
866877072641248
866877072641305
866877072641347
866877072641362
866877072641446
866877072641669
866877072641701
866877072641701
866877072641784
866877072641826
866877072641867
866877072644960
866877072645041
866877072645066
866877072645082
866877072645124
866877072645207
866877072645249
866877072645280
866877072645306
866877072645405
866877072645421
866877072645447
866877072645462
866877072645504
866877072645546
866877072645561
866877072645702
866877072645785
866877072645785
866877072645967
866877072646064
866877072646080
866877072646189
866877072646205
866877072646221
866877072646247
866877072646288
866877072646304
866877072646387
866877072646528
866877072646684
866877072646783
866877072646866
866877072646924
866877072646965
866877072646981
866877072647062
866877072647146
866877072647229
866877072647245
866877072647260
866877072647286
866877072647302
866877072647328
866877072647385
866877072647401
866877072650041
866877072650082
866877072650124
866877072650165
866877072650207
866877072650264
866877072650348
866877072650389
866877072650421
866877072650462
866877072650520
866877072650546
866877072650561
866877072650645
866877072650686
866877072650728
866877072650843
866877072650926
866877072651049
866877072651122
866877072651163
866877072651361
866877072651403
866877072651445
866877072651460
866877072651528
866877072651544
866877072651569
866877072651601
866877072651684
866877072651783
866877072651825
866877072652328
866877072652369
866877072652369
866877072652484
866877072652500
866877072652526
866877072652542
866877072652583
866877072652609
866877072652701
866877072652708
866877072652807
866877072652849
866877072652963
866877072653086
866877072653201
866877072653243
866877072653284
866877072653409
866877072653441
866877072653466
866877072653482
866877072653565
866877072653581
866877072653607
866877072653623
866877072653649
866877072653664
866877072653748
866877072653763
866877072653805
866877072653821
866877072653862
866877072653961
866877072653987
866877072654027
866877072654068
866877072654084
866877072654084
866877072654100
866877072654126
866877072654241
866877072654308
866877072654340
866877072654381
866877072654423
866877072654480
866877072654506
866877072654548
866877072654589
866877072654688
866877072654704
866877072654746
866877072654761
866877072654829
866877072654860
866877072654886
866877072654928
866877072654944
866877072655024
866877072655107
866877072655180
866877072655206
866877072655248
866877072655305
866877072655321
866877072655347
866877072655388
866877072655404
866877072655420
866877072655461
866877072655503
866877072655529
866877072655586
866877072655644
866877072655701
866877072655727
866877072655743
866877072655784
866877072655909
866877072655941
866877072655969
866877072655969
866877072655982
866877072656022
866877072656063
866877072656105
866877072656220
866877072656220
866877072656261
866877072656287
866877072656402
866877072656600
866877072656642
866877072656709
866877072656725
866877072656782
866877072656824
866877072656865
866877072656881
866877072659026
866877072659042
866877072659141
866877072659224
866877072659240
866877072659265
866877072659562
866877072659604
866877072659640
866877072659745
866877072659760
866877072659828
866877072659844
866877072659844
866877072659869
866877072659901
866877072659901
866877072659943
866877072659968
866877072659984
866877072660008
866877072660040
866877072660065
866877072660081
866877072660180
866877072660206
866877072660248
866877072660362
866877072660388
866877072660404
866877072660420
866877072660446
866877072660461
866877072660487
866877072660545
866877072660545
866877072660586
866877072660602
866877072660644
866877072660685
866877072660800
866877072660842
866877072661584
866877075009856
866877076250686
867726030054839
868207075443998
868647050641246
868681043891793
868681043895067
868681043895406
868681043898764
868681043898947
868681043899150
868681043899358
868681043900040
868681043900594
868681043900826
868681043902871
868681043903572
868681043903614
868681043903804
868681043904901
868681043905163
868681043906260
868681043907003
868681043910015
868681043910353
868681043910411
868681043910593
868681043911278
868681043912151
868681043912318
868681043914033
868681043915188
868681043917937
868681043918182
868681043921798
868681043922036
868681043922069
868681043922242
868681043922762
868681043924016
868681043925344
868681043925591
868681043925922
868681043926417
868681043926649
868681043926805
868681043926904
868681043932845
868681043938651
868681043938701
868681043941283
868681043943685
868681043944139
868681043944733
868681043947579
868681043948361
868681043949997
868681043951365
868681049070152
868681049070178
868681049080656
868681049080722
868681049080920
868681049080995
868681049081068
868681049088782
868681049088824
868681049088907
868681049088956
868681049089368
868681049090002
868681049090036
868681049090077
868681049090093
868681049090127
868681049090143
868681049090176
868681049090176
868681049090184
868681049090242
868681049090259
868681049090275
868681049090291
868681049090309
868681049090382
868681049090390
868681049090408
868681049090457
868681049090465
868681049090473
868681049090481
868681049090499
868681049090507
868681049090515
868681049090523
868681049090549
868681049090556
868681049090564
868681049090572
868681049090614
868681049090630
868681049090648
868681049090655
868681049090663
868681049090689
868681049090713
868681049090762
868681049090770
868681049090788
868681049090796
868681049090804
868681049090820
868681049090838
868681049090846
868681049090861
868681049090879
868681049090887
868681049090903
868681049090911
868681049090929
868681049090937
868681049090960
868681049090978
868681049090994
868681049091000
868681049091018
868681049091026
868681049091042
868681049091067
868681049091091
868681049091117
868681049091125
868681049091158
868681049091166
868681049091174
868681049091182
868681049091190
868681049091208
868681049091232
868681049091240
868681049091257
868681049091265
868681049091281
868681049091307
868681049091323
868681049091331
868681049091380
868681049091406
868681049091414
868681049091430
868681049091448
868681049091455
868681049091463
868681049091471
868681049091489
868681049091505
868681049091513
868681049091547
868681049091554
868681049091562
868681049091570
868681049091596
868681049091604
868681049091612
868681049091620
868681049091638
868681049091646
868681049091661
868681049091687
868681049091695
868681049091703
868681049091737
868681049091760
868681049091778
868681049091786
868681049091794
868681049091877
868681049091885
868681049091935
868681049091950
868681049091968
868681049091992
868681049092008
868681049092008
868681049092040
868681049092057
868681049092073
868681049092081
868681049092099
868681049092115
868681049092123
868681049092149
868681049092164
868681049092180
868681049092222
868681049092248
868681049092255
868681049092297
868681049092305
868681049092347
868681049092370
868681049092503
868681049092560
868681049092578
868681049092628
868681049092651
868681049092669
868681049092719
868681049092784
868681049092818
868681049092834
868681049092867
868681049092883
868681049092891
868681049092909
868681049092917
868681049092933
868681049092958
868681049092966
868681049092982
868681049092990
868681049093030
868681049093071
868681049093147
868681049093188
868681049093196
868681049093246
868681049093337
868681049095050
868681049095993
868681049096009
868681049096033
868681049096041
868681049096058
868681049096066
868681049096090
868681049096108
868681049096223
868681049096231
868681049096249
868681049096264
868681049096280
868681049096298
868681049096306
868681049096314
868681049096322
868681049096330
868681049096348
868681049096496
868681049096504
868681049096512
868681049096520
868681049096546
868681049096553
868681049096579
868681049110560
868681049131277
868681049131301
868681049131319
868681049131327
868681049131335
868681049131368
868681049131400
868681049131517
868681049131525
868681049131525
868681049131541
868681049131558
868681049131574
868681049131582
868681049131616
868681049131673
868681049131723
868681049131731
868681049131814
868681049131822
868681049131855
868681049131871
868681049131939
868681049131954
868681049131970
868681049131988
868681049132002
868681049132036
868681049132044
868681049132051
868681049132085
868681049132093
868681049132150
868681049132168
868681049132176
868681049132200
868681049132218
868681049132226
868681049132234
868681049132242
868681049132259
868681049132267
868681049132275
868681049132317
868681049132333
868681049132358
868681049132390
868681049132465
868681049132473
868681049132481
868681049132507
868681049132523
868681049132556
868681049132572
868681049132713
868681049132739
868681049132747
868681049132762
868681049132770
868681049132788
868681049132804
868681049132812
868681049132838
868681049132853
868681049132861
868681049132879
868681049132895
868681049132903
868681049132911
868681049132929
868681049132945
868681049132952
868681049132994
868681049133000
868681049133018
868681049133059
868681049133083
868681049133109
868681049133117
868681049133125
868681049133133
868681049133141
868681049133158
868681049133166
868681049133174
868681049133182
868681049133224
868681049133265
868681049133281
868681049133307
868681049133430
868681049133455
868681049133505
868681049133521
868681049133570
868681049133638
868681049133695
868681049133703
868681049133778
868681049133786
868681049133810
868681049133869
868681049133976
868681049133984
868681049134008
868681049134032
868681049134057
868681049134073
868681049134099
868681049134115
868681049134313
868681049134321
868681049134412
868681049134495
868681049134529
868681049134545
868681049134560
868681049134636
868681049134644
868681049134693
868681049134701
868681049134727
868681049134727
868681049134735
868681049134776
868681049134800
868681049134818
868681049134859
868681049134867
868681049134875
868681049134883
868681049134891
868681049134909
868681049134917
868681049134958
868681049135005
868681049135013
868681049135021
868681049135039
868681049135070
868681049135088
868681049135112
868681049135120
868681049135161
868681049135179
868681049135195
868681049135211
868681049135229
868681049135351
868681049135419
868681049135427
868681049135450
868681049135476
868681049135492
868681049135633
868681049136102
868681049136110
868681049136151
868681049136219
868681049136318
868681049136342
868681049136359
868681049136383
868681049136425
868681049136433
868681049136508
868681049136524
868681049136524
868681049136557
868681049136565
868681049136573
868681049136599
868681049136623
868681049136664
868681049136896
868681049136938
868681049136979
868681049136987
868681049136995
868681049137035
868681049137050
868681049137100
868681049137258
868681049137324
868681049137407
868681049137480
868681049137522
868681049137530
868681049137563
868681049137647
868681049137696
868681049137712
868681049137738
868681049137746
868681049137829
868681049137894
868681049137944
868681049137969
868681049138058
868681049138066
868681049138074
868681049138199
868681049138223
868681049138363
868681049138652
868681049138702
868681049139072
868681049139155
868681049139171
868681049139254
868681049139270
868681049139411
868681049139429
868681049139452
868681049139577
868681049139585
868681049139627
868681049139635
868681049139916
868681049139924
868681049139932
868681049139940
868681049139957
868681049139965
868681049139973
868681049139999
868681049140005
868681049140013
868681049140021
868681049140039
868681049140054
868681049140112
868681049140120
868681049140138
868681049140153
868681049140161
868681049140187
868681049140195
868681049140203
868681049140211
868681049140229
868681049140237
868681049140245
868681049140252
868681049140260
868681049140278
868681049140294
868681049140302
868681049140310
868681049140328
868681049140336
868681049140344
868681049140351
868681049140377
868681049140385
868681049140393
868681049140427
868681049140443
868681049140476
868681049140484
868681049140492
868681049140567
868681049140609
868681049140617
868681049140633
868681049140658
868681049140724
868681049140963
868681049141052
868681049141110
868681049141243
868681049141441
868681049141466
868681049141623
868681049141904
868681049142019
868681049142076
868681049142084
868681049142092
868681049142118
868681049142118
868681049142126
868681049142159
868681049142209
868681049142225
868681049142258
868681049142266
868681049142274
868681049142316
868681049142332
868681049142340
868681049142357
868681049142399
868681049142415
868681049142423
868681049142431
868681049142449
868681049142472
868681049142498
868681049142506
868681049142670
868681049142696
868681049142720
868681049142738
868681049142753
868681049142795
868681049142837
868681049142845
868681049142910
868681049142936
868681049143009
868681049143066
868681049143074
868681049143082
868681049143090
868681049143116
868681049143140
868681049143157
868681049143173
868681049143181
868681049143199
868681049143207
868681049143215
868681049143223
868681049143231
868681049143256
868681049143264
868681049143280
868681049143298
868681049143355
868681049143363
868681049143389
868681049143397
868681049143421
868681049143462
868681049143470
868681049143488
868681049143496
868681049143512
868681049143538
868681049143579
868681049143595
868681049144619
868681049144650
868681049145210
868681049145764
868681049145848
868681049146192
868681049146275
868681049146291
868681049146309
868681049146390
868681049146408
868681049146416
868681049146424
868681049146432
868681049146440
868681049146457
868681049146481
868681049146531
868681049146556
868681049146747
868681049147067
868681049147091
868681049147158
868681049147240
868681049147281
868681049147380
868681049147596
868681049147604
868681049147653
868681049147752
868681049147802
868681049147844
868681049147893
868681049148115
868681049148149
868681049148172
868681049148453
868681049148479
868681049148479
868681049148479
868681049148529
868681049148719
868681049148727
868681049148818
868681049148842
868681049148867
868681049148917
868681049148925
868681049149030
868681049149097
868681049149253
868681049149576
868681049149584
868681049150269
868681049150285
868681049150400
868681049150418
868681049150459
868681049150772
868681049150814
868681049150822
868681049151028
868681049151952
868681049151978
868681049151994
868681049152000
868681049152075
868681049152091
868681049152224
868681049152232
868681049152331
868681049152356
868681049152471
868681049154196
868681049154220
868681049154246
868681049154287
868681049154386
868681049154725
868681049154733
868681049154865
868681049154915
868681049154972
868681049155094
868681049155102
868681049155110
868681049155169
868681049155177
868681049155409
868681049155441
868681049155458
868681049155466
868681049155482
868681049155664
868681049155672
868681049155680
868681049155698
868681049155722
868681049155730
868681049155755
868681049155771
868681049155789
868681049155797
868681049155805
868681049155821
868681049155839
868681049155854
868681049155862
868681049155995
868681049156001
868681049156019
868681049156043
868681049156050
868681049156092
868681049156118
868681049156217
868681049156308
868681049156365
868681049156373
868681049156407
868681049156464
868681049156506
868681049156571
868681049156639
868681049156670
868681049156720
868681049157223
868681049158486
868681049158940
868681049158999
868681049159039
868681049159096
868681049159195
868681049161043
868681049161068
868681049161084
868681049161092
868681049161118
868681049161134
868681049161167
868681049161183
868681049161225
868681049161241
868681049161266
868681049161480
868681049161530
868681049161613
868681049161647
868681049161696
868681049161738
868681049161795
868681049161837
868681049162488
868681049162587
868681049162918
868681049165176
868681049165192
868681049165218
868681049165291
868681049165341
868681049165507
868681049165515
868681049165531
868681049165549
868681049165572
868681049165614
868681049165663
868681049165671
868681049165705
868681049165721
868681049165747
868681049165762
868681049165770
868681049165804
868681049165812
868681049165820
868681049165838
868681049165861
868681049165895
868681049165903
868681049165952
868681049165960
868681049166042
868681049166141
868681049166174
868681049166182
868681049166216
868681049166232
868681049166265
868681049166281
868681049166299
868681049166315
868681049166356
868681049166364
868681049166380
868681049166398
868681049166455
868681049166463
868681049166471
868681049166505
868681049166521
868681049166539
868681049166547
868681049166570
868681049166596
868681049166612
868681049166620
868681049166653
868681049166687
868681049166729
868681049166745
868681049166901
868681049166935
868681049166943
868681049166950
868681049166968
868681049166976
868681049166992
868681049167008
868681049167016
868681049167024
868681049167032
868681049167040
868681049167057
868681049167065
868681049167073
868681049167081
868681049167107
868681049167149
868681049167164
868681049167172
868681049167214
868681049167222
868681049167230
868681049167479
868681049167586
868681049168113
868681049168139
868681049168147
868681049168170
868681049168188
868681049168238
868681049168253
868681049168287
868681049168311
868681049168329
868681049168360
868681049168378
868681049168386
868681049168394
868681049168410
868681049168428
868681049168436
868681049168451
868681049168626
868681049168642
868681049168683
868681049168691
868681049169053
869029035222545
880497077631254
880497077631254
880497077631833
886094052826522
886207075010276
886207075448435
886877072625902
888207075001333
965027053453202
\N
\N
\N
\N
\N
\N
\N
\N
\N
\N
\N
\N
\N
\N
\N
\N
\N
\N
\N
\N
\N
\N
\N
\N
\N
\N
\N
\N
\N
\N
\N
\N
\N
\N
\N
\N
\N
\N
\N
\N
\N
\N
\N
\N
\N
\N
\N
\N
\N
\N
\N
\N
\N
\N
\N
\N
\N
\N
\N
\N
\N
\N
\N
\N
\N
\N
\N
\N
\N
\N
\N
\N
\N
\N
\N
