866094051430623
866094052819816
865027053452279
861647050786009
868681049161266
866094058471489
868681049161068
860497077622030
868681049156365
866094052830003
860374056911892
866094058469285
868681049090564
865027053416258
861647050647011
866094052795677
866094052837123
866094058471612
865027053478837
860497077458872
866094052505753
866094052810120
866094051519946
866207075007397
866732055355029
866094052809882
866094052805310
865027053455231
866094052851967
860497077408349
861647050655295
860497077632385
866732055356340
868681049166968
861410049562266
865027053438294
866094052800303
866094058477700
860123055700537
860497077383658
861410049561110
865027053466873
866094052821093
865027053472541
865027053462021
866094052787211
860497077395355
865027053434111
861410049560575
868681049133638
866094052851454
865027053426075
865027053473556
866094052788003
865027053466618
860497077594106
865027053463904
866094051418255
865027053472970
860374056961178
860497077404058
868681049167016
861410049523490
866094052837347
865027053447840
860374059994374
865027053436967
866094052826381
861410049519712
865027053479330
866094051459150
868681049165218
866094051507347
866094052618358
861410049519985
860497077527567
860497077392543
866094052787674
866094052832793
861647050647276
868681049155177
866094052824063
866207075363873
866094052832710
860374059995967
865027053384803
861647050786041
866094058462512
860497077404322
860374056996620
866094058469855
866094058471018
861647050736442
866094051509939
866094058459252
868681049136342
865027053434673
866094052832371
865027053439698
865027053464761
866094058466976
861410049508236
865027053466410
865027053462146
866094058471950
866094051542708
866094052800220
865027053476849
866094052832298
865027053439995
860374059994358
860374059994481
866094058464674
865027053447154
861410049506933
860123055683758
865027053466584
866094052785827
865027053436652
866094052787229
866207075409551
866094052825854
865027052350227
860497077483466
866094052828775
866094052831795
861647050784624
860497077622642
861410049560559
860123055700685
861647050641949
866094052827223
860123055605207
866094052837180
866094052830607
861410049561532
866094052827579
865027053478456
866207075411219
866094058469145
\N
868681049091877
861410049561557
866094052800204
866094058466463
866207075447833
860497077621669
861647050736764
868681043898764
866094051534119
868681049143421
866094058466554
866207075443790
860497077627815
866094052802085
861647050641030
866094058468584
860374059994473
868681049142092
866094052791163
860374057038919
866877072646528
861647050728621
866207075442958
861647050644547
866094052831001
860497077626023
861410049558108
861410049502783
860497077404215
861647050786728
866094058449667
861647050645445
865027053464043
866094052832041
865027053469208
866094052852130
860374056997024
861410049506156
865027053453640
860497077631148
866877072660487
865027053436108
861647050643580
866094058454329
866094052802879
866094058470168
868681049167008
868681043944733
868681049092909
866094051380604
861410049556920
865027053467418
866094058453628
866094052793698
860497077631072
866094052826688
865027053458201
866094058462843
866094052831522
868681049132390
866094058454063
866071056796042
866877072653441
860497077632104
860497077632021
866094052827108
865027053460819
860123055679731
866094058470077
860497077621164
866094052534654
866877072653623
866094058459138
866094052782352
860123055697220
864662072489778
861647050735725
865027053385933
861647050643952
860374056971821
866207075445019
861410049559403
866094052810260
866094058477577
866207075363436
861410049560443
866094058458320
866094058467040
865027053388424
860374059996437
866094052770696
866094058463957
861410049560310
866094052447527
860497077621636
866094052827629
860374056997388
860497077404678
861410049520710
860497077477005
866094058400306
860374057099259
866094052836844
866094058478039
861410049559143
861647050737044
866094058454253
866094052831142
866094052837313
866207075411318
861647050646336
860374059995223
866094058477593
866094052831589
865027053458706
861647050736434
860497077632682
860497077632211
866094058400223
861647050642913
860497077625827
868681049140187
865027052439939
866094058479250
866877072641701
866732055354998
866207075292197
861410049507642
860437077630587
865027053464860
866094052831654
861647050645221
860374056981044
861410049507675
861647050646799
866094052832744
861410049559288
866094052534084
868681049092578
860497077632609
860497077632385
861647050643762
861647050736616
866094052864416
861410049506115
866094052792682
866732055373048
865027053415292
865027053473028
868681049165663
866094052828270
865027053430770
865027053479322
866877072645785
860123055526908
865027053460512
865027053472244
868681049132465
866207075441471
868681043951365
865027053454572
865027053423866
861410049507196
865027053439474
866207075444335
865027053434947
860497077627377
865027053446636
865027053477086
866094051485734
\N
865027053446743
866877072623089
868681043900826
866094052809544
860123055573421
865027053477292
860497077622462
865027053435670
866094052827371
866094052830052
861410049559734
866877072625043
861647050778600
866094058459153
866094052778442
860123055582695
865027053476419
868681043948361
866094052824469
861647050645304
865027053454010
868681049147844
866094052833155
860497077459086
865027053436777
866094058478021
865027053472947
866071056753787
865027053436710
865027053434640
866207075007231
866094052506355
866207075002497
866094052604028
866094052851249
865027053456387
865027053463979
865027053435035
861410049519696
\N
866094052506330
866094051520746
861410049507915
860123055688815
866207075411573
866094052850498
866094052850282
860497077631106
860497072628823
868681049142720
866094052823966
860497077395934
866732055479159
866732055372156
866207075445795
866094052837008
861410049561623
860374056961111
860497077625942
866094058435716
866094052815673
865027053464084
866094052810047
866094058458429
868681049146457
868681049132903
866094058477569
866207075445712
866094058467867
868681043938701
866094052819956
866094058450855
861647050737143
860497077631189
865027053438583
866877072645421
866094052809601
861647050640750
865027053447444
860497077523071
865027053467277
860497077459052
866094052851447
861410049507519
866094058459104
866207075441372
860497077509500
866094051540876
866877072626306
860497077459011
865027053436637
860207077630587
860497077622113
861410049515587
860497077622170
866094058464799
861410049562357
865027053446859
860497077593959
865027052308233
866094052864390
868681049147380
866207075001416
866094052820616
866094058454576
860374057089573
866094052791817
861410049506636
866094052798812
866094052791999
860497077395447
861647050638192
860374059994754
860123055605215
866094052792906
866094052553522
861410049557480
865027053476633
865027053462013
861647050712872
860374057090027
865027053454614
866094058455672
866094051519920
866207075441570
861647050784533
865027053427214
868681049134636
860123055589823
865027053453988
865027053479595
866094052787906
868681049166612
861410049557613
860497077594007
865027053439631
861647050642327
866094052825847
865027053458656
865027053446909
866094052831829
866094052861057
860374059996189
860123055507064
865027053436892
868681049132879
866094052791502
861647050736491
861647050637962
865027053434582
866094052533870
861410049561466
\N
866094052847551
865027053424054
860497072625845
861410049506719
866207075362818
866094051529598
866207075365779
866094052732720
868681049133430
868681049080722
866094058458692
860374056984535
861647050737515
860497077600416
866094052845225
866094052850381
860497077594049
866877072645504
865027053467384
865027053461957
865027053408180
866094052830011
865027053454093
866071056683067
866877072652583
866094052771033
860374059994838
861647050786793
866094052851348
860497077632716
865027053476492
866094058458122
860374057093542
860497077625926
866094052553431
866094058457470
860497077627542
860374056944943
861410049562639
861647050778550
865027052439962
861410049557241
860497077621263
868681049154220
866094052800188
866094052810278
868681049133786
865027053466766
866732055479282
865027053464167
865027053455751
866094052522717
860497077627856
861410049557811
861647050725767
861647050783295
865027053452519
865027053393671
866207075444574
861647050640206
866877072650207
860123055498132
865027053439706
861647050778642
\N
866094058470051
868681049166745
866094058467883
866094051353510
865027053423858
866732055373162
865027053470834
860497077594056
866207072655404
868681049143140
861410049505877
865027053437106
866094052763790
866094058470176
866094058458981
860497077396056
861410049506180
864162047527273
866094052434285
866094052778467
866094058450376
866207075441430
861410049519175
865027053461189
861410049557654
866094052837891
861647050645809
865027053466980
860374056941709
866207075007793
860497077594403
866877072651445
861410049562118
860374059995520
861410049507444
868681049167230
866094052851900
861647050639778
866094052778475
865027053435951
866094051372585
865027053451370
865027053473101
861647050638077
865027053437890
866094052796931
866094052823982
868681049133505
866094051539779
861410049561813
866207075008593
866094058466216
861647050645569
866094058469186
868681043903572
865027053466600
866094052864093
865027053424229
865027053447394
866094052824493
866094052828072
865027053477276
860497077494604
860374059995116
865027053438930
860374057005520
860123055504582
860123055605900
866207075001853
868681049139411
866877072628765
866094058421500
860497077631247
861647050642715
866094052834286
860374057099747
865027053415946
865027052619407
866207075441679
866094058451010
860497077627617
866207075006936
861647050643663
866207075007090
866094052466873
865027053386774
860497077404736
865027053415656
865027053459050
861410049560534
861410049557712
860497077404058
866877072650546
866094052850399
866094052832850
865027053470149
866094052791288
860374059995892
861647050792916
865027053455322
866094058457496
860497077621891
868681049165952
866094052534647
860497077627518
860497072625845
866207075001796
860497077631700
866094052766603
866094052605017
866094052836521
868681049132150
860123055643570
865027053455272
868681049132259
866732055373139
861410049520033
861647050645585
861647050786173
866094052815467
861410049559361
861410049558488
861410049544355
866094058455086
868681049155839
866207075448195
865027053476880
868681049132911
861647050640057
866094052821028
866094052832363
866877072652807
866207075009716
866094058435641
866094052820848
866207075001531
861647050645783
866094058466208
866094052791973
866094052459613
866732055480306
866207075440192
865027053466634
868681049096314
866094052820947
861410049520041
866094051510366
865027052472518
866094052850621
865027053435506
866877072640224
865027053436421
860061065749963
866877072622883
865027053415706
866207075008056
860497077404058
866094052795446
865027053473606
866094052459571
860497077631486
866094058459229
866094052828031
860374059995082
861647050638234
860123055686652
865027053464688
860497077404199
860123055605702
866094052824451
861410049558017
866207075444616
866094052623069
865027053415607
865027053466063
865027053461817
866094052864366
860497077603766
868681049091703
865027053437015
865027053450885
861410049562464
866094052850423
866094052787898
866207075448831
866094052836778
860497077404595
866094052778343
866094058417524
866094052534423
861647050729041
866094051534192
865027053458466
861410049507113
866094052622921
861647050502997
866207075442354
860123055606734
866094052797301
866094052435605
860374059995744
866207075441877
865027053463623
865027053462161
865027053436959
860123055696685
865027053473390
865027053467426
866094052809551
860497077627401
866094052831803
865027053464506
866094052603921
866207075446017
861410049502361
865027053436017
866094052850373
868681049090242
866094052522758
866094052864747
866877072621968
865027053464670
865027053464811
861410049519555
866207075007390
866094052837297
865027053461403
866094052810567
880497077631833
866094052788607
865027053435985
860123055495963
866094058466844
860497077631379
866732055356324
860497077408943
865027053437999
866094052819667
860123055730146
860497077523147
866094052618192
866094052833999
865027053479694
866094052800097
861410049558231
865027053454333
865027053415144
865027053446537
866094051540843
860497077626007
866094058456019
866094058458718
866094052850530
861647050784525
866094052827926
866094052801038
860497077631270
860123055504103
866094052831191
866094058471992
866094052821911
866094052809940
865027053460108
865027053477078
866094052838238
866094052792773
865027053469398
860374056949959
860123055692460
866094052525124
866094052824121
865027053466014
866094052525199
866877072640182
866094058471257
866094051403935
865027053446198
866732055480322
861647050645270
868681049158486
860123055494776
861647050641725
860374057091769
865027053452535
866094052795107
865027053423858
865027053453111
865027053412414
866094058472024
865027053434715
866094058469723
866094052836984
866094051539811
865027053468002
860374059996221
866094051382618
868681049161183
866094058466133
866094051408462
865027053464407
861647050641766
860123055497522
865027053415169
865027052471031
861647050642400
866094058467263
860497077459003
861410049556888
860123055507239
860497077631213
860374056966730
866877072641867
866094052604010
866207075443170
865027053479421
868681049134529
866877072624764
866094052815541
866094052604978
866094058468931
865027053460033
865027053394430
865027053446925
866094052850985
866094052787377
866094052766553
868681049166281
868681049091430
861647050639802
866094051467492
866094052798382
865027053409949
861647050638143
866094052836497
868681049167073
866094052830912
866207075008239
866094052852262
860123055690365
866094052794670
866094052552789
865027053453467
866094052779689
860374056942327
868681049166521
860374056949785
861647050644422
866094052787252
865027053437874
866094052831712
866094052832835
861647050792684
866877072640703
865027053463730
868681049090804
868681049132952
866094058469509
865027053469265
866094051510531
861647050645429
866094052753601
866094051488761
865027053477920
866094052781669
866094052553506
866094052824139
866094052603905
868681049092008
866094052797343
866094058474152
866094052819584
866094052787690
866094058448263
865027053470321
865027053478266
866094052787609
866094052809908
866094052623119
860497077483466
865027053437569
860497077404215
866094052815798
866207075411052
860123055694235
866094052828791
865027053454598
866094058477817
866094058466786
866094058472073
866094052850233
860497077522883
866877072659943
866094052827850
868681049166992
865027053464571
866094052858285
866094051459192
866207075411698
860123055503048
865027053466162
866094052830102
866094058457942
868681049092115
861410049522989
860374059994515
866094052522733
866094051534283
860374056963125
865027053454465
861410049556797
861410049561375
865027053463813
868681049135013
860123055495922
866094058468980
866094058470788
866094058435732
860497077621149
866094052434244
866094052832603
866094052831837
866094052836463
866877072650561
860497077397112
861647050637699
866094052832355
865027053439391
865027053470263
860497077525464
860374056976507
868681049140039
861647050646757
868681049091190
865027053414683
865027053470453
865027053416928
866094058467248
860497072653821
861410049502866
866207075441539
866207075443915
865027053436694
868681049139171
860123055502834
866094051539829
860374059996379
861410049559841
866207075444491
866094052850589
860497077621354
866732055479357
865027053454291
866877072654548
861647050643218
865027053413404
866094051540942
866094058458098
866094058443090
868681049148867
860374059995538
866094052778509
861410049557159
865027053473481
866094058429578
866094052831886
866094052618234
861647050712815
866094058469269
866094058417391
861647050641386
861410049561367
866207075442313
866094058435864
861410049560203
866207075001432
860497077404173
868681049091612
866094052506397
865027052517320
865027053470792
866877072630324
866094052620867
868681049143397
866207075007314
866094052798697
866094058417581
868681049168436
861410049562340
861410049508160
860497077509583
860497077392659
865027053424153
866877072626280
866094052831621
865027053462617
865027053446511
866094058469996
861410049507857
868681049131822
866094058435799
868681049090093
866094051540892
865027053412893
866094052829799
861647050786538
866094051542724
865027053482250
866094052777162
868681049150418
865027053461700
866094052795172
861410049518961
866094058454378
861647050638168
861410049559148
866877072654308
861647050641824
860497077487210
866094052825961
866094052834005
868681043902871
861410049506040
866094051541841
865027053422330
860374056939943
866094052829849
866094058471299
866094058477791
865027053416241
866094052800246
861647050647052
860123055504095
866094051542310
866094058466398
869029035222545
860123055502701
866094052603988
866071056770799
861410049502494
866207075007975
865027053415300
866094052823974
865027053422256
860374056938184
865027053435035
865027053415755
865027053460157
865027053435977
861410049535072
866094052828676
860374059996148
866094058468618
868681049133810
866094058471620
866094052787807
866094051381594
866094052603970
868681049138058
866094051534267
866877072652708
865027053408024
866094051528319
866094052824212
861410049507162
861647050736632
866094052826779
866094058466737
860497077622014
860123055681695
866094052797277
866094052785959
866094058470689
866094052864713
866094052799984
860497077622535
866094058395852
860123055575103
865027053443005
866094058465986
868681049132085
860374056955378
861647050786272
865027053466063
865027053422710
865027053461452
866094052799844
865027053434764
861410049558991
866094052826373
866094052861164
866094052776982
865027053482193
865027053446560
866094052819493
861410049503724
860497077631650
865027053387129
866094052820749
860497077397609
866094052833239
866094052836679
866094052822661
861647050645825
865027053478670
865027053466352
866094052837362
866094058471117
860497077630710
866207075445936
860497077621552
865027053460314
868681043895406
866094052861123
866094051538748
861410049503781
864162047503753
866094051520555
860497077620869
868681049142332
866094052836216
866094058400215
866094058466489
866094052797723
866094058454568
861410049557522
860123055550437
861647050792817
865027053457203
860497077395611
860497077625850
861410049561201
865027053436199
866877072653862
866877072626629
865027053397508
866732055372164
866094051520209
866094051467138
866094052809593
860497077404793
866094052851488
865027053456395
861647050793054
865027053386477
865027053421993
866094052791890
866094058435724
866094052522634
866207075440937
865027053438633
860123055505316
866094052435464
865027053438914
866094051509517
860374059995074
865027053423965
866094058458403
865027053463482
860123055691710
865027053454085
866094052820707
865027053453731
860374056991431
868681049156019
866094052623176
861410049521833
861410049519878
861647050785985
866094052801541
860497075001911
866094052822588
866094052622830
866094052795420
866094051459101
868681049131541
860374059996122
866094058458734
866094052799828
866877072655248
866877072650082
866094052823503
860374059995215
866094058477783
866094052828643
861647050643572
861647050778386
866094058449899
866094052832280
866207075411615
866877072650843
866094051541965
865027053470768
860374059995041
866094052810435
866094058470580
868681049092040
860497077402136
866094051542286
861410049506248
866094058455623
866094052809627
866094058449402
866094051337174
866094052805393
866094058459641
868681043911278
866094052763493
861647050784905
860374059994556
\N
865027053469083
866207075367072
861410049560633
860497077621164
868681049139957
866094052791528
860123055502248
868681049161043
866732055372990
860497077458914
860497077653482
866094052850019
860374056950759
868681049096520
866207075230270
861410049557050
866877072622982
860497077404256
866094052832728
\N
866094051541544
861647050778519
861410049502544
866094058458767
865027053461791
866094058465879
866094058455060
866207075008155
866094052792666
860374056945809
866207075364194
866094052802192
866207075442552
866094052785520
860123055700420
860123055495500
860123055694763
861647050737671
865027053470206
860374057014423
866094052833643
860374056940875
866094051539738
865027053454564
868681049132838
860123055700479
866094058470663
860497077407028
860497077594437
866094051359053
866094052827801
865027053460132
866094052785678
865027053435308
868681049134727
865027053454234
865027053416696
860497077509617
866877072660206
861647050640156
866094058455557
866094051540975
861410049562456
861647050642566
860123055700636
866094052826464
866207075002414
866094051502827
865027053465842
866094052623101
866094052786064
866094052826670
866094052791759
866094058423381
866094051520050
866207075442412
860374056973868
866094052798804
865027053446727
861647050655477
861410049556660
860497077404579
865027053466394
866094052623036
866094052827934
866094052788029
861647050644182
868681049092651
868681049136664
861410049544306
860123055570922
860497077391598
866732055356332
860123055686116
865027053384951
866094052838204
866094052798051
865027053472582
865027053461502
868681049140443
860123055504640
866207075008270
865027053459472
861647050655212
866207075444293
865027053471071
866094058467164
868681049142019
866094058451002
866094052800006
866094058477528
860497077625793
868681049142118
860123055695901
866094052821887
860374056973215
866094052793706
860497077392022
866094051290183
865027053462898
866094052445554
860497077631254
860374057094706
861410049558587
866094052829948
860123055502735
865027053458748
865027053423783
865027053466220
866094058466257
861410049507667
866071056652419
865027053478118
866207075442370
865027053456494
865027053454606
865027053473911
860374057090233
860374057010355
866094052815400
860497077621610
861647050645064
868681049132093
860123055502867
866094058471836
868681049155680
866094057849854
866094052857006
861647050642152
868681049161092
865027053413859
866094052827637
866094052432396
868681049158999
861647050736889
866207075410997
860497077632740
861410049556805
861647050501549
865027053456619
865027053458599
866207075366595
866094052820624
860497077622105
868681043938651
866094058454493
865027053415847
865027053422710
868681049090762
865027053469554
860374056948357
865027053458326
866207075009534
868681049134867
866094052859531
866094052623457
866094052831845
868681049132572
865027053447162
865027053458201
868681049155482
868681049165572
866094052827520
865027053438443
866094058458528
861410049560021
866094052788573
866094052622780
861410049562621
860374056977778
865027053464852
865027053476948
861647050736608
861647050645700
860123055645021
866094058470697
865027053415599
861410049559338
865027053477557
866094058477767
865027053424112
866094052834278
866094051458319
866094051511232
865027053455314
861410049507303
861440049557530
866094052797624
866094058417607
866094052807753
861410049519902
866094052525314
866094052792823
860123055500929
861410049559080
860497077404686
866094052525272
866094052841018
865027053435969
861647050737655
865027052421010
\N
866877072656402
865027053387780
866207075440697
861647050501598
866877072622925
861410049556821
860123055497357
861410049560054
868681049091513
860497072630944
866094052795610
860497077631411
860497077408349
1111111111
865027053479637
865027053447527
865027053465024
861410049522872
866877072652609
861410049523532
860497077523006
861647050641469
866207075001994
866094058471802
866094058450509
861647050734801
868681049136557
866094052778335
865027053466410
861410049506206
866094051507420
866094052836562
861410049562480
866094051539704
866877072647401
860497077625736
860497077621859
866094058466828
866094052824352
860497077404751
866094051519938
866094052778491
865027053464142
861410049523060
866094052832868
861647050778311
865027053418247
866094052431802
865027053461411
865027053436827
868681049092719
866094052802234
861647050658752
866094052534241
861647050655493
\N
866877072652500
865027053478449
860497077632534
866094052865017
866094052435704
860123055489586
868681049091935
860374057020610
860497077383658
865027053469315
866207075443717
865027053465008
861410049561342
866094058455524
866877072623022
865027053473499
866094052830995
860497077537626
860374056935198
866094052819113
861410049562092
866094052787633
861647050784608
866207075363139
866094052850738
860497077494411
866094058435906
865027052450498
860497077395488
866094052618275
860374059994416
865027053476674
860497077625967
865027053443310
865027053448582
860497077537857
860123055729056
860374056999988
866094052851769
866094052849946
861647050784897
866094052838113
860061065744691
866094052831050
860497077395405
866094058467693
865027053477367
865027053469141
866094052851736
860497077408869
861410049506867
861410049561094
860123055503808
865027053467699
866094052832538
866094051472823
861410049506883
861410049518946
865027053461718
861410049560625
866094052832629
866207075009450
868681049146432
866094052432149
866094051520290
868681043926417
861647050736715
866094058442696
860497077395520
861647050736962
868681049156050
865027052470371
866207075445274
861647050643846
860497077631809
860497077594445
860374059996163
861410049562043
865027053446420
861410049562217
865027053460249
861647050783196
861410049521023
860123055506256
860497077459029
865027053424146
866094052833775
860497077631676
868681049139965
866207075447254
865027053446347
868681043922036
866094052798424
866094058454782
868681049132358
866094058417557
860497077495932
860374057042069
866207075010557
866094058459971
866094052801384
866094052819964
865027053472392
866094052812951
860123055504368
886094052826522
865027053479298
865027053469646
868681049156407
861410049522666
868681049092503
861647050645528
868681049134644
861647050639851
866207075009070
866094052864580
866094052552565
866094052851074
866094051519755
866094052828098
865027053447253
865027053457773
860123055605991
866094052861081
866094052828155
866094052857170
866094052864770
866094052744105
865027053460322
860497077404140
866094058468824
866094052830615
861647050638135
860123055694730
865027053442882
860497077631635
860374057041293
865027053424849
861647050737689
866877072655206
861647050736558
866094052826068
861647050643994
866094058465499
866094051542955
860497077631007
865027053435720
866094051542039
866094052849870
860123055504145
861410049519548
866094058421476
866094058462835
865027053442874
861647050735626
868681049090960
866094052506413
861647050642012
860497077404058
865027053446461
861647050642137
868681049156464
866877072656287
861647050658695
865027053437510
860497077622592
866877072652328
866732055479308
866094058464559
\N
866094051542849
866877072621687
866094052815392
865027053466311
866094051539761
861647050639802
868681049132002
861647050501614
866207075448633
865027053470156
860497077404058
866094052808215
868681049132945
865027053437395
866094052769839
865027053467186
866732055373022
866094058479193
866094058471893
866094051532519
865027053464779
866877072651569
866094052798200
866207075444772
861647050736855
866094052791767
861410049522278
861647050641154
865027053454200
860497077494901
866094058466364
860374059996098
866094051532428
865027053443062
861410049507014
866094051359400
866207075492110
866094052856818
861647050784962
866094052795768
866094052795396
1234567899
861410049507790
866094052836661
861647050655154
866094052831811
866094058471703
866094058459237
865027053461809
866094051362172
860497077458971
866094052791742
865027052380318
866094052838121
866207075441653
866094058465481
866094052810369
865027053473168
860497077621065
865027053473135
866094052466790
865027053478399
866207075009492
866094058469228
866094051542815
868681049093337
866094052837719
861647050778592
866094051539910
860123055498066
866094052828718
860497077627864
866094052799992
868681049092867
865027053472418
866094052828262
866094052827538
865027053466907
865027052488142
866094051547786
861410049508129
866094058466893
860497077630959
860374056985516
865027053481468
865027053438344
865027053415326
865027053415631
866094052766769
860497077404348
865027053439433
866732055479563
866094058478096
860374057041400
866094058458148
866094052831704
866094058479268
865027053456452
868681049156670
866094058451671
866094051330260
865027053452485
868681049140120
866207075365852
866094052798275
866877072625068
865027053463375
865027053436785
866094052796998
861647050641808
860123055502248
861647050643945
866094052799877
866094058466851
861410049506024
866094052623267
865027053455140
865027053451198
861410049559858
866094052827546
866877072621869
866094051355044
860123055700560
860497077404199
861647050735295
866207075008411
861410049520256
865027053476989
866094052846447
866094052616006
861410049560195
866094052506272
861647050646773
868681049090614
866094052861735
861410049558959
866877072630407
861410049523607
865027053467038
866094058477627
865027053461643
865027053452311
861647050640891
865027053448137
866094052823842
865027053467657
860497077525399
865027053454150
866094052837214
866094052828742
861410049507121
865027053465883
865027053453715
860061065744691
866094051534028
865027053480445
865027053437635
866071059045066
865027053424187
866207075441810
866094051543417
866207075441513
861410049562159
860374056953035
860123055606023
866094058458940
866207075440739
866094052770381
866094052827884
865027053420300
861647050639943
868681049142910
861410049507238
865027053470644
866094052785728
860374056969551
866094052797400
866877072659760
860374056944752
866094052832496
866094052622889
866094058454717
860497077622469
865027053434681
860374056969379
860497077621784
861647050639836
865027053454358
860497077632625
865027053458722
866094052795487
866094052837966
868681049165721
866094052623861
860497077631833
868681049165507
866094052534357
866207075446157
865027053420904
866094052795263
865027053454184
865027053479587
866094052792005
865027053452089
866094058459179
865027053415680
866094052800055
865027053478407
860374059994655
865027053473002
861647050641329
866094052795727
860497077622519
866094052795537
866877072656824
861647050640040
866094052815863
865027053469364
861410049519654
866094052794589
866094052796923
866094052603962
860123055571995
860374056957499
861647050735683
866877072646684
866094052824295
866094052534605
865027053438864
866094052794506
860374059996155
866094052604747
865027053446602
866094058465002
866207075411615
866094052795230
866094052796824
868681049140161
866207075492078
865027053437080
866094052533904
868681049152091
865027052361729
860123055605686
861410049560336
866094052864614
861410049519969
861647050786397
860497077404835
860123055606775
865027053470172
866094052766728
861647050641758
860497077392691
861647050728944
865027053436801
868681049137738
861647050501531
\N
866094052534167
868681049143215
860123055497530
861647050643754
\N
861647050737135
866094052851199
865027052288757
866094052832322
866094051469803
865027053436942
866094058469210
866207075001531
\N
866094052505704
865027053458581
861410049558413
866094052830961
868681049092081
861647050637632
860374057098749
866094052800394
860497077622634
861410049506669
865027053434715
868681049132481
866094052826076
861410049560278
865027053453293
868681049148479
866094058478013
860123055667934
865027052443105
866071056768850
866094052800816
866094052525256
860123055604515
861647050643648
866094052432065
865027053477524
866094052851595
866094058471851
866207075008916
860123055694797
868681049155409
888207075001333
861410049502841
861647050655550
865027053470586
865027053466139
866207075008759
866094052861297
866094052829807
866094052552821
860123055502966
860497077632450
866094052810112
865027053462039
866094058454089
860123055681661
866094052815475
865027053437353
860123055507007
861410049562019
866094052834070
865027053447873
868681049168360
860497077458997
866877072626389
865027052308266
861410049559551
865027053464563
861647050642426
866094058465457
861647050501705
868681049152471
865027053464704
861647050643275
866094052533995
865027053467046
866094052788540
865027053446271
866094058471950
860497077621107
860497077627385
866094052864416
866094052805401
866877072652526
866094052824170
866094051541866
861647050638218
866094058455078
865027053432958
860497077458815
866877072655969
865027053480676
861410049558983
861647050643713
866094052798234
865027053454580
861410049561391
866094052821259
861647050647136
860497077621701
866094058469541
861410049558090
861647050784764
868681049135229
866094052833650
866094058435807
866094052861289
865027053467483
866877072650728
861647050784814
861647050736327
865027052288716
866094052623747
860497077625496
861410049519928
860374057095646
866094052824303
860497077627575
866207075444493
860497077631502
865027053415664
860497077593967
865027053470529
866094052534696
865027053465834
868681049090499
860374057092270
865027052666879
866094052802770
860374056994526
866732055356456
866732055356316
865027053467087
860374056998246
865027053452865
865027053437734
865027053469596
866094052826506
866094052459613
865027053456577
865027053464415
2022-BN6-南宁市江南区云星钱隆御园9栋1单元B2F平层04-B2211车位
866094058455961
865027053478084
865027053460173
861410049560617
866094052826597
860497077627583
861410049515611
861647050786074
865027053438849
861647050786124
865027053469299
866094058417565
866094051358345
866094052435654
865027053446370
861647050641329
865027052597397
866094052802101
866094052795586
866094058477684
868681049161613
868681049167149
866094052604861
868681049131871
860497077622451
860123055506272
865027053463714
866094052800774
868681049136938
861647050646856
865027053463359
861410049557365
866094052837172
860374056937301
866094052623135
860374057008144
866094052836513
866094052828080
866094052742299
861410049517831
860497077408869
866094052801921
866094052801079
868681049142449
861647050642343
860497077632575
868681049140278
866094052864762
861410049502817
866094058454345
860123055504558
865027053465941
861410049562662
860123055605611
866094052851959
866094052863996
861410049507485
866207075010110
860497077622675
866094058459211
866094052622962
866094052431919
860374056930876
860497077408521
860374056950346
866094051541569
865027053480924
860497077631593
865027053478530
860123055506967
860497077621420
860374052799810
860374056953126
861647050736335
866094052810534
860374056949769
866071056764438
866207075364038
860497077631882
866094052431786
866094052819824
860374057099762
865027053448749
866094052815293
866094052796956
861647050735360
866877072653649
865027053438021
861410049562001
866094052836745
861647050786280
861410049557084
865027053413628
860123055504970
865027053466683
860497077631841
860374059995272
865027053455397
860374057004051
865027053462088
866094052802606
866094052776008
866094058477858
860123055504251
866094052791619
866094052824188
861410049558819
865027053415235
866094058458486
865027053434988
866207075444897
868681049149584
861647050801394
861410049506792
866094058435781
861647050736483
866094052778319
865027053411812
860497077625629
861647050801436
868681043895067
866094052800121
868681049165762
868681049140013
866094052851041
866094052829617
865027053444193
866094052534712
866207075008791
866094052864986
866094051408215
865027053477516
861410049520330
865027052603112
861647050647318
866094052832165
865027053473531
865027052640866
861410049557126
868681049131616
860497077470042
868681049091323
868681049132804
868681049142472
866094051540686
861647050786819
866094052832058
866094052801442
866207075442313
866877072645124
866094052837693
865027053442973
866094052787567
861410049519837
860497077404108
865027053436926
865027053467178
866094052827421
866094052844079
866094052828056
866094052553431
866094058466190
866094052796808
865027053462179
860374059995918
865027053435605
865027053415185
860497077625728
860374059995900
860497077404280
866094052823495
866094058456167
860374056966888
860497077621630
861647050642541
861410049517823
860497077458906
865027053464647
866094058479466
866094052603830
866094052778434
866877072621604
866094052860893
866094058467750
868681049147893
860123055496243
861647050801253
865027053446784
866094052791908
866207075445811
868681049091448
\N
865027053470750
866094052851116
860497077632054
868681049148479
860497077391982
866094058471935
866094052787294
866094058471000
866094058467503
866207075443253
866094052798671
868681049090911
868681049161225
860374059994630
866094052623804
865027053439003
860497077631775
865027053470727
866071056827961
866094052864283
865027053446917
866207075442073
860497077625710
866207075009252
865027053422066
861647050642731
860497077625918
866094052861032
865027053479108
861410049559395
866094051540868
865027053476583
866094052837867
865027053469521
866732055479233
860497077627534
860497077404280
865027053439755
860374056952433
\N
866094052832900
865027053468994
861647050645320
866094051520019
860123055751340
868681049133455
860123055605306
861410049557894
865027053435936
861647050783212
861647050641345
866094052622905
866094052819477
861647050642301
866094052552706
865027053458458
866094058469160
861410049561847
868681049096553
866094058471307
866094052849862
866094058467222
868681049155698
860497077404314
860497077625595
865027053456262
865027053438708
868681049091638
868681049137944
865027053464795
866094052804859
860123055503626
866094058449873
866094058469152
860497077631304
866877072651403
868681049132861
865027052449771
865027053423981
866094058466349
866094058469830
865027053461981
866094052851843
866877072655461
860497077509542
866207075363394
861410049519910
865027053435019
868681049134115
866094052851983
866094052785660
860123055497340
866207075009997
866094051528343
866094052845134
860497077631122
866094052836141
\N
865027053454069
860374059996254
866877072646205
866094058449568
866094052447469
861647050792700
866094052850936
860497077631338
861647050786231
860374056930751
866094052533888
860374059995072
866094051519961
865027053463847
865027053458714
861647050639646
865027053476781
865596060053874
865027053447725
861647050786751
866094052766751
866094052861065
866094058454592
860123055572845
866094058400173
865027053455348
866094052809874
866094058417342
866094052796790
865027053439714
868681049166901
860374056924663
865027053463680
866094052798507
865027053415177
861647050784715
861410049558124
861410049557332
868681049139932
861410049507931
865027053463557
861647050641303
866094052791668
866094052857337
866207075411730
860061065744691
860497077625736
865027053472905
868681049155110
866094058455748
866094052797087
866094051541627
860123055572365
866732051104207
865027053463805
866094052802267
866207075442677
866094058466877
866094058455714
866094052533722
860374056988809
860123055679624
868681049140617
861410049557944
861647050501606
861410049515603
866094058395969
866094052838261
860123055526395
865027053466345
865027053478712
861410049561813
860497077522875
866094058471794
865027053466733
866094052623127
866094058465051
868681049154196
866094058470184
860123055729395
866094051534077
866877072653961
866071056661337
865027053473184
8660945051539878
860374056907148
860123055571342
866094051542526
865027052439400
861647050638440
860123055497738
866071056732625
860374059994671
861410049507337
860374056930678
866094052525009
868681049140229
865027052440937
860123055504806
866094052821150
861410049562449
868681049090879
865027053467392
866094052851751
868681049093030
865027053420789
866094058454550
861410049562506
866094051528012
868681049131517
868681049155730
865027053435563
865027052614697
860374057091918
865027053448749
866094052832397
861647050786421
865027053472988
865027053463813
860497077621834
861647050639893
866094052826118
866094058477585
866094058469871
865027053447063
860497077398714
865027053438328
866877072625985
866877072655107
866207075411532
866094058458510
865027053473531
865027052470975
866094052791569
865027053438690
865027052356778
866877072622123
865027053462039
861410049559262
866094052864671
860123055502263
866094052851124
865027053437551
866094052813165
866094052798440
860123055683501
861647050792742
866094058454022
866094052824386
860497077404785
866094058455326
865027053473564
861410049520249
866207075001895
866094052837826
866207075002034
861410049506750
861410049562498
866094052820046
860123055678741
860497077486386
865027053434749
865027053448285
866094052763444
866094052819741
860497077620760
865094052622967
866094052434202
861647050736251
866094058454642
861647050736913
866094051542799
861410049507527
866094052522659
861647050778659
866094052832983
860374057091074
866094052836786
865027053415938
861410049520108
866207075008957
860497077656881
866094058338621
866094052796840
865027053438484
866094052860992
866877076250686
866094058435757
861647050645148
866094058472107
865027053422710
866094058517562
866094052864127
865027053470842
865027053456437
860497077632633
861410049502486
860497077632062
868681049142795
861410049519605
868681049135427
861647050641097
861647050646674
868681049142431
866094058435682
866094052809536
868681049140021
866094052826209
865027053456528
866094052785694
861410049507659
860497077404181
866094052796857
868681049093071
865027053467012
868681049142340
861410049507436
866094058458684
866094051533988
860497077404108
868681049070152
866094052837156
866094052813090
866877072652542
866207075001374
865027053443823
865027053434657
865027053458813
861647050645536
866094052787989
860374056967555
866094058457322
865027053436504
860497077632203
866094052820921
860497077383427
861647050646898
866877072660008
860497077630637
866094052837115
866877072654480
866094052831902
866094058458346
868681049091091
868681049133133
861410049506321
866094051540884
865027053479454
866094052459670
866094051484836
860497077632153
865027053436702
865027053423858
866094052828692
865027053446545
866094052796949
866094052459613
868681049154915
866732055356431
860497077383658
865027053438856
866094052785801
866094058517505
866094051459259
866207075001291
865027053459472
865027053456544
860497077404090
861647050784939
865027053438872
860123055692403
860497077621008
866877072655347
865027053447501
866094052832413
860123055502321
865027053466865
860374056969593
865027053435415
866094051507305
861647050641014
860374057087916
860123055503436
868681049091463
861647050778683
868681049166463
861647050643747
868681049091240
860374056965914
866207075008395
865027053461965
866094052828817
866094052533854
860123055572365
866094058365178
868681049159195
866094052832223
866094052603939
125684258
866094058465507
866094051541791
866094058453990
860374056941402
865027053424062
865027053459977
866094058468535
866094052864408
865027053458771
865027053415854
866094058479482
865027053481062
861647050646070
866094051540660
868681049132242
861410049524423
868681049090176
865027053442726
866094052836943
866094052792757
866094051425003
866094052787476
861647050735642
868681049131723
866094052784382
865027053470545
868681049139452
866094058468378
860374057090357
866094052447428
861410049559247
865027053438500
860497077621834
866094052851298
868681049166570
866094052850266
865027053461130
868681049147596
866094058436037
865027053463821
861410049519621
865027053476971
865027053437031
865027053442916
860497077631940
866094052830029
866877072652484
866094052858210
866094052815491
865027052522189
860497077627666
868681049092255
865596060053866
860374057014407
861410049519845
860497077594072
860497077621982
861410049507980
866094052792096
865027053391303
861647050639828
866094052832785
861647050737291
865027053465057
866094058458965
866094058449386
865027053439680
865027053476617
866094051459077
860497077388970
866094052459860
866877072654829
860497077459052
865027053426075
866094058451051
868681049091992
866094052837446
866094058467230
866094052766611
861410049561136
866207075002059
866094052834039
866094052785843
861410049558512
868681049131301
860497077622022
861647050639901
861647050737317
866094051542666
860497077632526
865027053466030
866094052801558
868681049092628
866094052447709
866094051539720
866207075007777
866094052864465
868681049133307
865596060053866
865027053435738
868681049090994
861410049560211
865027053453574
860374056988742
860123055503519
866094051403901
866094051358782
861410049561193
865027053446685
866094052457195
866094058172996
865027053454127
866094052553480
866094058468550
865027053447477
866094058468568
866094052815657
860497077404280
865027053463318
866094052864564
866207075410914
866094052863335
866094058479243
861647050786363
866094052819766
865027053438567
860497077396684
860374056958935
865027053460256
861410049557597
866877072653664
865027053454622
860374057039743
865027053420904
861647050638069
865027053470479
865027052567515
865027053442908
866094052781040
860374057092163
860123055693989
861647050737408
861410049561706
865027053462195
866094058478104
866094052623010
865027053437502
866207075443394
866094051540678
866877072623006
866094052780067
861647050778667
865027053477383
866094058471596
861647050728845
866207075445738
866094052771645
866094051449003
868681049089368
868681049136896
860497077625785
866094058466984
866207075493191
861410049560344
865027053442544
866094058458536
866094052851934
866094051542518
865027053421258
860123055502842
866094058467859
865027053434590
861410049502569
865027053439292
866094052833197
866094052850175
865027053482201
866094052794456
866094052798457
865027053455033
866094051392500
865027053463425
866094052603947
861647050641527
866094052833833
866094052821895
868681049148149
860497077620877
\N
866094052793946
865027053446511
866094052849912
866094052785579
865027053461940
861647050793021
866207075411136
865027053477409
866094052794845
865027053464704
866094052831548
868681049142274
866094052856081
865027053473358
861647050645197
861647050639950
861410049557191
865027053478241
868681049092891
861410049557977
866094052785595
866094051534135
860497077632039
866207075010474
861647050640032
866207075448476
865027052550750
865027053464431
866094058449600
868681049165960
866094052788623
866094052470206
866094058470572
865027053439466
866094058458189
866094052505720
861410049506560
860497077631460
861410049561185
866207075447213
861647050792718
861647050792841
868681049146416
861410049558504
861647050639786
866207075447379
866094052809080
860497077645967
866094052822497
860497077525415
866207075002497
860061065744642
868681049140294
866094052822059
860123055694060
866094051507339
866094051282933
860123055503022
861647050642608
861410049559007
860374059996353
865027053393572
866094052798598
861410049502437
866877072655969
866094052431869
865027053466170
861410049561433
866207075493233
866094051534606
860374059994341
866094052622749
866094052861685
865027053453053
866094058471513
866094052826332
866094052791833
866094052802572
860497077631346
8600610565744642
865027053454135
866094051476436
866094052792815
860497077621404
868681049143082
861647050641543
866094052861040
865027053454077
866094052505753
865027053454507
861410049559254
866877072656022
861647050642368
866094052435449
866094058467909
866071056780442
866094058470028
865027053463631
860497077509575
868681049147240
861410049544199
865027053443013
866094052785744
868681049154972
865027053446594
860123055502404
861410049558652
866094052827637
865027053415789
865027053399900
866207075443675
861647050641568
865027053430259
866094052838022
866094058479524
860497077395405
866094058450467
866094058467545
865027053458417
868681049155722
860497077627443
866094052850472
866207075411573
866094051528285
868681049168451
866732055479597
866094052828023
866094052785413
860497077631619
865027053453632
866094058478088
866094052828171
861647050639810
868681049146408
866094058338548
865027053464373
866094052851694
866094052795065
866094052857154
865027053421613
865027053477037
868681049168147
865027053453228
865027053421852
861410049506826
861647050728886
861410049508178
866094052864473
866877072650926
865027053440415
866094058456001
866094052851926
866094052792625
865027053423072
866207075008692
861410049561573
865027072303184
866094052815780
866094052795081
866094052623325
861647050784822
861647050784541
861410049503492
866094058465028
866094058459682
866877072641784
868681043922762
866732055373154
865027053415912
866094052466899
866094052822521
868681049092123
861647050646559
860123055489495
865027053476534
861410049560237
866094052836232
861410049520124
866094052822554
866732055479167
866207075002539
865027053436496
861647050644539
860123055689763
866094052822109
866094052810450
860374056972043
866094052797145
866094052828130
860497077632757
866094058464971
866094058450764
861647050658679
866094058458742
860497077632518
866094052805351
860374056942566
861647050736798
860123055571177
860497077621321
861647050646237
866094052793144
866094051540934
860374056964180
866877072650041
868681049140658
865027053436751
860123055700420
865027053465016
861647050792726
860497077404264
866094052791718
868681049154733
861410049560294
860374057096222
866094052830870
866094058467677
866094052778483
860374056978842
868681043900594
866732055373212
866094052850829
860123055476146
866732055479266
866094052826498
866207075445951
866094058462751
866094052791494
861647050778725
865027053479496
866094052820681
866094052821051
861410049521064
865027053479710
866207075007579
861647050645056
861647050737069
866094058454444
865027053454242
866094058459062
866877072630100
861647050638127
866207075411490
866094058454733
860497077622600
861647050785977
865027053415953
861410049558058
865027053443054
865027053467095
865027053466071
868681049091554
865027053446230
866094051541858
860374056935826
860123055730138
865027053463920
868681049154725
868681049093196
861647050785936
866094052802309
866094052829955
861647050642026
866094058471745
868681049133166
866207075441398
861647050638275
866094058455706
866877072654928
861410049508228
865027053467053
868681049133224
865027053438799
866094058451192
866732055479183
865027052507446
866094052849979
866094058456159
861410049502759
861410049519928
866094052832231
866094052466956
866877072645546
866207075442636
866071056781531
860497077391966
866094052832736
866094052801731
861410049506727
860497077622089
860374056993452
864162047527331
860374057090688
866877072656220
865027053446651
860497077396924
860374057088393
866094058466182
866877072653607
866094051542385
868681049156217
868681049131277
865027053464175
865027053436132
866207075411334
861410049557969
861410049543720
866094058467495
861410049557589
866094058466570
865027053454259
866094058466273
865027053455702
861647050646575
866877072622404
861647050643861
861647050501556
860123055605736
868681049133281
865027053415805
\N
861410049502833
866877072660446
860497077501325
866094052534118
866094052828114
860374057099283
861647050728647
866094052802119
866094052795248
860497077458922
861410049557647
866094058477775
861647050778451
860123055505076
860497077631312
868681049132473
860497077509468
861647050642103
860374056926676
868681049132556
866094051540926
865027053455736
866094052766694
866094052798192
865027053435514
866094052788615
865027053437775
866094051451793
866094052826019
866094052850548
866094051452916
868681049134032
866094052771629
865027053473572
866094058435955
866732055479209
866094052623085
865027053410517
866877072659844
866094058471877
868681049168311
868681049155995
866877072624509
866094052846454
866877072640489
866094052787831
866094052832819
860497077459086
865027053472624
866094052766504
865027053470297
860374056982265
866094052449374
866207075008379
866094052534142
860123055689904
865027053456569
860497077404314
866207075001499
866094052827793
866094052791601
868681049167214
\N
865027053471063
861410049559452
860497077395520
866094051520183
866094052831761
866094052832090
866094052850878
860374056934332
866094051534150
861647050784657
866094052830698
861410049523748
860497077396056
860374056907569
861647050737242
866207075411615
866094052852320
865027053415375
860497077406954
866094052798663
866094052766363
866877072623121
865027053478472
866094052851686
860497077630710
866094052844178
861647050642467
860497077631049
866094052861669
866094052832009
865027053476526
860374057007583
866094052810468
868681049146556
866207075442136
865027053473929
865027053470628
860497077627823
866207075411094
866094052820038
866094052850027
861647050643093
861647050643937
866877072652963
861647050643622
865027053472269
866877072625944
866094052770704
860497077404058
865027053473051
866094052533961
860123055751308
865027053454465
860374059996171
860374056903469
868681049167222
865027053472400
866094058412160
866094052861644
866207075444657
866094058467818
865027053437973
866094058400165
866732055356373
866094052850431
861647050786306
866094051542617
860374059995777
865027053437072
866094052837735
860123055694144
866094052850860
866877072655727
865027053477128
868681049133521
886877072625902
860123055571870
866094058172996
861410049502916
860497077621644
866877072622487
860123055496078
861647050643630
866207075007272
861647050642483
866207075002133
861410049543522
865027053464977
861647050735709
861410049560450
860374059996197
866094052797210
860374057040550
866094052838030
866094052769912
865027053477094
866094052778202
866094052820897
860497077632626
866094052821044
866094052787799
868681049133174
865027053432156
860497077594429
865027053384902
866071056888716
866094052822505
860497077630710
866094051542948
865027053466568
866094052795693
865027053435613
860123055683196
866207075002737
866094058471695
860497077631387
866094058466430
868681049156506
865027053415334
860497077632310
868681049150772
860374057076869
865027053463938
866094052553357
868681049136623
861410049560518
861410049507600
861647050646997
868681049142266
866094052851215
866094051542427
866094058466778
861647050645080
866094052824345
860497077632302
866094052851256
865027053462047
865027053457526
866094052837743
860497077621735
860497077392634
860497077630892
868681049092966
866094052828346
866094052787310
866094052730039
861410049507824
861647050728662
866094052603996
866094051507412
866094051534044
865027053455173
866207075009757
860497077632013
866094052729411
868681049142316
861647050736319
866094052787393
866094052828221
865027053478159
866207075009211
866094052771686
861410049562241
866094058458783
868681049092883
865027053415748
866877072651361
860497077631866
861410049519449
868681049166547
861647050737309
866094052802069
861410049558751
866094058471042
865027052466858
866094058449857
865027053444417
865027053436033
866094052770985
866094052795651
866094052836901
866094052826084
866094052459738
861647050786454
866094051459291
860497077404363
861647050646633
868681049165531
866094058469525
866094052770688
861410049561987
860123055697360
868681049137829
860497077494901
866877072647062
860497077630868
860497077404389
866094052799794
866094052828437
865027053452360
861647050735469
866094052850910
866094051542757
866094051360838
860374057013029
866094052831217
\N
860374057100552
866094052852205
866094052837420
866094052831878
866094058161338
866094052533714
860497077621991
865027053460298
860497077458849
861410049561722
866094052534019
865027053455389
866207075324750
861647050641113
865027053470651
866094051510556
866071056763133
860123055502255
1
865027053436686
861647050642608
865027053477250
865027053393853
866094051369946
861410049558140
866207075443550
861410049562282
866094052826753
866094058472008
865027053438781
860497077458963
866094052785975
860374057018283
866094052795412
866732055373089
866071056764347
861410049556755
865027053435589
860497077404777
866094052837289
866094051374177
860497077404181
866094052810005
865027053473382
860497077404207
868681049135039
861647050637392
865027053464092
866094051542567
860497077398714
866094052534076
865027053477045
965027053453202
865027053458102
861647050737333
860374056947193
868681049092180
861410049502387
865027053443492
866094058468386
866094058417318
860374057089961
861410049558363
861647050735667
866877072650264
865027053478696
860497077627740
866094052434111
865027053453525
868681049090481
865027053442387
866877072660180
866207075445597
866094052782345
866094051520142
866094052802143
866094051533962
\N
866094052743529
866094052778376
866094058479276
866094052797160
866877072640406
860123055476880
861647050501622
865027053411572
866094052778905
866094052822562
866207075411219
866877072646981
865027053455413
866094051510291
868681049168188
860497077631098
865027053454523
866732055478748
860497077397112
861647050643556
866094052785736
861410049523037
866094052785686
866094058470127
866094052864549
861647050646153
865027053456361
866094058470713
866094052831175
860374059996205
866094058466315
860374056949868
865027053455264
865027053466857
861647050658836
865027053415128
860497077404702
866094058471687
865027053446867
860497077537790
866094052434129
865027053479439
866207075010516
866094052825870
866094052838170
865027053466725
868681049091950
866094052787435
861647050792833
866094052821937
866094052801889
861647050783238
865027053461205
865027053466709
866094058400181
865027053469356
861647050801154
865027053456478
866207075007710
865027053464720
868681049080920
866094052822570
860123055690837
866094051528350
866071056828092
865027053455249
866094051520266
866094052826175
866094052810492
861647050640958
866094052820699
860374056961541
866094051542864
861410049561979
865027053464365
861410049502809
866094051357685
866094052861347
865027053383284
866207075009377
866094052834104
866094052827496
861647050641402
861647050786595
860497077625777
866094052833734
\N
860497077621881
866094052792104
865027053466626
861410049533010
866094052798226
865027053466295
860497077397526
865027053453996
866094058417300
861410049557787
866094052795644
860374059995058
866094052797095
866094051541999
868681049140153
866094052861339
866094058471711
861647050735501
861647050801212
865027053436736
860374056940875
860497077627500
865027053408198
860374059995751
866094052838196
866094058377595
865027053440233
866094052850191
866094052795008
866094052837263
861647050637558
866094052850415
866094058443157
866094052856131
866207075441554
865027053435944
861647050645726
865027053423882
860497077632617
860497077621495
860374057089870
866094052850449
866094052534134
866094058458379
865027053476518
866094052851132
861647050637939
866094052827413
860497077631791
866094052804842
868681049143090
\N
860497077625587
865027053420433
865027053477458
861410049559486
866877072641826
866877072660644
860374056981366
861647050501648
860497077397526
868681049140005
861410049522203
866094052797046
866094051542591
866094051542500
866094058417466
865027053477144
866094052805344
860497077631429
865027053470560
866094058471232
861647050778410
860123055751274
866094052850365
866877072653466
868681049167107
866094052836554
865027052436356
865027053456486
866094052622798
866094058466901
861647050643911
868681049168238
860497077625678
866094052852148
866207075001838
865027053435324
866094052802820
866094052793979
861410049557407
861647050641949
865027053452527
866207075007439
860497077622493
865027053453178
866071056762507
866094058450343
861410049559221
866207075364319
866207075366835
866094052534126
860497077631817
868681049136318
861647050640099
860374057039156
866094058462546
866207075006977
865027053473077
866094052845159
865027053464357
865027053434798
868681049142936
868681049131574
868681049166265
865027053434772
866207075009872
860374057075770
866094058450830
866094052534597
860374059994457
866877072623147
866094052766736
868681049162587
860374057075135
865027053424104
868681049081068
865027053424161
865027053478498
865027053464407
866877072645066
865027053445208
866094058399896
866094058466406
866207075442255
866094052824329
861410049507329
865027053435431
860497077625967
861647050641360
860497077391990
868681043907003
861410049558843
865027053453566
860497077404140
865027052443089
865027053476443
866094051402515
866094052856933
860497077459102
866094052861115
861410049524019
860123055496409
866094051419147
860497077626031
866094052823537
866207075363410
861647050736368
866094052506439
865027053396864
866094052431844
861410049502411
866094052827900
861647050737184
861410049556755
866071056764396
865027053465065
866207075443873
866732055372115
861410049558421
861647050642038
866207075446157
860374059995488
866094052851546
866094052861636
866207075441331
866094052831860
866094058464757
868681049131855
861647050786488
866094052820608
866094052796030
866094052768591
866094052552722
865027053438914
864162047797082
861410049557514
866094052802580
866094052833692
868681049165291
866094052794464
861647050725882
866094052826654
860497077539119
866207075444251
866207075440515
860374056970534
865027053436876
860061065744642
861410049520199
865027053468986
865027053479504
868681049095993
868681049134073
861647050658711
861410049558223
860374059994663
868681043903804
861410049519563
866094051542674
866094058467131
866094058459658
866094052785538
865027053446321
860123055683196
866094052787427
866094052841034
860497077632047
868681049136524
861410049507949
861647050647003
866094052861594
861647050643689
868681049144619
866094052791726
868681049090523
865027053453277
860123055729650
868681049165176
866877072655180
865027052308241
866094052832660
866732055478870
868681049143116
866094052798408
860123055489511
861647050645965
866094052857196
860497077396684
866094058450483
868681049096066
866207075001275
866094052849896
865027053423932
866094052552904
860497077406970
868681049090838
866094051488860
865027052420764
865027053464621
861410049506016
868681049155169
866094052851264
866094052837990
866207075001598
860374059996312
860123055695182
865027053424104
865027053437742
861410049558280
868681049091406
861410049559635
866094052826308
866094052828635
866094052852312
860374056962218
861410049519829
861647050502998
866094052459472
860497077404371
866207075440234
861410049507881
865027053427289
866094052824964
866094052522675
860497077404223
866094052466774
860497077395322
868681049142423
866094052864259
865027053455132
860497077391222
865027053478076
865027053446313
865027053443054
860497077630629
860497077632237
865027053446206
861647050786785
866877072659042
861647050501655
860374056944497
861410049557951
866877072655503
866877072656881
861647050736988
865027053433410
861647050734678
866094051507438
866094052775984
866094052466758
861647050786769
866094052798549
868681043918182
861410049556870
865027053473127
860497077593884
861410049559015
861647050736541
865027053435530
865027053447253
860497077630553
860497077404181
866094051542765
865027053469380
860497077631007
866094051473268
866094052862220
861647050786637
861647050734694
866094052851744
866094058459005
866207075411037
866094052863699
866094052830946
865027053455306
861647050784921
866094052837339
861647050786504
866094052850316
866877072623287
866094052836752
866094052827561
866877072628849
861647050646914
865027053470826
861647050641931
868681049131400
860497077395942
860123055694284
866094052832694
865027053416100
865027053479462
866094052782337
865027053436835
865027053387319
865027053477011
865027053438971
865027053470222
866094051523617
865027053457518
865027053415227
861647050712799
866094058468543
866094058468790
865027053452477
868681049146309
865027053464407
866094058479458
866094052850852
866207075008197
868681049156092
865027053398373
866094058467479
860497077622410
865027053446727
861410049544272
860374056930769
868681049166141
865027053464837
861647050786652
865027053472566
866094052834328
860123055532799
866094058468337
866094052862295
860497075363873
868681049154865
861410049558702
865027053437379
866094052832991
866094052789530
865027053448962
866094052622913
860497077593983
866094051314033
868681049132507
866071056859048
866094051542435
866877072641347
866094058400025
866094051542781
866094051541783
865027053477508
865027053447519
865027053437023
865027053476575
860497077603766
868681049167479
866094052838402
861647050737002
866094052810419
866094052826274
865027053445752
866094058458932
865027053460116
866877072659265
866877072630944
866207075411011
866094058400348
860374056953365
866094051364079
866094058450350
860497077553276
868681049132770
865027053473655
865027053477342
866094052830987
866094058469129
866094058457314
860374056926734
866207075009930
865027053459563
865027053410590
865027053463961
866071056780475
865027053452501
866094052792674
866094052858467
861647050642640
868681049136110
868681049133117
866094052778541
866094052792807
866094052798564
866094052828452
866094058471240
866732055480298
860497077621693
860497077632534
866207072645066
866094052622939
861410049560716
865027053466113
861647050645254
866094052797392
865027053438377
860497077404553
861647050801329
866207075007355
865027053469547
866094052533938
868681049139254
860123055606791
865027053457773
868681049151028
861410049556789
868681049152331
865027053452071
865027053472327
861647050642087
861647050783410
865027053423502
861647050658554
861647050786744
865027053473267
866094052787526
861647050737564
860123055690258
866094052863384
866094052819519
866094052862196
866094052832587
866094058454105
865027053473812
860497077621446
866094058443108
866094052522618
866094052553332
865027053472541
866207075442214
865027053452188
865027053438526
866877072647260
866094051520191
865027053466360
866094052831571
861410049560120
865027053435316
861410049560302
861410049506784
866094052792690
860497077392006
860374056950270
866094052851868
860497077621297
860374056962283
866094058471158
861410049506966
866094052792799
866094058451119
860497077630975
861410049507311
861410049506651
866094052828387
866094058468964
866094058436094
866094058400702
865027053463896
865027053442676
861410049507154
866877072622024
866207075447916
865027053465842
866094052826316
860123055497928
865027053482243
865027053452154
866094052798499
861647050655337
861647050641055
866094052809999
865027053423312
860497077404058
866094058449337
866207075002117
860497077404058
866094058459013
868681049143355
866094058458726
860374056959339
861647050638093
861647050786348
861410049560138
866732055479613
866094058469293
866207075009013
868681049149097
861647050801378
868681049143389
866207075442057
865027053438393
866094058461111
866094052804172
866094058471588
866094052785454
866207075363253
866094051542633
865027053436058
866094052851314
861647050784681
860497077404207
866094051540546
866094052795198
866094052804867
861647050785744
865027053454515
861410049557910
861647050638150
865027053442536
866094052802697
866094052820574
865027053442585
861647050786736
860497077495932
866094051520241
868681049139155
865027053454580
865027053450547
865027053473036
865027053437445
868681049139940
860123055503816
860497077395520
866732055478763
866877072654027
866094058454741
860497077404272
860123055582059
866207075366918
866094058462595
865027053462005
866094052785546
866094052826340
865027053453459
868681049134735
866094052798606
866094052828015
866094052623044
865027052401673
865027053436173
861410049544157
861410049506685
860123055700487
868681049134693
861647050644521
866094052820939
865027053415987
866094051528327
861647050792676
860497077625876
868681049145848
860497077593959
866094052861768
860374057004234
865027053480692
868681043925344
860123055605876
865027053477284
868681049146531
868681049134883
866732055478730
866094051520605
865027053404445
861410049507931
861647050640008
860123055503444
861647050655436
865027053460165
868681049140336
860123055696149
866094052782311
866094052821168
868681049143462
866094052850134
866094058467297
866094052836257
860497077621578
860497077525472
861410049558942
866094052801111
866071056664513
868681049150285
860374056930850
860374057098459
865027053473416
866207075445472
866094058336922
860374057073411
865027053453160
866094051542690
866094051542740
\N
866094052797566
866094052800311
860497077627690
865027053424104
866094052733009
868681049134412
866094052864267
868681049142498
866094052615925
865027053386816
866094058470721
866094058467826
860497077630876
866877072650389
868681049096231
866877072645702
866094052820525
865027053464241
865027053446974
866094058450319
865027053472475
866094052841026
866094052804883
860374057020214
865027053461031
866094052832512
865027053466899
865027053447089
866207075292353
865027053463706
866094052799901
861647050642129
866094051542013
861410049543738
860123055503402
866207075492219
860497077627831
866094052785876
865027053461403
866094052849920
866207075445837
866094051541981
866207075446074
868681049132853
860123055679657
868681049165770
866094052777204
866094052822802
860123055694094
868681049138223
868681049143280
865027053388895
866094052534159
865027053415284
868681049091174
866094052856966
866207075444319
868681049140476
866094052787625
866094052864291
860497077404355
860497077406970
865027053478217
866094052823925
866094052818875
866094052795313
866094052864556
866094052828528
866094052825862
866094051459143
865027053439391
861410049560179
865027053447055
865027053453533
860497077458922
865027053436140
866094051542989
861647050501713
866071056899366
866094052832264
865027053472939
861647050643473
860497077620893
860497077621479
866094051540850
861410049519019
860497077630629
860497077395488
868681049141052
860374059994440
866094052795503
860497077631999
860123055504806
866094052810229
868681049138199
861647050643234
865027053442569
865027053455199
865027053463813
860497077404728
865027053456320
865027053425689
861647050778352
865027053454176
866877072651825
866094052864010
866094052857014
865027053393689
866094052832025
866094052810245
861410049557563
865027052486500
866094058398955
860374059995579
860497077630595
865027053389083
861647050646112
860497077404322
865027053435753
866094051482186
865027053463698
866094052804875
866094058466513
865027053463953
861647050643566
865027053454663
868681049166620
865027053473408
866732055479258
866207075230478
865027053442577
865027052567879
860497077408943
866877072623105
865027053422108
861410049557720
866094052832561
865027053414931
866094052795115
860497077509435
860374056941659
866207075448518
866094051541833
860123055690936
860123055503865
866207075440432
860497077487020
865027053476823
\N
866877072641669
865027053456585
866877072650520
865027053460066
866094052623424
865027053442791
868681049132226
866094052780943
866877072654944
866094058435880
866094052793862
866094052431737
865027053453350
866094052769862
866094052800139
866094052552664
861410049506933
865027053424278
860123055695174
868681049143298
865027053450299
866094058466174
860374056929712
866094052829567
865027053476963
866094052785942
861410049519795
868681049070178
866094052788078
865027053438013
865027053416407
868681049139585
866094058449345
866094052804933
866094052851462
861647050640131
865027052433924
866094052782360
860497077458872
866094052827827
865027053439375
861647050783113
861647050501713
866877072645280
866094051374912
860497077621495
865027053444391
860123055643497
860575057965691
865027053452584
860374057050732
865027053451453
861410049561789
866094052616097
866094051507396
866094051403166
868681049096009
866094052534431
866094051534176
861647050643317
865027053464498
866732055356399
866094052861156
866094052793987
865027053445653
868681049090549
866877072628724
868681049134321
866877072652701
865027053446628
860374059996015
865027053477136
865027053435043
865027053470347
861647050640230
866094052849714
860123055692460
866094052621105
866094052791775
866094052823966
861647050644042
868681049152075
866094052832348
860497077397997
866877072645306
865027053473572
860123055679442
861410049557878
860497077631643
866094052815574
861647050638283
865027053456510
866094052861651
866094052834575
860497077594460
866094052832645
860497077594379
860497077458880
868681049168139
866094052815749
861410049560666
866094051534051
865027053473531
860123055685324
868681049095050
860497077622642
866094052791940
865027053437023
868681049149253
865027053472608
866094052809569
866094052522576
861410049543589
860374057045211
866094052782303
861410049557472
865027053447733
860374057047084
866094052447329
861647050642525
861410049519894
866094051315923
866094052836950
866877072659224
861647050642509
866094052828478
866094052771603
866094052809189
866094052824196
861647050639919
866094052828254
866094052623150
860374059996288
860123055504988
865027053419633
865027053437767
866207075364111
860497077622097
866094052787955
866877072622909
866094052797442
865027052472500
860497077406962
861647050737549
865027053466972
865027052345078
861647050511111
860123055639859
865027053478209
866094052824261
861647050647292
860497077631932
861647050646591
865027053464951
866877072625183
866094052770753
866094052810518
865027053437692
866094052828585
865027053423502
866094058435633
866094052819576
861647050639547
860123055729478
861647050645940
861410049507378
868681049140484
860123055495971
866094052850522
861410049524035
868681049152232
866207075002315
865027053456486
865027053461478
860061065744691
866094058467107
866094052827405
866094058457264
865027053482243
866094052782279
861410049558033
866094052623192
866094052858335
866094052826787
866094052604929
861410049519811
866094052787385
866094052833007
860123055495807
866094052864341
866877072628708
860123055507155
866094052850357
861410049560153
868681049090127
865027053455587
866094052850514
861647050786165
866094052795776
861647050645288
860497077621271
860374056943416
865027053415193
860497077459029
868681049142845
866094058417334
866094052797509
865027053415862
860497077621289
866094052798168
866207075440317
866732055478771
\N
866094052533862
866094051528376
866094051541932
866094052826241
865027053455660
868681049139635
866094058517000
868681049165903
866094052820962
866094052818370
861647050645379
866094052858517
866877072623048
866094052787070
866094052799414
865027053472533
865027053436025
866094052824600
866094052810286
861647050642657
866094052851355
865027053436041
866207075007850
866094052470206
865027053464464
866094052623762
861647050641774
868681049155821
866094052845175
866094051520159
866094052533813
860497077458906
866094052851553
865027053467079
866094058417490
860497077459102
868681049143538
861410049562415
866094051360812
865027053465842
860123055685449
865027053453251
865027053479645
866094052837164
866094052833064
865027053444060
866094051542419
861647050640149
868681049155466
866094058462611
861410049558462
868681049141110
865027053423890
860123055606742
866094052827132
866094052828304
866094058458106
866094058466729
861647050786389
860374059995975
866094052787492
866071056764388
865027053464399
865027053478704
865027053458565
866094052795214
865027053405681
865027053479272
866094052837198
866094058450285
866094052797012
865027053452444
860374056966219
860497077630876
866094052824238
866094051542807
866071056868809
860497077397609
868681049143074
860497077632468
865027053454671
866094058466422
864162047528420
860374057082917
866877072644960
865027052617195
861410049544231
860374056935743
866094052432123
865027053478894
865027053423775
861647050785993
865027053423825
866094052832827
865027053386527
861410049508145
865027053463664
860497077404058
866094052795735
860497077395330
860374056958620
868681049146747
865027053463870
866094052851181
865027053398373
860123055504863
860374059994747
868681049138074
865027053461924
866877072623246
868681049142126
866877072625100
860497077621842
866877072641701
866877072660461
866094052861784
865027053415961
861410049520231
866094051507248
866207075002075
866094052827942
866094052815608
866094051520480
866094058421682
866207075447874
865027053469513
860497077625496
865027053461908
866094052831225
866094052864796
865027052280168
865027053434780
860497077395561
865027053472343
866094052431794
866094052785504
866094051477624
861410049502429
860497077395405
866094052837933
866094052820582
861410049519597
861647050641246
866207075366611
861410049507584
868681049156043
868681049140302
860497077404363
866094052794704
866207075443030
866094052832082
866094052820020
866094052831787
865027053405210
865027053444912
866094058448461
866094051473755
868681049090689
868681049142258
866094052829666
860123055489602
865027053463995
866094058443124
866094052800071
868681049161696
868681049091380
866094052787575
866094052819972
860497077627658
866094052434269
866732055526363
866094052811102
866094052850845
861647050737648
866094052828296
865027053466238
866094052828825
865027053458482
860497077631320
860497077458989
866094052852171
866877072621927
861647050737424
865027053478183
861647050736426
860374059995504
861647050645163
866094052791510
866094052823792
866732055373071
865027053467160
866094052864523
866094052785405
860497077404371
866094052831696
868681049091687
861410049502312
866207075007355
866094058459203
866094058467032
865027053468242
868681049090259
860123055605900
866094052793979
865027053456445
860123055497340
866094051520308
860374056973843
86609405153943�
866094052775927
866094052771637
865027053465933
868681049096041
860123055499064
861647050736582
865027053404767
865027053447626
868681049161738
866094058467438
865027053456296
866094052435712
866094051539753
866094052809965
865027053470578
865027053454119
860497075442834
865027053479447
860497077630553
861647050646831
866732055372198
866094052851512
866094052824147
860123055700529
860123055730153
868681049161795
861647050736871
865027053416969
866094052770647
860123055643196
866094052802754
866094058467289
866094052787245
860497077404058
866094058469905
865027053472210
866207075002190
860123055571524
861647050792981
865027053446529
868681043914033
861410049560401
866877072660420
860374056975921
866094052623028
866094052812084
866094052534449
866094052533946
866094052621261
866094052781446
866094058466141
860123055605322
868681049135195
866094052851819
866094052753601
866094052832157
861410049558785
860374057011270
866094052850464
866094052780869
865027053438658
861647050501614
860497077631742
866732055356423
865027053463581
861647050642582
866207075008874
865027053472541
865027053460496
866094052533979
866207975002174
866094058517570
866094051507313
866094052850563
865027053473903
861410049557282
866094058454675
860123055606270
865027053446719
866094052802283
866094051542609
865027053397680
868681049143264
866094052828551
866094058471521
865027053438609
865027053424104
860497077459102
866094052782329
866094052851025
866094052831688
866207075365811
861647050800818
860374056980020
866071056899812
860497077621685
861410049522914
866094052863350
865027053477466
860374057063743
861410049506842
860497077520416
860497077594106
861647050801402
866094052785397
866094052552540
866094052826738
865027053386899
866094052831159
866094052623408
866207075001671
866094058467172
860374056986597
866094057435712
861410049521841
865027053439409
866094051450548
865027053472889
860497077625934
861410049558660
866094052769854
860374056905712
861410049559304
866207075411458
866207075443956
866094052466931
866094052604036
866094052798523
866094052447535
865027052341622
866094052604994
860497077395447
868681049143470
866094052534035
866094052466915
868681049096579
861647050784806
860374059996064
865027053430242
860497077407341
865027053462203
865027053464324
866094052552532
866094051490122
866094052832553
865027053436348
865027053470305
865027053397680
866094052802127
866094052797616
865027053454101
861647050646138
865027052386619
868681049143181
865027053435373
860374056961277
866094052826894
860123055696628
865027053437585
861647050641584
860123055525355
865027053446404
865027053453434
861410049560385
865027053437668
866094052765779
865027053436587
860497077630611
865027053442528
861410049506461
861410049558322
860497077627724
865027053446495
861647050786637
865027053434723
866094051542658
865027053458573
866094052534621
866094052534415
866094052834815
866207075445217
865027053463656
865027052603757
866094052435712
\N
866094058471885
868681049154287
868681049142159
866207075008635
861647050783337
866094052850332
861410049507220
866877072660842
861410049520025
866207075010573
866094052819790
866094051459184
868681049136995
865027053461775
860374056947656
866094051542898
861647050737176
868681049134099
865027053438674
860123055684566
868681049090176
861410049502296
860374056901190
866094052795222
865027053473333
860123055606601
861647050640875
861647050640248
861647050786447
860497077509484
866094052832272
868681049140609
866094052791478
861647050784855
866094052827819
865027053439615
866094058435898
865027053466097
865027053438625
861410049562050
860374056964438
866094052524960
860497077407341
866094051523567
866094052533771
866094052862212
866094052778459
860123055473036
866877072626223
866094058466299
865027053420862
\N
866094052819782
861410049558686
865027053436744
866094052623846
861647050655170
865027053435639
860374056991233
868681049090572
866207075443956
866207075365738
860374057021055
868681049137035
865027052488456
860497077397880
866094052603954
866094058471869
861647050655592
861410049523557
861647050736806
860497077621941
861647050655519
861647050801139
866094052861008
866094052785926
866207075442156
866877072646304
866094051541916
861647050643515
868681049133570
865027053479611
866094052850340
860123055679426
861647050638507
860123055572340
861410049503708
865027053464191
865027053463599
866732055480314
866094052447360
866094052782139
866094052851272
861647050792965
865027053476864
866094052824097
861410049562654
866877072646387
866094052856123
866094052827066
866094052833866
865027053457161
860374059996056
860497077621677
865027053444714
860374059994366
866094052534373
861647050645213
866207075440614
866094058478047
860374056969189
861647050786611
866207075387518
866094058417300
865027053452063
861410049558744
861647050737481
860123055729460
860123055504509
865027053460397
866094052798481
865027053442510
861647050784723
865027053467137
866094052845043
866094051507321
861647050658638
865027053446792
860374059995710
865027053438880
865027053452253
866094052616196
866094051542252
866877072654860
868681049090655
866094052525140
860123055571177
865027053460124
865027053460058
866094052533847
866732055478722
860497077485826
861410049503765
865027053437346
861410049558041
868681049142357
866877072647146
866094052810575
865027053416886
866094052836828
866207075001333
860497077397955
\N
865027053433386
866094051494157
866207075367056
860374056958661
861647050637533
861410049544181
865027053472392
860123055692353
866094051480693
866877072656725
865027053473614
865027053468606
866094052832975
868681049139577
865027053450091
865027053437338
866094052618184
866094052849961
860123055504087
866094052832884
865027053424104
865027053464209
865027053478753
861647050641071
860123055475940
861410049561755
866207075007751
866094058459740
860497077391974
866094052863723
860374057039412
861410049515595
861410049557043
860374056960287
866094052553548
866094052796899
866094052831845
868681043910593
860497077621446
866094052766678
866877072647286
865027053415151
861410049506875
866094052798523
860123055504111
866094051520472
865027053415409
866094052553456
860123055684392
866094052795636
860061065744691
866094052447097
868681049140112
866094058457850
868681049148842
860374056975780
866094052830144
866094051520274
866877072645561
861410049558199
866094052792062
866877072197324
868681049167586
865027053470693
\N
861647050786777
865027053463698
861647050644075
866877072626546
865027053461783
866094052850456
865027053464100
865027053439854
866094052794282
861647050786256
866094052435563
860374056997602
866207075008015
866094052809890
865027053476377
866094052826043
866094052785421
866094052861800
866207075363915
860497077404629
866094052796022
861647050642269
861647050600499
861647050639976
866877072651163
868681049090820
866094058466521
861410049562225
866732051344076
866207075442099
865027053462021
865027053473010
866094052821101
868681043906260
866094058479540
866094052850225
866094052826951
868681049148925
865027053478761
866094052798556
861410049561235
866094052787401
866877072623063
860497077627575
866094052824287
866207075007132
866094052820723
866094052775943
866094051534671
860374057082107
866094052821630
866094058471083
868681049156001
865027053479280
866094052459696
868681043915188
861410049522179
860123055503915
866094052506314
865027052303176
866877072654084
866094052797699
866094052850894
860497077620901
866094052837453
865027052603120
866094052831084
866877072630860
866094052447345
860374056934324
860497077404058
866094052791684
865027053446800
866094058479235
866094052837925
865027053416068
865027053473846
866094052795099
865027052386932
\N
860061065749971
866094052828056
866094052797558
865027053464621
860497077404801
865027053466048
865027053457492
861410049505919
866094052819501
866094052824089
861410049561243
861410049558256
861647050637434
866094052447113
861647050737127
860123055730096
860374056952367
861647050786603
865027053447071
860123055605330
860497077404058
861410049560484
866094052838063
865027053416084
866094058450806
865027053455298
866094052434145
860497077483466
866094058471638
865027053434806
866094052863285
866094052834336
860497077622485
866094051507354
866094051520332
866094052834245
866877072655743
866094052837941
865027053446875
866094051436232
866094058467024
865027053477474
866094058435674
860123055497076
866094052850696
866094058471075
866094052823990
865027053476773
866094052622897
860497077408943
865027053450042
865027053478373
866094052815624
861410049558934
861410049560245
866094052534548
866094051459242
866094052822653
866207075441414
860374056966615
865027052400907
861647050801196
866094051542450
865027053476914
865027053424955
861647050734793
866877072651122
865027053446479
865027053439649
868681049132036
866207075007736
861410049559478
860497077395330
860374057082156
866094052525025
860497077404348
865027053466147
868681049090143
860061065749856
861647050786512
866094052800154
860123055504384
866877072655784
866094052793995
868681049132788
868681049165614
865027053464134
866877072655909
03010707007323050010215
866094052824956
861647050786678
865027053453020
861647050501713
866094052621048
868681049091166
860123055729510
861410049519753
865027053476450
865027053479108
860497077458880
866094052833858
861410049558777
860497077627419
860497077404207
866877072653987
860123055495526
861647050801170
865027053452352
866094052800725
860497077395553
860123055605710
868681049155102
868681049137480
866094052861180
866094052837842
865027053463912
868681049096108
866094052836737
860374059995231
866094052787781
861410049503799
866094058471646
866207075230114
861410049562563
866094052837669
865027053466949
866094052615966
866877072660040
866094052857022
866094052826944
860374059995694
866094052603871
866094052815418
865027053416068
866094052832108
866094052850597
868681049092933
866094052827553
866094052850118
868681049140252
865027053457229
866877072645447
866094052791916
861647050655576
865027053464456
860123055503576
866094052830896
860123055497076
865027053476930
866094052826555
866207075492078
866877072655321
860374059995827
866207075411417
866207072640364
866094051459119
861410049507550
860497077631718
860374056981945
861647050641857
865596060054039
866207075445878
860061065744691
866207075010193
866094052534175
865027053433410
866207075008213
866094052795479
\N
861647050646658
861410049560161
866094052829609
860497077404199
860123055502800
866094051540777
866094058471984
860123055570849
866094058471968
866207075443832
866094052791460
865027053463789
861647050640834
861647050784830
861647050642442
866094052850506
866094051521875
861647050786264
865027053422181
866094051346225
860374056952672
866877072650124
866094052795743
866094051534101
866094051436125
866877072660081
868681049156639
866094052791445
865027053458532
860061065744691
866094052780687
865027053478654
860497077625637
865027053452105
866094052831498
865027052452296
868681043924016
866094058472057
860497077404058
866207075001739
861410049507592
866094058465077
868681049167032
860497077404058
866877072626884
860374056941691
860497077509526
866094052435522
866094051508766
860497077621099
865027053457773
860497077395611
866207075443337
861647050736418
865027053452295
865027053436900
866094052431745
861647050637418
866094051542369
860497077621776
861647050638291
866094052856180
866877072646783
866094052432198
865027053473291
866094058517497
866094052791809
866094051540744
861410049520116
865027053476732
861647050778576
865027053470339
866094058467842
866094052533755
866094052827975
866094052828767
865027053436850
860497077622550
865027053423973
861647050644323
866094051459234
865027053458482
865027052547418
866094052856826
868681049166299
866094052829575
868681049131954
866094058469822
866094052622756
866094052785637
865027053437718
860497077631601
866094052771595
860123055571144
866094052795685
866094052831563
866094052552805
866094052795362
866207075443519
866207075440978
866732055356365
865027053456270
\N
866094052829591
860497077622642
860374059995934
860497077632625
865027053461742
865027053458490
860497077404058
861410049562613
866094052834062
861647050783744
865027053466998
861647050642608
866094052797061
866094058478062
866094052828247
866094052770720
868681049134057
866877072653284
866207075409510
861647050637921
865027053477417
860497077404330
866094052851827
865027053476872
865027053447253
866877072646064
865027053477375
861410049519787
860497077620943
865027053460090
860374057085068
860497077509450
861647050786520
868681049132739
868681049168691
861410049557936
861410049508137
866094051534085
860374057021410
866094052831068
860497077621743
866094051539431
866094051398127
866094058467057
866094058467008
860123055504137
866094052860927
865027053470776
866207075364152
866094052861701
866094052623788
868681049168378
860123055700388
866094052432024
866094052604820
865027053476542
861647050644240
861410049544348
866094058467537
868681049133182
866732055356506
861410049560187
866094052788037
866207075174072
866207075008130
866094058400157
861647050646518
860374059995769
866094052828320
866207075009096
866094052819717
866094052785819
866094052851108
866094052787344
866094052799919
866094052832389
866094052814874
865027053437700
861410049507139
866094058454824
865027053477326
865027053476724
866207075002570
866094052829963
861647050642046
\N
860497077632252
865027053464480
865027053461676
860374057097907
868681049157223
866094052834088
866207075448716
868681049135492
861647050737366
865027053447741
861647050645312
866732055478797
865027053463763
865027053416167
865027053436793
861647050737218
865027053473143
861410049507345
865027053447600
861410049543571
866094052796907
866207075440390
861647050637947
866094052829922
866094051541809
860123055606148
868681049168642
866877072622941
866094052804909
866094052796709
861410049561219
860123055506454
865027053477102
865027053456460
865027053438575
866207075008536
866094052832306
860497075442834
865027053443484
861410049508087
866094052832546
865027053479546
866094058470101
861410049557555
865027053415201
866094052770712
868681049133059
866094052810161
860123055683964
866094052753650
865027053466717
865027053447709
866094052792781
866094052822810
866094051519953
866094058450624
866094052449457
861647050736814
866094052837958
861647050786330
866094052788144
865027053455447
866094058458171
865027053456429
860374056950544
865027053447485
866094052620966
866094051539845
866094052829864
868681049140310
866094052787443
866094051472831
865027053436876
866732055372131
865027053447048
865027053458672
865027053438435
866094058469814
865027053415888
861410049519951
866094058458957
865027053447998
865027053429491
860497077408521
865027053471055
866094052831183
860497077621727
866094052837321
860497077621172
866094052830136
866732055373147
860497077477005
865027053458763
866094052819634
861410049559346
865027053447410
866207075001952
861647050637889
860374059995652
868681049133000
866094052810526
865027053447584
866732055479274
860497077621875
865027053416050
868681049132762
865027053446750
865027053461445
866094052791692
865027053436181
860497077625835
866094052795800
868681049133109
865027053438641
866877072625761
865027053407083
865027053425929
860497077627435
866094052466857
868681049166935
866094052850092
866094052836851
861647050641667
860374059995561
860497077395934
860374056950510
860374057092908
866094052829856
866094052431810
866877072656782
866094058453578
866094052829559
866207075444970
866877072621588
866207075002299
868681049090275
861410049541369
866094052792591
861647050643812
866207075443477
860497077631551
865027053473044
866094052793748
865027053458185
865027053472400
866094052447253
866094052802598
860123055503725
860497077404231
866094052828486
866094052534456
861647050784947
868681049168428
866094058465036
865027053478415
866094058477999
860497077404058
866207075009179
868681049169053
866094052796725
866094058462520
860123055572787
861647050645106
866207075230072
865027053473747
865027053435332
868681049166315
866094052834237
861410049559148
861410049507899
861647050501721
865027053435035
860497077625629
865027053457039
866094058471778
865027053479306
860123055504657
865027053457120
866094052447444
861647050639844
861647050642285
860374056977448
865027053464878
865027053453988
861410049559460
861410049507501
865027053399686
860497077594488
860123055498157
860123055505852
861647050647250
866094058462793
866094052766710
865027053464035
868681049134313
861410049519852
868681049132812
866094052828502
866094058471224
866094052553514
860123055683493
860497077621511
866207075010078
860497077631494
866207075009039
860374057089482
866094052829906
866094051382113
865027053438831
866094051520043
866094052795032
861647050641980
866094051533996
860497077367636
861647050737606
\N
866877072659844
865027053423817
866877072626827
860497077622668
866094052826423
866877072655586
868681049090663
861410049557464
865027053464845
861647050786140
866877072660586
865027053466337
866207075008031
861647050501564
866094052851645
861647050644141
880497077631254
866094052828353
865027053477433
868681049161480
866207075362792
861647050784699
861647050737531
861647050638309
861647050637772
868681049143009
866877072625886
866094052824477
860374056977786
868681049136359
865027053479702
866094058449576
861647050658851
866207075366751
866094052815640
860123055643190
860374056969049
866207075441612
865027053458318
866094052785462
861410049519746
866094058389087
865027053451404
865027053464480
866094058451028
866094051540900
866094052786106
861410049506065
868681049091471
865027053464480
866094051487854
860497077404116
861647050792668
860123055503998
861647050737051
865027053447436
865027053448855
866094058457546
865027053477458
868681049091620
860497077632666
866207075007892
868681049096033
861410049561151
865027053458383
866094052795404
866094051520092
865027053466964
868681049134008
865027053476781
865027053447261
866094052794365
860497077621156
865027052331649
865027053467343
865027053415904
866094052432297
866094052792609
866071056826070
861647050786553
868681049133158
865027053448244
861647050642855
861410049558082
865027053415318
865027053436975
866094052766827
866877072660065
865027053412885
868681049137324
865027053427529
86502705454440
861410049558348
861410049544298
866094052787450
865027053469125
866071056780483
866094058470770
866094052788110
860374056935586
866094058468311
861410049559874
866094052775919
861647050729025
861410049558827
861410049561615
866094058459187
866094052449390
861647050737267
860374059996023
866877072652369
866732055356068
860123055498264
866094052836547
861647050637616
865027052454813
866094052837438
868681049133083
860123055685308
860497077494604
868681049137969
868681049137712
865027052363709
861647050737200
865027053447568
865027052469944
866094058466265
868681049131814
866094052850795
865027053442999
865027053447634
861410049520348
866207075445498
865027053453152
860497077627427
865027053464704
868681049148172
868681049136573
866094052624406
866094051540710
866094058449774
865027053437536
866094052534589
861647050725783
866207075440556
860123055506892
868681049147604
865027053470461
861647050638549
860497077631056
860497077621139
866094052799810
860123055606726
861410049561813
861410049507097
866094052534399
868681049092917
866094051485346
865027053477540
866094052623440
866094058471976
866094052506371
861647050640115
866094051542914
860497077631973
861647050638036
866094052822000
866094052824980
866094052832611
860497077404116
860123055504046
861410049559064
861647050645130
865027053466923
865027053442254
865027053387459
861647050501663
860374057090951
866207075007934
860374056984477
866207075002612
866094052824220
866094051363683
860497077630926
860123055503113
868681049156720
861410049557035
866094052799935
866094052771611
865027053466790
866094051523559
865027053466659
860497077527567
868681049088956
865027053466022
866094052791320
860497077632237
866094052819808
861647050793104
868681043922069
865027053448731
866207075008353
860497077632336
861647050778691
866732055478821
865027053416076
866094051542682
860497077631726
866094058466448
866094052795040
866094052820806
860123055730120
866094051438782
865027053476427
866094052861222
865027053479389
866094058417359
865027053479538
868681049148529
866207075001598
866094052621006
865027052459606
860374056941592
861410049560609
865027053466840
861647050645247
865027053463201
860123055506637
866094051528277
866094052830086
861410049519712
865027053464167
866877072655701
861410049502957
866094058400017
860497077594080
866094058468626
861647050655394
865027053469638
868681049162488
866094052824477
865027053461460
866094058435992
866094052792914
866094052851371
861410049520603
865027053479678
866732055480579
861647050800958
866094058467206
861647050638267
866877072655982
866207075007835
866094052830888
866094051540827
860497077622063
865027053466741
861647050639968
866877072640745
868681049133976
\N
866094052791866
865027053420904
860123055691314
866094052802200
865027053453707
865027053436868
860123055694797
866094052864606
865027054567103
866094052809916
861647050736699
865027053481427
860497077621917
866094051539746
866094052778368
861647050641865
860123055695760
868681049091026
861647050784566
860497077404348
860374056904376
865027053478225
866094052837271
866094052795628
860374056976028
866094052837834
861410049531360
866877072654100
866732055480264
860123055684319
866094058454543
866094052809296
865027053437411
866094052831951
865027053460223
866094052832926
865027052272777
866207075441893
865027053458730
866207075442511
866732055373105
866094052772544
860374056991175
866877072655305
861410049559205
860497077626015
866207075448559
866094052844939
860123055503675
866094051363949
865027053462211
868681049091968
861410049506594
866094058462850
866732055356159
866094051540694
866094052809403
860374056958703
868681049090002
860497077397997
865027053423130
868681049132523
861647050786850
861647050786371
865027053467467
866094058458478
866094052435696
866094052824204
866207075009419
866207075009294
866207075009898
860497077627641
866877072623220
866877072660800
865027053467145
\N
866877072654688
866877072655941
865027053452303
865027053415821
866094052827447
865027053461726
866094052851850
866094058455334
\N
866071056728151
866094052826605
860123055700461
861410049537276
866094058469863
865027053413271
865027053470818
866094052857212
\N
866207075292312
860497077627880
860123055498405
866094051532733
866207075441976
866094051539795
861410049522930
866094052794746
860374056926692
866094051329049
866094052819642
865027053452204
861647050639869
865027053424096
861410049556813
860497077621354
866094052837917
861410049561045
866877072651544
866877075009856
866732055372206
866094052849847
865027053467731
866094052832751
860123055504558
866094051541494
860123055605843
866094052785439
866094052820798
866094058516994
860497077459003
861410049557738
866207075493118
860497077621206
865027053452105
866094052791957
866094058467453
865027053433279
866094052828213
868681049092297
860497077622667
866094058469202
866207075366876
865027053437783
865027053421654
866877072645405
865027053468945
866207075445399
861647050736301
868681049139916
866094052795511
866207075493159
865027053461056
860123055503519
866094051520852
861410049522302
860374057045807
868681049146440
868681049090861
866094058465069
865027053478167
865027053463987
865027053438336
866094052766777
860374056939349
866094058469780
865027053453442
866094052821184
866877072630449
866207075009179
865027053464589
861647050783493
860374057098608
866877072641362
866094052769870
865027053438765
866877072660388
866094052851033
861410049559221
860497077495924
866094051447692
865027053463490
866094052826225
865027053452329
866094052752629
865027053446305
861410049544009
866094052791650
861410049562381
866094052856990
866207075008833
865027053464332
866094051534002
860497077406954
860123055525090
865027053448921
866094052857303
865027053454341
866094052797533
866877072653201
865027053455686
866094051302251
866094058477551
866094052794324
866094058457553
866877072621943
868681049096280
865027053462062
860123055505308
861410049560377
860497077494604
866094052828122
866094051532501
866094058458353
866094052851611
866207075442230
860497077625900
865027053469109
866094051533046
866094058455656
860497077392568
868681049132267
860123055684202
865027053437791
866094052621220
861647050783352
860374059995843
865027053443104
861410049506420
866094052861099
865027053435647
865027052380356
865027053461866
865027053424039
860497077621974
860374057039453
861647050645502
866094052833783
861647050783279
868681049143488
861410049507972
866094052827769
866094052623820
865027053447238
861410049559718
865027053437627
866094052787948
866094052836729
865027053464712
860497077621016
866877072628989
860497077391222
866094052819774
868681049092370
866094051383277
868681049135112
866094052864754
865027053478050
864162047526739
866094052552649
866207075363055
861647050643770
866094052837776
860123055496581
868681049161647
865027053463466
866094052851843
866094052802564
866207075447494
866094052831894
860123055502438
861410049559593
860374059994622
865027053455678
866094052832488
866207075007470
860497077553276
860497077621339
866094058459070
866094052837644
866207075010433
866207075363410
866094052795289
861410049562571
866207075007355
866094052771678
865027053462856
866094058454105
861410049558355
866877072659828
866207075010037
861410049507691
866094052604721
861410049544132
860497077509591
\N
866094051507388
866094052850084
860374057013201
866094052850035
866094058458387
866094052827454
865027053476435
866094052819998
866094051542542
865027053472277
866094052435589
866094058469574
865027053465826
860123055504061
861647050786108
866094052435548
866732055373204
866094052810138
866094052830540
866094052804875
865027053391188
865027053470651
866094052795578
860123055489594
861410049506933
866094052431828
866094058459872
861647050638408
866877072647229
860497077631007
868681049132333
860123055685431
866094052833767
860497077625645
865027053463227
866094051539878
860497075442834
865027053446248
866094052830748
860497077404645
866094052804834
866207072640620
860374056990854
866094052832678
866094052850001
866094052856073
2022-BN4-南宁市江南区欢乐之家1栋电梯01
86502705454440
866094052787195
866094052785652
865027053436520
868681049141623
860374056949504
861410049558884
861647050783451
866207075448674
866094052800352
866094051542468
865027053407349
860497077404058
868681049132713
866094052791593
861410049559270
866877072653821
866094052845118
860123055497415
860374057090324
866094052832652
866094052828809
866094052533748
866877072656600
866094052525041
866207075007918
866094052827678
866207077630587
866094052796055
868681049166505
860497077404058
865027053466758
866094052522592
861647050792924
866094058467461
866094052782287
868681043912151
860374056979865
860497077406962
865027053469232
866094052851173
865027053437544
866094058517521
866732055479365
865027053476484
861647050645114
861647050638101
865027053415821
866877072629029
861410049507923
861410049506438
866094058466711
866207075367031
861647050644349
866207075442875
865027053473028
865027053460066
866094052856149
865027053453624
866094052785611
865027053436009
866207075447619
861647050712773
860497077388970
866094052795149
860123055700495
866094052833262
866094058454238
861647050640818
866094058450442
866094052851538
865027053447451
866877072646924
860497077622667
866094052553415
866094052832330
866094052534639
866094052861107
866094058467529
868681049132234
861410049540817
866094052793896
866094052863376
866094052621188
866094052832967
866094051542401
866094058455110
860497077622667
868681049161241
860123055496318
860497077627385
866094052765860
866094052798374
860497077407341
865027053464092
866094058455722
866094052604911
860497077621628
860123055496458
866094052603855
866094052825839
861410049560591
866094058451598
866094052826852
868681049158940
865027053463888
866094052431752
866094052849722
868681049092818
865027052652440
860374059994283
865027053415672
865027053458557
860497077632088
860497077501325
866094051408058
860374057044313
860497077404538
861410049520140
865027053446255
868681043904901
865027052301105
860374057013128
861647050639935
866094052821945
866207075007652
861647050793047
868681049140492
860374059994572
868681049092248
865027053482136
861410049507477
861647050646617
865027053463631
861647050646872
\N
865027053482110
866094052623051
861647050639992
866094052812928
860497077632724
860497077458906
866732055478789
865027053422934
866094052791791
860123055503964
866094052778426
866094051542880
866094052858582
866094052819071
868681049143199
866094052826910
866094058467727
866094052794878
866877072656220
865027053469190
860497077625694
861410049505950
866094058470630
866094052622814
866094052837354
860374056997412
866094051497952
868647050641246
868681049132044
866094052623366
865027053476898
868681049135476
865027053446545
868681049091067
866207075008973
866094052827488
860497077593884
865027053452436
865027053463524
860374059994291
868681049138066
866094052622962
866094058477833
861647050645098
866094052850902
868681049151978
860374056983255
866094052794290
866094052534530
865027053387194
860374056935263
866094058451218
866094058471166
860497077404058
861647050786132
865027053469240
866094052785835
860497077621981
866094052856958
860497077626008
868681049147802
861647050786116
861410049506578
866094058459120
866877072646080
860374056970070
860497077621024
865027053444870
860497077458849
868681049134891
866094052851470
868681043947579
861647050640990
865027053463391
866207075001218
860497077395355
860374059994507
861410049561946
861410049508152
866094052805328
865027053460355
866094058457538
866094052830128
866094058466539
866094052822026
866094051520134
866207075445639
865027053454101
861647050736467
861647050728985
860497077509559
868681049135088
866094052622822
865027052582068
866094052787096
860374057076893
866094052810583
861410049557308
861410049502742
866094052831738
860374059995702
865027053437023
866094058466281
866094058400090
861647050643739
861410049523581
865027053473341
866094052825896
861410049507089
866094058451606
861410049544314
861410049557753
860497077458815
866207072625043
865027053473028
866094058471604
861647050793120
860374056996885
860497077625728
865027053456288
866094052827009
860374056924341
861410049559072
866094052860877
868681049092784
866094052603863
866094058471729
861410049503773
866207075009575
866094052787849
866732055480272
865027053460231
866094058450590
860123055692825
861410049508038
860497077631221
865027053469505
866094058454261
866877072629045
866094052833031
866207075001457
866094052851785
866094052826365
866094058450335
860497077404058
860374059994739
866094052836372
865027053438963
860374057096461
866094052622780
860497077404090
866207075387591
860123055581135
861410049507261
866094052864333
868681049134495
868681049088824
866094058458130
868681049168394
865027053471246
866094051520167
866732055478755
866877072625845
866094052534217
861647050647110
866094052836976
866207075410898
866207075447536
865027053460843
\N
868681049135161
866877072655024
865027053455256
866094052770985
866094052534332
860374056966623
866094052827785
860123055504186
866094052826001
866094052857964
860374059995553
868681049090507
866207075440598
866732055356050
866207075387559
861647050778477
860374057092999
860374057087825
866094052797202
868681049165549
865027053415813
868681049091786
866094058457504
866094058465937
865027053467681
861647050642939
860497077631130
860123055582711
866094052831043
868681043912318
\N
866877072654423
866207075442156
860497077404546
865027053470271
866732055356092
865027053423809
866094058454998
865027053465032
866094058466471
865027053434574
865027053447543
865027053413974
861647050644000
866094051542377
866094058471109
866094052827892
861410049558025
868681049135450
865027053464183
865027053469414
866094052794753
861410049559429
860374057095745
865027053415219
860374059996031
860497077632732
866094052851157
865027053464225
866094052864739
866207075442917
866207075008510
861410049556847
860497077404140
866094052861677
866877072653581
866094052798705
868681049155771
860497077631445
866094051508774
866094052795461
866094052820913
866094051542062
868681049091232
866094058471034
866094052780133
861647050729033
865027053422082
866094052798630
866207075443378
866094052831662
866094052836810
861647050645841
866094052864994
865027053389851
861647050784558
868681049137563
866877072641248
866094052815558
866094051520084
860497077631478
860123055703432
861647050639661
865027053437650
866094052836760
866877072659745
866094058469970
860497077395439
866094052798150
868681049140724
866094052791429
866094058450384
866094052796964
866094052770985
861410049519712
866094052620925
866094052858400
866094052861198
866094052534506
866094052826563
865027053427073
866094052534555
866094052831076
866094052794027
865027053466071
861647050786629
860374059994416
866094052823529
866094052833759
866094058458361
866094052792013
861647050638010
865027053462013
860374059994309
861410049561953
866094058400231
865027053478662
866094052791296
861647050640214
868681049165820
865027053393606
866732055372214
868681049080995
861410049558306
866094052832140
866877072645207
861410049502346
860497077631429
866094052864721
861647050643838
861410049507287
866094052771694
866094052827991
860123055699846
868681049140351
865027053464902
860374059994424
861410049502320
860374057006015
860497072653821
865027053472640
860497077396924
866094052466816
861410049519977
868681049154246
861647050645262
866094058468857
866094052827058
866094052819675
866094052534050
860497077522214
865027053442130
866207075492953
866207075410732
861647050642798
866094052821689
866094052827041
865027053466402
866094052819618
866094051542484
860123055606221
866207075363212
868681049142415
868681049140427
866094052810294
860123055498447
865027053453699
861410049506891
866094058477601
866094058469491
860497077622584
861410049502288
868681049140237
860374056961780
866094052824113
865027053447022
861647050638226
861647050786801
860123055495955
868681049136383
861410049522310
861647050784665
861410049561474
861410049562167
866094051521603
866094051413991
866094052623283
866094052827033
860497077470042
866094052850951
865027053442874
865027053435712
861410049506610
866732055480280
866094052775935
865027052638555
860374056935164
865027053464530
866094052863327
866094052623887
865027053452378
861647050737390
860497077509492
866094052459753
861647050658778
866094052794993
866094052864663
861647050640081
868681049166364
868681049135211
866094051393607
860123055505860
861647050645510
866877072651049
866094058458338
861647050643333
865027053478506
866094058455664
860497077631924
868681049138702
866094052851603
866094052552581
865027053420904
866071056825148
861410049520611
860497077621388
865027053470180
866877072654746
866094058459021
861410049557209
865027053465073
866094058471364
860497077395967
861410049520181
861410049506073
865027053452147
866094052851090
866094051365563
866094058470036
861410049558850
866207075007538
860497077404058
868681049138363
866094052851165
866094058435518
861647050793013
861410049561524
866094052431927
866207075362974
866094058517018
866094052831084
866094052534258
860123055683741
861410049562183
866094052622970
866094058471174
866094052802390
861410049506800
860374059995314
866094052791932
865027053455108
866094058469947
865027053466832
866207075002299
866877072630225
868681049140328
866094058477742
865027053434962
860374057087544
860123055500168
861647050737465
866094052832843
861410049557076
866094052862204
866877072661584
866094058450822
861647050638325
866094052832447
866094052522691
861410049559221
861410049557860
868681049133695
865027053438591
866094051540728
865027053415839
866094058417508
866094052785645
866094058471562
866207075442156
865027053455728
860374059995496
866877072645785
866094052785850
860374057082024
860497077631247
868681049166976
860497077630918
865027053443021
866207075001879
866094058450293
860497077625660
866094052851918
868681049143579
860374056942657
866094058470119
861647050735303
860497077594494
866207075001176
861647050737101
866094052431760
866877072630902
860497077621313
868681049091182
866094052823487
861647050642111
866094052524937
860374057093641
\N
865027053452386
860123055581218
868681049156308
866094058468360
865027053461825
861410049559353
868681049161837
866094052861792
865027053434673
866094058479490
866094058421690
861647050638176
866094052534472
866094052850787
868681049092305
865027053436686
860497077395603
865027053442965
860497077632583
866207075008312
860374057044396
860497077537626
865027053416001
861647050786017
868681049133984
861647050642145
865027053473366
865027053464597
866094051542021
866207075001176
860374056961301
866094052793680
861647050735428
866094058455102
865027053454218
861410049560542
865027053436165
865027053445471
868681049137407
865027053437726
865027053478043
868681049134859
865027053415722
866094052823461
860497077395967
868681049092834
866094058466497
860497077621629
868681049140567
866094052603913
865027053442395
866094058455789
860497077627476
865027053391535
861410049558330
866094051508998
865027053479660
866094052810559
866094052796865
860497077630934
860497077621875
860497077625587
860061065749971
861647050778626
865027053438559
868681049148719
866207075002372
865027053439383
868681049145764
866877072653409
860374056991688
865027053443229
860374057097162
860123055503527
860374059994606
861410049557902
860497077458971
868681049096546
861647050644562
861647050728720
866207075008734
866094051542260
861647050637798
860662072586318
861410049561771
865027053420912
865027053452469
861647050640917
866207075001713
866094052845092
866094052850308
861647050784863
861647050736509
866094052435506
860123055503600
860123055571102
861647050646294
861410049506164
865027053458474
866732055372230
860497077632658
866094052797020
860497077396684
861410049559940
864162047827392
866094052533730
861410049519761
865027053477243
866094052802853
865027053384811
866094051541502
865027053467079
860497077625660
865027053437866
866094051536759
866094052832876
860497077537790
866094052856156
865027053470701
866207075008072
861647050639729
866877072651783
861410049522963
866207075008775
865027053462013
866094052857162
866094052822083
866207075007496
866094051520068
860374056964578
861647050647094
866094052773443
866094051309454
866094058454626
866094052797111
865027053446750
866094052864531
866207075002455
861410049519670
866207075001317
860497077404108
865027053462153
868681043943685
868681043941283
866094052824436
866094052820665
860123055604655
866094058449618
868681049138652
866094052861248
860374059995637
866094052785983
865027053464662
861647050778378
866094052805385
866094052821119
866094052792716
866094052459597
866094058400207
860497077458831
866207075002331
868681049148917
860123055503766
860374056977364
866732055356043
866094051393128
861647050737572
866094052794530
866094052834096
865027053461858
866094051520035
866094052787500
865027053454416
865027053446214
861647050641956
866207075001655
865027052356778
866732055373121
866094052824444
865027053393671
860374059995439
866094052826167
866207075362891
866094052788581
865027052420939
860123055684228
861647050501671
861647050644463
866094052799927
868681043932845
868681043891793
868681049140393
868681049091547
866207075007876
861410049506834
861647050637863
868681049165804
866094052828064
860497077621719
860497077407069
866094058470085
866094052831647
868681049162918
865027053415276
866094052822703
865027053436512
866094052849854
860497077627534
861647050640073
866094052858368
866094052788557
866094051519417
866732055373006
861647050643358
860123055684269
866071056882057
865027053453236
865027053478381
865027053472574
866877072628906
868681049146424
123456753456
866094058465044
868681049091794
866094052836992
861410049557456
865027053467715
866094058449907
861647050735444
866094052798622
866094058471398
866094058417862
866877072646221
866071056733425
865027053438047
861410049508186
866207075411177
868681049133778
865027053455769
860374056930223
865027053435894
860497077494604
860497077632393
860123055505290
860123055686033
861647050778709
861647050647078
866094052794555
865027053458334
868681043905163
866094058466323
865027053447576
860497077631684
866094052831480
866207075008478
860123055502297
866094052828239
865027053467061
861410049558694
868681049141243
866094058467792
860497077404264
865027053469612
865027053453475
860497077458898
865027053472319
866094052790462
865027053477201
860374059995660
886207075448435
861410049522294
866207075410757
865027053405418
861647050643598
866207075422532
861410049559494
860374056967035
860374059996007
860123055605660
861410049557142
865027053469372
866094052851629
866094052833676
860123055605280
866094052809619
861647050647151
868681049159096
866094052810195
860497077632005
865027053457989
865027053455785
866094052791775
861647050643788
860497077593975
865027053424088
865027053446586
865027052632368
865027053464803
866094052809981
861410049507188
866094052850043
865027053477318
865027053454168
865027053415276
866094052851330
861410049558579
861410049557605
866094052831779
868681049143066
866094052827652
860123055503105
865027053389109
860374056943010
\N
865027053473259
860374056980582
860497077631395
866094051515951
865027053466105
866877072624301
868681043926805
860374056900853
861410049562597
860497077622675
866094058454535
868681049092669
866094052831969
868681049096090
865027053460272
868681049132275
866094058468782
866094052851207
860123055575103
860123055694102
860061065744691
866094058455144
866732055356357
868681049134727
866094058467511
866094058443116
866094052826399
860374057090225
860497077631544
866207075009211
860497077392048
866094052864002
860374057021162
865027053473754
866094052836588
865027053470248
860123055681240
866094058451077
861410049561169
865027053472285
860374056939166
866094052836802
860497077632229
861647050637590
865027053446545
866094052831852
861647050644489
861410049502825
861647050783527
861647050784632
866094052795180
860497077621630
866094052818784
866207075444459
861410049507006
866094052432370
866094058466562
865027053456502
865027053467459
866207075230114
866094058472099
865027053464183
868681049150400
865027053473432
866094051383616
860374057097428
866094052778392
866732055372255
865027053462229
866094052801459
866094052826845
861647050637814
865027053416399
865027053470842
866207075009971
861647050641683
866094052824311
866094052837750
868681049156571
868681049142696
860061065744691
866071056781523
866207075002091
861410049560641
866877072646288
861647050637871
866094052787237
861410049519662
865027053461635
861410049522161
868681049168683
866207075448195
865027053466378
860123055638224
861410049521049
861647050658794
865596060054070
865027053472590
866207075492078
866094051540769
860497077627450
866094052841000
866094058469319
865027053469075
865027053463615
866732055478664
861410049562068
866094052836653
861410049562274
861647050778485
866094052838410
868681049090788
866094052851561
866207075440770
866094052826431
865027053423916
861647050642871
868681049168329
865027053466204
868681049090077
860374059994580
868681049140633
861647050642772
866071056725363
860374056949306
865027053455330
866071056781515
865027053436082
866094052785629
860374059995595
865027053472228
861410049520207
866094058468592
866094052828544
866094052791486
861410049507170
866094051418347
860374059996411
866094052864309
865027053476591
860497077621994
866094052800022
868681049155755
865027053467269
860123055497712
866094058477866
868681049091778
865027053470750
865027053447113
866094052850720
866094058437415
866094052858327
866094052850258
866094052622772
866094058477676
865027053470784
866094058464575
866207075410955
866207075440150
866094052831910
865027053455165
866094058450756
866207075367114
866094052787716
868681043926649
866094052864788
866094052533920
861647050646716
866877072197324
866094052797590
860497077631080
860123055503857
866094052431729
866094052785702
866094058454402
860497077625496
866094052772122
860123055503733
861410049559049
865027053472335
866094058471927
865027053415623
866094052833148
861410049507840
860497077622196
866094059996353
865027052308241
865027053473770
866094058462884
866094052800212
861410049557316
861647050736830
866094051305411
865027053424765
865027053469182
860123055497050
866094052798259
866094058442704
866094052799836
865027053417702
866094052831712
866094052835895
866094051459200
868681049155854
861647050778501
866877072654084
866094052819097
866094052524986
865027052473250
866094052766744
\N
866094058370327
866732055355003
861647050642079
866094052800113
\N
860374056962234
866094052830532
866094051293476
866094058468600
865027053466667
866877072640364
866207075363139
866094052833114
866094052844137
868681049091000
865027053479405
866094052861610
860497077458914
866094058450418
866094058462801
866094052830722
865027053457021
866094052838006
866207075008932
860374059995991
861410049507857
865027053472509
865027053479371
860374057099127
866094051534168
860497077621438
860497077522966
861410049558173
860497077627724
866094052850928
866207075002653
865027053473341
861647050801311
866094051507503
861647050786157
868681049133703
866094058459708
866094051520258
866877072654126
865027053466543
860374057063776
865027053479413
861647050643416
860123055688203
866877072653243
866094051450308
865027053457484
866094051492722
866094052837370
866094058479284
861410049560435
866094058454410
866094052802556
865027053473374
861410049508194
866094052820830
866732055355052
860497077485826
866094051459168
866094052832579
860497077404371
866094058469913
865027053434954
860497077397880
866094052857220
860123055604911
861647050736731
865027053482268
866094058470093
866094052797152
866207075002612
866094052864820
861410049503732
866094051507370
868681049140138
866094052862303
861647050736574
860374057086728
861647050501697
865027053470495
866094052795925
861410049559809
866207075447577
866207075366611
866207075174510
865027052277966
868681049143595
866094052524986
866094052852270
860497077396056
866094052797541
866094058467941
860123055503451
865027053450299
860374056916420
861647050647375
868681049143256
866094058467487
866094052620883
866094052829658
865027053439417
865027053438518
866094052798283
866094052850480
866732055372263
868681049168287
866094052770662
\N
865027052469316
865027053453202
865027053464241
866207075002273
866094052534662
865027053442494
866094052824402
860123055503824
865027053440829
860497077627674
866094052805419
866094051536072
861647050644448
866094052801665
861647050647235
868681049137894
868681043903614
865027053473093
861410049561797
866094051493423
860374059994614
865027053435910
866094052824071
861647050637491
866094058454501
866094052534563
866094058443074
866094051391205
865027053438815
868681049137530
866094052795552
866094052534308
868681043910411
865027053461874
861410049556839
860497077458823
868681049088907
866094052849888
866207075008114
868681049090457
866094052850605
\N
866094052815566
865027053447493
866094051533954
866094052826571
860123055502982
861647050646195
865027053446727
861617050783238
866094058469475
861647050793112
861410049561912
866094052791577
861647050642004
866094052833130
865027053437643
865027053387251
865027053464019
865027053469406
880497077631254
860123055688286
866094051492896
868681043926904
866094052824279
860374056939760
860497077622154
866094052862238
865027053464936
868681043925922
860497077622188
866094052534290
860123055506991
860497077458898
865027053461916
866094051534069
861410049502940
868681049150814
861410049561565
866094051478507
861410049502270
864162047744019
866094052856982
860497077631296
865027053420813
865027053472871
866877072626363
866071056764446
860123055681364
860374056909078
868681049090937
860497077632278
866094058449378
865027053424203
865027053423957
866094052809924
866094051541528
866877072647385
865027053436074
865027053388788
860497077395553
866094052850944
866094052850886
866094058467065
866094052791585
861647050801055
865027053447212
866094058477544
861647050658596
865027053477029
860374056935149
868681049137647
860374057082065
868681049090887
860374059995686
868681049132051
866094052553597
865027053466089
868681049091661
860374057002162
861647050737572
866094052792740
860374056959370
866207075366991
861647050737093
866094052826290
866207075442594
865027053445323
860497077523154
865027053452345
865027053466550
866094052832769
866094052534043
866094052604762
866094051459226
866094052823818
861647050644307
865027053470537
866094052826530
861647050501580
865027053439425
861647050641642
866094052851520
865027053447980
866207075441596
860497077459011
866094052851272
861410049506057
866094051381586
860123055497373
868681049092560
865027053480452
868681049096330
860497077494901
866094052534340
866094058418258
\N
866094052819626
861647050801295
866877072640661
865027053460306
866094052836703
866094051523591
866094058467719
866094052863277
868681049137100
866207075008493
866094051540959
860497077523089
861410049531311
866877072656642
865027053436249
866094052810344
868681049166356
865027053477524
866207075441356
865027053448103
866094058477510
866094052792708
866094052827587
866094052797202
866094052553563
866094052844145
860497077397955
865027053469653
861647050639901
866094051500730
860497077458997
866094051541973
866094052861255
866094052802242
865027053437932
860374056970765
866094052785934
860374056942533
866877072647328
865027053435936
865027053436934
865027053476690
865027053482219
860061065749856
860497077625686
860374059994648
866207075441992
860497077458880
861647050784780
866094051541551
860374056973082
866207075009591
865027053416415
865027053438385
868681049143363
866094052837909
865027053477557
868681049146481
865027053466386
866094052835069
865027053440415
866094052819592
861647050658935
865027053469026
866094052833080
865027053458425
866732055373287
860497077458898
861647050643291
866877072646189
861410049562449
860497077631197
866094052851801
866094052795750
866877072623022
868681049155672
866094052850076
861647050786405
866094052787765
860497077622121
866094058436029
861410049515579
861410049556904
861410049502536
861647050645742
860497077632492
861647050641972
866094052791965
866732055372149
860374056946278
866094052796873
866094052837610
861647050645767
860497077383427
865027053430846
861410049560476
865027053477235
866071056798105
868681049092149
861410049520280
860374059995512
866094058458114
866094051540793
865027053437049
868681049080656
866094052850050
866207075002299
861647050786470
865027053477482
861647050647029
866094058469251
866094052830557
865027053415359
860497077622462
860497077631841
866094052838253
866094052804941
866094052850993
866094051541536
865027053435688
866094058442746
866207075010599
866094052797384
\N
866207075443139
866094052810310
865027053445240
865027053469067
861647050639877
866094058455607
866094058459922
865027053392020
866094052434269
866094052434103
866094058470143
860497077403027
866094052806821
865027053437361
866094058435849
866094051300826
866094052522766
866094052833098
861647050801238
865027053438765
866094058400272
866207075363378
868681043921798
865027053413362
860497077622535
866094052791643
860123055531791
866094052861727
860497077520903
866094051459176
865027052664924
861410049519936
868681049139627
866094052830110
\N
866094052797467
861410049507543
861410049561672
861410049520637
866094051540983
860123055682941
866094052827108
861410049562316
860374057094623
866094058472065
866094052525108
865027053455066
865027053478852
865027053464118
866094052837677
865027053424351
866207075010771
866094058435930
865027053472913
860374056978792
865027053460850
865027053437056
861410049562324
866877072622149
865027053435340
868681049166182
866094052832702
865027053482003
861410049522906
865027053446701
866094052810427
866094052778533
866207075441935
866094052851009
861410049561284
866094051534143
861647050642699
861410049524290
865027053387434
866094058479482
865027053444268
866094058440799
860374056965153
866094058471539
861647050736269
861647050501572
866094052799547
866094051520217
861647050637988
866094052525215
865027052308258
865027053458508
861410049558736
866094052829583
860497077395942
861647050736780
866207075442339
866207075442016
866094052796816
861410049508061
860497077391958
865027053458391
861410049519860
866732055373014
866094052844186
866877072647302
861647050793088
866094051485726
866877072622222
865596060053866
868681049154386
865027053434731
860497077632286
860497077593884
861410049559973
860497077470042
866094058421492
865027053447105
866094058462553
860374056975905
866094058451085
866207075230031
866094052787518
865027053434970
868681049168410
866094052856107
861647050801113
865027053477334
866094052852338
868681049142670
\N
861410049519191
866094058455995
860497077622444
868681049167057
860374056969734
866094051469720
866877072645041
865027053465933
861410049506396
865027053453137
865027053467111
861647050642202
860497077625652
866094051374011
860497077632666
860374056900861
861410049505976
865027053478647
860123055550585
868681049140963
865027053472657
866094051517320
861410049506644
866094052624349
866732055356480
866207075002497
866094052833015
860497077621503
866094058469988
866094058450525
860123055505050
866094052861750
860497077391222
866094052832959
\N
865027053446974
865027053435381
866094052447238
861410049561078
865027053455363
865027053461106
865027053464639
861647050645346
865027053436819
868681049132994
866094052787732
861647050735741
868681049147067
865027053472301
865027053424336
865027052420780
866207075493159
865027053439623
866094052852155
866094052787757
861647050642640
860497077397526
861647050784616
865027053461668
861410049502460
865027053458466
860497077404371
866094051510283
860061065744659
860374059996114
866094052850647
865027053469067
861647050713680
861647050643937
860497077631809
866094058454600
866094058470655
865027053436611
866094052792732
865027053473762
861647050643077
861410049558710
866094051380612
860497077632559
866877072655388
860497077631916
866094052826704
868681049132200
866207075445233
866094052821994
866094052829633
866094058477734
866207075442297
866207072645041
866207075444492
866094052849839
861410049557225
866207075443410
866094052799869
861647050642814
866094052794340
860497077627609
866207075292635
868681049136987
861410049556987
866094052778418
860497077594478
861647050643655
868681049131319
866094052826217
866094052797707
866094058450517
868681049147091
866877072660362
865027053438518
866094052552920
860497077397955
860497077395322
866094052449416
861647050640016
860123055497407
861410049561649
866094052802226
865027053447659
861647050644364
866094052827173
861647050640198
866094052819535
865027053456304
860497077625673
868681049091281
866207075441877
868681043899150
865027053404445
860497077458989
865027063442999
865027053443088
866094052820053
866207075445316
861410049562084
865027053438302
866094052533698
864162047823334
866094051177265
866071056696655
865027053473085
865027053436207
860497077459011
860123055503204
860123055606502
866207075365894
866094052533789
860123055571276
860497077632708
866094051534184
866094051397392
866094052809528
865027053454457
868681049139072
861647050736681
868681049150822
861410049560260
866094052435621
866094052799620
865027053466246
860497077408869
860123055695760
866094052798416
860497077493093
\N
861647050640172
865027053466055
866094052861263
860123055496680
865027053413727
865027053469067
866094058458163
868681049148115
866094052864515
866094052534498
866094058435765
866207075448872
860374056944570
866207075441430
866094058462561
861410049519704
861647050642095
866094052828148
861410049522948
865027053482276
866094052534100
866094052604002
860374057019638
860497077404322
865027053477490
865027053443237
860497077621768
866094052836877
866094052553555
866094052616055
861410049519803
866094052851223
865027053415102
865027053415136
860497077459003
865027053466212
860497077509518
865027053462187
865027053437486
865027053454036
865027053388879
866094052432107
868681049140195
865027053462013
865027053460181
866877072622065
866094052827983
860123055695661
860123055502057
866732055478656
865027053467723
866094058471455
868681049149030
866094052787708
865027053423122
866094058477650
866094052788136
865027053456411
861647050800933
861647050644281
861647050642004
860374057099085
860123055503931
861647050728746
866094052836646
866877072621828
866094052832777
860497077632443
866094052835168
866094052837024
860497077631023
866732055478706
860123055496250
865027053424104
866094052794696
861647050638242
860497077622527
866094052622822
865027053470750
861410049561813
866207075001911
868681049091604
866094052623937
866094058450160
866732055373030
861647050655279
866877072659026
861647050642160
866094052827744
865027053456130
866094051520126
860374057092569
861647050786207
860497077621784
865027053465875
866094052431885
860497077458922
868681049165515
866094052828593
865027053461502
864662072586300
865027053468978
866094052861321
861647050737580
865027053439656
868681049166232
866094052832173
861647050737226
866094052826159
866732055356308
866094058477841
865027053476914
866094052820590
866094052604903
860374056961509
868681049136565
861410049515421
866207075442172
860123055643562
866094058466760
866094058462769
865027052669444
860497077620802
866094058455037
865027053454580
868681049132317
866094052810237
861410049556854
861410049507741
860497077632054
866094052832892
861647050645882
866071056753787
868681049136979
866207074411573
866094052851231
866207075008098
868681049090036
865027053435597
866094052800717
861647050736772
866094052810302
866094051542906
861647050642228
866207075447411
865027053435480
866094052822604
866094058343902
866094052815509
868681049152000
866094052553498
866084052833254
865027053423908
866094052819030
\N
866094052858244
861647050737010
860497077404710
865027053470198
866094058450772
866094058458502
868681049131368
861410049531378
866094052838162
865027053420938
865027053461999
868681049091208
866732055373253
866207075007819
866094052831209
866094052800329
866207075445258
865027053433956
866094052810401
860497077594494
865027053451719
860497077625850
866094052837628
865027053452899
865027053466675
866094052447386
866094052622764
865027053463409
866094051520118
865027053446396
866094058417383
866207075366959
868681049092073
866094058471026
866094058435914
866094052795719
865027053478134
\N
865027053465966
866094052822042
865027053387830
865027053476922
866094058435708
860123055496391
866094051437156
866094052826142
861647050786082
860374056930108
866094052798184
866094052838014
865027053441991
860123055506058
865027053447006
860374057094029
865027053478845
866094052770738
866094052834302
866094052769904
865027053473523
866094052797251
866094052794357
866094058471190
866094052863954
866094052852304
865027053404981
868681049155094
866094052795057
866732055356381
868681049139429
866094051507404
865027053446578
865027052400923
866094058435948
865027053446677
866094058470614
860374056961079
866094052791825
861410049506008
860123055502917
860123055503592
861410049562704
868681049092990
868681049136524
866094051507362
866877072626249
866094052764665
861410049558926
866094052832249
865027053476401
866094058462587
866094052605074
866094052466832
866094052863707
868681049134909
866877072653763
866094052775950
866094052798689
868681049142084
861410049516981
860123055683246
866094052826415
866094052525231
866094052623721
865027053465867
866094058459930
860374057095265
860123055700420
860374056938184
861647050792775
866094052837602
866094052851579
866094052837404
865027053454259
861410049502338
866094052622848
866094058451143
866094052834468
866094051542302
866094051542351
860497077622626
866094052863319
865027053454267
868681049134776
865027053463797
866877072646247
860123055497209
866094058415544
860374056970708
866094058456027
866094058471661
866094052786098
861647050641733
860497077406954
861647050646039
866094052824485
865027053473531
866207075008254
861647050778493
866094051380323
866094052850183
861647050646435
860374059995108
861410049519233
866207075440275
866094052797244
866094052534688
860497077395439
866207075445175
861410049562605
860123055497365
860123055730112
866207075008890
866877072659640
866094052826902
861410049559155
866094052829880
866094052834823
865027053469059
865027053447121
865027053442957
861647050637731
860497077625819
866094051528368
866094052837636
866094052845761
866094052833247
865027053467376
866094052845050
865027053415110
866094052791841
865027053424070
861410049560104
866094058471737
866094051542443
860497072653649
860497077632054
865027053463367
860123055606767
860497077631239
866094058450491
865027053443039
866094058471554
866094052524762
866094058467875
865027053467194
866094052802739
866732055479316
866094052850613
866094052827637
860123055504533
865027053470438
866094052857386
860374057099051
860374059995033
865027053424260
866732055373113
860497077459052
866094052851140
866207075445415
866094052533912
861410049506701
865027053442692
866207075010151
860374059995728
866094052802259
860123055503394
866094052800782
866094051484604
861647050737523
866071056780434
865027053416084
860374056973090
861647050728605
868681049090465
860374059994382
866094052832520
866094052851280
866094052810203
866877072659968
860497077495908
861410049562530
861410049506263
866877072623261
866207075174239
866094052810187
866094052787872
868681049132895
865027053448517
860123055573264
866094058466950
866094052553589
865027053467491
866094052822828
860497077621933
866207075009732
866094058479508
866094058471125
866094058455094
861410049561862
866877072651684
866094052815814
860497077395488
866094052838139
866877072625902
866207075441836
868681049136219
866207075411235
860374056950585
860497077632369
861410049557845
866094052785868
866207075441497
866094052820012
865027053437577
866094052832066
868681049090630
865027053458508
866094058453990
866071056764404
866094052791437
860123055503634
868681049165838
861647050645395
868681049166042
866094058458809
865027053479553
866094052822091
866094058400058
868681049133265
865027053416092
866094052616154
866094052832926
866094052833049
860061065749971
860374059995884
866877072626306
865027053437007
860374059995090
860123055504558
866094052845035
861647050735402
865027053454069
861410049558454
861647050736400
860374057097618
861410049561177
866094052788565
865027053472954
866094058471422
866094052505688
866094052798648
868681049140203
866094058454477
866094052534670
861647050786702
865027053436991
860374057063784
861647050713672
861410049560526
860123055730138
868681049147752
868681049151952
866094052820996
865027053421928
865027053438476
866094052833072
868681049136425
866094058471901
866877072660602
861647050728969
866207075009054
865027053462013
868681049091596
866094052799729
866094052791874
866207075443758
866877072659141
866094052788532
860497077631619
861647050637996
861647050641832
860374059994689
868681049134818
866207075001770
860497077630900
866094058435740
866094052861818
860123055504756
861410049507766
866094052621022
861410049561334
866207075363170
865027052417786
866094051483036
861647050641204
865027053435423
866094052826191
866877072654761
865027053479512
866094058471463
861647050501754
861647050658893
860374056975707
866094052802747
866094058468303
866094058367570
\N
866877072650348
865027052654891
865027053455793
866094052822679
866094051537898
866094052815400
866094058459963
\N
866094052850837
860497077404389
865027053466816
860497077404058
866094052794886
866094058480258
866094052849904
860497077392014
861410049506917
868681049140211
866094052822620
865027053457039
\N
860497077627617
866094052533763
860497077404298
866094052838105
866094052827462
866877072640620
860497077383427
861410049562308
861647050712930
860123055503006
866094051380646
866094052834054
866207075010011
865027053437619
864162047743995
866094058449659
866094052838071
865027053477219
868681049132218
860497077620786
866877072625969
865027053442866
861647050784871
868681049096058
865027053467988
861647050645478
861647050501630
866094058458700
865027053455710
860123055684582
866094058467305
866094052778517
866207075008676
860123055497753
861410049559924
868681049090903
866094058454766
865027053466006
865027053394430
861410049544215
866877072650165
865027053423510
865027053452493
865027053436553
860374056957952
865027053477359
860374057095232
865027053434632
866094052798358
860497077625488
866877072656709
865027053423924
866094058451093
860497077621990
865027053460264
866094052826266
865027053455215
866094051520233
865027053481765
866094052850167
865027053415318
861410049507907
866094052820954
860497077553276
860497077458823
866094058450582
866094058471570
866877072654704
860374056961608
861410049556771
860497077631528
866094051534036
860497077594361
866094052769896
866094052788011
866094052800105
866207075363873
866094051364046
866094052828361
865027053452402
866094052797384
861410049561276
860374059995801
865027053479256
866094052534613
861647050645411
866207072640620
860374057022236
861647050644208
860123055504400
868681049142076
866094052829989
866094052861149
866094052829914
860497077625975
866094051519912
865027053446958
866877072650421
866094052831928
861647050784673
868681049131335
868681049137522
865027053477003
866094052851793
866207075411656
866094052624364
861647050643705
860123055500291
866094051541890
865027053437494
866094058454683
866094051541759
861647050736921
866094052787963
866877072655529
861647050643895
868681049090408
865027053470743
865027053463433
860497077632591
861410049502528
860497077631569
860497077631577
860497077622925
865027053437528
865027053436421
866094052766116
866094052833718
865027052320113
861410049520223
866094051521876
866094052794563
866094052788060
865027053450513
866207075001176
861410049558314
861647050737119
865027053447691
860123055606031
865027053436728
860497077404058
865027053447469
865027052350367
860497077625942
865027053415821
861647050647193
865027053444698
866094051309538
861647050637673
865027053447014
861410049560328
865027053424179
866094052795024
\N
860374057084491
868681049143207
866094052524945
860497077621453
860123055498223
866094052782295
860123055503907
866094052800048
866094052834807
866094051473847
866094052826878
866094058479532
866094052858558
865027053436918
860374056990466
866732055479290
866877072655644
866094052857261
866094052615867
865027053465891
860123055690613
866877072640901
866094052552920
861410049561300
866094051430557
866094052795495
868681049091257
865027053455181
860497077395413
866094052795792
860374056936758
861647050646450
865027053473572
866094051381628
868681049134800
866094052797517
865027053473242
865027053473150
866094052797335
866207075008718
866094052795255
865027053469968
860497077593926
865027053466824
866094052844160
868681043899358
866207075442271
866094052833056
866094052864119
860497077404173
860374059996130
860497077509534
865027052488456
865027053448517
866207075445910
866094058462819
866094058458999
866094052788052
860123055642275
866094052802382
861410049507063
866094052850654
865027053386832
861410049507683
865027053454374
866071056769478
860497077523089
865027053413362
866094058443082
866207075442479
860497077621479
866094052432172
866094052864622
865027053426307
860374056989773
866094052834310
866094052822489
866094052785769
865027053458649
866094051453617
866207075444731
860497077631007
866094052834344
866207075492250
866094058472016
865027053456486
861647050786645
865027053437387
860497077632096
866094052753858
865027053467251
861410049525438
866094051507271
866094052851728
860497077630587
865027053458540
860374059995785
868681049168626
861410049560120
866094052851363
866094058400132
866094052799489
865027053436041
865027053436223
860497077631353
866094051520175
860497077621925
865027053435290
866207075411318
866094052432016
866094058455615
861647050642632
866207075002695
861647050800834
860497077630711
866094051459283
868681043900040
866094058466125
866207075366611
860374059995017
865027053469640
866071056796034
868681049090556
868681049165861
860123055571425
866094058470150
866094052833635
866094052798366
866094052830904
861410049561086
860374056944927
866094052862261
866094052766801
865027053416027
866094052850068
861647050729009
866207075007355
866094058467834
866094052553290
866094051520340
861647050778618
866094052795388
866207075442719
866094052861073
861647050501747
860374056963612
866094052797483
860374057063891
860374056979410
861410049558835
868681049167081
860123055503147
866207075410856
865027053469562
866094051528301
866094051493159
861647050646526
865027053461767
865027053446974
866732055479217
865027053470719
860374057097964
861647050646393
866094052796915
866094052833189
861410049508202
868681049142209
860497077631163
868681049140260
860374059995173
866094052850753
866094052802291
866094058442829
860497077630926
866094052830730
866094052552946
865027053446644
866877072623188
860497077632500
861410049507279
866094052827876
865027053476955
866094052864630
866094052861719
860497077404058
868681049146390
860374059994325
860497072653607
861410049562373
860123055605132
860374057083121
866732055479142
860374056966177
861647050761960
866207075363051
860374057098707
866094058466869
860497077632674
861647050658513
860123055694326
865027053415920
861647050735600
868681049137746
861647050658968
865027053436066
866877072641305
866094057804883
860497077537790
866094052506256
866094052857188
865027053476625
866094052819055
865027053436215
860374056980863
868681049091505
868681049091646
865027053455694
861647050792767
866094051542005
860123055605165
861410049507055
865027053447295
866094052434186
865027053476997
865027053464654
860374056976861
861647050736590
860497077404231
866094052615842
865027053466261
865027053423791
866207075443634
861647050783477
866207075366751
865027053447378
861647050728688
866094052824246
860497077459086
860374056963471
861410049507857
866094052797269
861410049557001
861410049507386
866094052792070
861647050638382
865027053436397
866094052827512
866877072645462
865027053478274
860497077625751
\N
861410049559072
866732055356464
860497077631593
861647050793039
861410049521809
\N
866094052833817
\N
860497077621347
865027052458251
866094051467468
860374056945668
861647050737234
861647050643374
866071056683125
866094052832314
866094052827017
868681049165812
866094058471810
861410049516908
865027053473424
866094052822612
865027053446297
866207075442156
861647050655238
866094058466968
866094051520613
866094051473797
866094052795529
866094052810336
866094052525298
865027053482110
861410049558264
860497077458971
866094052533953
861410049507410
866094052797798
861410049502841
865027053446412
861410049557340
866094058471141
865596060053619
866094052837305
861647050641196
866094052729619
866732055480702
866094052785793
860123055503360
865027053424252
861647050643499
861647050783311
866094052826613
865027052544100
860374057087890
865027053446362
866207075363065
861410049520355
860497077406970
861410049507253
866094058471281
865027053464613
866094052837974
865027052444392
866877072641446
860123055605678
861410049503757
865027053454440
866094052831019
860497077621537
861410049559882
866094052864598
860123055606023
860497077625702
860497077622048
866207075447338
866207075410773
860374059995009
860497077397880
866094052822596
861647050737663
865027053476716
866094052831720
866094052552094
861647050642970
860497077631395
868681049142118
866094058435823
866094058466919
865027053434624
866207075443436
865027053458623
866207075441919
866094058449394
866207075010730
861647050645643
861647050643176
866207075441778
866094052861206
865027053415730
861647050736475
860374056992694
860497077593934
865027053436744
865027053442981
866071056803806
865027053470313
866094058449592
866071056754736
866207075002299
866732055479175
865027053468952
865027053438310
866732055372123
865027053420656
860374056952748
866094052829872
865027053449234
866207075411151
868207075443998
865027053463516
866094058458460
868681049142837
865027053454960
861410049559684
865027053423940
866094052836125
865027053463748
860123055605314
865027053447428
865027053407299
868681049091760
861410049534927
860123055582299
865027053446875
866207072645561
865027053455132
860123055606759
866207075492136
866094052435704
865027053466279
868681049096504
866207075008171
866094058417615
866094052836885
861410049559650
860497077408877
861410049556730
866094058454246
865027053467434
860497077509625
866094052832207
866094052827710
860374056972670
866094058469756
886207075010276
860497077632047
865027053438724
860497077458849
865027053455280
868681049134917
866094052821176
861647050643614
865027053460074
866094052820673
866094052623929
865027053435456
868681049091158
860497077627567
868681049091695
866094052787583
865027053437742
868681049166950
865027053424021
866094052791734
2022-BN4-南宁市江南区欢乐之家12栋电梯01
866094052792641
866094052795784
866094052825979
861647050784707
860497077404272
868681049139999
866094058477536
860497077404306
866094051523625
860374056980319
866094052534464
860497077404058
866094058479219
866094051541510
860123055503428
860123055606684
860374056981440
860497077621529
860497077627666
860497077630686
861410049559569
860497077622626
865027052569230
860497077620794
861647050641923
865027053424005
866732055479225
866094052828106
860374059995678
866094052768054
865027053434756
866094051488639
868681049132929
866094051542773
860123055505019
864162047526747
865027053461122
866877072653565
866094051534093
865027053456593
866094051293419
865027053467285
865027052401707
861410049559098
866094052850811
866094052827272
865027053447550
865027053464050
860497077392501
861410049507964
866877072656063
866877072654340
860497077621198
866094052622996
861410049521916
866094052796717
860497077622568
861410049562365
860497077404637
860497077598347
866094052838089
860497077631403
860374056979303
865027053460371
860374059995868
866094052849938
868681049090929
868681043910353
860123055605728
866094052831670
865027053424310
866094052622855
866207075226898
860123055605181
866094052830516
865027053435696
860497077620851
865027053467459
865027053437064
866094058454527
860374059995025
860497077621958
866094058454105
864162047765113
866094052826688
866094052864317
868681049134545
860497077403027
865027053465990
866094052623382
868681043898947
861410049506313
865027053434939
861647050736376
866094052603822
860374056977588
866094058417417
861410049506339
865027053439318
866094052850746
866094058468972
860123055504202
866094058449865
860497077395603
860374056977224
868681043949997
860497077388970
866094058468345
868681049131673
866094052861016
866094052753627
860123055606288
866207075292395
866094052810013
865027053437965
860374056911769
865027053467004
861410049523540
860123055502420
861647050638028
866094052821069
861647050778279
866207075009138
861647050641626
866207075009856
861410049502932
866094052795438
860497072646387
860123055502289
865027053436124
866094052851637
861410049507733
860497077621909
866094052432040
866094052836935
861410049502775
865027053437429
866094051540801
865027053472657
866094058400041
868681049092222
866094052624380
865027053454473
865027053472400
866094058471786
866094051542393
865027053435365
861647050640065
868681049091570
861410049558272
868681049159039
866094052830045
865027053451818
861647050643515
865027053446750
860497077458831
861410049502254
865027053437890
860497077621586
865027053470289
866094051539316
866094052524697
865027052301105
861410049544264
865027053448749
860374059996262
861647050786215
860374056958331
860497077625769
868681049096322
866094052786056
\N
861410049544124
866094052856842
865027053436561
865027053434608
865027053461262
866094052792047
866094051519995
861647050641949
861647050784848
866094052797053
866094051394159
866094052798390
860497077622436
866094051531263
865027053454275
866094051539787
860497077621703
865027053476500
866094052828205
866094052770654
860497077625801
868681049088782
866094052791676
861647050778337
868681049150459
866094051418396
866094052775992
861647050639588
865027053476856
861647050646021
866094058471414
866094052765514
866094058469178
866094052850803
866094058454295
868681049131582
861647050712914
865027053436090
866207075364079
861647050786009
860497077392402
866094052431984
866094052793979
860497077631734
860497077621750
866094058458924
861647050712898
860374056990805
866094052836836
866094052837206
861647050644026
865027053438005
861647050646096
865027053467269
865027053435654
866877072656261
861410049519720
865027053468887
868681049096223
866094052775968
861410049502924
861647050735386
866094051542534
865027053470388
868681049147158
866094052827306
865027052440606
866207075442396
866094051393094
860123055500978
861647050646179
866094052533797
860497077627724
861647050641287
865027053454325
865027053458755
860497077392360
866094051445530
866877072645249
861410049558470
866877072645082
861410049557290
865027053436843
868681049092347
866094052827595
860497077625843
860497077407069
866094058454030
866094052858574
866094052825953
866207075445357
860374056986936
861410049559148
861410049520173
860497077593926
865027053415870
868681049135351
865027053438997
868681049146275
866207075440473
865027053463961
865027053423841
866094051517221
866094052851405
866094052525082
866094051532972
866094058468840
861410049560419
866094058435773
861647050736723
865027053479108
866094052605033
866094052771702
865027053435449
866094052769466
860374057083279
860497077631965
865027053454226
868681049140054
860374059995629
866094052804917
860123055477987
866877072654068
868681049168253
865027053452238
865027053435498
860123055606064
868681049167065
868681049141466
865027053460199
860123055495542
860497077650207
866094052831027
866094051365118
866094052831092
\N
865027053473671
860374056969338
866094052844129
866207075441596
866094052533821
866094052851066
866094051541957
865027053458615
866094052863343
865027053477268
866094058477759
866094052831597
861647050786827
865027053472616
868681049167164
860374056969015
865027053461973
865027053463193
868681049166216
868681049133141
866732055478805
868681049166539
860497077622477
865027053477193
861410049507832
860123055684608
866094052829625
860497077509559
866732055356076
861410049519027
866094058458155
865027053415771
866094058454493
861647050641816
866094052828163
865027053438716
865027053466287
868681049133869
866094052827645
865027053435621
866094058467016
866094052850290
866877072650462
861647050645544
866094052802788
866094052832470
860123055643505
866094052797236
865027053446289
866094058451648
868681049092164
865027053478100
865027053435399
861410049507626
861410049520314
861410049558181
866094052836695
865027053448749
861647050641881
866094052828726
866094052800014
860123055502925
868681049168386
866094058466455
861647050801345
866877072654886
865027053467244
866094052525066
865027053447580
866094052831514
866094052825904
868681049143223
868681049148453
866094052819691
861410049562134
860374059995132
865027053476658
861647050501739
865027053461650
866094052792054
866094052810385
866732055479654
866094052788045
860123055503790
865027053464977
866094052826860
866094052534068
860374056944687
860123055498223
860497077630843
866094052850407
868681049131525
861647050643432
866094058400124
866094052810252
866732055373055
861647050786298
861410049561326
866094052616071
866094052525405
860374056932500
866094052834047
860497077632161
865027053447683
861647050801428
866094058435658
866877072628948
860374059996072
866094058467743
865027053437593
865027053454499
866094058467685
865027053469158
860497077594486
866094058455128
\N
868681049090713
866094052819543
865027053459407
860374057098111
860497077600416
867726030054839
865027053423874
861647050642624
865027053437437
866094052828783
868681049092958
868681049155862
865027053442486
865027053460397
865027053447618
866094052850969
866094058404506
865027053436538
860374057000174
861647050783378
866094058458395
866094052819121
865027053422959
866877072624962
865027053461932
866094052788128
861410049562100
865027053472434
865027052470785
860374057020677
865027053469539
866877072654589
866094052836570
865027053415094
861410049521866
865027053448947
868681049131970
866207075008494
865027053436744
868681049144650
860374056943895
865027053476567
860497077404256
860497077631908
866094058469277
866094058388204
866094051519987
866094058435666
866094058458437
866094058459914
866094052800030
861647050641899
866877072659901
866094051448401
860123055606239
868681049096264
861410049515504
866207075001812
860497077627708
861410049556979
866094058471760
866094052836265
865027053434814
865027053464571
865027053478829
865027053437320
866094058458072
866877072650686
860123055501034
865027053415581
861647050645452
865027053437452
860374056976291
866877072651528
866094052864382
865027053451933
861647050736756
866207075442115
866094052824337
866877072660545
860497077630587
865027053477532
866094052851710
866877072652849
860123055500978
868681049091885
865027053393848
866094051542716
861410049520983
866094058469566
865027053472863
861647050644166
860497077459011
866094052826936
868681049167024
865027053477300
866877072656105
865027053473200
865027053384787
860374056959537
860497077404058
860123055497563
866094052856834
866877072628666
866094058466331
866732055478862
866094052820822
860123055605157
865027053454424
868681049096496
865027053437742
860123055684178
866094052605058
860123055605975
866094052837982
860497077631692
861410049559239
860123055678857
861410049559452
865027053436686
864162047792125
866094052799968
866877072653748
860061065744691
861647050641691
861647050784574
865027053456536
868681049091331
861647050736905
866094052795073
860497077402136
866094058417375
860374057063792
868681049135419
865027053461759
866094052864499
866094051435739
865027053455843
861647050642756
860123055684541
866094052819550
865027053477110
860497077404058
861410049562589
866094052833122
865027053422942
860497077404744
865027053434996
866094052797475
865027053446545
865027053439672
866094052770670
860061065744691
861410049559817
860374059994408
860374056936642
860374057094300
860374056944208
866207075443212
861410049561961
868681049091455
866094052797731
860123055502693
865027053414733
866094052824014
866071056683067
865027053437841
861410049560286
866207075002356
866094051534473
868681049135070
860497077458815
866094052828007
860374056935396
866094058462538
865027053457146
866094052861131
861410049561904
866094052787351
866094052865033
868681049090291
866094058471273
866877072653805
866094052791700
868681043944139
865027053452113
866094051541635
866094052787120
860497077620984
860497077392592
866207075007937
861410049560393
866094058458452
865027053437809
860123055503949
860497077396924
866877072659240
866094052827397
866094058459880
860374056982786
865027053463862
\N
866094052553530
866094052800089
865027053436645
868681049161084
866094052826283
866207075010052
866094051518310
865027053479108
866207075362818
865027053447204
866094052797426
860497077631783
866094052834013
861647050645460
865027053476765
866094058466885
865027053412414
866094051522569
866094052623002
866094058468873
866094052830037
866094058470705
866094052833379
866732055478888
866094052851678
866094058468899
860374056940750
865027053455223
865027053469133
866094051492086
866094051528335
861647050643010
868681049131558
866732055479324
866094052804966
866094058462868
860497077620836
866877072621703
866094058468865
866094052830912
865027053446776
865027053440597
865027052376966
866071056652419
860374057089623
865027053450299
860497077404272
861647050638424
860123055700552
866094052851421
861647050783253
868681049131988
861647050792692
860123055475973
861647050658570
866094052850233
860497077621024
868681049091018
866207075492078
865027052450738
1111111
861410049544140
866094052838055
860123055571383
860374057063610
861647050643192
866094052798267
866877072626785
864162047527505
866094052851496
866094058417367
866094052753619
865027053442551
865027053460215
868681043922242
860374057082180
866094052827322
860374056944406
866207075010235
861647050778394
866094052815517
866094051528293
864662072489760
866094052798523
866094052778350
866094051520324
866094052830094
866094052798218
860374059995124
866094052432313
866732055373097
865027053477185
860374059995983
860497077395447
865027053447170
866207075447452
860497077404058
866094052796972
865027053452121
866094052797574
860123055505696
860497077398714
860497072630944
866094052785967
866094052793797
865027053455132
865027053462351
860497077621743
866094052821986
866094052623903
866094052827504
866094052833700
866094052819659
861647050641485
861647050640859
861647050643853
866094058471547
866094052802135
866207075411078
860497077458914
868681049090390
861647050655311
868681049147653
860497077459029
861647050784491
866094052831993
866094052623341
866094052819725
865027053459043
865027053446842
865027053470859
865027053467236
865027053416373
861410049561698
865027053463946
864162047526754
864662072586318
865027053469299
866094052828411
860123055643638
866094052795123
860123055606700
861647050647219
868681049091489
866094052805427
865027053479249
868681049145210
861410049558793
861410049523508
861647050644018
866094052864655
860497077622139
866094052815426
860497077391941
866094052795818
860123055694060
860497077631668
860497077593918
865027053452337
861410049559445
866207075008296
865027053421639
861410049561763
868681049132176
865027052313860
860527053464480
866207075001515
860374057004564
861647050646534
865027053439391
865027053464670
865027053464910
866094052828734
866094052820731
860123055571482
866094051520621
865027053444656
866094058449428
861410049507246
866094052828536
861410049558249
866094052795016
861647050646013
866094051470025
866094052623309
866732055356100
866094051542328
866094052836638
866207075411292
868681049167040
866094052832405
861647050736657
860374057090118
866094052766447
860123055502214
866094052552961
865027053481286
866094052787336
866071056663192
865027053438773
866094052820764
866207075009773
865027053415698
866094052862246
865027052472450
860497077404058
866094052861271
860497077627732
866094052809932
866094052864481
868681049149576
860497077631627
866877072626405
865027053386410
865027053464449
866094052751183
860497077404215
865027053447030
866877072650645
866094052766702
860497077621818
866094052603889
866094052810500
866877072645967
860374056956970
865027053448699
866094058458411
866207075001473
866094052788086
866094058478070
866094052766884
868681049148479
866094051414080
861410049524613
865027053386170
866207075442032
865027053478688
861647050501655
866094052795156
866094052825987
866877072659901
866094052616139
866207075443295
866094052850712
868681049156118
\N
860123055504079
865027053479561
861647050641741
866207075002398
866094052771660
860374056957895
861410049561458
866094052623184
866207075411110
860497077632435
865027053461437
866094052850688
860497077404330
865027053437684
866094052778525
860374057044529
865027053438914
860497077392642
865027053452196
866094052819568
861647050645437
866094052771769
861647050644034
866094052794159
865027053447550
866094058466307
868681049090473
865027053440258
860123055679392
865027053415649
860497077622667
868681049110560
860662072489778
866094052431893
866207075446058
861647050645122
865027053469042
861410049522625
866094052851835
866094052604887
865027053452428
866877072656865
866094052827330
866094052800162
865027053443229
860374057017038
866094052796832
866094052834674
860497077404058
860497072653649
866207075009815
860123055685233
866207075444939
866094052826712
866094052831639
861410049562118
861410049518938
860497077404389
866094058458775
866094052553373
860123055700610
868681049161167
866094051466890
866094051540751
866094058455987
866094052822075
866207075448237
865027053446735
865027053447592
866094052792765
866094052820715
865027053460207
865027053412414
865027053454317
860374057099325
866094052800568
860374057095885
866094052534274
866094052820640
866094052787591
866094052856974
865027053480569
861410049506974
866094052604804
866094052861024
866094052827918
868681049142738
868681049146291
866094052791403
860123055606718
865027053461833
868681049165671
860123055694011
866094058465143
860497077594031
866094052525397
868681049166455
866877072660404
866094058455631
866094052829898
866094051542922
866094052833221
865027053463722
868681049150269
860123055643539
865027053458409
865027053439003
866207075007678
860497075493118
866094052534522
866094052830920
865027052547780
866207075445852
866207075367197
866094058479300
866094058466935
864162047527760
866207075444418
865027053470735
866094052794811
861410049506255
866094058449311
865027053430036
866094058471497
866094058459898
865027053470495
861410049522997
860497077627765
860497077392576
865027053435704
860497077458963
861647050783154
860123055690910
866094058480241
866094052787682
866094052820061
865027053456312
861647050785944
866094051370530
866094058383130
860374057099093
866094052796063
865027053455678
866094052794639
860374059994523
865027053458664
860374059994549
866094052794712
865027053446826
866094051541882
861647050728704
866094052763501
864162047872778
866207075009211
868681049136433
861410049561227
866094058449360
866094052863301
866094051542641
866094052826258
866094052855802
866094052824154
866094052749294
865027053455074
861647050637657
866094052622806
865027053415797
865027053432917
865027053391592
861647050655410
860497077525449
866094052826282
866732055479621
865027053465933
866094052863368
865027053469224
860123055700693
860123055505548
866207075008338
865027053464076
868681049137050
866094052785777
865027053426257
860497077594411
866094052838147
865027053407349
866094052815970
868681049166729
866877072660545
860497077593991
868681049166471
866732055372990
865027053423833
866732055355037
860497077509567
866094051393391
865027053473119
861647050501762
866094052787864
860123055695752
861410049561250
866094052824410
865027053436546
861647050644406
860497072628823
865027053472368
866094052795305
865027053455207
865027053454630
861410049559106
861647050793062
860123055691397
866877072623204
866094052858533
860497077631338
865027053476740
866094052851777
865027053454028
866207075440655
860374059994499
860123055692866
860374056942673
868681049140344
866094052794647
860497077404058
865027053442965
865027053435407
865027053467228
865027053454044
866094052832199
866094058471752
868681049155664
865027053437759
866094051382097
866094058395563
866207075442792
865027053454697
866094058466166
866094058417540
866877072647245
860123055751290
860497077631361
866094052845100
860497077621396
865027053478589
866094052852346
860497077404256
860497077525456
861647050736863
865027053478258
866094052851975
861647050641501
865027053446834
868681049134560
866094052552888
865027052668040
868681049156373
866094052862287
861647050501205
866094052795669
861410049507873
861410049559890
866877072621901
865027053415383
865027052469308
861410049556961
865027053452394
868681049137258
866094052787286
866094052792658
860374059996106
860374057021337
866094052552607
860374059995645
865027053467350
865027052301105
866094058471091
866094052832462
866094052837784
866094058468816
865027053414956
865027053454051
861410049558470
866094052787997
866094052831753
865027053424195
868681049166380
860497077627757
861647050638044
866094052824055
868681049090796
866094058465135
866094052845084
866094058468923
865027053464159
868681049143496
861647050737598
866094051540835
860497077404264
865027053387152
868681049093188
866094052534316
861410049507626
868681049165895
865027053443047
861647050786199
868681049091265
866732055479571
860123055503352
865027053435571
868681049151994
861647050737358
866094052836356
860374059994465
868681049136599
866094058469483
866094052802218
868681049165341
860497077627633
868681049133018
868681049148727
866207075440630
861647050735485
866094052850639
860123055503097
866094052837222
866094052797129
866094051393086
866094052822539
866094052791635
866207075444376
865027053477060
866094052821903
866094052850209
860497077627476
861647050784582
865027053479397
868681049152224
860497077395942
866094058479227
865027053420904
866094052845068
866094058465010
866094058466745
866094058471356
866877072659869
868681043917937
865027053472293
861410049523656
866094052801103
866094058417425
861410049559510
866094052767098
866207075410930
865027053470248
860497077630710
866732055356134
865027053438542
865027053473531
865027053437908
860374059995546
868681049093147
866094052822794
866207075411771
865027053434707
866207075448757
860374056981895
861410049507360
866094052844111
861410049559171
865027053456098
868681049090309
866094058458676
865027053482193
868681049090978
866877072655420
861410049557233
866094051362453
866094058454725
868681049155441
861410049559536
866094052837461
861647050644224
866094052863293
866094052795842
860123055688237
866094051542963
866094051457147
865027053437981
868681049090515
861647050646377
860497077404561
866207072626280
866094052622988
866094058454659
861647050637905
860497072653607
868681049096512
866207075008817
866094052785470
865027053460470
866094052824097
865027053464555
861410049558777
866094051467005
866094051541817
866094052809973
861647050778436
866877072623162
865094052622962
861647050642384
868681043910015
865027053447675
865027053473317
865027053464571
861410049520678
865027053415250
868681049141904
860123055489552
866207075445134
861410049557274
866094052809510
860374059995942
865027053461841
866094052823511
866094058469889
866094058435989
860374057091447
865027053467210
866094052797327
866094052748072
866094052820772
860497077630850
860497077397997
866094052552623
860374057098558
861647050641246
865027053466329
865027053478860
865027052472682
860123055606023
860497077395553
866094052785561
866094052819980
866877072652369
861410049502874
866094052603962
865027053472376
868681049134875
860497077632047
860497077625983
1
861647050728860
865027053437601
865027053452410
866877072659604
865027053424294
865027053437676
860497077395322
860374056935180
868681049090648
866094052621089
860123055502271
865027053463573
865027053462104
866094052623242
861410049561268
866094052837651
861410049506370
866094058455177
860374056998220
866094052782386
860497077631270
866094052861743
866094058416344
866094052785587
861410049556763
860497077621800
865027053454283
865027053476815
866094052553571
866877072654241
865027053435928
860374056954496
866094058459161
866877072651460
865027053447360
865027053460306
866094052776420
868681049135633
868681049133125
866094052769888
868681049155789
861647050778360
860497077404058
868681049135179
866207075387674
866094052829930
868681049143173
865027053447600
866094058468576
866094051540702
860374056962994
860123055497886
865027053449382
866207075009914
860497077622543
865027053424120
866094051293435
861647050646989
861647050645239
861410049559114
866094052820814
865027053476799
861647050645387
868681049143157
861410049502767
866094052447725
860497077523899
860497077395439
\N
866094052797178
861410049557662
861410049506735
868681049092008
861647050784590
866094051532477
866094058469897
868681049166596
866094052833742
861410049502684
860497077407069
868681049139924
861647050638051
860497077630942
866094052622962
865027053456403
861410049520975
866094052810492
866094052851058
866094058468865
866094052838212
866207075363733
866094051446710
866094052832686
865027053414220
861647050658612
861647050645627
866094052837412
865027053439441
861647050642061
861647050646732
866094052850159
868681049142399
861410049561805
865027053442502
866094052832033
860497077631437
865027053436116
868681049139973
866094052431836
866094052833023
865027053477334
\N
860061065744691
861410049559908
865027053466782
866094052435670
866094058479292
860497077630843
865027053478878
866877072622008
866094051478507
868681049155797
860497077404058
866094052794662
865027053477624
865027053416019
861647050642830
865027053443203
861647050784954
865027053415268
866094052799455
866877072640521
860374056965674
866094058450848
865027053464027
861410049520702
860497077395934
868681049143512
865027053461882
866094052604846
866094058431145
865027053461692
866094058479441
866094052782378
866094052534365
866877072646866
866094051520316
866094052827777
860374056972761
866094052621287
865027053466121
866094051384150
866094058458296
861647050735345
860497077404363
866094052623218
866094058455946
861647050640206
861647050638317
865027053458433
860123055643646
860497077631031
860497077404769
865027053424054
866094052841141
866094052552987
868681049140377
865027053458201
860497077593884
860497077392386
861647050792759
868681049147281
866094052836687
866094052837859
861647050786561
866094052794761
866094052827124
866094058470606
860497077625942
868681049136508
866094052828197
861647050801097
860374057095539
861647050641600
861647050641915
860497077406962
861647050784889
868681049137696
866094058400421
866094058468881
866732055356126
866094052827025
866094052864804
866094051520001
866094052860885
865027053450331
866094052787823
868681049166687
861410049558371
860497077627468
861410049558405
860123055496847
866094052786080
860374059995876
866094058469137
866094052826134
861410049520132
865027053455371
866094052825870
866094052837818
860123055689607
868681049135021
866094051307730
866094058458544
865027053444938
861647050640933
861647050658810
868681049131525
860497077631288
866094052832215
860497077632419
866094058436086
865027053393689
866207075444493
865027053447535
860123055606692
866207075008551
866094052849995
866094052828049
866094052810153
866094051438816
866094052837057
860123055606809
860374059995603
865027053454408
866877072655404
866207075362834
861647050778717
865027053476641
865027053436660
860497077625769
868681049142506
866094052795545
866877072625001
866094052850977
866094058455169
860123055689763
861410049558066
865027053407497
861647050655535
860374056954835
866094052802861
860497077404652
861647050737556
866094051542872
868681049141441
860374056956277
866732055356449
866094052798291
866094058417599
865027053424047
861647050736640
861647050736848
865027053469034
865027053393648
866094052795354
866207075367114
861410049521858
866207075007314
860497077402136
866094052795834
865027053478886
866094051397129
861647050785951
860497077406962
865027053419807
866094052861776
865027053443278
868681049092057
866877072651601
866094058469848
866207075008619
865027053480437
866094052525371
865027053455744
866094052793888
860123055735756
865027052443063
868681049090770
860374057097873
866207075002299
866207075007991
861647050641782
860497077621991
866094052833825
861410049507857
868681049134958
866732055479589
865027053452063
861647050638119
865027053463383
868681049155805
861647050786314
866094052604937
866207075445670
866094052616030
866094052552680
865027053456601
861647050737275
866094052449432
866094052785918
866094052791924
861410049523300
866094058468329
868681049135120
865027053482151
865027053444706
860497077395413
861647050643804
860497077593983
865027053457724
865027053469216
866094058400330
868681049132747
860374056953274
861410049520090
860123055503089
866877072660685
866094052432339
866071056785540
866094052785397
860497077603766
868681049161134
861647050728902
866094052788102
860497077622055
861647050640164
866877072625720
861647050645486
866094058466547
860497077509427
860497077594015
866071059045082
861647050646252
866094058477635
866207075447296
866094058469244
861410049507634
865027053469620
868681049136151
866094052822547
865027053457120
860497077395603
865027053439664
866094052533839
866094052857360
860497077630587
860123055497662
866094052812910
866094052831530
865027053472996
865027053479660
860374057082990
868681049155458
860123055495500
861647050655378
866094058454485
860374056963711
865027053453301
866094052603897
866094052771652
866094052837875
866094052800626
866094052844087
866094052779028
860374057082081
866094052534514
860123055503295
866094051532550
866094052861172
868681049091307
868681049139270
866094052773187
866094052794803
866094058417532
860374056967316
868681049140245
865027053442304
866094052795164
866094058470762
866094051532543
861410049502551
866094052792617
860497077631007
866094052459712
866094058454394
860497077407028
860497077627872
861410049505935
860123055695703
860497077594080
865027053446669
860374059995850
866094051542823
861647050655196
861410049561656
865027053436983
866094058466380
860374056958950
868681049091562
866094051520282
861647050658653
866094051540785
866094058469533
865027053453509
865027053479579
866207075001135
865027053482300
860123055506744
866094052836109
860497077621032
865027053434699
865027053448921
860374057046177
860123055503980
860374057048934
866094058454618
861647050640222
860497077403027
866732055354980
865027053460041
866094052796881
865027053430754
866094051467542
866094052787930
861410049535106
868681049165192
865027053478720
866094052815665
866877072654506
868681049168113
865027053469273
865027052281893
866207075444533
866094058454436
866207075007611
866094052810088
860123055581747
860123055477987
865027053384761
866094052814825
861410049520215
861410049561318
868681049140385
860374059994788
866207075001937
860497077408521
865027053427032
861647050643390
860374056916651
861410049524530
868681049092982
861410049518987
860497077404231
865027053467020
861647050736517
866732055479340
860123055502305
866094052524705
866094052832918
861647050639604
860374057022327
866094052830706
865027053411853
866094052621055
860123055502313
866094058472040
866094052832421
861647050637913
865027053467475
860374056938176
868681049092099
866094052824428
861647050640107
861410049507998
866094052792807
866877072171543
868681049152356
861410049508020
860374059995611
866094058467156
866094052826829
861410049560062
861410049508095
866094051533970
866207075442198
861647050737259
861410049558165
868681049166174
860497077625579
866094052788524
860497077593892
861647050784517
865027053395726
866094051309561
860374056941527
865027053436165
866094052850126
866094051541940
860123055506694
866207075443998
860497077530225
866094052809106
865027053470610
866207075002174
865027053444466
866094058459989
865027053469307
866877072630183
866094052807720
866094052794944
865027053469646
865027053438484
860374057089151
866094058468170
866094058466802
866094058468774
865027053435357
860497077408877
860123055691348
866094052827868
861647050646351
860497077407028
860497077632120
866094052791270
861647050641139
860497077621602
865027053482292
865027053446883
868681049142225
865027053438617
866207075000574
865027053478233
\N
866094052787484
866094058467271
866094052822513
868681049167172
860374057017152
865027053562039
860374059995298
861410049557886
866094052792724
860497077631775
868681049091737
860374056906397
866207075442834
861647050786835
866094058467891
860061065749971
866207075174551
865027053460454
866094051534127
866094051525976
866094052816929
866094052615982
865027053446941
866094052795594
866207075008999
865027053386469
861647050642020
866094052834252
868681049091125
861410049559437
866094052827835
866094052823958
866094052834260
865027053436371
861647050736384
861647050792866
860497077404173
865027053473069
865027053463839
865027053444292
860374056962432
866094052821952
865027053473853
866094058466588
866094052795602
865027053416035
861647050712757
861410049562431
866094058469194
860374057020214
861410049523219
865027053442593
866094052861602
860123055700651
861410049560070
866094058462827
866094052787740
861410049521007
861410049560773
860374056940057
866207075002018
866094051542930
860374057041780
865027053397680
866207075442438
860497077529771
866732055478672
866094052822646
865027053436496
866207075007391
865027053464696
860497077404223
866094052794654
861410049507212
866877072628823
866094052820558
865027053458524
866094058450608
860497077620844
866877072621984
861410049559833
860374059995587
866094052819709
\N
866094052823966
866094052826886
860497077630884
865027052589337
868681049131731
866094052800121
861647050793005
860497077404314
866094052838154
865027053455777
868681049091042
866094052797582
866094052828619
865027053452865
865027053436769
866094052829823
866207075442156
865027053435472
865027053446222
866094051380331
860123055605199
861647050643929
861410049562514
868681049132168
865027053437999
868681049090846
866207075365894
868681049135005
861647050784780
865027053458607
866094052782279
866094052852114
866094058471679
860497077404116
865027053462021
860061065749963
865027053464969
868681049091414
865027053462138
861647050639794
866094058454352
860497077621479
866094052798432
866207075289219
866094052533896
866094058458494
868681049096298
865027053456254
865027053464217
860374056991712
866094058417433
860374057090647
865027053469158
865027053469281
866732055356282
865027053415367
866207075008650
860497077509476
866094058464740
866094052824394
861410049502247
866094051540736
860497077458823
860061065744642
868681049142753
860497077594387
866094052834021
866094052852122
866094052788094
865027053464548
866094052621162
860497077507363
866094052836869
860497077631452
865027053479363
866094052797137
861647050658539
866094052861628
866094052795370
860374057043695
865027053438922
866094051534614
865027053436413
860123055685985
860497077404090
865027053412224
866094052850324
868681049143231
868681049131939
866094052822018
866094051398432
865027053478183
861410049520157
865027053447642
\N
861410049558298
866877072653086
866094052809957
861410049562407
866094052821127
866094052831605
866094058417409
866094052616212
860374057050328
866094052832504
860497077383427
866094058471471
865027053439722
868681043925591
868681049091117
865027053466931
865027052301105
866094052754831
866094051374045
860497077631510
865027053462054
861647050641840
861647050643671
860497077631981
866094058466927
866094052823321
866877072646965
866094052826035
865027052472534
860374057090977
860374057038034
865027052438881
860497077525407
865027053455090
865027053459514
866094052836893
866207075362859
868681049090184
866094052621246
866094052820863
868681049134701
868681049168170
868681049148818
866732055480777
865027053479470
860497077391925
860497077404355
865027053463755
865027053464621
861647050501689
861410049557985
866732055373261
866094052850662
866094052828494
866094058469301
868681049096306
865027053442924
860497077621966
866207075441950
865027053470420
866094052864135
861410049559320
865027053462096
860123055497761
865027053466196
866094052794787
861647050737457
861647050642897
868681049166653
866207075410856
861410049560508
861410049557993
866094052815590
865027053438450
866094051541767
868681049146192
865027053477177
866094052828403
865027053473598
865027053473192
861410049558918
861410049544330
866094051488803
861647050646211
866094058477643
860374056978180
866094058454428
865027053422371
866094058468808
866094058467081
866877072659562
865027053463896
861410049506859
866094058462785
866094052798465
860374057061481
866094052820566
866094052623077
860575057963811
866094052851702
866071056764370
866094058470002
866207075001259
865027053469117
866094052785512
865027053442965
866094058469517
865027053464894
868681049165705
865027052290423
866094052787856
861410049544256
868681049096348
866094052827967
866094052861313
861647050642012
868681049090382
861647050645601
861647050638085
865027053447220
865027053458656
866094052830938
866094052616022
861647050736947
866094052787369
865027053443054
868681049166398
866094052825995
866094052826399
860123055504004
860123055605652
868681049166943
860497077395967
866207075492979
866094051542856
866094052621147
866094058421633
866094051542625
860497077621487
866094052851082
860374056934498
866877072659984
866094052826837
868681049136102
\N
865027053470552
866094051541775
868681049096249
861410049558389
861647050736293
865027053467103
866094052787773
860123055605199
865027053434715
865027053453319
866094058449626
866094052797038
866207075008452
860374056903634
865027053479009
860497077632047
865027053446099
861647050643051
866094052785900
861410049502262
865027053460082
861647050646971
860497077622105
866207075444236
865027053439391
861647050639422
866094052622863
861647050783436
861410049562555
860497077630629
866094052837701
866094051520225
866094052865025
866094058457488
861410049519647
860497077622071
861410049557027
865027053472251
866094051541908
865027053464977
866094051520100
866094052831472
866094052829815
861410049557829
865027053447147
868681049131327
866094052825888
861410049520074
865027053464647
866877072653482
861647050637517
866877072660248
866094058454758
861647050643606
866094052831944
861410049506818
868681049093246
865027053451222
866094052620982
861647050559117
866094052829971
861410049558496
865027053438666
866207075448591
866877072622206
868681049161118
865027052401707
860123055694664
866094052815681
866094052787328
861647050784772
860497074495488
860061065749856
866094052850241
868681049165747
866094058471315
866877072626348
866207075442453
865027053446768
866094052861230
866071056866589
866094052831977
860497077404058
861410049506545
860497077594098
860497077395561
865027053449424
860374057094482
866207075292239
865027053421357
860374056959156
868681049161530
866094052826811
865027053480338
866094052832801
866094052836711
866094052862279
861647050783097
866094052864325
865027052623060
865027053391428
861647050643259
866207075441018
865027053435522
866094052506454
865027053431612
866207075442438
860123055497894
866094052833163
865027053393465
866094052823545
866094052431935
866094052753973
866094052800345
865027053464258
865027053407059
861647050645353
866094058466158
866877072654381
866094058463395
866094052826928
866094052785785
866094058435963
866094052432354
866094052534407
866094058450400
866094058417474
