DeviceId,DeviceName,DeviceSn,ProductId,TenantId,DeviceStatus,DeviceStatusDesc,NetStatus,NetStatusDesc,FirmwareVersion,DeviceType,CreateTime,UpdateTime,LastActiveTime,OnlineTime,OfflineTime,ActiveTime,LogoutTime,ProductProtocol
"16980130TEST_SN_1769392253868","TestDevice_1769392253866","TEST_SN_1769392253868",16980130,"10433748",0,"Inactive",1,"Online","1.0.0","IoT Device","2026-01-26 09:50:54","","","","","","",null
"16980130TEST_SN_1769354052974","TestDevice_1769354052972","TEST_SN_1769354052974",16980130,"10433748",0,"Inactive",1,"Online","1.0.0","IoT Device","2026-01-25 23:14:13","","","","","","",null
"16980130866877072647500","Updated_Device_1769392253934","866877072647500",16980130,"10433748",1,"Active",2,"Offline","1.0.0","IoT Device","2026-01-23 11:44:50","2026-01-26 09:50:54","2026-01-23 14:04:14","","","","",null
"16980130866877072641180","866877072641180","866877072641180",16980130,"10433748",1,"Active",2,"Offline","1.0.0","IoT Device","2026-01-23 11:44:50","2026-01-23 14:00:10","2026-01-23 14:00:10","","","","",null
"16980130866877072651908","866877072651908","866877072651908",16980130,"10433748",1,"Active",2,"Offline","1.0.0","IoT Device","2026-01-23 11:44:50","2026-01-23 14:25:41","2026-01-23 14:25:41","","","","",null
"16980130866877072646049","866877072646049","866877072646049",16980130,"10433748",1,"Active",2,"Offline","1.0.0","IoT Device","2026-01-23 11:44:50","2026-01-23 14:20:53","2026-01-23 14:20:53","","","","",null
"16980130866877072647740","866877072647740","866877072647740",16980130,"10433748",1,"Active",2,"Offline","1.0.0","IoT Device","2026-01-23 11:44:50","2026-01-23 14:17:09","2026-01-23 14:17:09","","","","",null
"16980130866877072652401","866877072652401","866877072652401",16980130,"10433748",1,"Active",2,"Offline","1.0.0","IoT Device","2026-01-23 11:44:50","2026-01-23 14:12:46","2026-01-23 14:12:46","","","","",null
"16980130866877072654365","866877072654365","866877072654365",16980130,"10433748",1,"Active",2,"Offline","1.0.0","IoT Device","2026-01-23 11:44:50","2026-01-23 14:08:46","2026-01-23 14:08:46","","","","",null
"16980130866877072647369","866877072647369","866877072647369",16980130,"10433748",1,"Active",2,"Offline","1.0.0","IoT Device","2026-01-23 11:44:50","2026-01-23 14:53:59","2026-01-23 14:53:59","","","","",null
"16980130866877072640844","866877072640844","866877072640844",16980130,"10433748",1,"Active",2,"Offline","1.0.0","IoT Device","2026-01-23 11:44:49","2026-01-23 14:50:20","2026-01-23 14:50:20","","","","",null
"16980130866877072641164","866877072641164","866877072641164",16980130,"10433748",1,"Active",2,"Offline","1.0.0","IoT Device","2026-01-23 11:44:49","2026-01-23 14:44:06","2026-01-23 14:44:06","","","","",null
"16980130866877072653508","866877072653508","866877072653508",16980130,"10433748",1,"Active",2,"Offline","1.0.0","IoT Device","2026-01-23 11:44:49","2026-01-23 14:40:10","2026-01-23 14:40:10","","","","",null
"16980130866877072653524","866877072653524","866877072653524",16980130,"10433748",1,"Active",2,"Offline","1.0.0","IoT Device","2026-01-23 11:44:49","2026-01-23 14:29:50","2026-01-23 14:29:50","","","","",null
"16980130866877072630324","866877072630324","866877072630324",16980130,"10433748",1,"Active",2,"Offline","1.0.0","IoT Device","2026-01-23 10:39:55","2026-01-23 11:19:54","2026-01-23 11:19:54","","","","",null
"16980130866877072660628","866877072660628","866877072660628",16980130,"10433748",1,"Active",2,"Offline","1.0.0","IoT Device","2026-01-23 10:37:21","2026-01-23 11:07:04","2026-01-23 11:07:04","","","","",null
"16980130866877072660222","866877072660222","866877072660222",16980130,"10433748",1,"Active",2,"Offline","1.0.0","IoT Device","2026-01-23 10:37:21","2026-01-23 11:02:40","2026-01-23 11:02:40","","","","",null
"16980130866877072622107","866877072622107","866877072622107",16980130,"10433748",1,"Active",2,"Offline","1.0.0","IoT Device","2026-01-23 10:37:21","2026-01-23 10:58:22","2026-01-23 10:58:22","","","","",null
"16980130866877072659885","866877072659885","866877072659885",16980130,"10433748",1,"Active",2,"Offline","1.0.0","IoT Device","2026-01-23 10:37:21","2026-01-23 10:52:38","2026-01-23 10:52:38","","","","",null
"16980130866877072626264","866877072626264","866877072626264",16980130,"10433748",1,"Active",2,"Offline","1.0.0","IoT Device","2026-01-23 10:37:20","2026-01-23 10:49:41","2026-01-23 10:49:41","","","","",null
"16980130866877072621760","866877072621760","866877072621760",16980130,"10433748",1,"Active",2,"Offline","1.0.0","IoT Device","2026-01-08 15:11:15","2026-01-08 15:20:52","2026-01-08 15:20:52","","","","",null
"16980130866877072653169","866877072653169","866877072653169",16980130,"10433748",1,"Active",2,"Offline","1.0.0","IoT Device","2026-01-07 16:20:49","2026-01-07 16:31:57","2026-01-07 16:31:57","","","","",null
"16980130866877072621661","866877072621661","866877072621661",16980130,"10433748",1,"Active",2,"Offline","1.0.0","IoT Device","2026-01-07 16:20:49","2026-01-07 16:25:31","2026-01-07 16:25:31","","","","",null
"16980130866207072640620","866207072640620","866207072640620",16980130,"10433748",0,"Inactive",1,"Online","1.0.0","IoT Device","2026-01-06 14:24:47","","","","","","",null
"16980130866877072646569","866877072646569","866877072646569",16980130,"10433748",1,"Active",1,"Online","1.0.0","IoT Device","2025-12-26 14:21:23","2025-12-26 14:40:25","2025-12-26 14:40:25","","","","",null
"16980130866877072622867","866877072622867","866877072622867",16980130,"10433748",1,"Active",1,"Online","1.0.0","IoT Device","2025-12-26 14:21:23","2025-12-26 14:38:09","2025-12-26 14:38:09","","","","",null
"16980130866877072626207","866877072626207","866877072626207",16980130,"10433748",1,"Active",1,"Online","1.0.0","IoT Device","2025-12-26 14:21:22","2025-12-26 14:26:58","2025-12-26 14:26:58","","","","",null
"16980130866877072626009","866877072626009","866877072626009",16980130,"10433748",1,"Active",1,"Online","1.0.0","IoT Device","2025-12-26 14:21:22","2025-12-26 14:25:23","2025-12-26 14:25:23","","","","",null
"16980130866877072622842","866877072622842","866877072622842",16980130,"10433748",1,"Active",2,"Offline","1.0.0","IoT Device","2025-12-26 14:21:22","2026-01-23 13:57:39","2026-01-23 13:57:39","","","","",null
"16980130866877072660123","866877072660123","866877072660123",16980130,"10433748",1,"Active",1,"Online","1.0.0","IoT Device","2025-12-26 14:21:22","2025-12-26 15:02:52","2025-12-26 15:02:52","","","","",null
"16980130866877072626868","866877072626868","866877072626868",16980130,"10433748",1,"Active",2,"Offline","1.0.0","IoT Device","2025-12-26 14:21:21","2025-12-26 14:51:39","2025-12-26 14:51:39","","","","",null
"16980130866877072646122","866877072646122","866877072646122",16980130,"10433748",1,"Active",1,"Online","1.0.0","IoT Device","2025-12-26 14:21:21","2025-12-26 14:48:16","2025-12-26 14:48:16","","","","",null
"16980130866877072625803","866877072625803","866877072625803",16980130,"10433748",1,"Active",2,"Offline","1.0.0","IoT Device","2025-12-26 14:00:29","2025-12-26 14:06:22","2025-12-26 14:06:22","","","","",null
"16980130866877072621802","866877072621802","866877072621802",16980130,"10433748",1,"Active",1,"Online","1.0.0","IoT Device","2025-12-26 14:00:28","2025-12-26 14:03:32","2025-12-26 14:03:32","","","","",null
"16980130866877072646601","866877072646601","866877072646601",16980130,"10433748",1,"Active",1,"Online","1.0.0","IoT Device","2025-12-26 14:00:28","2025-12-26 14:14:14","2025-12-26 14:14:14","","","","",null
"16980130866877072645942","866877072645942","866877072645942",16980130,"10433748",1,"Active",2,"Offline","1.0.0","IoT Device","2025-12-26 14:00:28","2025-12-26 14:10:22","2025-12-26 14:10:22","","","","",null
"16980130866877072647187","866877072647187","866877072647187",16980130,"10433748",1,"Active",1,"Online","1.0.0","IoT Device","2025-12-22 15:22:19","2025-12-22 15:40:56","2025-12-22 15:40:56","","","","",null
"16980130866877072654563","866877072654563","866877072654563",16980130,"10433748",1,"Active",1,"Online","1.0.0","IoT Device","2025-12-22 15:22:19","2025-12-22 16:11:38","2025-12-22 16:11:38","","","","",null
"16980130866877072654621","866877072654621","866877072654621",16980130,"10433748",1,"Active",1,"Online","1.0.0","IoT Device","2025-12-22 15:22:19","2025-12-22 15:51:24","2025-12-22 15:51:24","","","","",null
"16980130866877072647104","866877072647104","866877072647104",16980130,"10433748",1,"Active",1,"Online","1.0.0","IoT Device","2025-12-22 15:22:18","2025-12-22 15:59:12","2025-12-22 15:59:12","","","","",null
"16980130866877072647203","866877072647203","866877072647203",16980130,"10433748",1,"Active",1,"Online","1.0.0","IoT Device","2025-12-22 15:22:18","2025-12-22 16:04:28","2025-12-22 16:04:28","","","","",null
"16980130866877072646643","866877072646643","866877072646643",16980130,"10433748",1,"Active",1,"Online","1.0.0","IoT Device","2025-12-22 15:22:17","2025-12-22 16:29:04","2025-12-22 16:29:04","","","","",null
"16980130866877072660842","866877072660842","866877072660842",16980130,"10433748",1,"Active",2,"Offline","1.0.0","IoT Device","2025-12-05 11:38:46","2025-12-05 11:40:21","2025-12-05 11:40:21","","","","",null
"16980130866877072625183","866877072625183","866877072625183",16980130,"10433748",1,"Active",2,"Offline","1.0.0","IoT Device","2025-12-05 10:41:56","2025-12-05 10:46:41","2025-12-05 10:46:41","","","","",null
"16980130866877072621604","866877072621604","866877072621604",16980130,"10433748",1,"Active",2,"Offline","1.0.0","IoT Device","2025-12-05 10:41:56","2025-12-05 10:53:37","2025-12-05 10:53:37","","","","",null
"16980130866877072622909","866877072622909","866877072622909",16980130,"10433748",1,"Active",2,"Offline","1.0.0","IoT Device","2025-12-05 10:41:56","2025-12-05 11:00:30","2025-12-05 11:00:30","","","","",null
"16980130866877072653466","866877072653466","866877072653466",16980130,"10433748",1,"Active",2,"Offline","1.0.0","IoT Device","2025-12-05 10:41:56","2025-12-05 11:07:18","2025-12-05 11:07:18","","","","",null
"16980130866877072656881","866877072656881","866877072656881",16980130,"10433748",1,"Active",2,"Offline","1.0.0","IoT Device","2025-12-04 14:55:06","2025-12-04 15:01:52","2025-12-04 15:01:52","","","","",null
"16980130866877072622925","866877072622925","866877072622925",16980130,"10433748",1,"Active",1,"Online","1.0.0","IoT Device","2025-12-04 14:55:06","2025-12-04 14:59:28","2025-12-04 14:59:28","","","","",null
"16980130866877072621703","866877072621703","866877072621703",16980130,"10433748",1,"Active",2,"Offline","1.0.0","IoT Device","2025-12-04 14:55:06","2025-12-04 15:10:13","2025-12-04 15:10:13","","","","",null
"16980130866877072645967","866877072645967","866877072645967",16980130,"10433748",1,"Active",2,"Offline","1.0.0","IoT Device","2025-12-04 14:55:06","2025-12-04 15:26:30","2025-12-04 15:26:30","","","","",null
"16980130866877072653482","866877072653482","866877072653482",16980130,"10433748",1,"Active",2,"Offline","1.0.0","IoT Device","2025-12-04 14:55:06","2025-12-05 10:39:33","2025-12-05 10:39:33","","","","",null
"16980130866877072650207","866877072650207","866877072650207",16980130,"10433748",1,"Active",1,"Online","1.0.0","IoT Device","2025-12-04 14:55:06","2025-12-04 14:55:07","2025-12-04 14:55:07","","","","",null
"16980130860497077625652","860497077625652","860497077625652",16980130,"10433748",1,"Active",1,"Online","1.0.0","IoT Device","2025-11-27 14:18:55","2025-11-27 14:19:35","2025-11-27 14:19:35","","","","",null
"16980130866877072624962","866877072624962","866877072624962",16980130,"10433748",1,"Active",1,"Online","1.0.0","IoT Device","2025-11-27 10:20:16","2025-11-27 10:31:54","2025-11-27 10:31:54","","","","",null
"16980130866877072654688","866877072654688","866877072654688",16980130,"10433748",1,"Active",1,"Online","1.0.0","IoT Device","2025-11-27 10:20:16","2025-11-27 10:28:23","2025-11-27 10:28:23","","","","",null
"16980130866877072646288","866877072646288","866877072646288",16980130,"10433748",1,"Active",2,"Offline","1.0.0","IoT Device","2025-11-27 10:20:16","2025-11-27 10:24:47","2025-11-27 10:24:47","","","","",null
"16980130866877072646304","866877072646304","866877072646304",16980130,"10433748",1,"Active",1,"Online","1.0.0","IoT Device","2025-11-27 10:20:16","2025-11-27 10:22:58","2025-11-27 10:22:58","","","","",null
"16980130866877072660644","866877072660644","866877072660644",16980130,"10433748",1,"Active",1,"Online","1.0.0","IoT Device","2025-11-27 09:58:56","2025-11-27 10:11:25","2025-11-27 10:11:25","","","","",null
"16980130866877072655388","866877072655388","866877072655388",16980130,"10433748",1,"Active",1,"Online","1.0.0","IoT Device","2025-11-27 09:58:56","2025-11-27 10:03:25","2025-11-27 10:03:25","","","","",null
"16980130866877072630449","866877072630449","866877072630449",16980130,"10433748",1,"Active",1,"Online","1.0.0","IoT Device","2025-11-27 09:58:56","2025-11-27 10:05:17","2025-11-27 10:05:17","","","","",null
"16980130866877072626785","866877072626785","866877072626785",16980130,"10433748",1,"Active",1,"Online","1.0.0","IoT Device","2025-11-27 09:58:56","2025-11-27 10:14:22","2025-11-27 10:14:22","","","","",null
"16980130866877072171543","866877072171543","866877072171543",16980130,"10433748",1,"Active",2,"Offline","1.0.0","IoT Device","2025-11-27 09:58:56","2025-11-27 10:17:08","2025-11-27 10:17:08","","","","",null
"16980130866877072626249","866877072626249","866877072626249",16980130,"10433748",1,"Active",2,"Offline","1.0.0","IoT Device","2025-11-27 09:21:44","2025-11-27 09:46:30","2025-11-27 09:46:30","","","","",null
"16980130866877072656865","866877072656865","866877072656865",16980130,"10433748",1,"Active",1,"Online","1.0.0","IoT Device","2025-11-27 09:21:44","2025-11-27 09:23:36","2025-11-27 09:23:36","","","","",null
"16980130866877072653441","866877072653441","866877072653441",16980130,"10433748",1,"Active",2,"Offline","1.0.0","IoT Device","2025-11-27 09:21:44","2025-11-27 09:38:10","2025-11-27 09:38:10","","","","",null
"16980130866877072646981","866877072646981","866877072646981",16980130,"10433748",1,"Active",1,"Online","1.0.0","IoT Device","2025-11-27 09:21:44","2025-11-27 09:29:49","2025-11-27 09:29:49","","","","",null
"16980130866877072623089","866877072623089","866877072623089",16980130,"10433748",1,"Active",2,"Offline","1.0.0","IoT Device","2025-11-18 15:02:15","2025-11-18 15:03:36","2025-11-18 15:03:36","","","","",null
"16980130866877072646684","866877072646684","866877072646684",16980130,"10433748",1,"Active",2,"Offline","1.0.0","IoT Device","2025-11-18 15:02:15","2025-11-18 15:15:01","2025-11-18 15:15:01","","","","",null
"16980130866877072654589","866877072654589","866877072654589",16980130,"10433748",1,"Active",1,"Online","1.0.0","IoT Device","2025-11-18 14:47:23","2025-11-18 14:51:29","2025-11-18 14:51:29","","","","",null
"16980130866877072650348","866877072650348","866877072650348",16980130,"10433748",1,"Active",1,"Online","1.0.0","IoT Device","2025-11-11 10:44:45","2025-11-18 14:55:38","2025-11-18 14:55:38","","","","",null
"16980130866877072653201","866877072653201","866877072653201",16980130,"10433748",1,"Active",1,"Online","1.0.0","IoT Device","2025-11-11 10:44:45","2025-11-11 10:57:42","2025-11-11 10:57:42","","","","",null
"16980130866877072652963","866877072652963","866877072652963",16980130,"10433748",1,"Active",1,"Online","1.0.0","IoT Device","2025-11-11 10:44:45","2025-11-11 10:54:52","2025-11-11 10:54:52","","","","",null
"16980130866877072654480","866877072654480","866877072654480",16980130,"10433748",1,"Active",1,"Online","1.0.0","IoT Device","2025-11-11 10:44:45","2025-11-11 10:49:35","2025-11-11 10:49:35","","","","",null
"16980130866877072650165","866877072650165","866877072650165",16980130,"10433748",1,"Active",1,"Online","1.0.0","IoT Device","2025-11-11 10:44:45","2025-11-11 10:47:43","2025-11-11 10:47:43","","","","",null
"16980130866877072625761","866877072625761","866877072625761",16980130,"10433748",1,"Active",1,"Online","1.0.0","IoT Device","2025-11-11 09:37:04","2025-11-11 10:17:17","2025-11-11 10:17:17","","","","",null
"16980130866877072655420","866877072655420","866877072655420",16980130,"10433748",1,"Active",2,"Offline","1.0.0","IoT Device","2025-11-11 09:37:04","2025-11-11 10:29:51","2025-11-11 10:29:51","","","","",null
"16980130866877072647302","866877072647302","866877072647302",16980130,"10433748",1,"Active",2,"Offline","1.0.0","IoT Device","2025-11-11 09:37:04","2025-11-11 09:54:08","2025-11-11 09:54:08","","","","",null
"16980130866877072654423","866877072654423","866877072654423",16980130,"10433748",1,"Active",2,"Offline","1.0.0","IoT Device","2025-11-11 09:37:04","2025-11-11 09:50:50","2025-11-11 09:50:50","","","","",null
"16980130866877072626223","866877072626223","866877072626223",16980130,"10433748",1,"Active",2,"Offline","1.0.0","IoT Device","2025-11-11 09:37:04","2025-11-11 09:47:16","2025-11-11 09:47:16","","","","",null
"16980130866877072625720","866877072625720","866877072625720",16980130,"10433748",1,"Active",1,"Online","1.0.0","IoT Device","2025-11-11 09:37:04","2025-11-11 10:20:24","2025-11-11 10:20:24","","","","",null
"16980130866877072654506","866877072654506","866877072654506",16980130,"10433748",1,"Active",1,"Online","1.0.0","IoT Device","2025-11-11 09:37:04","2025-11-11 10:37:26","2025-11-11 10:37:26","","","","",null
"16980130866877072626827","866877072626827","866877072626827",16980130,"10433748",1,"Active",1,"Online","1.0.0","IoT Device","2025-11-11 09:37:04","2025-11-11 10:27:09","2025-11-11 10:27:09","","","","",null
"16980130866877072654548","866877072654548","866877072654548",16980130,"10433748",1,"Active",1,"Online","1.0.0","IoT Device","2025-11-11 09:37:03","2025-11-11 10:04:52","2025-11-11 10:04:52","","","","",null
"16980130866877072654704","866877072654704","866877072654704",16980130,"10433748",1,"Active",2,"Offline","1.0.0","IoT Device","2025-11-11 09:37:03","2025-11-11 10:33:28","2025-11-11 10:33:28","","","","",null
"16980130866877072659901","866877072659901","866877072659901",16980130,"10433748",0,"Inactive",1,"Online","1.0.0","IoT Device","2025-11-11 09:37:03","","","","","","",null
"16980130866877072197324","866877072197324","866877072197324",16980130,"10433748",1,"Active",2,"Offline","1.0.0","IoT Device","2025-10-20 16:24:16","2025-10-20 16:32:38","2025-10-20 16:32:38","","","","",null
"16980130866877072626306","866877072626306","866877072626306",16980130,"10433748",1,"Active",1,"Online","1.0.0","IoT Device","2025-10-20 16:24:16","2025-10-20 16:28:20","2025-10-20 16:28:20","","","","",null
"16980130866877072628724","866877072628724","866877072628724",16980130,"10433748",1,"Active",1,"Online","1.0.0","IoT Device","2025-10-20 11:38:16","2025-10-20 11:41:43","2025-10-20 11:41:43","","","","",null
"16980130866877072626546","866877072626546","866877072626546",16980130,"10433748",1,"Active",1,"Online","1.0.0","IoT Device","2025-10-20 11:38:16","2025-10-20 16:19:42","2025-10-20 16:19:42","","","","",null
"16980130866877072622404","866877072622404","866877072622404",16980130,"10433748",1,"Active",1,"Online","1.0.0","IoT Device","2025-10-20 11:38:16","2025-10-20 16:22:21","2025-10-20 16:22:21","","","","",null
"16980130866877072660388","866877072660388","866877072660388",16980130,"10433748",1,"Active",1,"Online","1.0.0","IoT Device","2025-10-20 11:03:15","2025-10-20 11:08:30","2025-10-20 11:08:30","","","","",null
"16980130866877072622941","866877072622941","866877072622941",16980130,"10433748",1,"Active",1,"Online","1.0.0","IoT Device","2025-10-11 14:28:41","2025-10-11 14:39:59","2025-10-11 14:39:59","","","","",null
"16980130866877072661584","866877072661584","866877072661584",16980130,"10433748",1,"Active",1,"Online","1.0.0","IoT Device","2025-10-11 14:28:41","2025-10-11 14:44:13","2025-10-11 14:44:13","","","","",null
"16980130866877072660065","866877072660065","866877072660065",16980130,"10433748",1,"Active",1,"Online","1.0.0","IoT Device","2025-10-11 14:28:41","2025-10-11 14:47:44","2025-10-11 14:47:44","","","","",null
"16980130866877072645447","866877072645447","866877072645447",16980130,"10433748",1,"Active",1,"Online","1.0.0","IoT Device","2025-10-11 14:28:41","2025-10-11 14:51:11","2025-10-11 14:51:11","","","","",null
"16980130866877072654100","866877072654100","866877072654100",16980130,"10433748",1,"Active",1,"Online","1.0.0","IoT Device","2025-09-28 16:05:15","2025-10-11 14:33:39","2025-10-11 14:33:39","","","","",null
"16980130866877072660008","866877072660008","866877072660008",16980130,"10433748",1,"Active",1,"Online","1.0.0","IoT Device","2025-09-28 16:05:15","2025-09-28 16:18:02","2025-09-28 16:18:02","","","","",null
"16980130866877072622982","866877072622982","866877072622982",16980130,"10433748",1,"Active",1,"Online","1.0.0","IoT Device","2025-09-28 16:05:15","2025-09-28 16:13:35","2025-09-28 16:13:35","","","","",null
"16980130866877072625001","866877072625001","866877072625001",16980130,"10433748",1,"Active",1,"Online","1.0.0","IoT Device","2025-09-28 16:05:15","2025-09-28 16:05:20","2025-09-28 16:05:20","","","","",null
"16980130866877072640745","866877072640745","866877072640745",16980130,"10433748",1,"Active",1,"Online","1.0.0","IoT Device","2025-09-28 15:19:47","2025-09-28 15:38:58","2025-09-28 15:38:58","","","","",null
"16980130866877072651528","866877072651528","866877072651528",16980130,"10433748",1,"Active",1,"Online","1.0.0","IoT Device","2025-09-28 15:19:47","2025-09-28 15:35:50","2025-09-28 15:35:50","","","","",null
"16980130866877072654068","866877072654068","866877072654068",16980130,"10433748",1,"Active",1,"Online","1.0.0","IoT Device","2025-09-28 15:19:47","2025-09-28 15:31:58","2025-09-28 15:31:58","","","","",null
"16980130866877072659562","866877072659562","866877072659562",16980130,"10433748",1,"Active",1,"Online","1.0.0","IoT Device","2025-09-28 15:19:47","2025-09-28 15:27:32","2025-09-28 15:27:32","","","","",null
"16980130866877072660420","866877072660420","866877072660420",16980130,"10433748",1,"Active",1,"Online","1.0.0","IoT Device","2025-09-28 15:19:47","2025-09-28 15:23:00","2025-09-28 15:23:00","","","","",null
"16980130866877072625944","866877072625944","866877072625944",16980130,"10433748",1,"Active",1,"Online","1.0.0","IoT Device","2025-09-28 15:19:47","2025-09-28 15:41:58","2025-09-28 15:41:58","","","","",null
"16980130866877072656725","866877072656725","866877072656725",16980130,"10433748",1,"Active",2,"Offline","1.0.0","IoT Device","2025-09-28 15:19:47","2025-09-28 15:44:41","2025-09-28 15:44:41","","","","",null
"16980130866877072660446","866877072660446","866877072660446",16980130,"10433748",1,"Active",2,"Offline","1.0.0","IoT Device","2025-09-28 15:19:47","2025-09-28 15:50:47","2025-09-28 15:50:47","","","","",null
"16980130866877072640224","866877072640224","866877072640224",16980130,"10433748",1,"Active",1,"Online","1.0.0","IoT Device","2025-09-28 15:19:46","2025-09-28 15:57:48","2025-09-28 15:57:48","","","","",null
"16980130866877072621984","866877072621984","866877072621984",16980130,"10433748",1,"Active",1,"Online","1.0.0","IoT Device","2025-09-28 15:19:46","2025-09-28 16:11:29","2025-09-28 16:11:29","","","","",null
"16980130866877072652807","866877072652807","866877072652807",16980130,"10433748",1,"Active",2,"Offline","1.0.0","IoT Device","2025-09-28 15:09:06","2025-09-28 15:14:16","2025-09-28 15:14:16","","","","",null
"16980130866877072651460","866877072651460","866877072651460",16980130,"10433748",1,"Active",1,"Online","1.0.0","IoT Device","2025-09-23 11:45:04","2025-09-23 11:51:33","2025-09-23 11:51:33","","","","",null
"16980130866877072656287","866877072656287","866877072656287",16980130,"10433748",1,"Active",1,"Online","1.0.0","IoT Device","2025-09-23 11:45:03","2025-09-23 11:56:17","2025-09-23 11:56:17","","","","",null
"16980130866877072652849","866877072652849","866877072652849",16980130,"10433748",1,"Active",2,"Offline","1.0.0","IoT Device","2025-09-23 11:45:03","2025-09-23 12:00:49","2025-09-23 12:00:49","","","","",null
"16980130866877072622883","866877072622883","866877072622883",16980130,"10433748",1,"Active",1,"Online","1.0.0","IoT Device","2025-09-23 11:45:03","2025-09-23 12:05:06","2025-09-23 12:05:06","","","","",null
"16980130866877072655644","866877072655644","866877072655644",16980130,"10433748",1,"Active",1,"Online","1.0.0","IoT Device","2025-09-23 11:45:03","2025-09-23 11:49:05","2025-09-23 11:49:05","","","","",null
"16980130866207075001598","866207075001598","866207075001598",16980130,"10433748",0,"Inactive",1,"Online","1.0.0","IoT Device","2025-09-17 17:08:20","","","","","","",null
"16980130866877072660081","866877072660081","866877072660081",16980130,"10433748",1,"Active",1,"Online","1.0.0","IoT Device","2025-09-17 11:27:31","2025-09-17 11:40:35","2025-09-17 11:40:35","","","","",null
"16980130866877072655248","866877072655248","866877072655248",16980130,"10433748",1,"Active",1,"Online","1.0.0","IoT Device","2025-09-17 11:27:31","2025-09-17 11:35:44","2025-09-17 11:35:44","","","","",null
"16980130866877072659968","866877072659968","866877072659968",16980130,"10433748",1,"Active",1,"Online","1.0.0","IoT Device","2025-09-17 11:27:31","2025-09-17 11:33:29","2025-09-17 11:33:29","","","","",null
"16980130866877072651361","866877072651361","866877072651361",16980130,"10433748",1,"Active",1,"Online","1.0.0","IoT Device","2025-09-16 15:45:14","2025-09-16 15:49:48","2025-09-16 15:49:48","","","","",null
"16980130866877072655305","866877072655305","866877072655305",16980130,"10433748",1,"Active",1,"Online","1.0.0","IoT Device","2025-09-16 15:45:14","2025-09-16 15:56:47","2025-09-16 15:56:47","","","","",null
"16980130866877072623147","866877072623147","866877072623147",16980130,"10433748",1,"Active",1,"Online","1.0.0","IoT Device","2025-09-16 15:45:14","2025-09-16 16:04:25","2025-09-16 16:04:25","","","","",null
"16980130866877072640620","866877072640620","866877072640620",16980130,"10433748",1,"Active",1,"Online","1.0.0","IoT Device","2025-08-29 10:37:21","2025-08-29 10:49:56","2025-08-29 10:49:56","","","","",null
"16980130866877072626629","866877072626629","866877072626629",16980130,"10433748",1,"Active",2,"Offline","1.0.0","IoT Device","2025-08-29 10:37:21","2025-08-29 11:19:02","2025-08-29 11:19:02","","","","",null
"16980130866877072623188","866877072623188","866877072623188",16980130,"10433748",1,"Active",2,"Offline","1.0.0","IoT Device","2025-08-29 10:37:20","2025-08-29 10:42:37","2025-08-29 10:42:37","","","","",null
"16980130866877072623006","866877072623006","866877072623006",16980130,"10433748",1,"Active",1,"Online","1.0.0","IoT Device","2025-08-29 10:37:20","2025-08-29 10:59:47","2025-08-29 10:59:47","","","","",null
"16980130866877072660180","866877072660180","866877072660180",16980130,"10433748",1,"Active",1,"Online","1.0.0","IoT Device","2025-08-29 10:37:20","2025-08-29 10:52:58","2025-08-29 10:52:58","","","","",null
"16980130866877072623063","866877072623063","866877072623063",16980130,"10433748",1,"Active",1,"Online","1.0.0","IoT Device","2025-08-29 10:37:20","2025-08-29 10:40:14","2025-08-29 10:40:14","","","","",null
"16980130866877072628906","866877072628906","866877072628906",16980130,"10433748",1,"Active",1,"Online","1.0.0","IoT Device","2025-08-28 15:25:07","2025-08-28 15:29:57","2025-08-28 15:29:57","","","","",null
"16980130866877072654027","866877072654027","866877072654027",16980130,"10433748",1,"Active",1,"Online","1.0.0","IoT Device","2025-08-28 15:25:07","2025-08-28 15:44:39","2025-08-28 15:44:39","","","","",null
"16980130866877072646064","866877072646064","866877072646064",16980130,"10433748",1,"Active",1,"Online","1.0.0","IoT Device","2025-08-28 15:25:07","2025-08-28 15:47:59","2025-08-28 15:47:59","","","","",null
"16980130866877072651684","866877072651684","866877072651684",16980130,"10433748",1,"Active",1,"Online","1.0.0","IoT Device","2025-08-28 14:48:08","2025-08-28 15:16:54","2025-08-28 15:16:54","","","","",null
"16980130866877072653565","866877072653565","866877072653565",16980130,"10433748",1,"Active",1,"Online","1.0.0","IoT Device","2025-08-28 14:48:08","2025-08-28 15:23:30","2025-08-28 15:23:30","","","","",null
"16980130866877072651569","866877072651569","866877072651569",16980130,"10433748",1,"Active",1,"Online","1.0.0","IoT Device","2025-08-28 14:48:08","2025-08-28 15:12:24","2025-08-28 15:12:24","","","","",null
"16980130866877072646080","866877072646080","866877072646080",16980130,"10433748",1,"Active",2,"Offline","1.0.0","IoT Device","2025-08-28 14:48:07","2025-08-28 14:51:38","2025-08-28 14:51:38","","","","",null
"16980130866877072625985","866877072625985","866877072625985",16980130,"10433748",1,"Active",1,"Online","1.0.0","IoT Device","2025-08-28 14:48:07","2025-08-28 15:06:06","2025-08-28 15:06:06","","","","",null
"16980130866877072659844","866877072659844","866877072659844",16980130,"10433748",1,"Active",2,"Offline","1.0.0","IoT Device","2025-08-28 14:39:52","2025-08-28 14:42:09","2025-08-28 14:42:09","","","","",null
"16980130866877072651601","866877072651601","866877072651601",16980130,"10433748",1,"Active",2,"Offline","1.0.0","IoT Device","2025-08-28 14:12:03","2025-08-28 14:22:32","2025-08-28 14:22:32","","","","",null
"16980130866877072654308","866877072654308","866877072654308",16980130,"10433748",1,"Active",2,"Offline","1.0.0","IoT Device","2025-08-28 14:12:03","2025-08-28 16:01:40","2025-08-28 16:01:40","","","","",null
"16980130866877072659042","866877072659042","866877072659042",16980130,"10433748",1,"Active",1,"Online","1.0.0","IoT Device","2025-08-28 14:12:03","2025-08-28 14:17:56","2025-08-28 14:17:56","","","","",null
"16980130866877072654084","866877072654084","866877072654084",16980130,"10433748",1,"Active",1,"Online","1.0.0","IoT Device","2025-08-19 14:15:53","2025-08-19 14:21:05","2025-08-19 14:21:05","","","","",null
"16980130860497077593918","860497077593918","860497077593918",16980130,"10433748",1,"Active",1,"Online","1.0.0","IoT Device","2025-08-15 15:52:07","2025-11-06 18:27:51","2025-11-06 18:27:51","","","","",null
"16980130866877072624764","866877072624764","866877072624764",16980130,"10433748",1,"Active",1,"Online","1.0.0","IoT Device","2025-08-07 15:42:05","2025-08-07 15:44:39","2025-08-07 15:44:39","","","","",null
"16980130866877072656709","866877072656709","866877072656709",16980130,"10433748",1,"Active",1,"Online","1.0.0","IoT Device","2025-08-05 14:17:34","2025-08-05 14:23:45","2025-08-05 14:23:45","","","","",null
"16980130866877072625100","866877072625100","866877072625100",16980130,"10433748",1,"Active",1,"Online","1.0.0","IoT Device","2025-08-05 13:50:23","2025-08-05 13:55:25","2025-08-05 13:55:25","","","","",null
"16980130866877072640182","866877072640182","866877072640182",16980130,"10433748",1,"Active",1,"Online","1.0.0","IoT Device","2025-08-05 13:50:22","2025-08-05 14:14:52","2025-08-05 14:14:52","","","","",null
"16980130866877072655529","866877072655529","866877072655529",16980130,"10433748",1,"Active",1,"Online","1.0.0","IoT Device","2025-08-05 13:50:22","2025-08-05 14:06:47","2025-08-05 14:06:47","","","","",null
"16980130866877072660404","866877072660404","866877072660404",16980130,"10433748",1,"Active",1,"Online","1.0.0","IoT Device","2025-08-05 13:50:22","2025-08-05 14:33:12","2025-08-05 14:33:12","","","","",null
"16980130866877072640489","866877072640489","866877072640489",16980130,"10433748",1,"Active",2,"Offline","1.0.0","IoT Device","2025-07-30 10:28:45","2025-07-30 10:48:08","2025-07-30 10:48:08","","","","",null
"16980130866877072659265","866877072659265","866877072659265",16980130,"10433748",1,"Active",1,"Online","1.0.0","IoT Device","2025-07-30 10:28:45","2025-07-30 10:40:06","2025-07-30 10:40:06","","","","",null
"16980130866877072645124","866877072645124","866877072645124",16980130,"10433748",1,"Active",2,"Offline","1.0.0","IoT Device","2025-07-30 10:28:45","2025-07-30 10:31:23","2025-07-30 10:31:23","","","","",null
"16980130866877072653664","866877072653664","866877072653664",16980130,"10433748",1,"Active",1,"Online","1.0.0","IoT Device","2025-07-28 13:56:02","2025-07-28 14:14:18","2025-07-28 14:14:18","","","","",null
"16980130866877072653581","866877072653581","866877072653581",16980130,"10433748",1,"Active",1,"Online","1.0.0","IoT Device","2025-07-28 13:56:02","2025-07-28 14:09:58","2025-07-28 14:09:58","","","","",null
"16980130866877072623204","866877072623204","866877072623204",16980130,"10433748",1,"Active",1,"Online","1.0.0","IoT Device","2025-07-28 13:56:02","2025-07-28 14:19:06","2025-07-28 14:19:06","","","","",null
"16980130866877072660248","866877072660248","866877072660248",16980130,"10433748",1,"Active",2,"Offline","1.0.0","IoT Device","2025-07-28 13:56:01","2025-07-28 14:23:12","2025-07-28 14:23:12","","","","",null
"16980130866877072655784","866877072655784","866877072655784",16980130,"10433748",1,"Active",1,"Online","1.0.0","IoT Device","2025-07-28 13:56:01","2025-07-28 14:29:25","2025-07-28 14:29:25","","","","",null
"16980130866877072630183","866877072630183","866877072630183",16980130,"10433748",1,"Active",1,"Online","1.0.0","IoT Device","2025-07-28 13:56:01","2025-07-28 14:33:15","2025-07-28 14:33:15","","","","",null
"16980130866877072660206","866877072660206","866877072660206",16980130,"10433748",1,"Active",1,"Online","1.0.0","IoT Device","2025-07-28 13:56:01","2025-07-28 14:06:18","2025-07-28 14:06:18","","","","",null
"16980130866877072628666","866877072628666","866877072628666",16980130,"10433748",1,"Active",2,"Offline","1.0.0","IoT Device","2025-07-28 13:56:01","2025-07-28 14:02:38","2025-07-28 14:02:38","","","","",null
"16980130866877072626405","866877072626405","866877072626405",16980130,"10433748",1,"Active",1,"Online","1.0.0","IoT Device","2025-07-28 13:56:01","2025-07-28 14:00:10","2025-07-28 14:00:10","","","","",null
"16980130866877072626884","866877072626884","866877072626884",16980130,"10433748",1,"Active",1,"Online","1.0.0","IoT Device","2025-07-28 10:32:21","2025-07-28 10:47:41","2025-07-28 10:47:41","","","","",null
"16980130866877072659869","866877072659869","866877072659869",16980130,"10433748",1,"Active",1,"Online","1.0.0","IoT Device","2025-07-28 10:32:21","2025-07-28 10:39:22","2025-07-28 10:39:22","","","","",null
"16980130866877072655321","866877072655321","866877072655321",16980130,"10433748",1,"Active",1,"Online","1.0.0","IoT Device","2025-07-28 10:32:21","2025-07-28 10:36:21","2025-07-28 10:36:21","","","","",null
"16980130866877072660461","866877072660461","866877072660461",16980130,"10433748",1,"Active",1,"Online","1.0.0","IoT Device","2025-07-28 10:32:20","2025-07-28 10:54:33","2025-07-28 10:54:33","","","","",null
"16980130866877072660040","866877072660040","866877072660040",16980130,"10433748",1,"Active",1,"Online","1.0.0","IoT Device","2025-07-28 10:32:20","2025-07-28 10:57:46","2025-07-28 10:57:46","","","","",null
"16980130866877072654381","866877072654381","866877072654381",16980130,"10433748",1,"Active",1,"Online","1.0.0","IoT Device","2025-07-28 10:32:20","2025-07-28 11:02:03","2025-07-28 11:02:03","","","","",null
"16980130866877072622222","866877072622222","866877072622222",16980130,"10433748",1,"Active",1,"Online","1.0.0","IoT Device","2025-07-28 10:32:19","2025-07-28 11:06:14","2025-07-28 11:06:14","","","","",null
"16980130866877072630100","866877072630100","866877072630100",16980130,"10433748",1,"Active",1,"Online","1.0.0","IoT Device","2025-07-22 10:48:25","2025-07-22 11:57:23","2025-07-22 11:57:23","","","","",null
"16980130866877072624509","866877072624509","866877072624509",16980130,"10433748",1,"Active",1,"Online","1.0.0","IoT Device","2025-07-22 10:48:25","2025-07-22 11:54:10","2025-07-22 11:54:10","","","","",null
"16980130866877072660800","866877072660800","866877072660800",16980130,"10433748",1,"Active",1,"Online","1.0.0","IoT Device","2025-07-22 10:48:25","2025-07-22 11:50:08","2025-07-22 11:50:08","","","","",null
"16980130866877072630407","866877072630407","866877072630407",16980130,"10433748",1,"Active",1,"Online","1.0.0","IoT Device","2025-07-22 10:48:24","2025-07-22 11:47:56","2025-07-22 11:47:56","","","","",null
"16980130866877072621927","866877072621927","866877072621927",16980130,"10433748",1,"Active",1,"Online","1.0.0","IoT Device","2025-07-22 10:48:24","2025-07-22 11:46:00","2025-07-22 11:46:00","","","","",null
"16980130866877072653623","866877072653623","866877072653623",16980130,"10433748",1,"Active",1,"Online","1.0.0","IoT Device","2025-07-22 10:48:24","2025-07-22 14:03:31","2025-07-22 14:03:31","","","","",null
"16980130866877072646247","866877072646247","866877072646247",16980130,"10433748",1,"Active",1,"Online","1.0.0","IoT Device","2025-07-22 10:48:24","2025-07-22 14:00:06","2025-07-22 14:00:06","","","","",null
"16980130866877072656220","866877072656220","866877072656220",16980130,"10433748",1,"Active",1,"Online","1.0.0","IoT Device","2025-07-22 10:48:24","2025-07-22 10:51:12","2025-07-22 10:51:12","","","","",null
"16980130866877072622206","866877072622206","866877072622206",16980130,"10433748",1,"Active",2,"Offline","1.0.0","IoT Device","2025-07-22 10:48:24","2025-07-22 12:05:39","2025-07-22 12:05:39","","","","",null
"16980130866877072628708","866877072628708","866877072628708",16980130,"10433748",1,"Active",1,"Online","1.0.0","IoT Device","2025-07-22 10:48:24","2025-07-22 12:00:43","2025-07-22 12:00:43","","","","",null
"16980130866877072653607","866877072653607","866877072653607",16980130,"10433748",1,"Active",1,"Online","1.0.0","IoT Device","2025-07-22 09:48:04","2025-07-22 10:20:37","2025-07-22 10:20:37","","","","",null
"16980130866877072630944","866877072630944","866877072630944",16980130,"10433748",1,"Active",1,"Online","1.0.0","IoT Device","2025-07-22 09:48:04","2025-07-22 10:13:10","2025-07-22 10:13:10","","","","",null
"16980130866877072653649","866877072653649","866877072653649",16980130,"10433748",1,"Active",2,"Offline","1.0.0","IoT Device","2025-07-22 09:48:04","2025-07-22 10:16:44","2025-07-22 10:16:44","","","","",null
"16980130866877072628823","866877072628823","866877072628823",16980130,"10433748",1,"Active",1,"Online","1.0.0","IoT Device","2025-07-22 09:48:03","2025-07-22 09:51:27","2025-07-22 09:51:27","","","","",null
"16980130866877072653821","866877072653821","866877072653821",16980130,"10433748",1,"Active",1,"Online","1.0.0","IoT Device","2025-07-22 09:48:03","2025-07-22 09:52:36","2025-07-22 09:52:36","","","","",null
"16980130866877072625845","866877072625845","866877072625845",16980130,"10433748",1,"Active",1,"Online","1.0.0","IoT Device","2025-07-22 09:48:03","2025-07-22 09:49:57","2025-07-22 09:49:57","","","","",null
"16980130860497077631007","860497077631007","860497077631007",16980130,"10433748",1,"Active",1,"Online","1.0.0","IoT Device","2025-07-21 16:51:37","2025-07-21 16:58:09","2025-07-21 16:58:09","","","","",null
"16980130866877072655503","866877072655503","866877072655503",16980130,"10433748",1,"Active",1,"Online","1.0.0","IoT Device","2025-07-21 15:23:00","2025-07-21 16:47:31","2025-07-21 16:47:31","","","","",null
"16980130866877072628948","866877072628948","866877072628948",16980130,"10433748",1,"Active",1,"Online","1.0.0","IoT Device","2025-07-21 15:23:00","2025-07-21 16:32:16","2025-07-21 16:32:16","","","","",null
"16980130866877072655461","866877072655461","866877072655461",16980130,"10433748",1,"Active",1,"Online","1.0.0","IoT Device","2025-07-21 15:22:59","2025-07-21 16:26:58","2025-07-21 16:26:58","","","","",null
"16980130866877072622487","866877072622487","866877072622487",16980130,"10433748",1,"Active",1,"Online","1.0.0","IoT Device","2025-07-21 15:22:59","2025-07-21 16:17:30","2025-07-21 16:17:30","","","","",null
"16980130866877072622123","866877072622123","866877072622123",16980130,"10433748",1,"Active",1,"Online","1.0.0","IoT Device","2025-07-21 15:22:59","2025-07-21 16:08:04","2025-07-21 16:08:04","","","","",null
"16980130866877072622008","866877072622008","866877072622008",16980130,"10433748",1,"Active",1,"Online","1.0.0","IoT Device","2025-07-21 15:22:59","2025-07-21 15:56:49","2025-07-21 15:56:49","","","","",null
"16980130866877072626389","866877072626389","866877072626389",16980130,"10433748",1,"Active",1,"Online","1.0.0","IoT Device","2025-07-21 15:22:59","2025-07-21 15:44:44","2025-07-21 15:44:44","","","","",null
"16980130866877072621968","866877072621968","866877072621968",16980130,"10433748",1,"Active",1,"Online","1.0.0","IoT Device","2025-07-21 15:22:59","2025-07-21 15:37:15","2025-07-21 15:37:15","","","","",null
"16980130866877072623261","866877072623261","866877072623261",16980130,"10433748",1,"Active",1,"Online","1.0.0","IoT Device","2025-07-21 15:22:58","2025-07-21 15:30:05","2025-07-21 15:30:05","","","","",null
"16980130860497077630710","860497077630710","860497077630710",16980130,"10433748",1,"Active",1,"Online","1.0.0","IoT Device","2025-07-04 13:37:20","2025-07-04 13:37:26","2025-07-04 13:37:26","","","","",null
"16980130866877072623048","866877072623048","866877072623048",16980130,"10433748",1,"Active",1,"Online","1.0.0","IoT Device","2025-07-03 09:36:05","2025-07-03 09:45:11","2025-07-03 09:45:11","","","","",null
"16980130866877072629029","866877072629029","866877072629029",16980130,"10433748",1,"Active",1,"Online","1.0.0","IoT Device","2025-06-24 11:35:41","2025-06-24 11:52:12","2025-06-24 11:52:12","","","","",null
"16980130866877072628765","866877072628765","866877072628765",16980130,"10433748",1,"Active",2,"Offline","1.0.0","IoT Device","2025-06-24 11:35:41","2025-06-24 11:48:49","2025-06-24 11:48:49","","","","",null
"16980130866877072655107","866877072655107","866877072655107",16980130,"10433748",1,"Active",1,"Online","1.0.0","IoT Device","2025-06-24 11:35:41","2025-06-24 11:40:51","2025-06-24 11:40:51","","","","",null
"16980130866877072628849","866877072628849","866877072628849",16980130,"10433748",1,"Active",1,"Online","1.0.0","IoT Device","2025-06-24 10:42:33","2025-06-24 11:27:47","2025-06-24 11:27:47","","","","",null
"16980130866877072659224","866877072659224","866877072659224",16980130,"10433748",1,"Active",2,"Offline","1.0.0","IoT Device","2025-06-24 10:42:33","2025-06-24 11:36:26","2025-06-24 11:36:26","","","","",null
"16980130866877072653987","866877072653987","866877072653987",16980130,"10433748",1,"Active",1,"Online","1.0.0","IoT Device","2025-06-20 15:10:28","2025-06-20 15:20:34","2025-06-20 15:20:34","","","","",null
"16980130866877072651403","866877072651403","866877072651403",16980130,"10433748",1,"Active",1,"Online","1.0.0","IoT Device","2025-06-20 15:10:28","2025-06-20 15:16:49","2025-06-20 15:16:49","","","","",null
"16980130866877072625969","866877072625969","866877072625969",16980130,"10433748",1,"Active",1,"Online","1.0.0","IoT Device","2025-06-20 14:12:22","2025-06-20 14:12:37","2025-06-20 14:12:37","","","","",null
"16980130866877072655206","866877072655206","866877072655206",16980130,"10433748",1,"Active",1,"Online","1.0.0","IoT Device","2025-06-20 14:05:45","2025-06-20 14:21:07","2025-06-20 14:21:07","","","","",null
"16980130866877072623287","866877072623287","866877072623287",16980130,"10433748",1,"Active",1,"Online","1.0.0","IoT Device","2025-06-20 14:05:45","2025-06-20 14:17:49","2025-06-20 14:17:49","","","","",null
"16980130866877072624301","866877072624301","866877072624301",16980130,"10433748",1,"Active",1,"Online","1.0.0","IoT Device","2025-06-20 14:05:45","2025-06-20 14:40:42","2025-06-20 14:40:42","","","","",null
"16980130866877072659141","866877072659141","866877072659141",16980130,"10433748",1,"Active",1,"Online","1.0.0","IoT Device","2025-06-20 14:05:45","2025-06-20 14:14:02","2025-06-20 14:14:02","","","","",null
"16980130866877072622024","866877072622024","866877072622024",16980130,"10433748",1,"Active",1,"Online","1.0.0","IoT Device","2025-06-20 14:05:45","2025-06-20 14:55:24","2025-06-20 14:55:24","","","","",null
"16980130866877072626348","866877072626348","866877072626348",16980130,"10433748",1,"Active",1,"Online","1.0.0","IoT Device","2025-06-20 14:05:45","2025-06-20 14:48:06","2025-06-20 14:48:06","","","","",null
"16980130866877072621869","866877072621869","866877072621869",16980130,"10433748",1,"Active",1,"Online","1.0.0","IoT Device","2025-06-20 14:05:45","2025-06-20 14:30:25","2025-06-20 14:30:25","","","","",null
"16980130866877072626363","866877072626363","866877072626363",16980130,"10433748",1,"Active",1,"Online","1.0.0","IoT Device","2025-06-20 14:05:44","2025-06-20 14:26:33","2025-06-20 14:26:33","","","","",null
"16980130866877072623022","866877072623022","866877072623022",16980130,"10433748",1,"Active",1,"Online","1.0.0","IoT Device","2025-06-20 11:12:00","2025-06-20 14:57:01","2025-06-20 14:57:01","","","","",null
"16980130866877072655180","866877072655180","866877072655180",16980130,"10433748",1,"Active",1,"Online","1.0.0","IoT Device","2025-06-20 09:59:23","2025-06-20 10:47:10","2025-06-20 10:47:10","","","","",null
"16980130866877072654126","866877072654126","866877072654126",16980130,"10433748",1,"Active",1,"Online","1.0.0","IoT Device","2025-06-20 09:59:23","2025-06-20 10:21:11","2025-06-20 10:21:11","","","","",null
"16980130866877072655024","866877072655024","866877072655024",16980130,"10433748",1,"Active",1,"Online","1.0.0","IoT Device","2025-06-20 09:59:23","2025-06-20 10:27:32","2025-06-20 10:27:32","","","","",null
"16980130866877072621943","866877072621943","866877072621943",16980130,"10433748",1,"Active",1,"Online","1.0.0","IoT Device","2025-06-20 09:59:23","2025-06-20 10:10:29","2025-06-20 10:10:29","","","","",null
"16980130866877072628989","866877072628989","866877072628989",16980130,"10433748",1,"Active",1,"Online","1.0.0","IoT Device","2025-06-20 09:59:23","2025-06-20 10:33:10","2025-06-20 10:33:10","","","","",null
"16980130866877072623246","866877072623246","866877072623246",16980130,"10433748",1,"Active",1,"Online","1.0.0","IoT Device","2025-06-20 09:59:23","2025-06-20 10:40:49","2025-06-20 10:40:49","","","","",null
"16980130866877072621901","866877072621901","866877072621901",16980130,"10433748",1,"Active",1,"Online","1.0.0","IoT Device","2025-06-20 09:59:23","2025-06-20 10:49:49","2025-06-20 10:49:49","","","","",null
"16980130866877072629045","866877072629045","866877072629045",16980130,"10433748",1,"Active",1,"Online","1.0.0","IoT Device","2025-06-20 09:59:22","2025-06-20 10:54:41","2025-06-20 10:54:41","","","","",null
"16980130886877072625902","886877072625902","886877072625902",16980130,"10433748",0,"Inactive",1,"Online","1.0.0","IoT Device","2025-06-06 17:26:37","","","","","","",null
"16980130866877072640364","866877072640364","866877072640364",16980130,"10433748",1,"Active",1,"Online","1.0.0","IoT Device","2025-05-30 11:17:11","2025-05-30 11:29:01","2025-05-30 11:29:01","","","","",null
"16980130866877072645561","866877072645561","866877072645561",16980130,"10433748",1,"Active",1,"Online","1.0.0","IoT Device","2025-05-30 11:17:10","2025-05-30 11:17:57","2025-05-30 11:17:57","","","","",null
"16980130866877072645066","866877072645066","866877072645066",16980130,"10433748",1,"Active",1,"Online","1.0.0","IoT Device","2025-05-30 11:17:10","2025-05-30 11:17:11","2025-05-30 11:17:11","","","","",null
"16980130866877072625043","866877072625043","866877072625043",16980130,"10433748",1,"Active",1,"Online","1.0.0","IoT Device","2025-05-30 11:17:10","2025-05-30 11:38:46","2025-05-30 11:38:46","","","","",null
"16980130866877072626280","866877072626280","866877072626280",16980130,"10433748",1,"Active",1,"Online","1.0.0","IoT Device","2025-05-30 11:17:10","2025-05-30 11:34:41","2025-05-30 11:34:41","","","","",null
"16980130866877072645041","866877072645041","866877072645041",16980130,"10433748",1,"Active",2,"Offline","1.0.0","IoT Device","2025-05-30 11:17:10","2025-05-30 11:43:02","2025-05-30 11:43:02","","","","",null
"16980130866877072655404","866877072655404","866877072655404",16980130,"10433748",1,"Active",1,"Online","1.0.0","IoT Device","2025-05-30 11:17:10","2025-05-30 11:49:02","2025-05-30 11:49:02","","","","",null
"16980130866877072640521","866877072640521","866877072640521",16980130,"10433748",1,"Active",2,"Offline","1.0.0","IoT Device","2025-05-27 14:53:44","2025-05-27 14:55:27","2025-05-27 14:55:27","","","","",null
"16980130866877072623121","866877072623121","866877072623121",16980130,"10433748",1,"Active",1,"Online","1.0.0","IoT Device","2025-05-27 14:53:44","2025-05-27 14:59:08","2025-05-27 14:59:08","","","","",null
"16980130866877072645082","866877072645082","866877072645082",16980130,"10433748",1,"Active",1,"Online","1.0.0","IoT Device","2025-05-27 14:53:44","2025-05-27 15:02:28","2025-05-27 15:02:28","","","","",null
"16980130866877072659943","866877072659943","866877072659943",16980130,"10433748",1,"Active",1,"Online","1.0.0","IoT Device","2025-05-23 09:52:28","2025-05-23 10:03:08","2025-05-23 10:03:08","","","","",null
"16980130866877072625068","866877072625068","866877072625068",16980130,"10433748",1,"Active",1,"Online","1.0.0","IoT Device","2025-05-23 09:52:27","2025-05-23 09:57:13","2025-05-23 09:57:13","","","","",null
"16980130866877072659604","866877072659604","866877072659604",16980130,"10433748",1,"Active",1,"Online","1.0.0","IoT Device","2025-05-22 17:21:50","2025-05-22 17:22:48","2025-05-22 17:22:48","","","","",null
"16980130866877072640703","866877072640703","866877072640703",16980130,"10433748",1,"Active",1,"Online","1.0.0","IoT Device","2025-05-22 16:59:40","2025-05-22 17:22:36","2025-05-22 17:22:36","","","","",null
"16980130866877072625902","866877072625902","866877072625902",16980130,"10433748",1,"Active",2,"Offline","1.0.0","IoT Device","2025-05-22 16:59:39","2025-05-22 17:03:55","2025-05-22 17:03:55","","","","",null
"16980130866877072640661","866877072640661","866877072640661",16980130,"10433748",1,"Active",1,"Online","1.0.0","IoT Device","2025-05-22 16:59:39","2025-05-23 09:51:22","2025-05-23 09:51:22","","","","",null
"16980130866877072659240","866877072659240","866877072659240",16980130,"10433748",1,"Active",1,"Online","1.0.0","IoT Device","2025-05-22 16:59:39","2025-05-22 17:07:14","2025-05-22 17:07:14","","","","",null
"16980130866877072622149","866877072622149","866877072622149",16980130,"10433748",1,"Active",1,"Online","1.0.0","IoT Device","2025-05-08 16:33:53","2025-05-22 16:53:50","2025-05-22 16:53:50","","","","",null
"16980130866877072651445","866877072651445","866877072651445",16980130,"10433748",1,"Active",2,"Offline","1.0.0","IoT Device","2025-05-08 16:33:53","2025-05-22 16:56:30","2025-05-22 16:56:30","","","","",null
"16980130866877072630225","866877072630225","866877072630225",16980130,"10433748",1,"Active",1,"Online","1.0.0","IoT Device","2025-05-08 16:33:53","2025-05-08 16:34:31","2025-05-08 16:34:31","","","","",null
"16980130866877072654860","866877072654860","866877072654860",16980130,"10433748",1,"Active",1,"Online","1.0.0","IoT Device","2025-04-30 09:44:39","2025-04-30 09:51:12","2025-04-30 09:51:12","","","","",null
"16980130866877072621828","866877072621828","866877072621828",16980130,"10433748",1,"Active",1,"Online","1.0.0","IoT Device","2025-04-30 09:44:39","2025-04-30 09:51:52","2025-04-30 09:51:52","","","","",null
"16980130866877072654241","866877072654241","866877072654241",16980130,"10433748",1,"Active",1,"Online","1.0.0","IoT Device","2025-04-30 09:44:39","2025-04-30 09:58:46","2025-04-30 09:58:46","","","","",null
"16980130860497077632047","860497077632047","860497077632047",16980130,"10433748",1,"Active",1,"Online","1.0.0","IoT Device","2025-04-30 09:16:24","2025-04-30 09:16:25","2025-04-30 09:16:25","","","","",null
"16980130866877072622065","866877072622065","866877072622065",16980130,"10433748",1,"Active",1,"Online","1.0.0","IoT Device","2025-04-29 17:17:49","2025-04-29 17:28:53","2025-04-29 17:28:53","","","","",null
"16980130866877072623162","866877072623162","866877072623162",16980130,"10433748",1,"Active",1,"Online","1.0.0","IoT Device","2025-04-29 17:17:49","2025-04-29 17:20:30","2025-04-29 17:20:30","","","","",null
"16980130866877072659026","866877072659026","866877072659026",16980130,"10433748",1,"Active",2,"Offline","1.0.0","IoT Device","2025-04-29 16:47:39","2025-04-29 16:57:58","2025-04-29 16:57:58","","","","",null
"16980130866877072623220","866877072623220","866877072623220",16980130,"10433748",1,"Active",1,"Online","1.0.0","IoT Device","2025-04-29 16:47:39","2025-04-29 17:02:55","2025-04-29 17:02:55","","","","",null
"16980130866877072653862","866877072653862","866877072653862",16980130,"10433748",1,"Active",1,"Online","1.0.0","IoT Device","2025-04-29 16:47:39","2025-04-29 16:52:39","2025-04-29 16:52:39","","","","",null
"16980130866877072625886","866877072625886","866877072625886",16980130,"10433748",1,"Active",1,"Online","1.0.0","IoT Device","2025-04-29 16:47:39","2025-04-29 17:10:44","2025-04-29 17:10:44","","","","",null
"16980130866877072654340","866877072654340","866877072654340",16980130,"10433748",1,"Active",1,"Online","1.0.0","IoT Device","2025-04-29 16:47:38","2025-04-29 17:13:45","2025-04-29 17:13:45","","","","",null
"16980130866877072655701","866877072655701","866877072655701",16980130,"10433748",1,"Active",1,"Online","1.0.0","IoT Device","2025-04-29 16:41:49","2025-04-29 16:44:31","2025-04-29 16:44:31","","","","",null
"16980130866877072654944","866877072654944","866877072654944",16980130,"10433748",1,"Active",1,"Online","1.0.0","IoT Device","2025-04-29 15:44:33","2025-04-29 15:50:25","2025-04-29 15:50:25","","","","",null
"16980130866877072655347","866877072655347","866877072655347",16980130,"10433748",1,"Active",1,"Online","1.0.0","IoT Device","2025-04-29 15:44:33","2025-04-29 15:56:17","2025-04-29 15:56:17","","","","",null
"16980130866877072621687","866877072621687","866877072621687",16980130,"10433748",1,"Active",2,"Offline","1.0.0","IoT Device","2025-04-29 15:44:33","2025-04-29 16:14:02","2025-04-29 16:14:02","","","","",null
"16980130866207075002612","866207075002612","866207075002612",16980130,"10433748",1,"Active",1,"Online","1.0.0","IoT Device","2025-04-28 18:24:03","2025-04-28 18:50:38","2025-04-28 18:50:38","","","","",null
"16980130866207075008213","866207075008213","866207075008213",16980130,"10433748",1,"Active",1,"Online","1.0.0","IoT Device","2025-04-24 10:13:30","2025-04-24 10:15:55","2025-04-24 10:15:55","","","","",null
"16980130866207075441778","866207075441778","866207075441778",16980130,"10433748",1,"Active",1,"Online","1.0.0","IoT Device","2025-04-23 17:04:16","2025-04-24 09:43:31","2025-04-24 09:43:31","","","","",null
"16980130866207075008536","866207075008536","866207075008536",16980130,"10433748",1,"Active",1,"Online","1.0.0","IoT Device","2025-04-23 17:04:16","2025-04-24 10:12:36","2025-04-24 10:12:36","","","","",null
"16980130866207075493191","866207075493191","866207075493191",16980130,"10433748",1,"Active",1,"Online","1.0.0","IoT Device","2025-04-23 17:04:16","2025-04-23 17:23:17","2025-04-23 17:23:17","","","","",null
"16980130866207075447833","866207075447833","866207075447833",16980130,"10433748",1,"Active",1,"Online","1.0.0","IoT Device","2025-04-23 17:04:16","2025-04-23 17:17:26","2025-04-23 17:17:26","","","","",null
"16980130866207075002497","866207075002497","866207075002497",16980130,"10433748",1,"Active",1,"Online","1.0.0","IoT Device","2025-04-01 14:28:57","2025-04-01 14:41:11","2025-04-01 14:41:11","","","","",null
"16980130866207075010011","866207075010011","866207075010011",16980130,"10433748",1,"Active",1,"Online","1.0.0","IoT Device","2025-04-01 14:28:57","2025-04-01 14:41:30","2025-04-01 14:41:30","","","","",null
"16980130866207075009914","866207075009914","866207075009914",16980130,"10433748",1,"Active",1,"Online","1.0.0","IoT Device","2025-04-01 14:28:57","2025-04-01 14:44:50","2025-04-01 14:44:50","","","","",null
"16980130866207075442099","866207075442099","866207075442099",16980130,"10433748",1,"Active",1,"Online","1.0.0","IoT Device","2025-04-01 14:28:57","2025-04-01 14:48:23","2025-04-01 14:48:23","","","","",null
"16980130866207075441976","866207075441976","866207075441976",16980130,"10433748",1,"Active",1,"Online","1.0.0","IoT Device","2025-04-01 14:28:57","2025-04-01 14:56:08","2025-04-01 14:56:08","","","","",null
"16980130866207075009450","866207075009450","866207075009450",16980130,"10433748",1,"Active",1,"Online","1.0.0","IoT Device","2025-04-01 13:53:03","2025-04-01 14:03:49","2025-04-01 14:03:49","","","","",null
"16980130866207075008478","866207075008478","866207075008478",16980130,"10433748",1,"Active",2,"Offline","1.0.0","IoT Device","2025-04-01 13:53:03","2025-04-01 14:04:36","2025-04-01 14:04:36","","","","",null
"16980130866207075447619","866207075447619","866207075447619",16980130,"10433748",1,"Active",2,"Offline","1.0.0","IoT Device","2025-04-01 13:53:03","2025-04-01 14:14:04","2025-04-01 14:14:04","","","","",null
"16980130866207075440432","866207075440432","866207075440432",16980130,"10433748",1,"Active",1,"Online","1.0.0","IoT Device","2025-04-01 13:53:03","2025-04-01 14:23:25","2025-04-01 14:23:25","","","","",null
"16980130866207075411334","866207075411334","866207075411334",16980130,"10433748",1,"Active",1,"Online","1.0.0","IoT Device","2025-04-01 13:53:02","2025-04-01 14:15:24","2025-04-01 14:15:24","","","","",null
"16980130866207075009096","866207075009096","866207075009096",16980130,"10433748",1,"Active",1,"Online","1.0.0","IoT Device","2025-04-01 13:53:02","2025-04-01 14:19:43","2025-04-01 14:19:43","","","","",null
"16980130866207075411417","866207075411417","866207075411417",16980130,"10433748",1,"Active",2,"Offline","1.0.0","IoT Device","2025-04-01 11:38:25","2025-04-01 11:49:26","2025-04-01 11:49:26","","","","",null
"16980130866207075364319","866207075364319","866207075364319",16980130,"10433748",1,"Active",1,"Online","1.0.0","IoT Device","2025-04-01 11:38:25","2025-04-01 11:43:03","2025-04-01 11:43:03","","","","",null
"16980130866207075363170","866207075363170","866207075363170",16980130,"10433748",1,"Active",1,"Online","1.0.0","IoT Device","2025-03-31 14:45:36","2025-03-31 15:16:33","2025-03-31 15:16:33","","","","",null
"16980130866207075441372","866207075441372","866207075441372",16980130,"10433748",1,"Active",2,"Offline","1.0.0","IoT Device","2025-03-31 14:45:36","2025-03-31 15:18:59","2025-03-31 15:18:59","","","","",null
"16980130866207075174551","866207075174551","866207075174551",16980130,"10433748",1,"Active",1,"Online","1.0.0","IoT Device","2025-03-31 14:45:35","2025-03-31 15:25:44","2025-03-31 15:25:44","","","","",null
"16980130866207075443717","866207075443717","866207075443717",16980130,"10433748",1,"Active",1,"Online","1.0.0","IoT Device","2025-03-31 14:45:35","2025-03-31 15:35:31","2025-03-31 15:35:31","","","","",null
"16980130866207075442016","866207075442016","866207075442016",16980130,"10433748",0,"Inactive",1,"Online","1.0.0","IoT Device","2025-03-18 10:59:26","","","","","","",null
"16980130866207075001796","866207075001796","866207075001796",16980130,"10433748",0,"Inactive",1,"Online","1.0.0","IoT Device","2025-03-18 10:56:43","","","","","","",null
"16980130866207075441612","866207075441612","866207075441612",16980130,"10433748",0,"Inactive",1,"Online","1.0.0","IoT Device","2025-03-18 10:32:39","","","","","","",null
"16980130866207075230478","866207075230478","866207075230478",16980130,"10433748",1,"Active",1,"Online","1.0.0","IoT Device","2025-03-07 09:42:34","2025-03-07 09:43:06","2025-03-07 09:43:06","","","","",null
"16980130866207075443337","866207075443337","866207075443337",16980130,"10433748",1,"Active",1,"Online","1.0.0","IoT Device","2025-03-06 15:03:15","2025-03-06 15:38:08","2025-03-06 15:38:08","","","","",null
"16980130866207075362792","866207075362792","866207075362792",16980130,"10433748",1,"Active",1,"Online","1.0.0","IoT Device","2025-03-06 15:03:15","2025-03-06 15:31:56","2025-03-06 15:31:56","","","","",null
"16980130866207075445597","866207075445597","866207075445597",16980130,"10433748",1,"Active",1,"Online","1.0.0","IoT Device","2025-03-06 15:03:14","2025-03-06 15:43:59","2025-03-06 15:43:59","","","","",null
"16980130866207075441398","866207075441398","866207075441398",16980130,"10433748",1,"Active",1,"Online","1.0.0","IoT Device","2025-03-06 15:03:14","2025-03-06 16:02:04","2025-03-06 16:02:04","","","","",null
"16980130866207075448716","866207075448716","866207075448716",16980130,"10433748",1,"Active",1,"Online","1.0.0","IoT Device","2025-03-06 15:03:14","2025-03-06 16:03:34","2025-03-06 16:03:34","","","","",null
"16980130866207075442396","866207075442396","866207075442396",16980130,"10433748",1,"Active",1,"Online","1.0.0","IoT Device","2025-03-06 15:03:14","2025-03-06 15:54:10","2025-03-06 15:54:10","","","","",null
"16980130866207075410930","866207075410930","866207075410930",16980130,"10433748",1,"Active",1,"Online","1.0.0","IoT Device","2025-03-06 15:03:13","2025-03-06 15:49:33","2025-03-06 15:49:33","","","","",null
"16980130866207075008593","866207075008593","866207075008593",16980130,"10433748",1,"Active",1,"Online","1.0.0","IoT Device","2025-02-24 14:56:25","2025-02-24 14:56:38","2025-02-24 14:56:38","","","","",null
"16980130866207075009815","866207075009815","866207075009815",16980130,"10433748",1,"Active",1,"Online","1.0.0","IoT Device","2025-02-24 14:44:39","2025-02-24 15:04:29","2025-02-24 15:04:29","","","","",null
"16980130866207075442115","866207075442115","866207075442115",16980130,"10433748",1,"Active",1,"Online","1.0.0","IoT Device","2025-02-24 14:44:39","2025-02-24 15:26:56","2025-02-24 15:26:56","","","","",null
"16980130866207075440390","866207075440390","866207075440390",16980130,"10433748",1,"Active",1,"Online","1.0.0","IoT Device","2025-02-24 14:44:39","2025-02-24 15:57:41","2025-02-24 15:57:41","","","","",null
"16980130866207075001713","866207075001713","866207075001713",16980130,"10433748",1,"Active",1,"Online","1.0.0","IoT Device","2025-02-24 14:44:38","2025-02-24 15:43:34","2025-02-24 15:43:34","","","","",null
"16980130866207075010235","866207075010235","866207075010235",16980130,"10433748",1,"Active",1,"Online","1.0.0","IoT Device","2025-02-24 14:44:38","2025-02-24 16:05:28","2025-02-24 16:05:28","","","","",null
"16980130866207075364152","866207075364152","866207075364152",16980130,"10433748",1,"Active",1,"Online","1.0.0","IoT Device","2025-02-24 14:44:38","2025-02-24 16:14:02","2025-02-24 16:14:02","","","","",null
"16980130866207075441513","866207075441513","866207075441513",16980130,"10433748",1,"Active",1,"Online","1.0.0","IoT Device","2025-02-24 14:44:38","2025-02-24 16:36:47","2025-02-24 16:36:47","","","","",null
"16980130866207075001879","866207075001879","866207075001879",16980130,"10433748",1,"Active",1,"Online","1.0.0","IoT Device","2025-02-24 14:44:38","2025-02-24 16:49:36","2025-02-24 16:49:36","","","","",null
"16980130866207075226898","866207075226898","866207075226898",16980130,"10433748",1,"Active",2,"Offline","1.0.0","IoT Device","2025-02-24 14:44:38","2025-02-24 17:00:06","2025-02-24 17:00:06","","","","",null
"16980130866207075444939","866207075444939","866207075444939",16980130,"10433748",1,"Active",1,"Online","1.0.0","IoT Device","2025-02-24 11:07:38","2025-02-24 11:14:54","2025-02-24 11:14:54","","","","",null
"16980130866207075008395","866207075008395","866207075008395",16980130,"10433748",1,"Active",2,"Offline","1.0.0","IoT Device","2025-02-24 11:07:38","2025-02-24 11:33:15","2025-02-24 11:33:15","","","","",null
"16980130866207075442792","866207075442792","866207075442792",16980130,"10433748",1,"Active",1,"Online","1.0.0","IoT Device","2025-02-24 11:07:38","2025-02-24 13:43:57","2025-02-24 13:43:57","","","","",null
"16980130866207075362891","866207075362891","866207075362891",16980130,"10433748",1,"Active",1,"Online","1.0.0","IoT Device","2025-02-24 11:07:38","2025-02-24 13:50:51","2025-02-24 13:50:51","","","","",null
"16980130866207075001515","866207075001515","866207075001515",16980130,"10433748",1,"Active",1,"Online","1.0.0","IoT Device","2025-02-24 11:07:37","2025-02-24 14:01:12","2025-02-24 14:01:12","","","","",null
"16980130866207075441331","866207075441331","866207075441331",16980130,"10433748",1,"Active",1,"Online","1.0.0","IoT Device","2025-02-24 11:07:37","2025-02-24 14:09:36","2025-02-24 14:09:36","","","","",null
"16980130866207075362834","866207075362834","866207075362834",16980130,"10433748",1,"Active",1,"Online","1.0.0","IoT Device","2025-02-24 11:07:37","2025-02-24 11:24:20","2025-02-24 11:24:20","","","","",null
"16980130866207075002034","866207075002034","866207075002034",16980130,"10433748",1,"Active",1,"Online","1.0.0","IoT Device","2025-02-12 10:23:24","2025-02-12 10:47:21","2025-02-12 10:47:21","","","","",null
"16980130866207075411078","866207075411078","866207075411078",16980130,"10433748",1,"Active",1,"Online","1.0.0","IoT Device","2025-02-12 10:23:24","2025-02-12 10:28:00","2025-02-12 10:28:00","","","","",null
"16980130866207075444236","866207075444236","866207075444236",16980130,"10433748",1,"Active",2,"Offline","1.0.0","IoT Device","2025-02-12 10:23:24","2025-02-12 10:36:28","2025-02-12 10:36:28","","","","",null
"16980130866207075492136","866207075492136","866207075492136",16980130,"10433748",1,"Active",2,"Offline","1.0.0","IoT Device","2025-02-12 09:11:43","2025-02-12 09:12:07","2025-02-12 09:12:07","","","","",null
"16980130866207075441893","866207075441893","866207075441893",16980130,"10433748",1,"Active",1,"Online","1.0.0","IoT Device","2025-02-11 14:46:56","2025-02-11 17:01:51","2025-02-11 17:01:51","","","","",null
"16980130866207075442214","866207075442214","866207075442214",16980130,"10433748",1,"Active",1,"Online","1.0.0","IoT Device","2025-02-11 14:46:56","2025-02-12 09:16:07","2025-02-12 09:16:07","","","","",null
"16980130866207075447452","866207075447452","866207075447452",16980130,"10433748",1,"Active",1,"Online","1.0.0","IoT Device","2025-02-11 14:46:56","2025-02-11 15:36:59","2025-02-11 15:36:59","","","","",null
"16980130866207075411235","866207075411235","866207075411235",16980130,"10433748",1,"Active",1,"Online","1.0.0","IoT Device","2025-02-11 14:46:56","2025-02-11 15:00:48","2025-02-11 15:00:48","","","","",null
"16980130866207075009872","866207075009872","866207075009872",16980130,"10433748",1,"Active",1,"Online","1.0.0","IoT Device","2025-02-11 14:46:56","2025-02-11 15:12:00","2025-02-11 15:12:00","","","","",null
"16980130866207075001432","866207075001432","866207075001432",16980130,"10433748",1,"Active",1,"Online","1.0.0","IoT Device","2025-02-11 14:46:56","2025-02-11 15:50:26","2025-02-11 15:50:26","","","","",null
"16980130866207075442677","866207075442677","866207075442677",16980130,"10433748",1,"Active",1,"Online","1.0.0","IoT Device","2025-02-11 14:46:55","2025-02-11 15:54:47","2025-02-11 15:54:47","","","","",null
"16980130866207075443758","866207075443758","866207075443758",16980130,"10433748",1,"Active",1,"Online","1.0.0","IoT Device","2025-02-10 13:36:25","2025-02-10 13:53:04","2025-02-10 13:53:04","","","","",null
"16980130866207075443139","866207075443139","866207075443139",16980130,"10433748",1,"Active",1,"Online","1.0.0","IoT Device","2025-02-10 13:36:25","2025-02-10 13:54:05","2025-02-10 13:54:05","","","","",null
"16980130866207075444574","866207075444574","866207075444574",16980130,"10433748",1,"Active",1,"Online","1.0.0","IoT Device","2025-02-10 13:36:25","2025-02-10 13:47:27","2025-02-10 13:47:27","","","","",null
"16980130866207075365852","866207075365852","866207075365852",16980130,"10433748",1,"Active",1,"Online","1.0.0","IoT Device","2025-02-10 13:36:24","2025-02-12 10:20:37","2025-02-12 10:20:37","","","","",null
"16980130866207075008072","866207075008072","866207075008072",16980130,"10433748",1,"Active",1,"Online","1.0.0","IoT Device","2025-02-10 13:36:24","2025-02-10 14:16:13","2025-02-10 14:16:13","","","","",null
"16980130866207075008510","866207075008510","866207075008510",16980130,"10433748",1,"Active",1,"Online","1.0.0","IoT Device","2025-02-10 13:36:24","2025-02-10 14:03:22","2025-02-10 14:03:22","","","","",null
"16980130866207075366611","866207075366611","866207075366611",16980130,"10433748",0,"Inactive",1,"Online","1.0.0","IoT Device","2025-01-21 09:55:29","","","","","","",null
"16980130866207075366751","866207075366751","866207075366751",16980130,"10433748",1,"Active",1,"Online","1.0.0","IoT Device","2025-01-20 16:27:35","2025-01-20 17:15:32","2025-01-20 17:15:32","","","","",null
"16980130866207075007470","866207075007470","866207075007470",16980130,"10433748",1,"Active",1,"Online","1.0.0","IoT Device","2025-01-20 16:24:38","2025-01-20 16:56:27","2025-01-20 16:56:27","","","","",null
"16980130866207075440770","866207075440770","866207075440770",16980130,"10433748",1,"Active",1,"Online","1.0.0","IoT Device","2025-01-20 16:24:38","2025-01-20 16:59:33","2025-01-20 16:59:33","","","","",null
"16980130866207075009294","866207075009294","866207075009294",16980130,"10433748",1,"Active",1,"Online","1.0.0","IoT Device","2025-01-20 16:24:38","2025-01-20 16:51:33","2025-01-20 16:51:33","","","","",null
"16980130866207075009856","866207075009856","866207075009856",16980130,"10433748",1,"Active",1,"Online","1.0.0","IoT Device","2025-01-20 16:24:38","2025-01-20 16:49:03","2025-01-20 16:49:03","","","","",null
"16980130866207075410732","866207075410732","866207075410732",16980130,"10433748",1,"Active",1,"Online","1.0.0","IoT Device","2025-01-20 16:24:38","2025-01-20 16:43:29","2025-01-20 16:43:29","","","","",null
"16980130866207075492078","866207075492078","866207075492078",16980130,"10433748",1,"Active",1,"Online","1.0.0","IoT Device","2025-01-20 16:24:38","2025-01-20 16:36:32","2025-01-20 16:36:32","","","","",null
"16980130866207075448591","866207075448591","866207075448591",16980130,"10433748",1,"Active",1,"Online","1.0.0","IoT Device","2025-01-20 16:24:38","2025-01-20 16:31:06","2025-01-20 16:31:06","","","","",null
"16980130860497075442834","860497075442834","860497075442834",16980130,"10433748",0,"Inactive",1,"Online","1.0.0","IoT Device","2025-01-20 16:24:37","","","","","","",null
"16980130866877075009856","866877075009856","866877075009856",16980130,"10433748",0,"Inactive",1,"Online","1.0.0","IoT Device","2025-01-17 09:10:15","","","","","","",null
"16980130866877072653961","866877072653961","866877072653961",16980130,"10433748",1,"Active",2,"Offline","1.0.0","IoT Device","2024-12-30 10:02:04","2024-12-30 10:19:05","2024-12-30 10:19:05","","","","",null
"16980130866877072655586","866877072655586","866877072655586",16980130,"10433748",1,"Active",1,"Online","1.0.0","IoT Device","2024-12-30 10:02:04","2024-12-30 10:24:31","2024-12-30 10:24:31","","","","",null
"16980130866877072623105","866877072623105","866877072623105",16980130,"10433748",1,"Active",1,"Online","1.0.0","IoT Device","2024-12-30 10:02:04","2024-12-30 10:34:01","2024-12-30 10:34:01","","","","",null
"16980130866877072651544","866877072651544","866877072651544",16980130,"10433748",1,"Active",2,"Offline","1.0.0","IoT Device","2024-12-30 10:02:03","2024-12-30 10:40:05","2024-12-30 10:40:05","","","","",null
"16980130860497077630587","860497077630587","860497077630587",16980130,"10433748",1,"Active",1,"Online","1.0.0","IoT Device","2024-12-26 10:19:35","2024-12-26 10:20:24","2024-12-26 10:20:24","","","","",null
"16980130866207075493118","866207075493118","866207075493118",16980130,"10433748",1,"Active",1,"Online","1.0.0","IoT Device","2024-12-26 10:04:59","2024-12-26 10:05:46","2024-12-26 10:05:46","","","","",null
"16980130866207075001911","866207075001911","866207075001911",16980130,"10433748",1,"Active",1,"Online","1.0.0","IoT Device","2024-12-26 10:04:59","2024-12-26 10:08:37","2024-12-26 10:08:37","","","","",null
"16980130866207075441471","866207075441471","866207075441471",16980130,"10433748",1,"Active",1,"Online","1.0.0","IoT Device","2024-12-17 11:10:07","2024-12-17 11:44:38","2024-12-17 11:44:38","","","","",null
"16980130866207075292239","866207075292239","866207075292239",16980130,"10433748",1,"Active",1,"Online","1.0.0","IoT Device","2024-12-17 11:10:07","2024-12-17 11:52:04","2024-12-17 11:52:04","","","","",null
"16980130866207075002539","866207075002539","866207075002539",16980130,"10433748",1,"Active",1,"Online","1.0.0","IoT Device","2024-12-16 16:03:17","2024-12-16 17:00:43","2024-12-16 17:00:43","","","","",null
"16980130866207075008338","866207075008338","866207075008338",16980130,"10433748",1,"Active",1,"Online","1.0.0","IoT Device","2024-12-16 16:03:17","2024-12-16 17:08:00","2024-12-16 17:08:00","","","","",null
"16980130866207075001770","866207075001770","866207075001770",16980130,"10433748",1,"Active",1,"Online","1.0.0","IoT Device","2024-12-16 16:03:17","2024-12-17 09:56:49","2024-12-17 09:56:49","","","","",null
"16980130866207075444970","866207075444970","866207075444970",16980130,"10433748",1,"Active",1,"Online","1.0.0","IoT Device","2024-12-16 16:03:17","2024-12-17 10:58:20","2024-12-17 10:58:20","","","","",null
"16980130866207075174072","866207075174072","866207075174072",16980130,"10433748",1,"Active",1,"Online","1.0.0","IoT Device","2024-12-16 16:03:17","2024-12-16 16:37:26","2024-12-16 16:37:26","","","","",null
"16980130866207075411136","866207075411136","866207075411136",16980130,"10433748",1,"Active",1,"Online","1.0.0","IoT Device","2024-12-16 16:03:17","2024-12-17 09:30:45","2024-12-17 09:30:45","","","","",null
"16980130866207075445019","866207075445019","866207075445019",16980130,"10433748",1,"Active",1,"Online","1.0.0","IoT Device","2024-12-16 16:03:17","2024-12-17 09:46:30","2024-12-17 09:46:30","","","","",null
"16980130866207075007991","866207075007991","866207075007991",16980130,"10433748",1,"Active",1,"Online","1.0.0","IoT Device","2024-12-16 16:03:17","2024-12-16 16:30:08","2024-12-16 16:30:08","","","","",null
"16980130866207075444616","866207075444616","866207075444616",16980130,"10433748",1,"Active",1,"Online","1.0.0","IoT Device","2024-12-16 16:03:16","2024-12-17 10:40:38","2024-12-17 10:40:38","","","","",null
"16980130866207075008270","866207075008270","866207075008270",16980130,"10433748",1,"Active",1,"Online","1.0.0","IoT Device","2024-12-16 16:03:16","2024-12-17 11:18:01","2024-12-17 11:18:01","","","","",null
"16980130866207075443378","866207075443378","866207075443378",16980130,"10433748",1,"Active",1,"Online","1.0.0","IoT Device","2024-12-16 16:03:16","2024-12-16 16:17:02","2024-12-16 16:17:02","","","","",null
"16980130866207075443477","866207075443477","866207075443477",16980130,"10433748",1,"Active",2,"Offline","1.0.0","IoT Device","2024-12-16 16:03:16","2024-12-17 11:29:20","2024-12-17 11:29:20","","","","",null
"16980130860497077622667","860497077622667","860497077622667",16980130,"10433748",1,"Active",1,"Online","1.0.0","IoT Device","2024-12-13 10:11:04","2024-12-13 14:38:37","2024-12-13 14:38:37","","","","",null
"16980130866207075363410","866207075363410","866207075363410",16980130,"10433748",1,"Active",1,"Online","1.0.0","IoT Device","2024-11-22 16:52:10","2024-11-22 16:56:07","2024-11-22 16:56:07","","","","",null
"16980130866207075367114","866207075367114","866207075367114",16980130,"10433748",1,"Active",2,"Offline","1.0.0","IoT Device","2024-11-22 16:41:41","2024-11-22 16:51:01","2024-11-22 16:51:01","","","","",null
"16980130866207075009773","866207075009773","866207075009773",16980130,"10433748",1,"Active",1,"Online","1.0.0","IoT Device","2024-11-22 16:23:46","2024-11-22 16:31:26","2024-11-22 16:31:26","","","","",null
"16980130866207075292197","866207075292197","866207075292197",16980130,"10433748",1,"Active",1,"Online","1.0.0","IoT Device","2024-11-22 15:50:27","2024-11-22 16:00:49","2024-11-22 16:00:49","","","","",null
"16980130866207075008239","866207075008239","866207075008239",16980130,"10433748",1,"Active",1,"Online","1.0.0","IoT Device","2024-11-22 13:53:42","2024-11-22 13:55:17","2024-11-22 13:55:17","","","","",null
"16980130866207075007777","866207075007777","866207075007777",16980130,"10433748",1,"Active",1,"Online","1.0.0","IoT Device","2024-11-22 13:53:42","2024-11-22 16:08:00","2024-11-22 16:08:00","","","","",null
"16980130866207075411094","866207075411094","866207075411094",16980130,"10433748",1,"Active",1,"Online","1.0.0","IoT Device","2024-11-22 10:48:05","2024-11-22 10:53:37","2024-11-22 10:53:37","","","","",null
"16980130866207075441919","866207075441919","866207075441919",16980130,"10433748",1,"Active",2,"Offline","1.0.0","IoT Device","2024-11-22 10:48:05","2024-11-22 10:55:33","2024-11-22 10:55:33","","","","",null
"16980130866207075411532","866207075411532","866207075411532",16980130,"10433748",1,"Active",1,"Online","1.0.0","IoT Device","2024-11-22 09:31:56","2024-11-22 09:32:12","2024-11-22 09:32:12","","","","",null
"16980130866207075443832","866207075443832","866207075443832",16980130,"10433748",1,"Active",1,"Online","1.0.0","IoT Device","2024-11-21 14:59:38","2024-11-21 17:07:22","2024-11-21 17:07:22","","","","",null
"16980130866207075440515","866207075440515","866207075440515",16980130,"10433748",1,"Active",1,"Online","1.0.0","IoT Device","2024-11-21 14:59:38","2024-11-22 13:45:58","2024-11-22 13:45:58","","","","",null
"16980130866207075442057","866207075442057","866207075442057",16980130,"10433748",1,"Active",1,"Online","1.0.0","IoT Device","2024-11-21 14:59:37","2024-11-22 14:05:44","2024-11-22 14:05:44","","","","",null
"16980130866207075008676","866207075008676","866207075008676",16980130,"10433748",1,"Active",2,"Offline","1.0.0","IoT Device","2024-11-21 14:59:37","2024-11-22 09:46:46","2024-11-22 09:46:46","","","","",null
"16980130866207075440473","866207075440473","866207075440473",16980130,"10433748",1,"Active",1,"Online","1.0.0","IoT Device","2024-11-21 14:59:37","2024-11-22 09:19:29","2024-11-22 09:19:29","","","","",null
"16980130866207075007736","866207075007736","866207075007736",16980130,"10433748",1,"Active",1,"Online","1.0.0","IoT Device","2024-11-21 14:59:37","2024-11-22 09:40:21","2024-11-22 09:40:21","","","","",null
"16980130866207075442834","866207075442834","866207075442834",16980130,"10433748",1,"Active",1,"Online","1.0.0","IoT Device","2024-11-21 14:00:37","2024-11-21 14:36:52","2024-11-21 14:36:52","","","","",null
"16980130866207075002190","866207075002190","866207075002190",16980130,"10433748",1,"Active",1,"Online","1.0.0","IoT Device","2024-11-21 14:00:37","2024-11-21 14:44:21","2024-11-21 14:44:21","","","","",null
"16980130866207075448237","866207075448237","866207075448237",16980130,"10433748",1,"Active",2,"Offline","1.0.0","IoT Device","2024-11-21 14:00:36","2024-11-21 14:49:27","2024-11-21 14:49:27","","","","",null
"16980130866207075448559","866207075448559","866207075448559",16980130,"10433748",1,"Active",1,"Online","1.0.0","IoT Device","2024-11-21 14:00:36","2024-11-21 14:27:36","2024-11-21 14:27:36","","","","",null
"16980130866207075411318","866207075411318","866207075411318",16980130,"10433748",1,"Active",1,"Online","1.0.0","IoT Device","2024-11-21 11:51:07","2024-11-21 14:12:37","2024-11-21 14:12:37","","","","",null
"16980130866207075448195","866207075448195","866207075448195",16980130,"10433748",1,"Active",1,"Online","1.0.0","IoT Device","2024-11-21 11:51:07","2024-11-21 14:15:17","2024-11-21 14:15:17","","","","",null
"16980130866207075441356","866207075441356","866207075441356",16980130,"10433748",1,"Active",1,"Online","1.0.0","IoT Device","2024-11-21 11:12:39","2024-11-21 11:35:33","2024-11-21 11:35:33","","","","",null
"16980130866207075387674","866207075387674","866207075387674",16980130,"10433748",1,"Active",2,"Offline","1.0.0","IoT Device","2024-11-21 11:12:39","2024-11-21 11:41:06","2024-11-21 11:41:06","","","","",null
"16980130866207075411698","866207075411698","866207075411698",16980130,"10433748",1,"Active",1,"Online","1.0.0","IoT Device","2024-11-21 11:12:39","2024-11-21 11:46:32","2024-11-21 11:46:32","","","","",null
"16980130866207075441018","866207075441018","866207075441018",16980130,"10433748",1,"Active",1,"Online","1.0.0","IoT Device","2024-11-21 11:09:16","2024-11-21 11:18:24","2024-11-21 11:18:24","","","","",null
"16980130866207075001218","866207075001218","866207075001218",16980130,"10433748",1,"Active",2,"Offline","1.0.0","IoT Device","2024-11-19 16:45:03","2024-11-19 17:07:26","2024-11-19 17:07:26","","","","",null
"16980130866207075364111","866207075364111","866207075364111",16980130,"10433748",1,"Active",1,"Online","1.0.0","IoT Device","2024-11-19 16:45:03","2024-11-19 17:10:40","2024-11-19 17:10:40","","","","",null
"16980130866207075008353","866207075008353","866207075008353",16980130,"10433748",0,"Inactive",1,"Online","1.0.0","IoT Device","2024-11-19 11:50:01","","","","","","",null
"16980130866207075443956","866207075443956","866207075443956",16980130,"10433748",1,"Active",1,"Online","1.0.0","IoT Device","2024-11-13 18:36:08","2024-11-13 18:48:53","2024-11-13 18:48:53","","","","",null
"16980130866207075441877","866207075441877","866207075441877",16980130,"10433748",1,"Active",1,"Online","1.0.0","IoT Device","2024-11-13 18:36:07","2024-11-13 18:43:33","2024-11-13 18:43:33","","","","",null
"16980130866207075289219","866207075289219","866207075289219",16980130,"10433748",1,"Active",1,"Online","1.0.0","IoT Device","2024-11-13 18:35:22","2024-11-13 18:39:29","2024-11-13 18:39:29","","","","",null
"16980130860497077630553","860497077630553","860497077630553",16980130,"10433748",1,"Active",1,"Online","1.0.0","IoT Device","2024-10-31 09:52:45","2024-10-31 09:53:25","2024-10-31 09:53:25","","","","",null
"16980130866207075366959","866207075366959","866207075366959",16980130,"10433748",1,"Active",1,"Online","1.0.0","IoT Device","2024-10-29 16:01:05","2024-10-29 16:04:04","2024-10-29 16:04:04","","","","",null
"16980130866207075443170","866207075443170","866207075443170",16980130,"10433748",1,"Active",1,"Online","1.0.0","IoT Device","2024-10-17 16:45:49","2024-10-17 16:50:37","2024-10-17 16:50:37","","","","",null
"16980130866207075002091","866207075002091","866207075002091",16980130,"10433748",1,"Active",1,"Online","1.0.0","IoT Device","2024-10-17 14:11:02","2024-10-17 14:23:17","2024-10-17 14:23:17","","","","",null
"16980130866207075008775","866207075008775","866207075008775",16980130,"10433748",1,"Active",2,"Offline","1.0.0","IoT Device","2024-10-17 14:11:02","2024-10-17 16:17:25","2024-10-17 16:17:25","","","","",null
"16980130866207075009492","866207075009492","866207075009492",16980130,"10433748",1,"Active",1,"Online","1.0.0","IoT Device","2024-10-17 13:50:16","2024-10-17 14:32:03","2024-10-17 14:32:03","","","","",null
"16980130866207075445910","866207075445910","866207075445910",16980130,"10433748",1,"Active",1,"Online","1.0.0","IoT Device","2024-10-17 13:50:16","2024-10-17 13:56:09","2024-10-17 13:56:09","","","","",null
"16980130866207075364038","866207075364038","866207075364038",16980130,"10433748",1,"Active",1,"Online","1.0.0","IoT Device","2024-10-02 12:48:35","2024-10-02 12:48:51","2024-10-02 12:48:51","","","","",null
"16980130860497077625942","860497077625942","860497077625942",16980130,"10433748",1,"Active",2,"Offline","1.0.0","IoT Device","2024-09-29 14:24:59","2024-09-29 14:28:42","2024-09-29 14:28:42","","","","",null
"16980130866207075440655","866207075440655","866207075440655",16980130,"10433748",1,"Active",1,"Online","1.0.0","IoT Device","2024-09-25 12:22:12","2024-09-25 14:35:09","2024-09-25 14:35:09","","","","",null
"16980130866207075440275","866207075440275","866207075440275",16980130,"10433748",1,"Active",1,"Online","1.0.0","IoT Device","2024-09-25 12:22:12","2024-09-25 13:52:26","2024-09-25 13:52:26","","","","",null
"16980130866207075445951","866207075445951","866207075445951",16980130,"10433748",1,"Active",1,"Online","1.0.0","IoT Device","2024-09-25 12:22:11","2024-09-25 14:56:56","2024-09-25 14:56:56","","","","",null
"16980130866207075441414","866207075441414","866207075441414",16980130,"10433748",1,"Active",1,"Online","1.0.0","IoT Device","2024-09-25 12:22:11","2024-09-25 14:50:52","2024-09-25 14:50:52","","","","",null
"16980130866207075445811","866207075445811","866207075445811",16980130,"10433748",1,"Active",1,"Online","1.0.0","IoT Device","2024-09-25 12:22:11","2024-09-25 13:57:23","2024-09-25 13:57:23","","","","",null
"16980130866207075007496","866207075007496","866207075007496",16980130,"10433748",1,"Active",1,"Online","1.0.0","IoT Device","2024-09-25 12:22:11","2024-09-25 14:21:32","2024-09-25 14:21:32","","","","",null
"16980130860497077627633","860497077627633","860497077627633",16980130,"10433748",1,"Active",1,"Online","1.0.0","IoT Device","2024-09-13 14:46:22","2024-09-13 14:47:54","2024-09-13 14:47:54","","","","",null
"16980130860497077630959","860497077630959","860497077630959",16980130,"10433748",1,"Active",1,"Online","1.0.0","IoT Device","2024-09-13 14:25:35","2024-09-13 14:28:07","2024-09-13 14:28:07","","","","",null
"16980130860497077631056","860497077631056","860497077631056",16980130,"10433748",1,"Active",1,"Online","1.0.0","IoT Device","2024-09-13 11:38:54","2024-11-22 09:55:29","2024-11-22 09:55:29","","","","",null
"16980130860497077630686","860497077630686","860497077630686",16980130,"10433748",1,"Active",1,"Online","1.0.0","IoT Device","2024-09-13 11:29:32","2024-09-13 11:29:36","2024-09-13 11:29:36","","","","",null
"16980130860497077627476","860497077627476","860497077627476",16980130,"10433748",1,"Active",1,"Online","1.0.0","IoT Device","2024-09-09 12:23:57","2024-09-09 12:23:58","2024-09-09 12:23:58","","","","",null
"16980130866207075002398","866207075002398","866207075002398",16980130,"10433748",1,"Active",1,"Online","1.0.0","IoT Device","2024-08-27 14:57:07","2024-08-27 15:40:55","2024-08-27 15:40:55","","","","",null
"16980130866207075366991","866207075366991","866207075366991",16980130,"10433748",0,"Inactive",1,"Online","1.0.0","IoT Device","2024-08-27 14:57:07","","","","","","",null
"16980130866207075444251","866207075444251","866207075444251",16980130,"10433748",0,"Inactive",1,"Online","1.0.0","IoT Device","2024-08-27 14:57:06","","","","","","",null
"16980130866207075443030","866207075443030","866207075443030",16980130,"10433748",0,"Inactive",1,"Online","1.0.0","IoT Device","2024-08-27 14:57:06","","","","","","",null
"16980130866207075007355","866207075007355","866207075007355",16980130,"10433748",1,"Active",1,"Online","1.0.0","IoT Device","2024-08-22 16:39:55","2024-09-02 10:43:53","2024-09-02 10:43:53","","","","",null
"16980130860497077630611","860497077630611","860497077630611",16980130,"10433748",1,"Active",1,"Online","1.0.0","IoT Device","2024-08-21 16:15:42","2024-08-21 16:15:51","2024-08-21 16:15:51","","","","",null
"16980130860497077630637","860497077630637","860497077630637",16980130,"10433748",1,"Active",1,"Online","1.0.0","IoT Device","2024-08-12 08:55:25","2024-08-12 08:55:33","2024-08-12 08:55:33","","","","",null
"16980130860497077622600","860497077622600","860497077622600",16980130,"10433748",1,"Active",1,"Online","1.0.0","IoT Device","2024-08-05 14:43:56","2024-08-05 14:44:01","2024-08-05 14:44:01","","","","",null
"16980130860497077630934","860497077630934","860497077630934",16980130,"10433748",1,"Active",1,"Online","1.0.0","IoT Device","2024-07-31 11:20:37","2024-07-31 11:25:44","2024-07-31 11:25:44","","","","",null
"16980130860497077621875","860497077621875","860497077621875",16980130,"10433748",1,"Active",2,"Offline","1.0.0","IoT Device","2024-07-30 10:45:26","2024-07-30 10:47:29","2024-07-30 10:47:29","","","","",null
"16980130860497077630868","860497077630868","860497077630868",16980130,"10433748",1,"Active",1,"Online","1.0.0","IoT Device","2024-07-19 15:13:09","2024-07-19 15:13:17","2024-07-19 15:13:17","","","","",null
"16980130860497077627500","860497077627500","860497077627500",16980130,"10433748",1,"Active",2,"Offline","1.0.0","IoT Device","2024-07-08 10:54:02","2024-07-08 10:54:31","2024-07-08 10:54:31","","","","",null
"16980130860497077631023","860497077631023","860497077631023",16980130,"10433748",1,"Active",2,"Offline","1.0.0","IoT Device","2024-07-08 10:01:08","2024-07-08 10:18:43","2024-07-08 10:18:43","","","","",null
"16980130860497077630975","860497077630975","860497077630975",16980130,"10433748",1,"Active",2,"Offline","1.0.0","IoT Device","2024-07-08 10:01:07","2024-07-08 10:05:47","2024-07-08 10:05:47","","","","",null
"16980130860497077627617","860497077627617","860497077627617",16980130,"10433748",1,"Active",2,"Offline","1.0.0","IoT Device","2024-07-08 10:01:07","2024-07-08 11:14:17","2024-07-08 11:14:17","","","","",null
"16980130866207075444493","866207075444493","866207075444493",16980130,"10433748",0,"Inactive",1,"Online","1.0.0","IoT Device","2024-07-01 14:04:53","","","","","","",null
"16980130866207075444492","866207075444492","866207075444492",16980130,"10433748",0,"Inactive",1,"Online","1.0.0","IoT Device","2024-07-01 13:48:00","","","","","","",null
"16980130860497077523089","860497077523089","860497077523089",16980130,"10433748",1,"Active",2,"Offline","1.0.0","IoT Device","2024-06-13 15:27:37","2024-06-13 15:29:09","2024-06-13 15:29:09","","","","",null
"16980130860497077625793","860497077625793","860497077625793",16980130,"10433748",1,"Active",2,"Offline","1.0.0","IoT Device","2024-06-11 17:54:01","2024-06-11 17:58:06","2024-06-11 17:58:06","","","","",null
"16980130860497077594437","860497077594437","860497077594437",16980130,"10433748",1,"Active",2,"Offline","1.0.0","IoT Device","2024-06-11 14:25:32","2024-06-11 14:34:26","2024-06-11 14:34:26","","","","",null
"16980130860497077630900","860497077630900","860497077630900",16980130,"10433748",1,"Active",2,"Offline","1.0.0","IoT Device","2024-06-11 14:25:31","2024-06-11 14:57:43","2024-06-11 14:57:43","","","","",null
"16980130860497077631528","860497077631528","860497077631528",16980130,"10433748",1,"Active",2,"Offline","1.0.0","IoT Device","2024-06-11 14:25:31","2024-06-11 15:44:06","2024-06-11 15:44:06","","","","",null
"16980130860497077630918","860497077630918","860497077630918",16980130,"10433748",1,"Active",1,"Online","1.0.0","IoT Device","2024-06-05 15:45:30","2024-06-05 15:53:31","2024-06-05 15:53:31","","","","",null
"16980130860497077593934","860497077593934","860497077593934",16980130,"10433748",1,"Active",1,"Online","1.0.0","IoT Device","2024-06-04 15:38:22","2024-06-04 16:00:23","2024-06-04 16:00:23","","","","",null
"16980130860497077630595","860497077630595","860497077630595",16980130,"10433748",1,"Active",1,"Online","1.0.0","IoT Device","2024-06-04 15:38:22","2024-06-04 15:45:40","2024-06-04 15:45:40","","","","",null
"16980130860497077631031","860497077631031","860497077631031",16980130,"10433748",1,"Active",1,"Online","1.0.0","IoT Device","2024-06-04 15:38:21","2024-06-04 15:54:11","2024-06-04 15:54:11","","","","",null
"16980130860497077626023","860497077626023","860497077626023",16980130,"10433748",1,"Active",2,"Offline","1.0.0","IoT Device","2024-06-04 15:38:21","2024-06-04 16:03:28","2024-06-04 16:03:28","","","","",null
"16980130860497077594445","860497077594445","860497077594445",16980130,"10433748",1,"Active",1,"Online","1.0.0","IoT Device","2024-06-04 15:38:21","2024-06-04 16:14:21","2024-06-04 16:14:21","","","","",null
"16980130860497077625785","860497077625785","860497077625785",16980130,"10433748",1,"Active",1,"Online","1.0.0","IoT Device","2024-06-04 15:38:21","2024-06-04 16:21:14","2024-06-04 16:21:14","","","","",null
"16980130860497077625801","860497077625801","860497077625801",16980130,"10433748",1,"Active",1,"Online","1.0.0","IoT Device","2024-06-04 15:38:20","2024-06-04 16:37:01","2024-06-04 16:37:01","","","","",null
"16980130860497077625678","860497077625678","860497077625678",16980130,"10433748",1,"Active",1,"Online","1.0.0","IoT Device","2024-06-04 15:38:20","2024-06-04 16:26:40","2024-06-04 16:26:40","","","","",null
"16980130860497077620851","860497077620851","860497077620851",16980130,"10433748",1,"Active",1,"Online","1.0.0","IoT Device","2024-06-04 15:38:20","2024-06-04 16:35:22","2024-06-04 16:35:22","","","","",null
"16980130860497077632310","860497077632310","860497077632310",16980130,"10433748",1,"Active",1,"Online","1.0.0","IoT Device","2024-06-04 15:38:20","2024-06-04 16:46:05","2024-06-04 16:46:05","","","","",null
"16980130860497077620901","860497077620901","860497077620901",16980130,"10433748",1,"Active",2,"Offline","1.0.0","IoT Device","2024-06-04 15:38:19","2024-06-04 16:47:54","2024-06-04 16:47:54","","","","",null
"16980130860497077621297","860497077621297","860497077621297",16980130,"10433748",0,"Inactive",1,"Online","1.0.0","IoT Device","2024-06-04 15:38:19","","","","","","",null
"16980130860497077627666","860497077627666","860497077627666",16980130,"10433748",1,"Active",2,"Offline","1.0.0","IoT Device","2024-06-02 16:47:21","2024-06-11 16:08:29","2024-06-11 16:08:29","","","","",null
"16980130866207075230270","866207075230270","866207075230270",16980130,"10433748",1,"Active",2,"Offline","1.0.0","IoT Device","2024-05-24 10:15:01","2024-05-24 10:16:32","2024-05-24 10:16:32","","","","",null
"16980130860497077495932","860497077495932","860497077495932",16980130,"10433748",0,"Inactive",1,"Online","1.0.0","IoT Device","2024-05-22 15:52:06","","","","","","",null
"16980130860497077537626","860497077537626","860497077537626",16980130,"10433748",1,"Active",1,"Online","1.0.0","IoT Device","2024-05-20 18:55:09","2024-05-21 09:05:48","2024-05-21 09:05:48","","","","",null
"16980130860497077553276","860497077553276","860497077553276",16980130,"10433748",1,"Active",1,"Online","1.0.0","IoT Device","2024-05-20 18:02:41","2024-05-20 18:28:57","2024-05-20 18:28:57","","","","",null
"16980130860497077627419","860497077627419","860497077627419",16980130,"10433748",1,"Active",1,"Online","1.0.0","IoT Device","2024-05-15 16:54:22","2024-05-15 17:49:35","2024-05-15 17:49:35","","","","",null
"16980130860497077625660","860497077625660","860497077625660",16980130,"10433748",0,"Inactive",1,"Online","1.0.0","IoT Device","2024-05-13 12:04:59","","","","","","",null
"16980130860497077630926","860497077630926","860497077630926",16980130,"10433748",1,"Active",1,"Online","1.0.0","IoT Device","2024-05-11 13:37:36","2024-05-11 13:45:57","2024-05-11 13:45:57","","","","",null
"16980130860497077594015","860497077594015","860497077594015",16980130,"10433748",1,"Active",1,"Online","1.0.0","IoT Device","2024-05-09 11:41:26","2024-05-09 11:46:40","2024-05-09 11:46:40","","","","",null
"16980130860497077594049","860497077594049","860497077594049",16980130,"10433748",1,"Active",1,"Online","1.0.0","IoT Device","2024-05-09 10:10:59","2024-05-09 10:11:46","2024-05-09 10:11:46","","","","",null
"16980130860497077593959","860497077593959","860497077593959",16980130,"10433748",1,"Active",2,"Offline","1.0.0","IoT Device","2024-05-09 10:00:56","2024-12-20 15:58:29","2024-12-20 15:58:29","","","","",null
"16980130860497077630942","860497077630942","860497077630942",16980130,"10433748",1,"Active",2,"Offline","1.0.0","IoT Device","2024-04-30 09:47:07","2024-04-30 09:47:10","2024-04-30 09:47:10","","","","",null
"16980130860497077631080","860497077631080","860497077631080",16980130,"10433748",1,"Active",1,"Online","1.0.0","IoT Device","2024-04-19 12:18:52","2024-04-19 12:22:16","2024-04-19 12:22:16","","","","",null
"16980130860497077631213","860497077631213","860497077631213",16980130,"10433748",0,"Inactive",1,"Online","1.0.0","IoT Device","2024-04-17 16:54:23","","","","","","",null
"16980130860497077631502","860497077631502","860497077631502",16980130,"10433748",1,"Active",1,"Online","1.0.0","IoT Device","2024-04-17 16:54:23","2024-04-17 16:58:37","2024-04-17 16:58:37","","","","",null
"16980130860497077625900","860497077625900","860497077625900",16980130,"10433748",1,"Active",2,"Offline","1.0.0","IoT Device","2024-04-17 16:54:23","2024-04-17 17:02:11","2024-04-17 17:02:11","","","","",null
"16980130860497077622527","860497077622527","860497077622527",16980130,"10433748",1,"Active",1,"Online","1.0.0","IoT Device","2024-04-17 16:54:23","2024-04-17 17:16:15","2024-04-17 17:16:15","","","","",null
"16980130860497077622592","860497077622592","860497077622592",16980130,"10433748",1,"Active",1,"Online","1.0.0","IoT Device","2024-04-17 16:52:28","2024-04-17 16:55:18","2024-04-17 16:55:18","","","","",null
"16980130860497077622642","860497077622642","860497077622642",16980130,"10433748",1,"Active",2,"Offline","1.0.0","IoT Device","2024-04-17 11:55:50","2024-04-17 11:55:55","2024-04-17 11:55:55","","","","",null
"16980130860061065749856","860061065749856","860061065749856",16980130,"10433748",0,"Inactive",1,"Online","1.0.0","IoT Device","2024-04-17 11:12:40","","","","","","",null
"16980130860497077622462","860497077622462","860497077622462",16980130,"10433748",0,"Inactive",1,"Online","1.0.0","IoT Device","2024-04-02 17:51:12","","","","","","",null
"16980130860497077631270","860497077631270","860497077631270",16980130,"10433748",1,"Active",2,"Offline","1.0.0","IoT Device","2024-04-02 15:43:21","2024-04-02 15:54:56","2024-04-02 15:54:56","","","","",null
"16980130860497077631049","860497077631049","860497077631049",16980130,"10433748",1,"Active",1,"Online","1.0.0","IoT Device","2024-03-26 11:12:08","2024-03-26 11:12:14","2024-03-26 11:12:14","","","","",null
"16980130860497077593926","860497077593926","860497077593926",16980130,"10433748",1,"Active",1,"Online","1.0.0","IoT Device","2024-03-15 16:33:16","2024-03-15 16:33:20","2024-03-15 16:33:20","","","","",null
"16980130860497077632096","860497077632096","860497077632096",16980130,"10433748",1,"Active",1,"Online","1.0.0","IoT Device","2024-03-14 09:58:55","2024-03-14 10:00:14","2024-03-14 10:00:14","","","","",null
"16980130860497077404785","860497077404785","860497077404785",16980130,"10433748",1,"Active",2,"Offline","1.0.0","IoT Device","2024-03-08 13:29:27","2024-03-08 13:30:00","2024-03-08 13:30:00","","","","",null
"16980130860497077404736","860497077404736","860497077404736",16980130,"10433748",1,"Active",2,"Offline","1.0.0","IoT Device","2024-03-08 13:22:24","2024-03-08 13:42:39","2024-03-08 13:42:39","","","","",null
"16980130860497077404835","860497077404835","860497077404835",16980130,"10433748",1,"Active",2,"Offline","1.0.0","IoT Device","2024-03-08 13:21:34","2024-03-08 13:36:22","2024-03-08 13:36:22","","","","",null
"16980130860497077404793","860497077404793","860497077404793",16980130,"10433748",1,"Active",2,"Offline","1.0.0","IoT Device","2024-03-08 13:21:34","2024-03-08 13:34:13","2024-03-08 13:34:13","","","","",null
"16980130860497077404538","860497077404538","860497077404538",16980130,"10433748",1,"Active",2,"Offline","1.0.0","IoT Device","2024-03-08 13:21:34","2024-03-08 13:44:29","2024-03-08 13:44:29","","","","",null
"16980130860497077404801","860497077404801","860497077404801",16980130,"10433748",1,"Active",2,"Offline","1.0.0","IoT Device","2024-03-08 12:25:46","2024-03-08 12:27:46","2024-03-08 12:27:46","","","","",null
"16980130860497077631197","860497077631197","860497077631197",16980130,"10433748",1,"Active",1,"Online","1.0.0","IoT Device","2024-03-07 18:20:15","2024-03-07 18:22:00","2024-03-07 18:22:00","","","","",null
"16980130860497077621644","860497077621644","860497077621644",16980130,"10433748",1,"Active",1,"Online","1.0.0","IoT Device","2024-03-06 16:56:58","2024-03-07 20:03:36","2024-03-07 20:03:36","","","","",null
"16980130860497077631478","860497077631478","860497077631478",16980130,"10433748",1,"Active",1,"Online","1.0.0","IoT Device","2024-03-06 16:56:58","2024-03-08 09:47:45","2024-03-08 09:47:45","","","","",null
"16980130860497077621800","860497077621800","860497077621800",16980130,"10433748",1,"Active",1,"Online","1.0.0","IoT Device","2024-03-06 16:56:57","2024-03-07 19:51:24","2024-03-07 19:51:24","","","","",null
"16980130860497077621909","860497077621909","860497077621909",16980130,"10433748",1,"Active",1,"Online","1.0.0","IoT Device","2024-03-06 16:56:57","2024-03-07 19:37:37","2024-03-07 19:37:37","","","","",null
"16980130860497077622451","860497077622451","860497077622451",16980130,"10433748",1,"Active",1,"Online","1.0.0","IoT Device","2024-03-06 16:56:57","2024-03-07 19:30:42","2024-03-07 19:30:42","","","","",null
"16980130860497077621941","860497077621941","860497077621941",16980130,"10433748",1,"Active",1,"Online","1.0.0","IoT Device","2024-03-06 16:56:57","2024-03-07 19:26:57","2024-03-07 19:26:57","","","","",null
"16980130860497077622477","860497077622477","860497077622477",16980130,"10433748",1,"Active",2,"Offline","1.0.0","IoT Device","2024-03-06 16:56:57","2024-03-07 18:42:21","2024-03-07 18:42:21","","","","",null
"16980130860497077621776","860497077621776","860497077621776",16980130,"10433748",1,"Active",1,"Online","1.0.0","IoT Device","2024-03-06 16:56:57","2024-03-07 11:28:07","2024-03-07 11:28:07","","","","",null
"16980130860497077621727","860497077621727","860497077621727",16980130,"10433748",1,"Active",2,"Offline","1.0.0","IoT Device","2024-03-06 15:56:15","2024-03-06 16:10:21","2024-03-06 16:10:21","","","","",null
"16980130860497077631189","860497077631189","860497077631189",16980130,"10433748",1,"Active",2,"Offline","1.0.0","IoT Device","2024-03-06 15:56:15","2024-03-07 11:41:59","2024-03-07 11:41:59","","","","",null
"16980130860497077622568","860497077622568","860497077622568",16980130,"10433748",1,"Active",2,"Offline","1.0.0","IoT Device","2024-03-06 15:56:15","2024-03-06 16:43:12","2024-03-06 16:43:12","","","","",null
"16980130860497077631130","860497077631130","860497077631130",16980130,"10433748",1,"Active",1,"Online","1.0.0","IoT Device","2024-03-06 15:56:15","2024-03-07 14:05:45","2024-03-07 14:05:45","","","","",null
"16980130860497077631312","860497077631312","860497077631312",16980130,"10433748",1,"Active",1,"Online","1.0.0","IoT Device","2024-03-06 15:56:15","2024-03-07 13:41:59","2024-03-07 13:41:59","","","","",null
"16980130860497077622469","860497077622469","860497077622469",16980130,"10433748",1,"Active",2,"Offline","1.0.0","IoT Device","2024-03-06 15:56:15","2024-03-07 12:01:34","2024-03-07 12:01:34","","","","",null
"16980130860497077404652","860497077404652","860497077404652",16980130,"10433748",1,"Active",2,"Offline","1.0.0","IoT Device","2024-02-27 15:28:16","2024-02-27 15:29:10","2024-02-27 15:29:10","","","","",null
"16980130860497077404751","860497077404751","860497077404751",16980130,"10433748",1,"Active",2,"Offline","1.0.0","IoT Device","2024-02-27 15:28:16","2024-02-27 15:38:30","2024-02-27 15:38:30","","","","",null
"16980130860497077392048","860497077392048","860497077392048",16980130,"10433748",1,"Active",2,"Offline","1.0.0","IoT Device","2024-02-27 15:28:16","2024-02-27 15:58:05","2024-02-27 15:58:05","","","","",null
"16980130860497077404553","860497077404553","860497077404553",16980130,"10433748",1,"Active",2,"Offline","1.0.0","IoT Device","2024-02-27 15:28:16","2024-02-27 16:12:10","2024-02-27 16:12:10","","","","",null
"16980130860497077404686","860497077404686","860497077404686",16980130,"10433748",1,"Active",2,"Offline","1.0.0","IoT Device","2024-02-27 15:28:15","2024-02-27 15:35:00","2024-02-27 15:35:00","","","","",null
"16980130860497077404595","860497077404595","860497077404595",16980130,"10433748",1,"Active",2,"Offline","1.0.0","IoT Device","2024-02-27 15:28:15","2024-02-27 16:21:54","2024-02-27 16:21:54","","","","",null
"16980130860497077404777","860497077404777","860497077404777",16980130,"10433748",1,"Active",2,"Offline","1.0.0","IoT Device","2024-02-27 15:28:15","2024-02-27 16:03:48","2024-02-27 16:03:48","","","","",null
"16980130860497077404645","860497077404645","860497077404645",16980130,"10433748",1,"Active",2,"Offline","1.0.0","IoT Device","2024-02-27 15:28:15","2024-02-27 16:19:34","2024-02-27 16:19:34","","","","",null
"16980130860497077404710","860497077404710","860497077404710",16980130,"10433748",1,"Active",2,"Offline","1.0.0","IoT Device","2024-02-27 15:28:15","2024-02-27 15:53:12","2024-02-27 15:53:12","","","","",null
"16980130860497077404728","860497077404728","860497077404728",16980130,"10433748",1,"Active",2,"Offline","1.0.0","IoT Device","2024-02-27 15:28:14","2024-02-27 16:17:00","2024-02-27 16:17:00","","","","",null
"16980130860497077404629","860497077404629","860497077404629",16980130,"10433748",1,"Active",2,"Offline","1.0.0","IoT Device","2024-02-27 15:28:14","2024-02-27 16:11:33","2024-02-27 16:11:33","","","","",null
"16980130860497077404637","860497077404637","860497077404637",16980130,"10433748",1,"Active",2,"Offline","1.0.0","IoT Device","2024-02-27 15:28:14","2024-02-27 16:06:10","2024-02-27 16:06:10","","","","",null
"16980130860497077404561","860497077404561","860497077404561",16980130,"10433748",1,"Active",2,"Offline","1.0.0","IoT Device","2024-02-27 15:28:14","2024-02-27 16:14:32","2024-02-27 16:14:32","","","","",null
"16980130860497077404579","860497077404579","860497077404579",16980130,"10433748",1,"Active",2,"Offline","1.0.0","IoT Device","2024-02-27 15:28:14","2024-02-27 15:44:18","2024-02-27 15:44:18","","","","",null
"16980130860497077404678","860497077404678","860497077404678",16980130,"10433748",1,"Active",2,"Offline","1.0.0","IoT Device","2024-02-27 15:28:14","2024-02-27 15:45:45","2024-02-27 15:45:45","","","","",null
"16980130860497077404744","860497077404744","860497077404744",16980130,"10433748",1,"Active",2,"Offline","1.0.0","IoT Device","2024-02-27 15:28:14","2024-02-27 16:03:19","2024-02-27 16:03:19","","","","",null
"16980130860497077404702","860497077404702","860497077404702",16980130,"10433748",1,"Active",2,"Offline","1.0.0","IoT Device","2024-02-27 15:28:14","2024-02-27 15:50:48","2024-02-27 15:50:48","","","","",null
"16980130860497077404769","860497077404769","860497077404769",16980130,"10433748",1,"Active",2,"Offline","1.0.0","IoT Device","2024-02-27 15:28:13","2024-02-27 15:55:38","2024-02-27 15:55:38","","","","",null
"16980130860497077391958","860497077391958","860497077391958",16980130,"10433748",1,"Active",2,"Offline","1.0.0","IoT Device","2024-02-06 11:26:49","2024-02-06 11:26:53","2024-02-06 11:26:53","","","","",null
"16980130860497077392642","860497077392642","860497077392642",16980130,"10433748",1,"Active",2,"Offline","1.0.0","IoT Device","2024-02-06 10:31:47","2024-02-26 10:25:44","2024-02-26 10:25:44","","","","",null
"16980130860497077392501","860497077392501","860497077392501",16980130,"10433748",1,"Active",2,"Offline","1.0.0","IoT Device","2024-02-06 10:31:47","2024-02-06 10:38:34","2024-02-06 10:38:34","","","","",null
"16980130860497077391925","860497077391925","860497077391925",16980130,"10433748",1,"Active",2,"Offline","1.0.0","IoT Device","2024-02-06 10:31:47","2024-02-06 10:54:26","2024-02-06 10:54:26","","","","",null
"16980130860497077392386","860497077392386","860497077392386",16980130,"10433748",1,"Active",2,"Offline","1.0.0","IoT Device","2024-02-06 10:31:47","2024-02-06 10:47:00","2024-02-06 10:47:00","","","","",null
"16980130860497077404546","860497077404546","860497077404546",16980130,"10433748",1,"Active",2,"Offline","1.0.0","IoT Device","2024-02-06 10:31:47","2024-02-06 10:44:00","2024-02-06 10:44:00","","","","",null
"16980130860497077392659","860497077392659","860497077392659",16980130,"10433748",1,"Active",2,"Offline","1.0.0","IoT Device","2024-02-06 10:31:47","2024-02-06 15:07:42","2024-02-06 15:07:42","","","","",null
"16980130860497077392402","860497077392402","860497077392402",16980130,"10433748",1,"Active",2,"Offline","1.0.0","IoT Device","2024-02-06 10:31:47","2024-02-06 14:52:27","2024-02-06 14:52:27","","","","",null
"16980130860497077392022","860497077392022","860497077392022",16980130,"10433748",1,"Active",2,"Offline","1.0.0","IoT Device","2024-02-06 10:31:46","2024-02-06 14:38:01","2024-02-06 14:38:01","","","","",null
"16980130860497077392634","860497077392634","860497077392634",16980130,"10433748",1,"Active",2,"Offline","1.0.0","IoT Device","2024-02-06 10:31:46","2024-02-26 11:32:22","2024-02-26 11:32:22","","","","",null
"16980130860497077392014","860497077392014","860497077392014",16980130,"10433748",1,"Active",2,"Offline","1.0.0","IoT Device","2024-02-06 10:31:46","2024-02-06 14:44:59","2024-02-06 14:44:59","","","","",null
"16980130860497077391974","860497077391974","860497077391974",16980130,"10433748",1,"Active",2,"Offline","1.0.0","IoT Device","2024-02-06 10:31:46","2024-02-06 14:23:36","2024-02-06 14:23:36","","","","",null
"16980130860497077391941","860497077391941","860497077391941",16980130,"10433748",1,"Active",2,"Offline","1.0.0","IoT Device","2024-02-06 10:31:46","2024-02-06 14:35:08","2024-02-06 14:35:08","","","","",null
"16980130860497077391982","860497077391982","860497077391982",16980130,"10433748",0,"Inactive",1,"Online","1.0.0","IoT Device","2024-02-06 10:31:46","","","","","","",null
"16980130860497077392576","860497077392576","860497077392576",16980130,"10433748",0,"Inactive",1,"Online","1.0.0","IoT Device","2024-02-06 10:31:46","","","","","","",null
"16980130860497077391990","860497077391990","860497077391990",16980130,"10433748",1,"Active",2,"Offline","1.0.0","IoT Device","2024-02-06 10:31:45","2024-02-06 15:13:24","2024-02-06 15:13:24","","","","",null
"16980130860497077392592","860497077392592","860497077392592",16980130,"10433748",0,"Inactive",1,"Online","1.0.0","IoT Device","2024-02-06 10:31:45","","","","","","",null
"16980130860497077392360","860497077392360","860497077392360",16980130,"10433748",1,"Active",2,"Offline","1.0.0","IoT Device","2024-02-06 10:31:45","2024-02-06 15:59:17","2024-02-06 15:59:17","","","","",null
"16980130860497077392006","860497077392006","860497077392006",16980130,"10433748",1,"Active",2,"Offline","1.0.0","IoT Device","2024-02-06 10:31:45","2024-02-06 15:55:13","2024-02-06 15:55:13","","","","",null
"16980130860497077392691","860497077392691","860497077392691",16980130,"10433748",1,"Active",2,"Offline","1.0.0","IoT Device","2024-02-06 10:31:45","2024-02-06 15:24:13","2024-02-06 15:24:13","","","","",null
"16980130860497077391966","860497077391966","860497077391966",16980130,"10433748",1,"Active",2,"Offline","1.0.0","IoT Device","2024-02-06 09:48:06","2024-02-06 09:48:32","2024-02-06 09:48:32","","","","",null
"16980130860497077632626","860497077632626","860497077632626",16980130,"10433748",0,"Inactive",1,"Online","1.0.0","IoT Device","2024-02-05 11:15:22","","","","","","",null
"16980130860497077392568","860497077392568","860497077392568",16980130,"10433748",1,"Active",2,"Offline","1.0.0","IoT Device","2024-02-05 11:15:22","2024-02-05 11:15:38","2024-02-05 11:15:38","","","","",null
"16980130860497077392543","860497077392543","860497077392543",16980130,"10433748",1,"Active",2,"Offline","1.0.0","IoT Device","2024-02-05 11:15:22","2024-02-05 11:53:00","2024-02-05 11:53:00","","","","",null
"16980130860061065744691","860061065744691","860061065744691",16980130,"10433748",1,"Active",2,"Offline","1.0.0","IoT Device","2024-01-12 17:02:16","2024-01-12 17:02:21","2024-01-12 17:02:21","","","","",null
"16980130860497077621628","860497077621628","860497077621628",16980130,"10433748",1,"Active",1,"Online","1.0.0","IoT Device","2024-01-05 14:52:14","2024-01-05 14:57:36","2024-01-05 14:57:36","","","","",null
"16980130860497077621149","860497077621149","860497077621149",16980130,"10433748",1,"Active",2,"Offline","1.0.0","IoT Device","2024-01-05 14:34:46","2024-01-05 15:29:03","2024-01-05 15:29:03","","","","",null
"16980130860497077627690","860497077627690","860497077627690",16980130,"10433748",1,"Active",2,"Offline","1.0.0","IoT Device","2024-01-05 14:34:46","2024-01-05 15:06:03","2024-01-05 15:06:03","","","","",null
"16980130860497077621065","860497077621065","860497077621065",16980130,"10433748",1,"Active",1,"Online","1.0.0","IoT Device","2024-01-05 14:34:46","2024-01-05 15:50:32","2024-01-05 15:50:32","","","","",null
"16980130860497077625926","860497077625926","860497077625926",16980130,"10433748",1,"Active",2,"Offline","1.0.0","IoT Device","2024-01-05 14:34:45","2024-01-05 16:02:39","2024-01-05 16:02:39","","","","",null
"16980130860497077621156","860497077621156","860497077621156",16980130,"10433748",1,"Active",1,"Online","1.0.0","IoT Device","2024-01-03 11:08:39","2024-01-03 11:08:59","2024-01-03 11:08:59","","","","",null
"16980130860497077594494","860497077594494","860497077594494",16980130,"10433748",1,"Active",1,"Online","1.0.0","IoT Device","2023-12-29 18:10:08","2023-12-29 18:11:11","2023-12-29 18:11:11","","","","",null
"16980130860497077627708","860497077627708","860497077627708",16980130,"10433748",1,"Active",2,"Offline","1.0.0","IoT Device","2023-12-29 18:06:12","2023-12-29 19:05:55","2023-12-29 19:05:55","","","","",null
"16980130860497077621487","860497077621487","860497077621487",16980130,"10433748",1,"Active",2,"Offline","1.0.0","IoT Device","2023-12-29 18:06:12","2023-12-29 18:59:12","2023-12-29 18:59:12","","","","",null
"16980130860497077632518","860497077632518","860497077632518",16980130,"10433748",1,"Active",1,"Online","1.0.0","IoT Device","2023-12-29 18:06:12","2023-12-29 18:48:21","2023-12-29 18:48:21","","","","",null
"16980130860497077625918","860497077625918","860497077625918",16980130,"10433748",1,"Active",2,"Offline","1.0.0","IoT Device","2023-12-29 18:06:12","2023-12-29 18:29:20","2023-12-29 18:29:20","","","","",null
"16980130860497077621099","860497077621099","860497077621099",16980130,"10433748",1,"Active",2,"Offline","1.0.0","IoT Device","2023-12-29 18:06:12","2024-01-02 14:52:41","2024-01-02 14:52:41","","","","",null
"16980130860497077627385","860497077627385","860497077627385",16980130,"10433748",1,"Active",1,"Online","1.0.0","IoT Device","2023-12-29 18:01:37","2023-12-29 18:14:08","2023-12-29 18:14:08","","","","",null
"16980130860497077625850","860497077625850","860497077625850",16980130,"10433748",1,"Active",1,"Online","1.0.0","IoT Device","2023-12-29 18:01:37","2023-12-29 18:30:38","2023-12-29 18:30:38","","","","",null
"16980130860497077621164","860497077621164","860497077621164",16980130,"10433748",1,"Active",2,"Offline","1.0.0","IoT Device","2023-12-29 18:01:37","2023-12-29 18:02:54","2023-12-29 18:02:54","","","","",null
"16980130860497077621495","860497077621495","860497077621495",16980130,"10433748",1,"Active",2,"Offline","1.0.0","IoT Device","2023-12-29 18:01:37","2023-12-29 18:26:10","2023-12-29 18:26:10","","","","",null
"16980130125684258","125684258","125684258",16980130,"10433748",0,"Inactive",1,"Online","1.0.0","IoT Device","2023-12-27 17:42:22","","","","","","",null
"1698013012345678998745","12345678998745","12345678998745",16980130,"10433748",0,"Inactive",1,"Online","1.0.0","IoT Device","2023-12-27 17:33:32","","","","","","",null
"16980130123456753456","123456753456","123456753456",16980130,"10433748",0,"Inactive",1,"Online","1.0.0","IoT Device","2023-12-26 18:55:18","","","","","","",null
"169801301234567899","1234567899","1234567899",16980130,"10433748",0,"Inactive",1,"Online","1.0.0","IoT Device","2023-12-26 18:44:04","","","","","","",null
"16980130860061065744659","4G","860061065744659",16980130,"10433748",1,"Active",2,"Offline","1.0.0","IoT Device","2023-11-01 18:37:51","2023-11-01 19:17:01","2023-11-01 19:17:01","","","","",null
"16857118866877072646726","866877072646726","866877072646726",16857118,"10433748",1,"Active",1,"Online","1.0.0","IoT Device","2026-01-08 15:11:15","2026-01-08 15:17:54","2026-01-08 15:17:54","","","","",null
"16857118866877072653789","866877072653789","866877072653789",16857118,"10433748",1,"Active",1,"Online","1.0.0","IoT Device","2026-01-08 15:11:15","2026-01-08 15:13:10","2026-01-08 15:13:10","","","","",null
"16857118866877072641149","866877072641149","866877072641149",16857118,"10433748",1,"Active",1,"Online","1.0.0","IoT Device","2026-01-06 14:24:58","2026-01-06 14:25:06","2026-01-06 14:25:06","","","","",null
"16857118866877072647385","866877072647385","866877072647385",16857118,"10433748",1,"Active",1,"Online","1.0.0","IoT Device","2025-11-19 11:33:07","2025-11-19 12:07:01","2025-11-19 12:07:01","","","","",null
"16857118866877072652369","866877072652369","866877072652369",16857118,"10433748",1,"Active",1,"Online","1.0.0","IoT Device","2025-11-17 14:33:27","2025-11-17 14:50:37","2025-11-17 14:50:37","","","","",null
"16857118866877072650041","866877072650041","866877072650041",16857118,"10433748",1,"Active",1,"Online","1.0.0","IoT Device","2025-11-11 11:00:34","2025-11-11 11:03:02","2025-11-11 11:03:02","","","","",null
"16857118866877072651122","866877072651122","866877072651122",16857118,"10433748",1,"Active",1,"Online","1.0.0","IoT Device","2025-10-24 14:37:20","2025-10-24 14:37:39","2025-10-24 14:37:39","","","","",null
"16857118866877072650264","866877072650264","866877072650264",16857118,"10433748",1,"Active",1,"Online","1.0.0","IoT Device","2025-10-11 10:35:25","2025-10-11 10:35:26","2025-10-11 10:35:26","","","","",null
"16857118866877072645207","866877072645207","866877072645207",16857118,"10433748",1,"Active",1,"Online","1.0.0","IoT Device","2025-09-23 11:34:47","2025-09-23 11:40:35","2025-09-23 11:40:35","","","","",null
"16857118866877072645280","866877072645280","866877072645280",16857118,"10433748",1,"Active",1,"Online","1.0.0","IoT Device","2025-09-23 11:34:47","2025-09-23 11:37:33","2025-09-23 11:37:33","","","","",null
"16857118866877072656063","866877072656063","866877072656063",16857118,"10433748",1,"Active",1,"Online","1.0.0","IoT Device","2025-09-22 15:03:43","2025-09-22 15:04:09","2025-09-22 15:04:09","","","","",null
"16857118866877072654746","866877072654746","866877072654746",16857118,"10433748",1,"Active",1,"Online","1.0.0","IoT Device","2025-09-11 15:26:26","2025-09-11 15:26:30","2025-09-11 15:26:30","","","","",null
"16857118866877072650686","866877072650686","866877072650686",16857118,"10433748",1,"Active",1,"Online","1.0.0","IoT Device","2025-09-10 14:19:41","2025-09-10 14:19:45","2025-09-10 14:19:45","","","","",null
"16857118866207075362818","866207075362818","866207075362818",16857118,"10433748",1,"Active",1,"Online","1.0.0","IoT Device","2025-09-10 10:41:09","2025-09-10 10:41:09","2025-09-10 10:41:09","","","","",null
"16857118866877072660545","866877072660545","866877072660545",16857118,"10433748",1,"Active",1,"Online","1.0.0","IoT Device","2025-09-04 16:43:57","2025-09-04 17:10:21","2025-09-04 17:10:21","","","","",null
"16857118866877072650561","866877072650561","866877072650561",16857118,"10433748",1,"Active",1,"Online","1.0.0","IoT Device","2025-09-04 16:42:52","2025-09-04 16:42:58","2025-09-04 16:42:58","","","","",null
"16857118866877072630902","866877072630902","866877072630902",16857118,"10433748",1,"Active",1,"Online","1.0.0","IoT Device","2025-09-04 16:42:51","2025-09-04 16:43:05","2025-09-04 16:43:05","","","","",null
"16857118866877072653284","866877072653284","866877072653284",16857118,"10433748",1,"Active",1,"Online","1.0.0","IoT Device","2025-09-04 14:45:58","2025-09-04 14:47:17","2025-09-04 14:47:17","","","","",null
"16857118866877072645306","866877072645306","866877072645306",16857118,"10433748",1,"Active",2,"Offline","1.0.0","IoT Device","2025-08-28 11:01:12","2025-08-28 11:04:53","2025-08-28 11:04:53","","","","",null
"16857118866877072651825","866877072651825","866877072651825",16857118,"10433748",1,"Active",2,"Offline","1.0.0","IoT Device","2025-08-28 11:01:12","2025-08-28 11:35:59","2025-08-28 11:35:59","","","","",null
"16857118866877072652500","866877072652500","866877072652500",16857118,"10433748",1,"Active",2,"Offline","1.0.0","IoT Device","2025-08-28 11:01:11","2025-08-28 11:31:13","2025-08-28 11:31:13","","","","",null
"16857118866877072652484","866877072652484","866877072652484",16857118,"10433748",1,"Active",1,"Online","1.0.0","IoT Device","2025-08-28 11:01:11","2025-08-28 11:33:59","2025-08-28 11:33:59","","","","",null
"16857118866877072653086","866877072653086","866877072653086",16857118,"10433748",1,"Active",1,"Online","1.0.0","IoT Device","2025-08-28 11:01:11","2025-08-28 13:46:50","2025-08-28 13:46:50","","","","",null
"16857118866877072654928","866877072654928","866877072654928",16857118,"10433748",1,"Active",1,"Online","1.0.0","IoT Device","2025-08-22 13:36:43","2025-08-22 13:36:59","2025-08-22 13:36:59","","","","",null
"16857118866877072654886","866877072654886","866877072654886",16857118,"10433748",1,"Active",1,"Online","1.0.0","IoT Device","2025-08-21 15:10:40","2025-08-21 15:10:50","2025-08-21 15:10:50","","","","",null
"16857118866207075363733","866207075363733","866207075363733",16857118,"10433748",1,"Active",1,"Online","1.0.0","IoT Device","2025-08-12 16:33:39","2025-08-12 16:33:49","2025-08-12 16:33:49","","","","",null
"16857118866877072641248","866877072641248","866877072641248",16857118,"10433748",1,"Active",2,"Offline","1.0.0","IoT Device","2025-08-08 10:46:03","2025-09-10 15:53:24","2025-09-10 15:53:24","","","","",null
"16857118866877072653763","866877072653763","866877072653763",16857118,"10433748",1,"Active",1,"Online","1.0.0","IoT Device","2025-08-07 15:58:09","2025-08-07 15:59:19","2025-08-07 15:59:19","","","","",null
"16857118866877072654761","866877072654761","866877072654761",16857118,"10433748",1,"Active",1,"Online","1.0.0","IoT Device","2025-08-05 15:33:35","2025-08-05 16:28:06","2025-08-05 16:28:06","","","","",null
"16857118866877072650520","866877072650520","866877072650520",16857118,"10433748",1,"Active",1,"Online","1.0.0","IoT Device","2025-08-05 13:37:42","2025-08-05 13:39:16","2025-08-05 13:39:16","","","","",null
"16857118866877072660602","866877072660602","866877072660602",16857118,"10433748",1,"Active",1,"Online","1.0.0","IoT Device","2025-08-04 09:44:43","2025-08-04 09:44:49","2025-08-04 09:44:49","","","","",null
"16857118866877072647260","866877072647260","866877072647260",16857118,"10433748",1,"Active",1,"Online","1.0.0","IoT Device","2025-08-04 09:41:48","2025-08-04 09:41:59","2025-08-04 09:41:59","","","","",null
"16857118866207075447213","866207075447213","866207075447213",16857118,"10433748",1,"Active",1,"Online","1.0.0","IoT Device","2025-07-30 13:57:05","2025-07-30 13:57:21","2025-07-30 13:57:21","","","","",null
"16857118866877072656261","866877072656261","866877072656261",16857118,"10433748",1,"Active",1,"Online","1.0.0","IoT Device","2025-07-30 13:39:50","2025-07-30 13:39:50","2025-07-30 13:39:50","","","","",null
"16857118866877072650728","866877072650728","866877072650728",16857118,"10433748",1,"Active",1,"Online","1.0.0","IoT Device","2025-07-29 14:54:49","2025-07-31 12:54:51","2025-07-31 12:54:51","","","","",null
"16857118866877072656642","866877072656642","866877072656642",16857118,"10433748",1,"Active",1,"Online","1.0.0","IoT Device","2025-07-29 13:40:21","2025-07-29 13:40:35","2025-07-29 13:40:35","","","","",null
"16857118866877072644960","866877072644960","866877072644960",16857118,"10433748",1,"Active",1,"Online","1.0.0","IoT Device","2025-07-28 10:18:16","2025-07-28 10:23:48","2025-07-28 10:23:48","","","","",null
"16857118866877072641362","866877072641362","866877072641362",16857118,"10433748",1,"Active",1,"Online","1.0.0","IoT Device","2025-07-22 16:36:55","2025-07-22 16:37:24","2025-07-22 16:37:24","","","","",null
"16857118866877072652526","866877072652526","866877072652526",16857118,"10433748",1,"Active",1,"Online","1.0.0","IoT Device","2025-07-22 10:32:31","2025-07-22 10:32:37","2025-07-22 10:32:37","","","","",null
"16857118866877072650926","866877072650926","866877072650926",16857118,"10433748",1,"Active",2,"Offline","1.0.0","IoT Device","2025-07-21 11:42:30","2025-07-21 11:42:33","2025-07-21 11:42:33","","","","",null
"16857118866877072656824","866877072656824","866877072656824",16857118,"10433748",1,"Active",1,"Online","1.0.0","IoT Device","2025-07-15 13:50:41","2025-07-15 13:50:55","2025-07-15 13:50:55","","","","",null
"16857118866207075008635","866207075008635","866207075008635",16857118,"10433748",1,"Active",1,"Online","1.0.0","IoT Device","2025-07-09 16:31:48","2025-07-09 16:33:33","2025-07-09 16:33:33","","","","",null
"16857118866207075008130","866207075008130","866207075008130",16857118,"10433748",1,"Active",1,"Online","1.0.0","IoT Device","2025-07-09 15:11:15","2025-07-09 15:11:24","2025-07-09 15:11:24","","","","",null
"16857118866877072659760","866877072659760","866877072659760",16857118,"10433748",1,"Active",1,"Online","1.0.0","IoT Device","2025-07-09 15:11:15","2025-07-09 15:24:09","2025-07-09 15:24:09","","","","",null
"16857118866207075008734","866207075008734","866207075008734",16857118,"10433748",1,"Active",1,"Online","1.0.0","IoT Device","2025-07-08 10:30:46","2025-07-08 10:31:02","2025-07-08 10:31:02","","","","",null
"16857118866207075440697","866207075440697","866207075440697",16857118,"10433748",1,"Active",2,"Offline","1.0.0","IoT Device","2025-07-07 16:19:07","2025-07-07 16:19:23","2025-07-07 16:19:23","","","","",null
"16857118866877072646387","866877072646387","866877072646387",16857118,"10433748",1,"Active",1,"Online","1.0.0","IoT Device","2025-07-07 15:25:29","2025-07-07 15:25:42","2025-07-07 15:25:42","","","","",null
"16857118866877072653805","866877072653805","866877072653805",16857118,"10433748",1,"Active",1,"Online","1.0.0","IoT Device","2025-07-07 11:48:56","2025-07-07 11:48:57","2025-07-07 11:48:57","","","","",null
"16857118866877072645546","866877072645546","866877072645546",16857118,"10433748",1,"Active",1,"Online","1.0.0","IoT Device","2025-07-04 10:26:44","2025-09-04 14:26:53","2025-09-04 14:26:53","","","","",null
"16857118866877072646924","866877072646924","866877072646924",16857118,"10433748",1,"Active",1,"Online","1.0.0","IoT Device","2025-06-30 09:37:34","2025-06-30 09:37:51","2025-06-30 09:37:51","","","","",null
"16857118866877072651783","866877072651783","866877072651783",16857118,"10433748",1,"Active",1,"Online","1.0.0","IoT Device","2025-06-20 15:10:28","2025-06-20 15:14:21","2025-06-20 15:14:21","","","","",null
"16857118866877072654829","866877072654829","866877072654829",16857118,"10433748",1,"Active",1,"Online","1.0.0","IoT Device","2025-06-20 09:41:57","2025-06-20 09:44:56","2025-06-20 09:44:56","","","","",null
"16857118866877072660685","866877072660685","866877072660685",16857118,"10433748",1,"Active",1,"Online","1.0.0","IoT Device","2025-06-20 09:41:56","2025-06-20 09:47:48","2025-06-20 09:47:48","","","","",null
"16857118866877072660586","866877072660586","866877072660586",16857118,"10433748",1,"Active",1,"Online","1.0.0","IoT Device","2025-06-20 09:41:56","2025-06-20 09:51:54","2025-06-20 09:51:54","","","","",null
"16857118866877072646965","866877072646965","866877072646965",16857118,"10433748",1,"Active",1,"Online","1.0.0","IoT Device","2025-06-19 16:10:24","2025-06-19 16:10:28","2025-06-19 16:10:28","","","","",null
"16857118860497077625876","860497077625876","860497077625876",16857118,"10433748",1,"Active",2,"Offline","1.0.0","IoT Device","2025-06-16 09:31:17","2026-01-25 10:06:00","2026-01-25 10:06:00","","","","",null
"16857118866207075411292","866207075411292","866207075411292",16857118,"10433748",1,"Active",1,"Online","1.0.0","IoT Device","2025-06-12 14:48:04","2025-06-12 14:48:12","2025-06-12 14:48:12","","","","",null
"16857118866877072653409","866877072653409","866877072653409",16857118,"10433748",1,"Active",1,"Online","1.0.0","IoT Device","2025-06-10 13:50:44","2025-06-10 13:50:58","2025-06-10 13:50:58","","","","",null
"16857118866877072656600","866877072656600","866877072656600",16857118,"10433748",1,"Active",1,"Online","1.0.0","IoT Device","2025-06-10 13:47:58","2025-06-10 13:48:09","2025-06-10 13:48:09","","","","",null
"16857118866207075008791","866207075008791","866207075008791",16857118,"10433748",1,"Active",1,"Online","1.0.0","IoT Device","2025-06-09 09:25:47","2025-06-09 09:25:49","2025-06-09 09:25:49","","","","",null
"16857118866207075008718","866207075008718","866207075008718",16857118,"10433748",1,"Active",1,"Online","1.0.0","IoT Device","2025-06-04 10:08:50","2025-06-04 10:14:10","2025-06-04 10:14:10","","","","",null
"16857118866877072630860","866877072630860","866877072630860",16857118,"10433748",1,"Active",1,"Online","1.0.0","IoT Device","2025-06-03 11:14:05","2025-06-03 11:14:23","2025-06-03 11:14:23","","","","",null
"16857118866877072645249","866877072645249","866877072645249",16857118,"10433748",1,"Active",1,"Online","1.0.0","IoT Device","2025-06-03 11:14:05","2025-06-03 11:35:43","2025-06-03 11:35:43","","","","",null
"16857118866877072646189","866877072646189","866877072646189",16857118,"10433748",1,"Active",1,"Online","1.0.0","IoT Device","2025-06-03 11:07:58","2025-06-03 11:08:02","2025-06-03 11:08:02","","","","",null
"16857118866877072646221","866877072646221","866877072646221",16857118,"10433748",1,"Active",1,"Online","1.0.0","IoT Device","2025-06-03 11:07:58","2025-06-03 11:08:21","2025-06-03 11:08:21","","","","",null
"16857118866877072655982","866877072655982","866877072655982",16857118,"10433748",0,"Inactive",1,"Online","1.0.0","IoT Device","2025-06-03 11:03:50","","","","","","",null
"16857118866877072655909","866877072655909","866877072655909",16857118,"10433748",1,"Active",1,"Online","1.0.0","IoT Device","2025-06-03 11:03:50","2025-06-04 03:01:15","2025-06-04 03:01:15","","","","",null
"16857118866877072647146","866877072647146","866877072647146",16857118,"10433748",1,"Active",1,"Online","1.0.0","IoT Device","2025-06-03 11:00:17","2025-06-03 11:00:20","2025-06-03 11:00:20","","","","",null
"16857118866877072641446","866877072641446","866877072641446",16857118,"10433748",1,"Active",1,"Online","1.0.0","IoT Device","2025-06-03 11:00:16","2025-06-03 11:00:23","2025-06-03 11:00:23","","","","",null
"16857118866877072646205","866877072646205","866877072646205",16857118,"10433748",1,"Active",1,"Online","1.0.0","IoT Device","2025-06-03 10:55:44","2025-06-03 10:55:58","2025-06-03 10:55:58","","","","",null
"16857118866877072652708","866877072652708","866877072652708",16857118,"10433748",1,"Active",1,"Online","1.0.0","IoT Device","2025-06-03 10:55:44","2025-06-03 10:55:53","2025-06-03 10:55:53","","","","",null
"16857118866877072640901","866877072640901","866877072640901",16857118,"10433748",1,"Active",1,"Online","1.0.0","IoT Device","2025-06-03 10:52:21","2025-06-03 10:52:33","2025-06-03 10:52:33","","","","",null
"16857118866877072641867","866877072641867","866877072641867",16857118,"10433748",1,"Active",1,"Online","1.0.0","IoT Device","2025-06-03 10:49:56","2025-06-03 10:50:06","2025-06-03 10:50:06","","","","",null
"16857118866877072656782","866877072656782","866877072656782",16857118,"10433748",1,"Active",1,"Online","1.0.0","IoT Device","2025-06-03 10:45:56","2025-06-03 10:46:21","2025-06-03 10:46:21","","","","",null
"16857118866877072650546","866877072650546","866877072650546",16857118,"10433748",1,"Active",1,"Online","1.0.0","IoT Device","2025-06-03 10:43:25","2025-06-03 10:43:49","2025-06-03 10:43:49","","","","",null
"16857118866207075442875","866207075442875","866207075442875",16857118,"10433748",0,"Inactive",1,"Online","1.0.0","IoT Device","2025-05-27 17:25:28","","","","","","",null
"16857118866877072645785","866877072645785","866877072645785",16857118,"10433748",1,"Active",1,"Online","1.0.0","IoT Device","2025-05-26 15:49:36","2025-05-26 16:09:18","2025-05-26 16:09:18","","","","",null
"16857118866877072645462","866877072645462","866877072645462",16857118,"10433748",1,"Active",1,"Online","1.0.0","IoT Device","2025-05-26 15:49:36","2025-05-26 15:49:47","2025-05-26 15:49:47","","","","",null
"16857118866207075002174","866207075002174","866207075002174",16857118,"10433748",1,"Active",1,"Online","1.0.0","IoT Device","2025-05-26 14:33:20","2025-05-26 14:33:33","2025-05-26 14:33:33","","","","",null
"16857118866877072646783","866877072646783","866877072646783",16857118,"10433748",1,"Active",1,"Online","1.0.0","IoT Device","2025-05-26 10:49:42","2025-05-26 10:49:52","2025-05-26 10:49:52","","","","",null
"16857118866877072645405","866877072645405","866877072645405",16857118,"10433748",1,"Active",1,"Online","1.0.0","IoT Device","2025-05-26 10:46:57","2025-05-26 10:47:10","2025-05-26 10:47:10","","","","",null
"16857118866877072653243","866877072653243","866877072653243",16857118,"10433748",1,"Active",1,"Online","1.0.0","IoT Device","2025-05-26 10:03:49","2025-05-26 10:04:22","2025-05-26 10:04:22","","","","",null
"16857118866877072647229","866877072647229","866877072647229",16857118,"10433748",1,"Active",1,"Online","1.0.0","IoT Device","2025-05-26 10:02:52","2025-05-26 10:03:17","2025-05-26 10:03:17","","","","",null
"16857118866877072650843","866877072650843","866877072650843",16857118,"10433748",1,"Active",1,"Online","1.0.0","IoT Device","2025-05-26 09:50:23","2025-12-02 19:10:19","2025-12-02 19:10:19","","","","",null
"16857118866877072650421","866877072650421","866877072650421",16857118,"10433748",1,"Active",1,"Online","1.0.0","IoT Device","2025-05-26 09:50:23","2025-05-26 20:53:17","2025-05-26 20:53:17","","","","",null
"16857118866877072647401","866877072647401","866877072647401",16857118,"10433748",1,"Active",1,"Online","1.0.0","IoT Device","2025-05-26 09:47:27","2025-05-28 16:41:25","2025-05-28 16:41:25","","","","",null
"16857118866877072646528","866877072646528","866877072646528",16857118,"10433748",1,"Active",1,"Online","1.0.0","IoT Device","2025-05-26 09:47:27","2025-05-29 15:35:22","2025-05-29 15:35:22","","","","",null
"16857118866877072647062","866877072647062","866877072647062",16857118,"10433748",1,"Active",1,"Online","1.0.0","IoT Device","2025-05-26 09:43:56","2025-05-26 09:44:08","2025-05-26 09:44:08","","","","",null
"16857118866877072651163","866877072651163","866877072651163",16857118,"10433748",1,"Active",1,"Online","1.0.0","IoT Device","2025-05-26 09:43:56","2025-05-26 09:44:05","2025-05-26 09:44:05","","","","",null
"16857118866877072641784","866877072641784","866877072641784",16857118,"10433748",1,"Active",1,"Online","1.0.0","IoT Device","2025-05-26 09:40:33","2025-05-26 09:40:51","2025-05-26 09:40:51","","","","",null
"16857118866877072651049","866877072651049","866877072651049",16857118,"10433748",1,"Active",1,"Online","1.0.0","IoT Device","2025-05-26 09:40:33","2025-05-26 09:46:53","2025-05-26 09:46:53","","","","",null
"16857118866877072656022","866877072656022","866877072656022",16857118,"10433748",1,"Active",1,"Online","1.0.0","IoT Device","2025-05-26 09:37:04","2025-05-26 09:37:09","2025-05-26 09:37:09","","","","",null
"16857118866877072655727","866877072655727","866877072655727",16857118,"10433748",1,"Active",1,"Online","1.0.0","IoT Device","2025-05-26 09:37:04","2025-05-26 09:37:21","2025-05-26 09:37:21","","","","",null
"16857118866877072645421","866877072645421","866877072645421",16857118,"10433748",1,"Active",1,"Online","1.0.0","IoT Device","2025-05-26 09:32:13","2025-05-26 16:32:03","2025-05-26 16:32:03","","","","",null
"16857118866877072646866","866877072646866","866877072646866",16857118,"10433748",1,"Active",1,"Online","1.0.0","IoT Device","2025-05-26 09:32:13","2025-05-26 09:39:42","2025-05-26 09:39:42","","","","",null
"16857118866877072655743","866877072655743","866877072655743",16857118,"10433748",1,"Active",1,"Online","1.0.0","IoT Device","2025-05-26 09:32:13","2025-05-26 09:57:27","2025-05-26 09:57:27","","","","",null
"16857118866877072641701","866877072641701","866877072641701",16857118,"10433748",1,"Active",1,"Online","1.0.0","IoT Device","2025-05-26 09:28:15","2025-05-26 09:34:14","2025-05-26 09:34:14","","","","",null
"16857118866877072641305","866877072641305","866877072641305",16857118,"10433748",1,"Active",1,"Online","1.0.0","IoT Device","2025-05-26 09:25:45","2025-05-26 09:25:52","2025-05-26 09:25:52","","","","",null
"16857118866877072650645","866877072650645","866877072650645",16857118,"10433748",1,"Active",1,"Online","1.0.0","IoT Device","2025-05-26 09:23:01","2025-05-26 09:23:10","2025-05-26 09:23:10","","","","",null
"16857118866877072641347","866877072641347","866877072641347",16857118,"10433748",1,"Active",1,"Online","1.0.0","IoT Device","2025-05-26 09:21:18","2025-05-26 09:21:18","2025-05-26 09:21:18","","","","",null
"16857118866877072652609","866877072652609","866877072652609",16857118,"10433748",1,"Active",1,"Online","1.0.0","IoT Device","2025-05-26 09:10:59","2025-05-26 09:11:01","2025-05-26 09:11:01","","","","",null
"16857118866877072656402","866877072656402","866877072656402",16857118,"10433748",1,"Active",2,"Offline","1.0.0","IoT Device","2025-05-23 16:15:32","2025-05-23 16:15:46","2025-05-23 16:15:46","","","","",null
"16857118866877072659745","866877072659745","866877072659745",16857118,"10433748",1,"Active",2,"Offline","1.0.0","IoT Device","2025-05-23 16:15:32","2025-05-23 16:22:13","2025-05-23 16:22:13","","","","",null
"16857118866877072659984","866877072659984","866877072659984",16857118,"10433748",1,"Active",1,"Online","1.0.0","IoT Device","2025-05-23 15:53:32","2025-05-23 15:53:44","2025-05-23 15:53:44","","","","",null
"16857118866877072660487","866877072660487","866877072660487",16857118,"10433748",1,"Active",1,"Online","1.0.0","IoT Device","2025-05-23 15:53:32","2025-05-23 15:53:36","2025-05-23 15:53:36","","","","",null
"16857118866877072655941","866877072655941","866877072655941",16857118,"10433748",1,"Active",1,"Online","1.0.0","IoT Device","2025-05-23 15:22:13","2025-05-23 15:22:16","2025-05-23 15:22:16","","","","",null
"16857118866877072652583","866877072652583","866877072652583",16857118,"10433748",1,"Active",1,"Online","1.0.0","IoT Device","2025-05-23 15:22:13","2025-05-23 15:22:18","2025-05-23 15:22:18","","","","",null
"16857118866877072650462","866877072650462","866877072650462",16857118,"10433748",1,"Active",1,"Online","1.0.0","IoT Device","2025-05-23 14:56:45","2025-05-23 15:06:43","2025-05-23 15:06:43","","","","",null
"16857118866877072650389","866877072650389","866877072650389",16857118,"10433748",1,"Active",2,"Offline","1.0.0","IoT Device","2025-05-23 14:56:45","2025-05-24 10:33:04","2025-05-24 10:33:04","","","","",null
"16857118866877072640406","866877072640406","866877072640406",16857118,"10433748",1,"Active",2,"Offline","1.0.0","IoT Device","2025-05-23 14:32:45","2025-05-23 14:32:46","2025-05-23 14:32:46","","","","",null
"16857118866877072652542","866877072652542","866877072652542",16857118,"10433748",1,"Active",1,"Online","1.0.0","IoT Device","2025-05-23 14:32:45","2025-05-23 14:32:46","2025-05-23 14:32:46","","","","",null
"16857118866877072650124","866877072650124","866877072650124",16857118,"10433748",1,"Active",1,"Online","1.0.0","IoT Device","2025-05-23 14:18:32","2025-05-23 14:18:55","2025-05-23 14:18:55","","","","",null
"16857118866877072652328","866877072652328","866877072652328",16857118,"10433748",1,"Active",1,"Online","1.0.0","IoT Device","2025-05-23 14:18:32","2025-05-23 14:18:39","2025-05-23 14:18:39","","","","",null
"16857118866877072660362","866877072660362","866877072660362",16857118,"10433748",1,"Active",1,"Online","1.0.0","IoT Device","2025-05-23 12:00:59","2025-05-23 12:02:09","2025-05-23 12:02:09","","","","",null
"16857118866877072645702","866877072645702","866877072645702",16857118,"10433748",1,"Active",1,"Online","1.0.0","IoT Device","2025-05-23 12:00:59","2025-05-23 12:01:31","2025-05-23 12:01:31","","","","",null
"16857118866877072647328","866877072647328","866877072647328",16857118,"10433748",1,"Active",1,"Online","1.0.0","IoT Device","2025-05-23 10:56:03","2025-05-23 10:56:23","2025-05-23 10:56:23","","","","",null
"16857118866877072650082","866877072650082","866877072650082",16857118,"10433748",1,"Active",1,"Online","1.0.0","IoT Device","2025-05-23 10:56:03","2025-05-23 10:56:05","2025-05-23 10:56:05","","","","",null
"16857118866877072641826","866877072641826","866877072641826",16857118,"10433748",1,"Active",1,"Online","1.0.0","IoT Device","2025-05-23 10:32:37","2025-05-23 10:34:10","2025-05-23 10:34:10","","","","",null
"16857118866877072653748","866877072653748","866877072653748",16857118,"10433748",1,"Active",1,"Online","1.0.0","IoT Device","2025-05-23 10:24:11","2025-05-23 10:24:13","2025-05-23 10:24:13","","","","",null
"16857118866877072659828","866877072659828","866877072659828",16857118,"10433748",1,"Active",1,"Online","1.0.0","IoT Device","2025-05-23 10:24:11","2025-05-23 10:24:14","2025-05-23 10:24:14","","","","",null
"16857118866877072656105","866877072656105","866877072656105",16857118,"10433748",1,"Active",1,"Online","1.0.0","IoT Device","2025-05-22 16:46:46","2025-05-22 16:49:30","2025-05-22 16:49:30","","","","",null
"16857118866207075007835","866207075007835","866207075007835",16857118,"10433748",1,"Active",1,"Online","1.0.0","IoT Device","2025-05-20 16:06:51","2025-05-20 16:07:01","2025-05-20 16:07:01","","","","",null
"16857118866207075448674","866207075448674","866207075448674",16857118,"10433748",1,"Active",1,"Online","1.0.0","IoT Device","2025-05-20 16:06:51","2025-05-20 16:06:54","2025-05-20 16:06:54","","","","",null
"16857118866207075366876","866207075366876","866207075366876",16857118,"10433748",1,"Active",1,"Online","1.0.0","IoT Device","2025-05-20 11:33:56","2025-05-20 11:34:14","2025-05-20 11:34:14","","","","",null
"16857118866877072621588","866877072621588","866877072621588",16857118,"10433748",1,"Active",1,"Online","1.0.0","IoT Device","2025-04-29 16:19:37","2025-04-29 16:30:18","2025-04-29 16:30:18","","","","",null
"16857118866207075010110","866207075010110","866207075010110",16857118,"10433748",1,"Active",1,"Online","1.0.0","IoT Device","2025-04-29 15:32:45","2025-04-29 15:36:36","2025-04-29 15:36:36","","","","",null
"16857118866877072647286","866877072647286","866877072647286",16857118,"10433748",1,"Active",1,"Online","1.0.0","IoT Device","2025-04-29 15:22:48","2025-04-29 15:26:59","2025-04-29 15:26:59","","","","",null
"16857118866877072645504","866877072645504","866877072645504",16857118,"10433748",1,"Active",1,"Online","1.0.0","IoT Device","2025-04-29 15:17:46","2025-04-29 15:18:49","2025-04-29 15:18:49","","","","",null
"16857118866877072647245","866877072647245","866877072647245",16857118,"10433748",1,"Active",1,"Online","1.0.0","IoT Device","2025-04-29 15:10:09","2025-04-29 15:13:12","2025-04-29 15:13:12","","","","",null
"16857118866877072641669","866877072641669","866877072641669",16857118,"10433748",1,"Active",2,"Offline","1.0.0","IoT Device","2025-04-29 15:01:46","2025-04-29 15:03:51","2025-04-29 15:03:51","","","","",null
"16857118866207075440192","866207075440192","866207075440192",16857118,"10433748",1,"Active",1,"Online","1.0.0","IoT Device","2025-04-27 09:22:03","2025-04-27 11:54:05","2025-04-27 11:54:05","","","","",null
"16857118866207075492953","866207075492953","866207075492953",16857118,"10433748",1,"Active",1,"Online","1.0.0","IoT Device","2025-04-22 12:30:02","2025-04-22 12:30:17","2025-04-22 12:30:17","","","","",null
"16857118866207075442271","866207075442271","866207075442271",16857118,"10433748",1,"Active",2,"Offline","1.0.0","IoT Device","2025-04-17 14:12:02","2025-04-17 14:16:17","2025-04-17 14:16:17","","","","",null
"16857118866207075363915","866207075363915","866207075363915",16857118,"10433748",1,"Active",1,"Online","1.0.0","IoT Device","2025-04-11 16:45:56","2025-04-11 16:46:12","2025-04-11 16:46:12","","","","",null
"16857118866207075445878","866207075445878","866207075445878",16857118,"10433748",1,"Active",1,"Online","1.0.0","IoT Device","2025-04-11 16:23:01","2025-04-11 16:23:12","2025-04-11 16:23:12","","","","",null
"16857118866207075009971","866207075009971","866207075009971",16857118,"10433748",1,"Active",1,"Online","1.0.0","IoT Device","2025-04-11 13:46:13","2025-04-11 13:46:23","2025-04-11 13:46:23","","","","",null
"16857118866207075411490","866207075411490","866207075411490",16857118,"10433748",1,"Active",1,"Online","1.0.0","IoT Device","2025-04-11 09:51:05","2025-04-11 09:51:17","2025-04-11 09:51:17","","","","",null
"16857118866207075009419","866207075009419","866207075009419",16857118,"10433748",1,"Active",1,"Online","1.0.0","IoT Device","2025-04-11 09:18:08","2025-04-11 09:18:22","2025-04-11 09:18:22","","","","",null
"16857118866207075411458","866207075411458","866207075411458",16857118,"10433748",1,"Active",1,"Online","1.0.0","IoT Device","2025-04-10 15:39:47","2025-04-10 15:39:59","2025-04-10 15:39:59","","","","",null
"16857118866207075365894","866207075365894","866207075365894",16857118,"10433748",1,"Active",1,"Online","1.0.0","IoT Device","2025-04-10 13:52:00","2025-04-10 13:52:13","2025-04-10 13:52:13","","","","",null
"16857118866207075440614","866207075440614","866207075440614",16857118,"10433748",1,"Active",1,"Online","1.0.0","IoT Device","2025-04-10 10:20:31","2025-04-10 10:20:42","2025-04-10 10:20:42","","","","",null
"16857118866207075366595","866207075366595","866207075366595",16857118,"10433748",1,"Active",1,"Online","1.0.0","IoT Device","2025-04-02 15:01:18","2025-04-02 15:01:29","2025-04-02 15:01:29","","","","",null
"16857118866207075009757","866207075009757","866207075009757",16857118,"10433748",1,"Active",1,"Online","1.0.0","IoT Device","2025-03-24 11:48:05","2025-03-24 11:48:32","2025-03-24 11:48:32","","","","",null
"16857118866207075009211","866207075009211","866207075009211",16857118,"10433748",1,"Active",2,"Offline","1.0.0","IoT Device","2025-02-25 16:11:28","2025-02-25 16:30:17","2025-02-25 16:30:17","","","","",null
"16857118866207075363378","866207075363378","866207075363378",16857118,"10433748",1,"Active",2,"Offline","1.0.0","IoT Device","2025-02-21 14:29:33","2025-02-21 14:29:41","2025-02-21 14:29:41","","","","",null
"16857118866207075445472","866207075445472","866207075445472",16857118,"10433748",1,"Active",2,"Offline","1.0.0","IoT Device","2025-02-13 10:51:55","2025-02-13 10:52:14","2025-02-13 10:52:14","","","","",null
"16857118866207075447536","866207075447536","866207075447536",16857118,"10433748",1,"Active",1,"Online","1.0.0","IoT Device","2025-02-13 10:29:48","2025-02-13 10:30:01","2025-02-13 10:30:01","","","","",null
"16857118866207075410856","866207075410856","866207075410856",16857118,"10433748",1,"Active",2,"Offline","1.0.0","IoT Device","2025-02-12 11:06:41","2025-02-12 11:08:03","2025-02-12 11:08:03","","","","",null
"16857118866207075363873","866207075363873","866207075363873",16857118,"10433748",0,"Inactive",1,"Online","1.0.0","IoT Device","2025-01-18 11:56:01","","","","","","",null
"16857118866207075002299","866207075002299","866207075002299",16857118,"10433748",1,"Active",1,"Online","1.0.0","IoT Device","2025-01-17 18:57:50","2025-01-17 18:58:04","2025-01-17 18:58:04","","","","",null
"16857118866207075443915","866207075443915","866207075443915",16857118,"10433748",1,"Active",1,"Online","1.0.0","IoT Device","2025-01-17 18:49:33","2025-02-01 02:12:34","2025-02-01 02:12:34","","","","",null
"16857118866207075010078","866207075010078","866207075010078",16857118,"10433748",1,"Active",1,"Online","1.0.0","IoT Device","2025-01-17 18:49:33","2025-01-17 18:49:45","2025-01-17 18:49:45","","","","",null
"16857118866207075007876","866207075007876","866207075007876",16857118,"10433748",1,"Active",1,"Online","1.0.0","IoT Device","2025-01-17 10:03:17","2025-01-17 10:03:32","2025-01-17 10:03:32","","","","",null
"16857118866207075441836","866207075441836","866207075441836",16857118,"10433748",1,"Active",1,"Online","1.0.0","IoT Device","2024-12-24 15:11:02","2024-12-24 15:11:16","2024-12-24 15:11:16","","","","",null
"16857118866207075008650","866207075008650","866207075008650",16857118,"10433748",1,"Active",2,"Offline","1.0.0","IoT Device","2024-12-23 15:09:14","2026-01-09 15:57:42","2026-01-09 15:57:42","","","","",null
"16857118866207075442172","866207075442172","866207075442172",16857118,"10433748",1,"Active",1,"Online","1.0.0","IoT Device","2024-12-16 10:44:01","2024-12-16 10:44:14","2024-12-16 10:44:14","","","","",null
"16857118866207075009997","866207075009997","866207075009997",16857118,"10433748",1,"Active",1,"Online","1.0.0","IoT Device","2024-12-16 10:44:01","2024-12-16 10:44:14","2024-12-16 10:44:14","","","","",null
"16857118866207075492979","866207075492979","866207075492979",16857118,"10433748",0,"Inactive",1,"Online","1.0.0","IoT Device","2024-12-09 09:27:40","","","","","","",null
"16857118866207075010037","866207075010037","866207075010037",16857118,"10433748",1,"Active",1,"Online","1.0.0","IoT Device","2024-12-02 16:20:30","2024-12-02 16:36:05","2024-12-02 16:36:05","","","","",null
"16857118866207075440234","866207075440234","866207075440234",16857118,"10433748",1,"Active",2,"Offline","1.0.0","IoT Device","2024-12-02 16:20:29","2024-12-02 16:24:20","2024-12-02 16:24:20","","","","",null
"16857118866207075366918","866207075366918","866207075366918",16857118,"10433748",1,"Active",1,"Online","1.0.0","IoT Device","2024-12-02 16:20:29","2024-12-02 16:31:41","2024-12-02 16:31:41","","","","",null
"16857118866207075441497","866207075441497","866207075441497",16857118,"10433748",1,"Active",1,"Online","1.0.0","IoT Device","2024-12-02 16:20:29","2024-12-02 16:28:18","2024-12-02 16:28:18","","","","",null
"16857118866207075008197","866207075008197","866207075008197",16857118,"10433748",1,"Active",1,"Online","1.0.0","IoT Device","2024-12-02 09:24:06","2024-12-02 09:24:09","2024-12-02 09:24:09","","","","",null
"16857118866207075442917","866207075442917","866207075442917",16857118,"10433748",1,"Active",1,"Online","1.0.0","IoT Device","2024-11-27 16:23:23","2024-11-27 16:23:25","2024-11-27 16:23:25","","","","",null
"16857118866207075001317","866207075001317","866207075001317",16857118,"10433748",1,"Active",1,"Online","1.0.0","IoT Device","2024-11-22 09:15:55","2024-11-22 09:16:05","2024-11-22 09:16:05","","","","",null
"16857118866207075445852","866207075445852","866207075445852",16857118,"10433748",1,"Active",1,"Online","1.0.0","IoT Device","2024-11-22 09:09:34","2024-11-22 09:09:37","2024-11-22 09:09:37","","","","",null
"16857118866207075411151","866207075411151","866207075411151",16857118,"10433748",1,"Active",2,"Offline","1.0.0","IoT Device","2024-11-22 09:09:34","2024-11-22 09:09:51","2024-11-22 09:09:51","","","","",null
"16857118866207075442073","866207075442073","866207075442073",16857118,"10433748",1,"Active",1,"Online","1.0.0","IoT Device","2024-11-22 09:09:33","2024-11-22 09:10:27","2024-11-22 09:10:27","","","","",null
"16857118866207075493159","866207075493159","866207075493159",16857118,"10433748",1,"Active",2,"Offline","1.0.0","IoT Device","2024-11-11 13:42:10","2024-11-11 14:03:19","2024-11-11 14:03:19","","","","",null
"16857118866207075441596","866207075441596","866207075441596",16857118,"10433748",1,"Active",2,"Offline","1.0.0","IoT Device","2024-11-11 13:42:10","2024-11-11 14:04:58","2024-11-11 14:04:58","","","","",null
"16857118866207075363139","866207075363139","866207075363139",16857118,"10433748",1,"Active",1,"Online","1.0.0","IoT Device","2024-11-11 09:18:41","2024-11-11 09:18:45","2024-11-11 09:18:45","","","","",null
"16857118866207075447379","866207075447379","866207075447379",16857118,"10433748",1,"Active",1,"Online","1.0.0","IoT Device","2024-11-06 14:21:55","2024-11-06 14:22:37","2024-11-06 14:22:37","","","","",null
"16857118866207075008379","866207075008379","866207075008379",16857118,"10433748",1,"Active",1,"Online","1.0.0","IoT Device","2024-11-06 13:40:40","2024-11-06 13:41:03","2024-11-06 13:41:03","","","","",null
"16857118860497077593884","860497077593884","860497077593884",16857118,"10433748",1,"Active",1,"Online","1.0.0","IoT Device","2024-11-05 13:45:42","2024-11-05 14:00:28","2024-11-05 14:00:28","","","","",null
"16857118866207075441950","866207075441950","866207075441950",16857118,"10433748",1,"Active",1,"Online","1.0.0","IoT Device","2024-11-04 10:01:15","2024-11-04 10:01:28","2024-11-04 10:01:28","","","","",null
"16857118866207075444335","866207075444335","866207075444335",16857118,"10433748",1,"Active",1,"Online","1.0.0","IoT Device","2024-10-29 17:19:18","2024-10-29 17:19:26","2024-10-29 17:19:26","","","","",null
"16857118866207075440598","866207075440598","866207075440598",16857118,"10433748",1,"Active",1,"Online","1.0.0","IoT Device","2024-10-29 16:38:52","2024-10-29 16:39:07","2024-10-29 16:39:07","","","","",null
"16857118866207075324750","866207075324750","866207075324750",16857118,"10433748",1,"Active",1,"Online","1.0.0","IoT Device","2024-10-28 14:16:45","2024-10-28 14:16:58","2024-10-28 14:16:58","","","","",null
"16857118886207075448435","886207075448435","886207075448435",16857118,"10433748",0,"Inactive",1,"Online","1.0.0","IoT Device","2024-10-28 14:16:45","","","","","","",null
"16857118866207075002273","866207075002273","866207075002273",16857118,"10433748",1,"Active",1,"Online","1.0.0","IoT Device","2024-10-28 13:55:10","2024-10-28 13:55:30","2024-10-28 13:55:30","","","","",null
"16857118866207075001994","866207075001994","866207075001994",16857118,"10433748",1,"Active",1,"Online","1.0.0","IoT Device","2024-10-28 13:55:10","2024-10-28 13:55:13","2024-10-28 13:55:13","","","","",null
"16857118866207075362859","866207075362859","866207075362859",16857118,"10433748",1,"Active",1,"Online","1.0.0","IoT Device","2024-10-24 15:25:05","2024-10-24 16:35:03","2024-10-24 16:35:03","","","","",null
"16857118866207075002455","866207075002455","866207075002455",16857118,"10433748",1,"Active",1,"Online","1.0.0","IoT Device","2024-10-24 15:25:05","2024-10-24 15:25:18","2024-10-24 15:25:18","","","","",null
"16857118866207075442370","866207075442370","866207075442370",16857118,"10433748",1,"Active",1,"Online","1.0.0","IoT Device","2024-10-24 15:24:07","2024-10-24 15:24:08","2024-10-24 15:24:08","","","","",null
"16857118866207075443253","866207075443253","866207075443253",16857118,"10433748",1,"Active",1,"Online","1.0.0","IoT Device","2024-10-22 09:14:19","2024-10-22 09:14:19","2024-10-22 09:14:19","","","","",null
"16857118866207075442156","866207075442156","866207075442156",16857118,"10433748",1,"Active",1,"Online","1.0.0","IoT Device","2024-10-19 16:10:32","2024-10-19 16:10:55","2024-10-19 16:10:55","","","","",null
"16857118866207075007819","866207075007819","866207075007819",16857118,"10433748",1,"Active",1,"Online","1.0.0","IoT Device","2024-10-19 16:03:15","2024-10-19 16:04:16","2024-10-19 16:04:16","","","","",null
"16857118866207075445274","866207075445274","866207075445274",16857118,"10433748",1,"Active",1,"Online","1.0.0","IoT Device","2024-10-15 10:06:13","2024-10-15 10:06:20","2024-10-15 10:06:20","","","","",null
"16857118866207075292635","866207075292635","866207075292635",16857118,"10433748",1,"Active",1,"Online","1.0.0","IoT Device","2024-10-15 10:01:22","2024-10-15 10:01:28","2024-10-15 10:01:28","","","","",null
"16857118866207075001655","866207075001655","866207075001655",16857118,"10433748",1,"Active",1,"Online","1.0.0","IoT Device","2024-10-15 09:19:40","2024-10-15 09:20:19","2024-10-15 09:20:19","","","","",null
"16857118866207075411011","866207075411011","866207075411011",16857118,"10433748",1,"Active",1,"Online","1.0.0","IoT Device","2024-10-14 10:45:06","2024-11-02 22:33:25","2024-11-02 22:33:25","","","","",null
"16857118866207075443998","866207075443998","866207075443998",16857118,"10433748",1,"Active",1,"Online","1.0.0","IoT Device","2024-10-08 11:36:02","2024-10-08 18:58:53","2024-10-08 18:58:53","","","","",null
"16857118866207075008312","866207075008312","866207075008312",16857118,"10433748",1,"Active",1,"Online","1.0.0","IoT Device","2024-10-08 10:06:53","2024-10-08 10:06:55","2024-10-08 10:06:55","","","","",null
"16857118866207075364079","866207075364079","866207075364079",16857118,"10433748",1,"Active",1,"Online","1.0.0","IoT Device","2024-10-08 10:02:22","2024-10-08 10:22:01","2024-10-08 10:22:01","","","","",null
"16857118866207075292395","866207075292395","866207075292395",16857118,"10433748",1,"Active",1,"Online","1.0.0","IoT Device","2024-10-08 09:59:42","2024-10-08 09:59:58","2024-10-08 09:59:58","","","","",null
"16857118866207075008973","866207075008973","866207075008973",16857118,"10433748",1,"Active",1,"Online","1.0.0","IoT Device","2024-10-08 09:41:11","2024-10-14 09:27:17","2024-10-14 09:27:17","","","","",null
"16857118866207075411110","866207075411110","866207075411110",16857118,"10433748",1,"Active",1,"Online","1.0.0","IoT Device","2024-10-08 09:37:09","2024-10-29 14:26:30","2024-10-29 14:26:30","","","","",null
"16857118866207075008296","866207075008296","866207075008296",16857118,"10433748",1,"Active",1,"Online","1.0.0","IoT Device","2024-10-08 09:31:28","2024-10-08 09:31:57","2024-10-08 09:31:57","","","","",null
"16857118866207075363436","866207075363436","866207075363436",16857118,"10433748",1,"Active",1,"Online","1.0.0","IoT Device","2024-09-30 14:55:18","2024-09-30 14:55:37","2024-09-30 14:55:37","","","","",null
"16857118866207075365811","866207075365811","866207075365811",16857118,"10433748",1,"Active",1,"Online","1.0.0","IoT Device","2024-09-30 14:55:18","2024-09-30 14:55:19","2024-09-30 14:55:19","","","","",null
"16857118866207075492219","866207075492219","866207075492219",16857118,"10433748",1,"Active",1,"Online","1.0.0","IoT Device","2024-09-30 14:55:18","2024-09-30 14:55:24","2024-09-30 14:55:24","","","","",null
"16857118866207075445670","866207075445670","866207075445670",16857118,"10433748",1,"Active",1,"Online","1.0.0","IoT Device","2024-09-30 14:55:18","2024-09-30 14:55:30","2024-09-30 14:55:30","","","","",null
"16857118860497077621685","860497077621685","860497077621685",16857118,"10433748",1,"Active",1,"Online","1.0.0","IoT Device","2024-09-29 09:06:43","2024-09-29 09:06:46","2024-09-29 09:06:46","","","","",null
"16857118866207075002653","866207075002653","866207075002653",16857118,"10433748",1,"Active",1,"Online","1.0.0","IoT Device","2024-09-27 15:47:32","2024-09-27 15:47:37","2024-09-27 15:47:37","","","","",null
"16857118866207075008494","866207075008494","866207075008494",16857118,"10433748",1,"Active",1,"Online","1.0.0","IoT Device","2024-09-26 13:40:36","2024-09-26 13:40:59","2024-09-26 13:40:59","","","","",null
"16857118866207075440630","866207075440630","866207075440630",16857118,"10433748",1,"Active",1,"Online","1.0.0","IoT Device","2024-09-24 16:36:27","2024-09-24 16:36:33","2024-09-24 16:36:33","","","","",null
"16857118866207075441430","866207075441430","866207075441430",16857118,"10433748",1,"Active",2,"Offline","1.0.0","IoT Device","2024-09-24 16:34:04","2024-09-24 16:34:08","2024-09-24 16:34:08","","","","",null
"16857118866207075008957","866207075008957","866207075008957",16857118,"10433748",1,"Active",1,"Online","1.0.0","IoT Device","2024-09-24 16:19:59","2024-09-24 16:20:14","2024-09-24 16:20:14","","","","",null
"16857118866207075363253","866207075363253","866207075363253",16857118,"10433748",1,"Active",1,"Online","1.0.0","IoT Device","2024-09-24 15:47:51","2024-09-24 15:47:51","2024-09-24 15:47:51","","","","",null
"16857118860497077632534","860497077632534","860497077632534",16857118,"10433748",0,"Inactive",1,"Online","1.0.0","IoT Device","2024-09-24 15:40:25","","","","","","",null
"16857118866207075440978","866207075440978","866207075440978",16857118,"10433748",1,"Active",1,"Online","1.0.0","IoT Device","2024-09-24 15:40:25","2024-09-24 16:02:57","2024-09-24 16:02:57","","","","",null
"16857118866207075411730","866207075411730","866207075411730",16857118,"10433748",1,"Active",1,"Online","1.0.0","IoT Device","2024-09-23 11:33:57","2024-09-23 11:34:02","2024-09-23 11:34:02","","","","",null
"16857118866207075002117","866207075002117","866207075002117",16857118,"10433748",1,"Active",1,"Online","1.0.0","IoT Device","2024-09-23 11:07:12","2024-09-25 03:37:32","2024-09-25 03:37:32","","","","",null
"16857118866207075411177","866207075411177","866207075411177",16857118,"10433748",1,"Active",1,"Online","1.0.0","IoT Device","2024-09-23 10:37:02","2024-11-04 15:58:03","2024-11-04 15:58:03","","","","",null
"16857118866207075443410","866207075443410","866207075443410",16857118,"10433748",1,"Active",2,"Offline","1.0.0","IoT Device","2024-09-23 10:31:21","2024-11-04 09:34:30","2024-11-04 09:34:30","","","","",null
"16857118866207075448872","866207075448872","866207075448872",16857118,"10433748",1,"Active",1,"Online","1.0.0","IoT Device","2024-09-23 10:24:21","2024-09-23 10:24:30","2024-09-23 10:24:30","","","","",null
"16857118865596060053866","865596060053866","865596060053866",16857118,"10433748",1,"Active",2,"Offline","1.0.0","IoT Device","2024-09-18 15:35:47","2024-09-18 15:39:34","2024-09-18 15:39:34","","","","",null
"16857118865596060054039","865596060054039","865596060054039",16857118,"10433748",1,"Active",2,"Offline","1.0.0","IoT Device","2024-09-18 14:02:48","2024-09-18 14:09:04","2024-09-18 14:09:04","","","","",null
"16857118865596060053874","865596060053874","865596060053874",16857118,"10433748",1,"Active",2,"Offline","1.0.0","IoT Device","2024-09-18 14:02:48","2024-09-18 14:12:14","2024-09-18 14:12:14","","","","",null
"16857118865596060053619","865596060053619","865596060053619",16857118,"10433748",1,"Active",2,"Offline","1.0.0","IoT Device","2024-09-18 14:02:47","2024-09-18 14:03:19","2024-09-18 14:03:19","","","","",null
"16857118865596060054070","865596060054070","865596060054070",16857118,"10433748",1,"Active",2,"Offline","1.0.0","IoT Device","2024-09-18 14:02:47","2024-09-18 14:10:32","2024-09-18 14:10:32","","","","",null
"16857118866207075009179","866207075009179","866207075009179",16857118,"10433748",1,"Active",2,"Offline","1.0.0","IoT Device","2024-09-10 09:22:10","2024-09-10 09:30:26","2024-09-10 09:30:26","","","","",null
"16857118866207075367197","866207075367197","866207075367197",16857118,"10433748",1,"Active",1,"Online","1.0.0","IoT Device","2024-09-02 19:28:02","2024-09-02 19:28:23","2024-09-02 19:28:23","","","","",null
"16857118866207075440556","866207075440556","866207075440556",16857118,"10433748",1,"Active",1,"Online","1.0.0","IoT Device","2024-09-02 19:26:03","2024-09-02 19:26:07","2024-09-02 19:26:07","","","","",null
"16857118866207075367072","866207075367072","866207075367072",16857118,"10433748",1,"Active",1,"Online","1.0.0","IoT Device","2024-09-02 19:26:03","2024-09-02 19:26:18","2024-09-02 19:26:18","","","","",null
"16857118866207075410773","866207075410773","866207075410773",16857118,"10433748",1,"Active",1,"Online","1.0.0","IoT Device","2024-09-02 18:49:26","2024-09-02 18:57:40","2024-09-02 18:57:40","","","","",null
"16857118866207075444897","866207075444897","866207075444897",16857118,"10433748",1,"Active",1,"Online","1.0.0","IoT Device","2024-09-02 18:49:26","2024-09-02 18:55:32","2024-09-02 18:55:32","","","","",null
"16857118866207075001176","866207075001176","866207075001176",16857118,"10433748",0,"Inactive",1,"Online","1.0.0","IoT Device","2024-09-02 09:52:11","","","","","","",null
"16857118866207075446157","866207075446157","866207075446157",16857118,"10433748",1,"Active",1,"Online","1.0.0","IoT Device","2024-08-30 09:11:35","2024-08-30 09:34:29","2024-08-30 09:34:29","","","","",null
"16857118860497077621701","860497077621701","860497077621701",16857118,"10433748",1,"Active",1,"Online","1.0.0","IoT Device","2024-08-30 09:09:51","2024-08-30 09:10:00","2024-08-30 09:10:00","","","","",null
"16857118866207075008890","866207075008890","866207075008890",16857118,"10433748",1,"Active",1,"Online","1.0.0","IoT Device","2024-08-22 14:53:44","2024-08-22 14:53:47","2024-08-22 14:53:47","","","","",null
"16857118866207075002059","866207075002059","866207075002059",16857118,"10433748",1,"Active",1,"Online","1.0.0","IoT Device","2024-08-22 14:53:44","2024-08-22 14:53:48","2024-08-22 14:53:48","","","","",null
"16857118866207075447296","866207075447296","866207075447296",16857118,"10433748",1,"Active",1,"Online","1.0.0","IoT Device","2024-08-14 14:19:03","2024-08-14 14:27:04","2024-08-14 14:27:04","","","","",null
"16857118866207075002331","866207075002331","866207075002331",16857118,"10433748",1,"Active",1,"Online","1.0.0","IoT Device","2024-08-06 18:14:52","2025-05-26 14:26:44","2025-05-26 14:26:44","","","","",null
"16857118866207975002174","866207975002174","866207975002174",16857118,"10433748",0,"Inactive",1,"Online","1.0.0","IoT Device","2024-08-06 18:14:52","","","","","","",null
"16857118866207075410898","866207075410898","866207075410898",16857118,"10433748",1,"Active",1,"Online","1.0.0","IoT Device","2024-08-06 18:14:52","2025-05-26 14:37:35","2025-05-26 14:37:35","","","","",null
"16857118866207075008098","866207075008098","866207075008098",16857118,"10433748",1,"Active",1,"Online","1.0.0","IoT Device","2024-08-06 18:14:52","2025-05-26 14:38:12","2025-05-26 14:38:12","","","","",null
"16857118866207075010730","866207075010730","866207075010730",16857118,"10433748",1,"Active",1,"Online","1.0.0","IoT Device","2024-08-06 18:12:42","2025-05-26 14:50:45","2025-05-26 14:50:45","","","","",null
"16857118866207075448633","866207075448633","866207075448633",16857118,"10433748",1,"Active",1,"Online","1.0.0","IoT Device","2024-08-06 18:12:42","2025-05-26 14:50:12","2025-05-26 14:50:12","","","","",null
"16857118866207075010573","866207075010573","866207075010573",16857118,"10433748",1,"Active",1,"Online","1.0.0","IoT Device","2024-08-06 12:48:26","2025-05-26 15:08:54","2025-05-26 15:08:54","","","","",null
"16857118866207075010771","866207075010771","866207075010771",16857118,"10433748",1,"Active",1,"Online","1.0.0","IoT Device","2024-08-06 12:48:26","2025-05-26 15:09:31","2025-05-26 15:09:31","","","","",null
"16857118866207075442313","866207075442313","866207075442313",16857118,"10433748",1,"Active",1,"Online","1.0.0","IoT Device","2024-08-06 09:42:57","2024-08-06 09:43:10","2024-08-06 09:43:10","","","","",null
"16857118866207075007710","866207075007710","866207075007710",16857118,"10433748",1,"Active",1,"Online","1.0.0","IoT Device","2024-08-02 17:18:07","2024-08-02 17:18:08","2024-08-02 17:18:08","","","","",null
"16857118866207075007538","866207075007538","866207075007538",16857118,"10433748",1,"Active",1,"Online","1.0.0","IoT Device","2024-08-02 15:06:25","2024-08-02 15:06:35","2024-08-02 15:06:35","","","","",null
"16857118866207075447494","866207075447494","866207075447494",16857118,"10433748",1,"Active",1,"Online","1.0.0","IoT Device","2024-08-02 14:26:05","2024-08-02 14:26:11","2024-08-02 14:26:11","","","","",null
"16857118866207075444459","866207075444459","866207075444459",16857118,"10433748",1,"Active",1,"Online","1.0.0","IoT Device","2024-08-02 14:26:05","2024-08-02 14:26:18","2024-08-02 14:26:18","","","","",null
"16857118866207075007850","866207075007850","866207075007850",16857118,"10433748",1,"Active",1,"Online","1.0.0","IoT Device","2024-08-02 11:25:20","2024-08-02 11:25:25","2024-08-02 11:25:25","","","","",null
"16857118866207075366835","866207075366835","866207075366835",16857118,"10433748",1,"Active",1,"Online","1.0.0","IoT Device","2024-08-02 11:25:20","2024-08-02 11:25:37","2024-08-02 11:25:37","","","","",null
"16857118866207075002414","866207075002414","866207075002414",16857118,"10433748",1,"Active",1,"Online","1.0.0","IoT Device","2024-08-01 17:16:02","2024-08-01 17:16:13","2024-08-01 17:16:13","","","","",null
"16857118866207075411219","866207075411219","866207075411219",16857118,"10433748",1,"Active",1,"Online","1.0.0","IoT Device","2024-08-01 16:06:48","2024-08-16 15:42:42","2024-08-16 15:42:42","","","","",null
"16857118866207075001135","866207075001135","866207075001135",16857118,"10433748",1,"Active",1,"Online","1.0.0","IoT Device","2024-08-01 15:35:15","2024-08-01 15:35:30","2024-08-01 15:35:30","","","","",null
"16857118866207075448831","866207075448831","866207075448831",16857118,"10433748",1,"Active",1,"Online","1.0.0","IoT Device","2024-08-01 15:35:15","2024-08-01 15:35:27","2024-08-01 15:35:27","","","","",null
"16857118866207075444657","866207075444657","866207075444657",16857118,"10433748",1,"Active",2,"Offline","1.0.0","IoT Device","2024-08-01 15:17:29","2024-08-01 15:18:06","2024-08-01 15:18:06","","","","",null
"16857118866207075447916","866207075447916","866207075447916",16857118,"10433748",1,"Active",1,"Online","1.0.0","IoT Device","2024-08-01 15:14:09","2024-08-01 15:14:14","2024-08-01 15:14:14","","","","",null
"16857118866207075365738","866207075365738","866207075365738",16857118,"10433748",1,"Active",2,"Offline","1.0.0","IoT Device","2024-08-01 15:14:09","2024-08-01 15:14:33","2024-08-01 15:14:33","","","","",null
"16857118866207075001895","866207075001895","866207075001895",16857118,"10433748",1,"Active",2,"Offline","1.0.0","IoT Device","2024-08-01 14:52:08","2024-08-01 14:53:31","2024-08-01 14:53:31","","","","",null
"16857118866207075443873","866207075443873","866207075443873",16857118,"10433748",1,"Active",1,"Online","1.0.0","IoT Device","2024-08-01 14:51:22","2024-08-01 14:51:26","2024-08-01 14:51:26","","","","",null
"16857118866207075441653","866207075441653","866207075441653",16857118,"10433748",1,"Active",2,"Offline","1.0.0","IoT Device","2024-08-01 14:51:22","2024-08-01 14:51:24","2024-08-01 14:51:24","","","","",null
"16857118866207075008551","866207075008551","866207075008551",16857118,"10433748",1,"Active",2,"Offline","1.0.0","IoT Device","2024-08-01 14:36:43","2024-08-01 14:36:56","2024-08-01 14:36:56","","","","",null
"16857118866207075442479","866207075442479","866207075442479",16857118,"10433748",1,"Active",1,"Online","1.0.0","IoT Device","2024-08-01 14:34:58","2024-08-01 14:35:09","2024-08-01 14:35:09","","","","",null
"16857118866207075443212","866207075443212","866207075443212",16857118,"10433748",1,"Active",2,"Offline","1.0.0","IoT Device","2024-08-01 14:34:58","2024-08-01 14:35:11","2024-08-01 14:35:11","","","","",null
"16857118866207075008254","866207075008254","866207075008254",16857118,"10433748",1,"Active",1,"Online","1.0.0","IoT Device","2024-08-01 14:22:11","2024-08-01 14:22:53","2024-08-01 14:22:53","","","","",null
"16857118866207075007892","866207075007892","866207075007892",16857118,"10433748",1,"Active",1,"Online","1.0.0","IoT Device","2024-08-01 14:22:10","2024-08-01 14:22:34","2024-08-01 14:22:34","","","","",null
"16857118866207075001333","866207075001333","866207075001333",16857118,"10433748",1,"Active",1,"Online","1.0.0","IoT Device","2024-07-30 13:08:13","2025-05-29 09:25:26","2025-05-29 09:25:26","","","","",null
"16857118866207075008114","866207075008114","866207075008114",16857118,"10433748",1,"Active",2,"Offline","1.0.0","IoT Device","2024-07-30 13:05:46","2024-07-30 13:05:52","2024-07-30 13:05:52","","","","",null
"16857118866207075441992","866207075441992","866207075441992",16857118,"10433748",1,"Active",2,"Offline","1.0.0","IoT Device","2024-07-30 12:31:47","2024-07-30 12:31:47","2024-07-30 12:31:47","","","","",null
"16857118866207075441539","866207075441539","866207075441539",16857118,"10433748",1,"Active",1,"Online","1.0.0","IoT Device","2024-07-30 12:31:47","2024-08-17 17:36:33","2024-08-17 17:36:33","","","","",null
"16857118866207075443675","866207075443675","866207075443675",16857118,"10433748",1,"Active",1,"Online","1.0.0","IoT Device","2024-07-30 12:07:13","2024-07-30 12:07:14","2024-07-30 12:07:14","","","","",null
"16857118866207075362974","866207075362974","866207075362974",16857118,"10433748",1,"Active",1,"Online","1.0.0","IoT Device","2024-07-30 12:07:13","2024-07-30 12:07:23","2024-07-30 12:07:23","","","","",null
"16857118866207075447338","866207075447338","866207075447338",16857118,"10433748",1,"Active",1,"Online","1.0.0","IoT Device","2024-07-30 11:31:24","2024-07-30 11:32:57","2024-07-30 11:32:57","","","","",null
"16857118866207075410955","866207075410955","866207075410955",16857118,"10433748",1,"Active",1,"Online","1.0.0","IoT Device","2024-07-30 11:31:24","2024-07-30 11:34:36","2024-07-30 11:34:36","","","","",null
"16857118866207075442453","866207075442453","866207075442453",16857118,"10433748",1,"Active",1,"Online","1.0.0","IoT Device","2024-07-30 11:14:31","2024-07-30 11:17:28","2024-07-30 11:17:28","","","","",null
"16857118866207075440937","866207075440937","866207075440937",16857118,"10433748",1,"Active",1,"Online","1.0.0","IoT Device","2024-07-30 11:14:31","2024-07-30 11:17:28","2024-07-30 11:17:28","","","","",null
"16857118866207075007975","866207075007975","866207075007975",16857118,"10433748",1,"Active",1,"Online","1.0.0","IoT Device","2024-07-30 10:58:27","2024-07-30 10:58:43","2024-07-30 10:58:43","","","","",null
"16857118866207075441810","866207075441810","866207075441810",16857118,"10433748",1,"Active",1,"Online","1.0.0","IoT Device","2024-07-30 10:58:27","2024-07-30 11:00:53","2024-07-30 11:00:53","","","","",null
"16857118866207075007793","866207075007793","866207075007793",16857118,"10433748",1,"Active",1,"Online","1.0.0","IoT Device","2024-07-30 10:49:16","2024-07-30 11:04:54","2024-07-30 11:04:54","","","","",null
"16857118866207075363394","866207075363394","866207075363394",16857118,"10433748",1,"Active",2,"Offline","1.0.0","IoT Device","2024-07-30 10:47:48","2024-07-30 10:48:13","2024-07-30 10:48:13","","","","",null
"16857118866207075009013","866207075009013","866207075009013",16857118,"10433748",1,"Active",1,"Online","1.0.0","IoT Device","2024-07-29 17:28:58","2024-07-30 12:04:20","2024-07-30 12:04:20","","","","",null
"16857118866207075443394","866207075443394","866207075443394",16857118,"10433748",1,"Active",1,"Online","1.0.0","IoT Device","2024-07-29 17:17:07","2024-07-29 17:17:25","2024-07-29 17:17:25","","","","",null
"16857118866207075446017","866207075446017","866207075446017",16857118,"10433748",1,"Active",1,"Online","1.0.0","IoT Device","2024-07-29 17:17:07","2024-08-01 18:11:53","2024-08-01 18:11:53","","","","",null
"16857118866207075442230","866207075442230","866207075442230",16857118,"10433748",1,"Active",1,"Online","1.0.0","IoT Device","2024-07-29 17:09:28","2024-07-31 13:08:54","2024-07-31 13:08:54","","","","",null
"16857118866207075443634","866207075443634","866207075443634",16857118,"10433748",1,"Active",1,"Online","1.0.0","IoT Device","2024-07-29 17:04:09","2024-07-29 17:04:30","2024-07-29 17:04:30","","","","",null
"16857118866207075008932","866207075008932","866207075008932",16857118,"10433748",1,"Active",1,"Online","1.0.0","IoT Device","2024-07-29 17:01:45","2024-08-01 18:14:16","2024-08-01 18:14:16","","","","",null
"16857118866207075448518","866207075448518","866207075448518",16857118,"10433748",1,"Active",1,"Online","1.0.0","IoT Device","2024-07-29 16:51:46","2024-07-29 16:53:33","2024-07-29 16:53:33","","","","",null
"16857118866207075010557","866207075010557","866207075010557",16857118,"10433748",1,"Active",1,"Online","1.0.0","IoT Device","2024-07-29 16:51:46","2024-07-29 16:51:50","2024-07-29 16:51:50","","","","",null
"16857118866207075443790","866207075443790","866207075443790",16857118,"10433748",1,"Active",1,"Online","1.0.0","IoT Device","2024-07-29 16:35:37","2024-07-29 16:36:14","2024-07-29 16:36:14","","","","",null
"16857118866207075001937","866207075001937","866207075001937",16857118,"10433748",1,"Active",1,"Online","1.0.0","IoT Device","2024-07-29 16:35:37","2024-07-29 16:36:16","2024-07-29 16:36:16","","","","",null
"16857118866207075000574","866207075000574","866207075000574",16857118,"10433748",1,"Active",1,"Online","1.0.0","IoT Device","2024-07-29 16:34:01","2024-07-29 16:34:10","2024-07-29 16:34:10","","","","",null
"16857118866207075443519","866207075443519","866207075443519",16857118,"10433748",1,"Active",1,"Online","1.0.0","IoT Device","2024-07-29 16:34:01","2024-07-29 16:34:39","2024-07-29 16:34:39","","","","",null
"16857118866207075443550","866207075443550","866207075443550",16857118,"10433748",1,"Active",1,"Online","1.0.0","IoT Device","2024-07-29 16:34:01","2024-07-29 17:33:43","2024-07-29 17:33:43","","","","",null
"16857118866207075008056","866207075008056","866207075008056",16857118,"10433748",1,"Active",1,"Online","1.0.0","IoT Device","2024-07-29 16:34:01","2024-08-02 11:50:06","2024-08-02 11:50:06","","","","",null
"16857118866207075443436","866207075443436","866207075443436",16857118,"10433748",1,"Active",1,"Online","1.0.0","IoT Device","2024-07-29 15:58:51","2024-07-29 15:59:06","2024-07-29 15:59:06","","","","",null
"16857118866207075010193","866207075010193","866207075010193",16857118,"10433748",1,"Active",1,"Online","1.0.0","IoT Device","2024-07-29 15:58:51","2024-07-29 15:58:58","2024-07-29 15:58:58","","","","",null
"16857118866207075008155","866207075008155","866207075008155",16857118,"10433748",1,"Active",1,"Online","1.0.0","IoT Device","2024-07-29 15:58:50","2024-07-29 15:59:04","2024-07-29 15:59:04","","","","",null
"16857118866207075007751","866207075007751","866207075007751",16857118,"10433748",1,"Active",1,"Online","1.0.0","IoT Device","2024-07-29 15:58:50","2024-07-29 15:59:23","2024-07-29 15:59:23","","","","",null
"16857118886207075010276","886207075010276","886207075010276",16857118,"10433748",0,"Inactive",1,"Online","1.0.0","IoT Device","2024-07-29 15:58:50","","","","","","",null
"16857118866207075007934","866207075007934","866207075007934",16857118,"10433748",1,"Active",1,"Online","1.0.0","IoT Device","2024-07-29 15:58:50","2024-07-29 15:59:15","2024-07-29 15:59:15","","","","",null
"16857118866207075445639","866207075445639","866207075445639",16857118,"10433748",1,"Active",2,"Offline","1.0.0","IoT Device","2024-07-29 15:58:50","2024-07-29 15:59:04","2024-07-29 15:59:04","","","","",null
"16857118866207075008692","866207075008692","866207075008692",16857118,"10433748",1,"Active",1,"Online","1.0.0","IoT Device","2024-07-29 15:58:50","2024-07-29 15:58:50","2024-07-29 15:58:50","","","","",null
"16857118866207075442594","866207075442594","866207075442594",16857118,"10433748",1,"Active",1,"Online","1.0.0","IoT Device","2024-07-29 15:58:49","2024-07-29 15:59:03","2024-07-29 15:59:03","","","","",null
"16857118866207075387518","866207075387518","866207075387518",16857118,"10433748",1,"Active",1,"Online","1.0.0","IoT Device","2024-07-29 15:58:49","2024-07-29 15:59:10","2024-07-29 15:59:10","","","","",null
"16857118866207075008171","866207075008171","866207075008171",16857118,"10433748",1,"Active",1,"Online","1.0.0","IoT Device","2024-07-29 15:58:49","2024-07-29 15:58:56","2024-07-29 15:58:56","","","","",null
"16857118866207075442255","866207075442255","866207075442255",16857118,"10433748",1,"Active",1,"Online","1.0.0","IoT Device","2024-07-29 15:58:49","2024-07-29 15:58:56","2024-07-29 15:58:56","","","","",null
"16857118866207075448757","866207075448757","866207075448757",16857118,"10433748",1,"Active",1,"Online","1.0.0","IoT Device","2024-07-29 15:58:49","2024-07-29 17:17:53","2024-07-29 17:17:53","","","","",null
"16857118866207075001853","866207075001853","866207075001853",16857118,"10433748",1,"Active",1,"Online","1.0.0","IoT Device","2024-07-29 15:58:49","2024-07-29 15:58:56","2024-07-29 15:58:56","","","","",null
"16857118866207075447577","866207075447577","866207075447577",16857118,"10433748",1,"Active",1,"Online","1.0.0","IoT Device","2024-07-29 15:58:48","2024-07-29 15:58:58","2024-07-29 15:58:58","","","","",null
"16857118866207075007579","866207075007579","866207075007579",16857118,"10433748",1,"Active",1,"Online","1.0.0","IoT Device","2024-07-29 15:58:48","2024-07-29 15:59:00","2024-07-29 15:59:00","","","","",null
"16857118866207075442552","866207075442552","866207075442552",16857118,"10433748",1,"Active",1,"Online","1.0.0","IoT Device","2024-07-29 15:58:48","2024-07-29 15:59:06","2024-07-29 15:59:06","","","","",null
"16857118866207075440317","866207075440317","866207075440317",16857118,"10433748",1,"Active",1,"Online","1.0.0","IoT Device","2024-07-29 15:58:48","2024-07-29 15:59:00","2024-07-29 15:59:00","","","","",null
"16857118866207075447411","866207075447411","866207075447411",16857118,"10433748",1,"Active",1,"Online","1.0.0","IoT Device","2024-07-29 15:58:48","2024-07-29 15:58:53","2024-07-29 15:58:53","","","","",null
"16857118866207075010052","866207075010052","866207075010052",16857118,"10433748",1,"Active",1,"Online","1.0.0","IoT Device","2024-07-29 15:58:48","2024-07-29 16:07:33","2024-07-29 16:07:33","","","","",null
"16857118866207075442339","866207075442339","866207075442339",16857118,"10433748",1,"Active",2,"Offline","1.0.0","IoT Device","2024-07-28 17:47:46","2025-07-02 11:10:59","2025-07-02 11:10:59","","","","",null
"16857118866207075010516","866207075010516","866207075010516",16857118,"10433748",1,"Active",1,"Online","1.0.0","IoT Device","2024-07-28 17:47:46","2025-01-07 11:19:17","2025-01-07 11:19:17","","","","",null
"16857118866207075008874","866207075008874","866207075008874",16857118,"10433748",1,"Active",2,"Offline","1.0.0","IoT Device","2024-07-28 17:47:46","2025-08-29 17:50:13","2025-08-29 17:50:13","","","","",null
"16857118866207075002570","866207075002570","866207075002570",16857118,"10433748",1,"Active",2,"Offline","1.0.0","IoT Device","2024-07-28 17:47:45","2025-11-25 17:30:49","2025-11-25 17:30:49","","","","",null
"16857118866207075446074","866207075446074","866207075446074",16857118,"10433748",0,"Inactive",1,"Online","1.0.0","IoT Device","2024-07-28 17:47:45","","","","","","",null
"16857118866207075001499","866207075001499","866207075001499",16857118,"10433748",1,"Active",2,"Offline","1.0.0","IoT Device","2024-07-28 17:47:45","2025-09-26 18:24:30","2025-09-26 18:24:30","","","","",null
"16857118866207075001291","866207075001291","866207075001291",16857118,"10433748",1,"Active",2,"Offline","1.0.0","IoT Device","2024-07-28 17:47:45","2024-08-01 17:54:26","2024-08-01 17:54:26","","","","",null
"16857118866207075442297","866207075442297","866207075442297",16857118,"10433748",1,"Active",1,"Online","1.0.0","IoT Device","2024-07-28 17:47:44","2024-07-28 21:57:02","2024-07-28 21:57:02","","","","",null
"16857118866207075174239","866207075174239","866207075174239",16857118,"10433748",1,"Active",1,"Online","1.0.0","IoT Device","2024-07-28 17:47:44","2024-07-28 17:47:56","2024-07-28 17:47:56","","","","",null
"16857118866207075445217","866207075445217","866207075445217",16857118,"10433748",1,"Active",1,"Online","1.0.0","IoT Device","2024-07-28 17:47:44","2024-07-28 17:48:13","2024-07-28 17:48:13","","","","",null
"16857118866207075411037","866207075411037","866207075411037",16857118,"10433748",1,"Active",1,"Online","1.0.0","IoT Device","2024-07-28 17:47:44","2025-01-07 14:15:16","2025-01-07 14:15:16","","","","",null
"16857118866207075008619","866207075008619","866207075008619",16857118,"10433748",1,"Active",1,"Online","1.0.0","IoT Device","2024-07-28 17:47:44","2024-07-28 17:47:52","2024-07-28 17:47:52","","","","",null
"16857118866207075009138","866207075009138","866207075009138",16857118,"10433748",0,"Inactive",1,"Online","1.0.0","IoT Device","2024-07-28 17:47:44","","","","","","",null
"16857118866207075002018","866207075002018","866207075002018",16857118,"10433748",0,"Inactive",1,"Online","1.0.0","IoT Device","2024-07-28 17:47:43","","","","","","",null
"16857118866207075445316","866207075445316","866207075445316",16857118,"10433748",1,"Active",1,"Online","1.0.0","IoT Device","2024-07-28 17:47:43","2024-07-31 12:37:27","2024-07-31 12:37:27","","","","",null
"16857118866207075009732","866207075009732","866207075009732",16857118,"10433748",1,"Active",1,"Online","1.0.0","IoT Device","2024-07-28 17:47:43","2024-07-28 17:47:55","2024-07-28 17:47:55","","","","",null
"16857118866207075001739","866207075001739","866207075001739",16857118,"10433748",1,"Active",1,"Online","1.0.0","IoT Device","2024-07-28 17:47:43","2024-07-28 17:47:46","2024-07-28 17:47:46","","","","",null
"16857118866207075002372","866207075002372","866207075002372",16857118,"10433748",1,"Active",1,"Online","1.0.0","IoT Device","2024-07-28 17:47:43","2024-07-28 17:47:51","2024-07-28 17:47:51","","","","",null
"16857118866207075008916","866207075008916","866207075008916",16857118,"10433748",1,"Active",1,"Online","1.0.0","IoT Device","2024-07-28 17:47:42","2025-03-13 15:17:04","2025-03-13 15:17:04","","","","",null
"16857118866207075008833","866207075008833","866207075008833",16857118,"10433748",1,"Active",1,"Online","1.0.0","IoT Device","2024-07-28 17:47:42","2025-07-31 15:46:19","2025-07-31 15:46:19","","","","",null
"16857118866207075410757","866207075410757","866207075410757",16857118,"10433748",1,"Active",2,"Offline","1.0.0","IoT Device","2024-07-27 11:56:25","2025-01-15 15:31:02","2025-01-15 15:31:02","","","","",null
"16857118866207075445134","866207075445134","866207075445134",16857118,"10433748",1,"Active",1,"Online","1.0.0","IoT Device","2024-07-27 11:56:24","2025-01-15 15:02:26","2025-01-15 15:02:26","","","","",null
"16857118866207075002133","866207075002133","866207075002133",16857118,"10433748",1,"Active",1,"Online","1.0.0","IoT Device","2024-07-27 11:56:24","2024-08-01 09:03:17","2024-08-01 09:03:17","","","","",null
"16857118866207075009575","866207075009575","866207075009575",16857118,"10433748",1,"Active",1,"Online","1.0.0","IoT Device","2024-07-27 11:56:24","2024-07-27 14:57:47","2024-07-27 14:57:47","","","","",null
"16857118866207075444731","866207075444731","866207075444731",16857118,"10433748",1,"Active",1,"Online","1.0.0","IoT Device","2024-07-27 11:56:24","2024-07-27 11:56:30","2024-07-27 11:56:30","","","","",null
"16857118866207075445258","866207075445258","866207075445258",16857118,"10433748",1,"Active",1,"Online","1.0.0","IoT Device","2024-07-27 11:56:24","2024-07-28 11:34:23","2024-07-28 11:34:23","","","","",null
"16857118866207075409551","866207075409551","866207075409551",16857118,"10433748",0,"Inactive",1,"Online","1.0.0","IoT Device","2024-07-27 11:56:24","","","","","","",null
"16857118866207075010433","866207075010433","866207075010433",16857118,"10433748",0,"Inactive",1,"Online","1.0.0","IoT Device","2024-07-27 11:56:23","","","","","","",null
"16857118866207075411052","866207075411052","866207075411052",16857118,"10433748",1,"Active",1,"Online","1.0.0","IoT Device","2024-07-26 19:08:28","2024-07-26 19:09:54","2024-07-26 19:09:54","","","","",null
"16857118866207075002075","866207075002075","866207075002075",16857118,"10433748",1,"Active",1,"Online","1.0.0","IoT Device","2024-07-26 19:08:28","2024-07-26 19:08:52","2024-07-26 19:08:52","","","","",null
"16857118866207075493233","866207075493233","866207075493233",16857118,"10433748",0,"Inactive",1,"Online","1.0.0","IoT Device","2024-07-26 18:25:34","","","","","","",null
"16857118866207075008452","866207075008452","866207075008452",16857118,"10433748",0,"Inactive",1,"Online","1.0.0","IoT Device","2024-07-26 18:25:34","","","","","","",null
"16857118866207075009930","866207075009930","866207075009930",16857118,"10433748",1,"Active",1,"Online","1.0.0","IoT Device","2024-07-26 17:43:36","2024-08-06 04:54:23","2024-08-06 04:54:23","","","","",null
"16857118866207075443295","866207075443295","866207075443295",16857118,"10433748",1,"Active",1,"Online","1.0.0","IoT Device","2024-07-26 17:43:36","2024-07-26 17:46:45","2024-07-26 17:46:45","","","","",null
"16857118866207075448476","866207075448476","866207075448476",16857118,"10433748",1,"Active",1,"Online","1.0.0","IoT Device","2024-07-23 17:31:43","2024-07-23 17:31:56","2024-07-23 17:31:56","","","","",null
"16857118866207075174510","866207075174510","866207075174510",16857118,"10433748",1,"Active",1,"Online","1.0.0","IoT Device","2024-07-23 17:31:43","2024-07-23 17:31:49","2024-07-23 17:31:49","","","","",null
"16857118866207075367056","866207075367056","866207075367056",16857118,"10433748",1,"Active",1,"Online","1.0.0","IoT Device","2024-07-23 17:31:43","2024-07-23 17:31:52","2024-07-23 17:31:52","","","","",null
"16857118866207075363212","866207075363212","866207075363212",16857118,"10433748",1,"Active",1,"Online","1.0.0","IoT Device","2024-07-23 17:31:43","2024-07-23 17:31:47","2024-07-23 17:31:47","","","","",null
"16857118866207075008031","866207075008031","866207075008031",16857118,"10433748",1,"Active",1,"Online","1.0.0","IoT Device","2024-07-23 16:45:39","2024-07-23 16:45:39","2024-07-23 16:45:39","","","","",null
"16857118866207075442032","866207075442032","866207075442032",16857118,"10433748",1,"Active",1,"Online","1.0.0","IoT Device","2024-07-23 16:45:38","2024-07-23 16:45:53","2024-07-23 16:45:53","","","","",null
"16857118866207075007439","866207075007439","866207075007439",16857118,"10433748",1,"Active",1,"Online","1.0.0","IoT Device","2024-07-23 16:27:38","2024-07-23 16:29:32","2024-07-23 16:29:32","","","","",null
"16857118866207075001457","866207075001457","866207075001457",16857118,"10433748",1,"Active",1,"Online","1.0.0","IoT Device","2024-07-23 16:17:33","2024-07-23 16:17:35","2024-07-23 16:17:35","","","","",null
"16857118866207075442719","866207075442719","866207075442719",16857118,"10433748",1,"Active",1,"Online","1.0.0","IoT Device","2024-07-23 16:17:33","2024-07-23 16:17:55","2024-07-23 16:17:55","","","","",null
"16857118866207075001838","866207075001838","866207075001838",16857118,"10433748",1,"Active",1,"Online","1.0.0","IoT Device","2024-07-23 14:38:28","2024-07-23 14:50:39","2024-07-23 14:50:39","","","","",null
"16857118866207075440739","866207075440739","866207075440739",16857118,"10433748",1,"Active",1,"Online","1.0.0","IoT Device","2024-07-23 14:38:28","2024-07-23 14:45:58","2024-07-23 14:45:58","","","","",null
"16857118860497077630629","860497077630629","860497077630629",16857118,"10433748",1,"Active",1,"Online","1.0.0","IoT Device","2024-07-23 13:34:06","2024-07-23 13:35:07","2024-07-23 13:35:07","","","","",null
"16857118860497077622626","860497077622626","860497077622626",16857118,"10433748",1,"Active",1,"Online","1.0.0","IoT Device","2024-07-16 14:06:03","2024-07-16 14:24:54","2024-07-16 14:24:54","","","","",null
"16857118866207075411656","866207075411656","866207075411656",16857118,"10433748",1,"Active",1,"Online","1.0.0","IoT Device","2024-07-16 14:02:55","2024-08-01 01:55:56","2024-08-01 01:55:56","","","","",null
"16857118866207075444418","866207075444418","866207075444418",16857118,"10433748",1,"Active",1,"Online","1.0.0","IoT Device","2024-07-16 14:02:55","2024-08-01 01:56:05","2024-08-01 01:56:05","","","","",null
"16857118860497077621974","860497077621974","860497077621974",16857118,"10433748",1,"Active",1,"Online","1.0.0","IoT Device","2024-07-15 13:56:01","2024-07-15 13:56:08","2024-07-15 13:56:08","","","","",null
"16857118866207075445837","866207075445837","866207075445837",16857118,"10433748",1,"Active",1,"Online","1.0.0","IoT Device","2024-07-15 10:35:59","2024-07-15 10:36:10","2024-07-15 10:36:10","","","","",null
"16857118866207075441570","866207075441570","866207075441570",16857118,"10433748",1,"Active",1,"Online","1.0.0","IoT Device","2024-07-15 10:35:58","2024-07-15 10:36:13","2024-07-15 10:36:13","","","","",null
"16857118866207075441935","866207075441935","866207075441935",16857118,"10433748",1,"Active",1,"Online","1.0.0","IoT Device","2024-07-15 10:35:58","2024-07-15 10:36:05","2024-07-15 10:36:05","","","","",null
"16857118860497077626015","860497077626015","860497077626015",16857118,"10433748",1,"Active",1,"Online","1.0.0","IoT Device","2024-07-12 16:10:04","2024-07-23 13:45:07","2024-07-23 13:45:07","","","","",null
"16857118866207075363055","866207075363055","866207075363055",16857118,"10433748",1,"Active",1,"Online","1.0.0","IoT Device","2024-07-10 16:00:27","2024-07-10 16:00:41","2024-07-10 16:00:41","","","","",null
"16857118866207075001671","866207075001671","866207075001671",16857118,"10433748",1,"Active",1,"Online","1.0.0","IoT Device","2024-07-10 15:23:02","2024-07-10 15:23:05","2024-07-10 15:23:05","","","","",null
"16857118866207075001416","866207075001416","866207075001416",16857118,"10433748",1,"Active",2,"Offline","1.0.0","IoT Device","2024-07-08 13:09:05","2024-07-08 13:10:06","2024-07-08 13:10:06","","","","",null
"16857118860497077507363","860497077507363","860497077507363",16857118,"10433748",0,"Inactive",1,"Online","1.0.0","IoT Device","2024-07-08 12:09:09","","","","","","",null
"16857118866207075442438","866207075442438","866207075442438",16857118,"10433748",1,"Active",1,"Online","1.0.0","IoT Device","2024-07-05 16:31:12","2024-07-05 16:50:13","2024-07-05 16:50:13","","","","",null
"16857118866207075411615","866207075411615","866207075411615",16857118,"10433748",1,"Active",1,"Online","1.0.0","IoT Device","2024-07-05 16:31:12","2024-07-05 16:50:14","2024-07-05 16:50:14","","","","",null
"16857118866207075292312","866207075292312","866207075292312",16857118,"10433748",1,"Active",1,"Online","1.0.0","IoT Device","2024-07-05 16:30:00","2024-07-05 16:30:13","2024-07-05 16:30:13","","","","",null
"16857118866207075002356","866207075002356","866207075002356",16857118,"10433748",1,"Active",1,"Online","1.0.0","IoT Device","2024-07-05 16:29:59","2024-07-05 16:30:09","2024-07-05 16:30:09","","","","",null
"16857118866207075010599","866207075010599","866207075010599",16857118,"10433748",1,"Active",1,"Online","1.0.0","IoT Device","2024-07-05 16:08:50","2024-07-05 16:08:55","2024-07-05 16:08:55","","","","",null
"16857118866207075387591","866207075387591","866207075387591",16857118,"10433748",1,"Active",1,"Online","1.0.0","IoT Device","2024-07-05 16:08:49","2024-07-05 16:08:57","2024-07-05 16:08:57","","","","",null
"16857118866207075409510","866207075409510","866207075409510",16857118,"10433748",1,"Active",1,"Online","1.0.0","IoT Device","2024-07-05 16:02:20","2024-07-05 16:02:25","2024-07-05 16:02:25","","","","",null
"16857118866207075002695","866207075002695","866207075002695",16857118,"10433748",1,"Active",1,"Online","1.0.0","IoT Device","2024-07-05 16:02:20","2024-07-05 16:02:26","2024-07-05 16:02:26","","","","",null
"16857118866207075444376","866207075444376","866207075444376",16857118,"10433748",1,"Active",1,"Online","1.0.0","IoT Device","2024-07-05 14:26:17","2024-07-05 14:26:28","2024-07-05 14:26:28","","","","",null
"16857118866207075441554","866207075441554","866207075441554",16857118,"10433748",1,"Active",1,"Online","1.0.0","IoT Device","2024-07-05 14:26:17","2024-07-05 14:26:30","2024-07-05 14:26:30","","","","",null
"16857118866207075387559","866207075387559","866207075387559",16857118,"10433748",1,"Active",1,"Online","1.0.0","IoT Device","2024-07-05 14:10:14","2024-07-05 14:10:24","2024-07-05 14:10:24","","","","",null
"16857118866207075442636","866207075442636","866207075442636",16857118,"10433748",1,"Active",1,"Online","1.0.0","IoT Device","2024-07-05 14:10:13","2024-07-05 14:10:24","2024-07-05 14:10:24","","","","",null
"16857118866207075492250","866207075492250","866207075492250",16857118,"10433748",1,"Active",1,"Online","1.0.0","IoT Device","2024-07-05 14:03:09","2024-07-05 14:03:11","2024-07-05 14:03:11","","","","",null
"16857118866207075230031","866207075230031","866207075230031",16857118,"10433748",1,"Active",1,"Online","1.0.0","IoT Device","2024-07-05 14:03:09","2024-07-05 14:03:23","2024-07-05 14:03:23","","","","",null
"16857118866207075001531","866207075001531","866207075001531",16857118,"10433748",1,"Active",1,"Online","1.0.0","IoT Device","2024-07-05 13:32:34","2024-07-05 14:00:49","2024-07-05 14:00:49","","","","",null
"16857118866207075001259","866207075001259","866207075001259",16857118,"10433748",1,"Active",1,"Online","1.0.0","IoT Device","2024-07-05 13:31:44","2024-07-05 13:31:59","2024-07-05 13:31:59","","","","",null
"16857118866207075445498","866207075445498","866207075445498",16857118,"10433748",1,"Active",1,"Online","1.0.0","IoT Device","2024-07-05 13:31:44","2024-07-05 13:31:52","2024-07-05 13:31:52","","","","",null
"16857118866207075445712","866207075445712","866207075445712",16857118,"10433748",1,"Active",1,"Online","1.0.0","IoT Device","2024-07-05 13:31:44","2024-07-05 13:31:48","2024-07-05 13:31:48","","","","",null
"16857118866207075007132","866207075007132","866207075007132",16857118,"10433748",1,"Active",1,"Online","1.0.0","IoT Device","2024-07-04 18:59:05","2024-07-04 18:59:22","2024-07-04 18:59:22","","","","",null
"16857118860497077395488","860497077395488","860497077395488",16857118,"10433748",0,"Inactive",1,"Online","1.0.0","IoT Device","2024-07-04 18:47:34","","","","","","",null
"16857118866207075001275","866207075001275","866207075001275",16857118,"10433748",1,"Active",1,"Online","1.0.0","IoT Device","2024-07-04 18:37:53","2024-07-04 18:39:28","2024-07-04 18:39:28","","","","",null
"16857118866207075007231","866207075007231","866207075007231",16857118,"10433748",1,"Active",1,"Online","1.0.0","IoT Device","2024-07-04 18:37:53","2024-07-04 18:37:59","2024-07-04 18:37:59","","","","",null
"16857118866207075292353","866207075292353","866207075292353",16857118,"10433748",1,"Active",2,"Offline","1.0.0","IoT Device","2024-07-04 18:19:35","2024-07-04 18:19:36","2024-07-04 18:19:36","","","","",null
"16857118866207075010474","866207075010474","866207075010474",16857118,"10433748",1,"Active",1,"Online","1.0.0","IoT Device","2024-07-04 18:04:20","2024-07-04 18:04:28","2024-07-04 18:04:28","","","","",null
"16857118866207075442354","866207075442354","866207075442354",16857118,"10433748",1,"Active",1,"Online","1.0.0","IoT Device","2024-07-04 18:04:20","2024-07-04 18:04:37","2024-07-04 18:04:37","","","","",null
"16857118866207075411573","866207075411573","866207075411573",16857118,"10433748",1,"Active",1,"Online","1.0.0","IoT Device","2024-07-04 17:39:18","2024-07-04 18:02:52","2024-07-04 18:02:52","","","","",null
"16857118866207075445175","866207075445175","866207075445175",16857118,"10433748",1,"Active",1,"Online","1.0.0","IoT Device","2024-07-04 17:38:21","2024-07-04 17:38:29","2024-07-04 17:38:29","","","","",null
"16857118866207075008817","866207075008817","866207075008817",16857118,"10433748",1,"Active",1,"Online","1.0.0","IoT Device","2024-07-03 12:46:56","2025-01-02 06:50:43","2025-01-02 06:50:43","","","","",null
"16857118866207075364194","866207075364194","866207075364194",16857118,"10433748",1,"Active",1,"Online","1.0.0","IoT Device","2024-07-03 12:46:55","2025-01-02 06:50:37","2025-01-02 06:50:37","","","","",null
"16857118866207075367031","866207075367031","866207075367031",16857118,"10433748",1,"Active",1,"Online","1.0.0","IoT Device","2024-07-03 12:46:55","2025-01-02 06:50:59","2025-01-02 06:50:59","","","","",null
"16857118866207075009898","866207075009898","866207075009898",16857118,"10433748",1,"Active",1,"Online","1.0.0","IoT Device","2024-07-03 12:46:55","2025-01-02 06:50:26","2025-01-02 06:50:26","","","","",null
"16857118866207075007391","866207075007391","866207075007391",16857118,"10433748",0,"Inactive",1,"Online","1.0.0","IoT Device","2024-07-01 18:23:32","","","","","","",null
"16857118866207075007397","866207075007397","866207075007397",16857118,"10433748",1,"Active",2,"Offline","1.0.0","IoT Device","2024-07-01 17:28:31","2024-07-01 17:29:00","2024-07-01 17:29:00","","","","",null
"16857118866207075492110","866207075492110","866207075492110",16857118,"10433748",1,"Active",2,"Offline","1.0.0","IoT Device","2024-07-01 17:13:26","2024-07-02 13:45:49","2024-07-02 13:45:49","","","","",null
"16857118866207075008411","866207075008411","866207075008411",16857118,"10433748",1,"Active",2,"Offline","1.0.0","IoT Device","2024-07-01 16:32:26","2024-07-02 12:11:59","2024-07-02 12:11:59","","","","",null
"16857118866207075001812","866207075001812","866207075001812",16857118,"10433748",1,"Active",2,"Offline","1.0.0","IoT Device","2024-07-01 16:32:26","2024-07-01 17:05:46","2024-07-01 17:05:46","","","","",null
"16857118866207075445399","866207075445399","866207075445399",16857118,"10433748",1,"Active",2,"Offline","1.0.0","IoT Device","2024-07-01 16:32:26","2024-07-02 13:39:41","2024-07-02 13:39:41","","","","",null
"16857118866207075447254","866207075447254","866207075447254",16857118,"10433748",1,"Active",2,"Offline","1.0.0","IoT Device","2024-07-01 16:32:26","2024-07-01 17:12:18","2024-07-01 17:12:18","","","","",null
"16857118866207075442511","866207075442511","866207075442511",16857118,"10433748",1,"Active",2,"Offline","1.0.0","IoT Device","2024-07-01 16:28:20","2024-07-01 17:41:56","2024-07-01 17:41:56","","","","",null
"16857118866207075445936","866207075445936","866207075445936",16857118,"10433748",1,"Active",2,"Offline","1.0.0","IoT Device","2024-07-01 16:28:20","2024-07-01 17:35:27","2024-07-01 17:35:27","","","","",null
"16857118866207075442958","866207075442958","866207075442958",16857118,"10433748",1,"Active",2,"Offline","1.0.0","IoT Device","2024-07-01 16:28:19","2024-07-01 17:19:30","2024-07-01 17:19:30","","","","",null
"16857118866207075002737","866207075002737","866207075002737",16857118,"10433748",1,"Active",2,"Offline","1.0.0","IoT Device","2024-07-01 16:28:19","2024-07-01 16:58:39","2024-07-01 16:58:39","","","","",null
"16857118866207075410914","866207075410914","866207075410914",16857118,"10433748",1,"Active",2,"Offline","1.0.0","IoT Device","2024-07-01 16:28:19","2024-07-01 16:47:37","2024-07-01 16:47:37","","","","",null
"16857118866207075447874","866207075447874","866207075447874",16857118,"10433748",1,"Active",2,"Offline","1.0.0","IoT Device","2024-07-01 16:28:19","2024-07-01 16:31:14","2024-07-01 16:31:14","","","","",null
"16857118866207075444491","866207075444491","866207075444491",16857118,"10433748",1,"Active",1,"Online","1.0.0","IoT Device","2024-06-27 15:26:35","2024-06-28 02:34:53","2024-06-28 02:34:53","","","","",null
"16857118866207075006977","866207075006977","866207075006977",16857118,"10433748",1,"Active",1,"Online","1.0.0","IoT Device","2024-06-26 16:39:19","2024-06-26 16:39:26","2024-06-26 16:39:26","","","","",null
"168571188662070750006977","8662070750006977","8662070750006977",16857118,"10433748",0,"Inactive",1,"Online","1.0.0","IoT Device","2024-06-26 16:38:30","","","","","","",null
"16857118866207075444533","866207075444533","866207075444533",16857118,"10433748",1,"Active",1,"Online","1.0.0","IoT Device","2024-06-26 13:53:17","2024-06-26 13:53:22","2024-06-26 13:53:22","","","","",null
"16857118866207075006936","866207075006936","866207075006936",16857118,"10433748",1,"Active",2,"Offline","1.0.0","IoT Device","2024-06-25 14:47:14","2024-06-25 14:47:25","2024-06-25 14:47:25","","","","",null
"16857118866207075230072","866207075230072","866207075230072",16857118,"10433748",1,"Active",1,"Online","1.0.0","IoT Device","2024-06-24 14:34:48","2024-06-24 14:34:50","2024-06-24 14:34:50","","","","",null
"16857118866207075445415","866207075445415","866207075445415",16857118,"10433748",1,"Active",2,"Offline","1.0.0","IoT Device","2024-06-20 14:58:58","2024-06-20 14:59:04","2024-06-20 14:59:04","","","","",null
"16857118866207075007272","866207075007272","866207075007272",16857118,"10433748",1,"Active",2,"Offline","1.0.0","IoT Device","2024-06-20 14:57:33","2024-06-20 14:57:40","2024-06-20 14:57:40","","","","",null
"16857118866207075007652","866207075007652","866207075007652",16857118,"10433748",1,"Active",2,"Offline","1.0.0","IoT Device","2024-06-20 14:56:44","2024-06-20 14:56:59","2024-06-20 14:56:59","","","","",null
"16857118866207075008999","866207075008999","866207075008999",16857118,"10433748",1,"Active",2,"Offline","1.0.0","IoT Device","2024-06-20 14:55:22","2024-06-20 14:55:32","2024-06-20 14:55:32","","","","",null
"16857118866207075365779","866207075365779","866207075365779",16857118,"10433748",1,"Active",1,"Online","1.0.0","IoT Device","2024-06-19 18:19:23","2024-06-19 18:19:30","2024-06-19 18:19:30","","","","",null
"16857118866207075445357","866207075445357","866207075445357",16857118,"10433748",1,"Active",1,"Online","1.0.0","IoT Device","2024-06-19 18:19:23","2024-06-19 18:19:35","2024-06-19 18:19:35","","","","",null
"16857118866207075442198","866207075442198","866207075442198",16857118,"10433748",1,"Active",1,"Online","1.0.0","IoT Device","2024-06-19 17:19:01","2024-07-03 12:25:04","2024-07-03 12:25:04","","","","",null
"16857118866207075009377","866207075009377","866207075009377",16857118,"10433748",1,"Active",1,"Online","1.0.0","IoT Device","2024-06-19 17:19:01","2024-07-03 12:25:08","2024-07-03 12:25:08","","","","",null
"16857118866207075010151","866207075010151","866207075010151",16857118,"10433748",1,"Active",1,"Online","1.0.0","IoT Device","2024-06-18 17:03:01","2024-06-18 17:03:08","2024-06-18 17:03:08","","","","",null
"16857118866207075007678","866207075007678","866207075007678",16857118,"10433748",1,"Active",1,"Online","1.0.0","IoT Device","2024-06-18 16:02:06","2024-06-18 16:02:12","2024-06-18 16:02:12","","","","",null
"16857118866207075440150","866207075440150","866207075440150",16857118,"10433748",1,"Active",1,"Online","1.0.0","IoT Device","2024-06-18 16:02:06","2024-06-18 16:02:21","2024-06-18 16:02:21","","","","",null
"16857118866207075008015","866207075008015","866207075008015",16857118,"10433748",1,"Active",2,"Offline","1.0.0","IoT Device","2024-06-18 16:02:06","2024-06-18 16:02:12","2024-06-18 16:02:12","","","","",null
"16857118866207075445795","866207075445795","866207075445795",16857118,"10433748",1,"Active",1,"Online","1.0.0","IoT Device","2024-06-18 15:57:41","2024-06-18 15:57:48","2024-06-18 15:57:48","","","","",null
"16857118866207075009591","866207075009591","866207075009591",16857118,"10433748",1,"Active",1,"Online","1.0.0","IoT Device","2024-06-18 15:57:41","2024-06-18 15:57:42","2024-06-18 15:57:42","","","","",null
"16857118866207075009054","866207075009054","866207075009054",16857118,"10433748",1,"Active",1,"Online","1.0.0","IoT Device","2024-06-18 15:57:41","2024-06-18 15:57:41","2024-06-18 15:57:41","","","","",null
"16857118866207075001952","866207075001952","866207075001952",16857118,"10433748",1,"Active",1,"Online","1.0.0","IoT Device","2024-06-18 15:57:41","2024-06-18 15:57:47","2024-06-18 15:57:47","","","","",null
"16857118866207075002315","866207075002315","866207075002315",16857118,"10433748",1,"Active",1,"Online","1.0.0","IoT Device","2024-06-17 19:24:39","2024-06-17 19:24:53","2024-06-17 19:24:53","","","","",null
"16857118866207075001473","866207075001473","866207075001473",16857118,"10433748",1,"Active",1,"Online","1.0.0","IoT Device","2024-06-17 19:24:39","2024-06-17 19:25:36","2024-06-17 19:25:36","","","","",null
"16857118866207075411771","866207075411771","866207075411771",16857118,"10433748",1,"Active",1,"Online","1.0.0","IoT Device","2024-06-17 19:24:39","2024-06-17 19:32:38","2024-06-17 19:32:38","","","","",null
"16857118866207075441679","866207075441679","866207075441679",16857118,"10433748",1,"Active",1,"Online","1.0.0","IoT Device","2024-06-17 19:21:52","2024-06-17 19:21:56","2024-06-17 19:21:56","","","","",null
"16857118866207075007090","866207075007090","866207075007090",16857118,"10433748",1,"Active",1,"Online","1.0.0","IoT Device","2024-06-17 12:51:21","2024-06-17 12:51:33","2024-06-17 12:51:33","","","","",null
"16857118866207075444277","866207075444277","866207075444277",16857118,"10433748",1,"Active",1,"Online","1.0.0","IoT Device","2024-06-17 11:25:50","2024-06-17 11:25:51","2024-06-17 11:25:51","","","","",null
"16857118866207075444293","866207075444293","866207075444293",16857118,"10433748",1,"Active",1,"Online","1.0.0","IoT Device","2024-06-15 14:20:44","2024-06-15 14:20:44","2024-06-15 14:20:44","","","","",null
"16857118866207075007611","866207075007611","866207075007611",16857118,"10433748",1,"Active",1,"Online","1.0.0","IoT Device","2024-06-14 17:18:46","2024-06-14 17:18:58","2024-06-14 17:18:58","","","","",null
"16857118866207075009252","866207075009252","866207075009252",16857118,"10433748",1,"Active",1,"Online","1.0.0","IoT Device","2024-06-14 17:18:46","2024-06-14 17:18:59","2024-06-14 17:18:59","","","","",null
"16857118866207075230114","866207075230114","866207075230114",16857118,"10433748",1,"Active",1,"Online","1.0.0","IoT Device","2024-06-14 16:34:27","2024-06-14 16:57:33","2024-06-14 16:57:33","","","","",null
"16857118866207075442412","866207075442412","866207075442412",16857118,"10433748",1,"Active",1,"Online","1.0.0","IoT Device","2024-06-14 16:32:29","2024-06-14 16:32:45","2024-06-14 16:32:45","","","","",null
"16857118866207075008759","866207075008759","866207075008759",16857118,"10433748",1,"Active",1,"Online","1.0.0","IoT Device","2024-06-14 15:47:48","2024-06-14 15:48:02","2024-06-14 15:48:02","","","","",null
"16857118866207075444319","866207075444319","866207075444319",16857118,"10433748",1,"Active",1,"Online","1.0.0","IoT Device","2024-06-14 15:47:48","2024-06-14 15:47:57","2024-06-14 15:47:57","","","","",null
"16857118866207075444772","866207075444772","866207075444772",16857118,"10433748",1,"Active",1,"Online","1.0.0","IoT Device","2024-06-14 15:35:24","2024-06-14 15:35:26","2024-06-14 15:35:26","","","","",null
"16857118866207075445233","866207075445233","866207075445233",16857118,"10433748",1,"Active",1,"Online","1.0.0","IoT Device","2024-06-14 15:35:24","2024-06-14 15:35:45","2024-06-14 15:35:45","","","","",null
"16857118866207075009039","866207075009039","866207075009039",16857118,"10433748",1,"Active",1,"Online","1.0.0","IoT Device","2024-06-14 12:35:32","2024-06-14 12:35:47","2024-06-14 12:35:47","","","","",null
"16857118866207075009070","866207075009070","866207075009070",16857118,"10433748",1,"Active",1,"Online","1.0.0","IoT Device","2024-06-14 12:35:32","2024-06-14 12:35:38","2024-06-14 12:35:38","","","","",null
"16857118866207075446058","866207075446058","866207075446058",16857118,"10433748",1,"Active",1,"Online","1.0.0","IoT Device","2024-06-14 11:58:06","2024-06-14 11:58:16","2024-06-14 11:58:16","","","","",null
"16857118866207075007918","866207075007918","866207075007918",16857118,"10433748",1,"Active",1,"Online","1.0.0","IoT Device","2024-06-14 11:58:06","2024-06-14 11:58:13","2024-06-14 11:58:13","","","","",null
"16857118866207075445738","866207075445738","866207075445738",16857118,"10433748",1,"Active",1,"Online","1.0.0","IoT Device","2024-06-13 16:37:57","2024-06-14 04:21:33","2024-06-14 04:21:33","","","","",null
"16857118866207075009716","866207075009716","866207075009716",16857118,"10433748",1,"Active",1,"Online","1.0.0","IoT Device","2024-06-13 16:37:57","2024-06-14 21:39:43","2024-06-14 21:39:43","","","","",null
"16857118860497077625629","860497077625629","860497077625629",16857118,"10433748",1,"Active",1,"Online","1.0.0","IoT Device","2024-06-13 15:57:18","2024-06-13 15:58:54","2024-06-13 15:58:54","","","","",null
"16857118866207075007314","866207075007314","866207075007314",16857118,"10433748",1,"Active",1,"Online","1.0.0","IoT Device","2024-06-12 16:40:16","2024-06-12 16:59:51","2024-06-12 16:59:51","","","","",null
"16857118860497077594486","860497077594486","860497077594486",16857118,"10433748",1,"Active",1,"Online","1.0.0","IoT Device","2024-06-12 16:13:02","2024-06-12 16:13:11","2024-06-12 16:13:11","","","","",null
"16857118860497077621529","860497077621529","860497077621529",16857118,"10433748",1,"Active",1,"Online","1.0.0","IoT Device","2024-06-12 15:46:17","2024-06-12 15:46:23","2024-06-12 15:46:23","","","","",null
"16857118860497077523071","860497077523071","860497077523071",16857118,"10433748",1,"Active",1,"Online","1.0.0","IoT Device","2024-06-12 15:11:53","2024-06-12 15:32:59","2024-06-12 15:32:59","","","","",null
"16857118866207075001374","866207075001374","866207075001374",16857118,"10433748",1,"Active",1,"Online","1.0.0","IoT Device","2024-06-11 17:03:22","2024-06-11 17:07:03","2024-06-11 17:07:03","","","","",null
"16857118866207075410997","866207075410997","866207075410997",16857118,"10433748",1,"Active",2,"Offline","1.0.0","IoT Device","2024-06-11 16:54:16","2024-06-11 16:54:29","2024-06-11 16:54:29","","","","",null
"16857118866207075009534","866207075009534","866207075009534",16857118,"10433748",1,"Active",1,"Online","1.0.0","IoT Device","2024-06-11 13:54:14","2024-06-11 14:22:47","2024-06-11 14:22:47","","","","",null
"16857118860497077622030","860497077622030","860497077622030",16857118,"10433748",1,"Active",1,"Online","1.0.0","IoT Device","2024-06-08 15:27:06","2024-06-08 16:34:29","2024-06-08 16:34:29","","","","",null
"16857118860497077632591","860497077632591","860497077632591",16857118,"10433748",1,"Active",1,"Online","1.0.0","IoT Device","2024-06-08 15:01:16","2024-06-08 15:01:17","2024-06-08 15:01:17","","","","",null
"16857118860497077622014","860497077622014","860497077622014",16857118,"10433748",1,"Active",1,"Online","1.0.0","IoT Device","2024-06-08 14:55:01","2024-06-08 14:55:22","2024-06-08 14:55:22","","","","",null
"16857118860497077622022","860497077622022","860497077622022",16857118,"10433748",1,"Active",1,"Online","1.0.0","IoT Device","2024-06-08 14:55:01","2024-06-08 14:55:30","2024-06-08 14:55:30","","","","",null
"16857118860497077632526","860497077632526","860497077632526",16857118,"10433748",1,"Active",1,"Online","1.0.0","IoT Device","2024-06-08 11:56:21","2024-06-08 11:56:37","2024-06-08 11:56:37","","","","",null
"16857118860497077622113","860497077622113","860497077622113",16857118,"10433748",1,"Active",1,"Online","1.0.0","IoT Device","2024-06-08 11:56:21","2024-06-08 11:56:24","2024-06-08 11:56:24","","","","",null
"16857118860497077632658","860497077632658","860497077632658",16857118,"10433748",1,"Active",2,"Offline","1.0.0","IoT Device","2024-06-08 11:56:21","2024-06-08 11:56:21","2024-06-08 11:56:21","","","","",null
"16857118860497077631387","860497077631387","860497077631387",16857118,"10433748",1,"Active",1,"Online","1.0.0","IoT Device","2024-06-08 11:56:21","2024-06-08 11:57:10","2024-06-08 11:57:10","","","","",null
"16857118860497077621602","860497077621602","860497077621602",16857118,"10433748",1,"Active",1,"Online","1.0.0","IoT Device","2024-06-08 11:56:20","2024-06-08 11:56:24","2024-06-08 11:56:24","","","","",null
"16857118860497077621677","860497077621677","860497077621677",16857118,"10433748",1,"Active",2,"Offline","1.0.0","IoT Device","2024-06-08 11:56:20","2024-06-08 11:56:24","2024-06-08 11:56:24","","","","",null
"16857118860497077621271","860497077621271","860497077621271",16857118,"10433748",1,"Active",2,"Offline","1.0.0","IoT Device","2024-06-08 11:56:20","2024-06-08 11:56:27","2024-06-08 11:56:27","","","","",null
"16857118860497077631361","860497077631361","860497077631361",16857118,"10433748",1,"Active",1,"Online","1.0.0","IoT Device","2024-06-07 18:21:07","2024-06-07 18:21:09","2024-06-07 18:21:09","","","","",null
"16857118860497077621388","860497077621388","860497077621388",16857118,"10433748",1,"Active",1,"Online","1.0.0","IoT Device","2024-06-07 18:13:21","2024-06-07 18:13:23","2024-06-07 18:13:23","","","","",null
"16857118860497077631650","860497077631650","860497077631650",16857118,"10433748",1,"Active",1,"Online","1.0.0","IoT Device","2024-06-07 17:54:09","2024-06-07 17:55:48","2024-06-07 17:55:48","","","","",null
"16857118860497077621404","860497077621404","860497077621404",16857118,"10433748",1,"Active",2,"Offline","1.0.0","IoT Device","2024-06-07 17:46:47","2024-06-07 17:47:43","2024-06-07 17:47:43","","","","",null
"16857118860497077631676","860497077631676","860497077631676",16857118,"10433748",1,"Active",1,"Online","1.0.0","IoT Device","2024-06-07 17:40:11","2024-06-07 17:40:59","2024-06-07 17:40:59","","","","",null
"16857118860497077631460","860497077631460","860497077631460",16857118,"10433748",1,"Active",1,"Online","1.0.0","IoT Device","2024-06-07 17:12:07","2024-06-07 17:12:15","2024-06-07 17:12:15","","","","",null
"16857118860497077631734","860497077631734","860497077631734",16857118,"10433748",1,"Active",1,"Online","1.0.0","IoT Device","2024-06-07 17:06:14","2024-06-07 17:06:19","2024-06-07 17:06:19","","","","",null
"16857118860497077631445","860497077631445","860497077631445",16857118,"10433748",1,"Active",1,"Online","1.0.0","IoT Device","2024-06-07 17:06:14","2024-06-07 17:06:17","2024-06-07 17:06:17","","","","",null
"16857118860497077631668","860497077631668","860497077631668",16857118,"10433748",1,"Active",1,"Online","1.0.0","IoT Device","2024-06-07 16:51:45","2024-06-07 16:51:46","2024-06-07 16:51:46","","","","",null
"16857118860497077631726","860497077631726","860497077631726",16857118,"10433748",1,"Active",1,"Online","1.0.0","IoT Device","2024-06-07 16:46:01","2024-06-07 16:46:09","2024-06-07 16:46:09","","","","",null
"16857118860497077631452","860497077631452","860497077631452",16857118,"10433748",1,"Active",1,"Online","1.0.0","IoT Device","2024-06-07 16:39:59","2024-06-07 16:40:02","2024-06-07 16:40:02","","","","",null
"16857118860497077631544","860497077631544","860497077631544",16857118,"10433748",1,"Active",1,"Online","1.0.0","IoT Device","2024-06-07 16:31:58","2024-06-07 16:32:06","2024-06-07 16:32:06","","","","",null
"16857118860497077594379","860497077594379","860497077594379",16857118,"10433748",1,"Active",1,"Online","1.0.0","IoT Device","2024-06-07 16:25:58","2024-06-07 16:26:01","2024-06-07 16:26:01","","","","",null
"16857118860497077621610","860497077621610","860497077621610",16857118,"10433748",1,"Active",1,"Online","1.0.0","IoT Device","2024-06-07 16:11:25","2024-06-07 16:11:29","2024-06-07 16:11:29","","","","",null
"16857118860497077631684","860497077631684","860497077631684",16857118,"10433748",1,"Active",2,"Offline","1.0.0","IoT Device","2024-06-07 15:29:55","2024-06-07 15:59:55","2024-06-07 15:59:55","","","","",null
"16857118860497077631643","860497077631643","860497077631643",16857118,"10433748",1,"Active",1,"Online","1.0.0","IoT Device","2024-06-07 14:18:22","2024-06-07 14:45:29","2024-06-07 14:45:29","","","","",null
"16857118860497077631718","860497077631718","860497077631718",16857118,"10433748",1,"Active",1,"Online","1.0.0","IoT Device","2024-06-07 14:08:21","2024-06-07 14:08:23","2024-06-07 14:08:23","","","","",null
"16857118860497077594460","860497077594460","860497077594460",16857118,"10433748",1,"Active",1,"Online","1.0.0","IoT Device","2024-06-07 13:56:16","2024-06-07 13:56:18","2024-06-07 13:56:18","","","","",null
"16857118860497077594387","860497077594387","860497077594387",16857118,"10433748",1,"Active",1,"Online","1.0.0","IoT Device","2024-06-07 12:38:43","2024-06-07 12:39:39","2024-06-07 12:39:39","","","","",null
"16857118860497077621438","860497077621438","860497077621438",16857118,"10433748",1,"Active",1,"Online","1.0.0","IoT Device","2024-06-07 12:38:43","2024-06-07 12:38:52","2024-06-07 12:38:52","","","","",null
"16857118860497077594478","860497077594478","860497077594478",16857118,"10433748",1,"Active",1,"Online","1.0.0","IoT Device","2024-06-07 12:21:15","2024-06-07 12:21:50","2024-06-07 12:21:50","","","","",null
"16857118860497077620760","860497077620760","860497077620760",16857118,"10433748",1,"Active",1,"Online","1.0.0","IoT Device","2024-06-06 11:44:08","2024-06-06 11:44:12","2024-06-06 11:44:12","","","","",null
"16857118860497077631320","860497077631320","860497077631320",16857118,"10433748",1,"Active",1,"Online","1.0.0","IoT Device","2024-06-05 17:33:32","2024-06-05 17:33:34","2024-06-05 17:33:34","","","","",null
"16857118860497077495924","860497077495924","860497077495924",16857118,"10433748",1,"Active",1,"Online","1.0.0","IoT Device","2024-06-05 10:18:55","2024-06-05 10:18:57","2024-06-05 10:18:57","","","","",null
"16857118860497077620794","860497077620794","860497077620794",16857118,"10433748",1,"Active",1,"Online","1.0.0","IoT Device","2024-06-05 09:33:41","2024-06-05 09:33:47","2024-06-05 09:33:47","","","","",null
"16857118860497077625975","860497077625975","860497077625975",16857118,"10433748",1,"Active",1,"Online","1.0.0","IoT Device","2024-05-29 11:02:22","2024-05-29 11:02:22","2024-05-29 11:02:22","","","","",null
"16857118860497077627401","860497077627401","860497077627401",16857118,"10433748",1,"Active",1,"Online","1.0.0","IoT Device","2024-05-29 10:47:13","2024-05-29 10:47:16","2024-05-29 10:47:16","","","","",null
"16857118860497077625645","860497077625645","860497077625645",16857118,"10433748",1,"Active",1,"Online","1.0.0","IoT Device","2024-05-25 11:49:52","2024-05-25 11:49:58","2024-05-25 11:49:58","","","","",null
"16857118860497077621719","860497077621719","860497077621719",16857118,"10433748",1,"Active",1,"Online","1.0.0","IoT Device","2024-05-24 17:30:38","2024-05-24 17:33:39","2024-05-24 17:33:39","","","","",null
"16857118860497077632609","860497077632609","860497077632609",16857118,"10433748",1,"Active",1,"Online","1.0.0","IoT Device","2024-05-24 14:29:45","2024-05-24 14:30:08","2024-05-24 14:30:08","","","","",null
"16857118860497077631932","860497077631932","860497077631932",16857118,"10433748",1,"Active",1,"Online","1.0.0","IoT Device","2024-05-24 10:19:35","2024-05-24 10:19:36","2024-05-24 10:19:36","","","","",null
"16857118860497077622493","860497077622493","860497077622493",16857118,"10433748",1,"Active",1,"Online","1.0.0","IoT Device","2024-05-23 16:16:43","2024-05-23 16:16:46","2024-05-23 16:16:46","","","","",null
"16857118860497077631809","860497077631809","860497077631809",16857118,"10433748",1,"Active",1,"Online","1.0.0","IoT Device","2024-05-23 11:09:49","2024-05-23 11:33:25","2024-05-23 11:33:25","","","","",null
"16857118860497077621479","860497077621479","860497077621479",16857118,"10433748",1,"Active",1,"Online","1.0.0","IoT Device","2024-05-22 16:22:59","2024-05-22 16:22:59","2024-05-22 16:22:59","","","","",null
"16857118860497077630843","860497077630843","860497077630843",16857118,"10433748",1,"Active",1,"Online","1.0.0","IoT Device","2024-05-22 10:37:50","2024-05-22 11:03:39","2024-05-22 11:03:39","","","","",null
"16857118860497077625637","860497077625637","860497077625637",16857118,"10433748",1,"Active",1,"Online","1.0.0","IoT Device","2024-05-21 16:15:23","2024-05-21 16:15:38","2024-05-21 16:15:38","","","","",null
"16857118860497077495908","860497077495908","860497077495908",16857118,"10433748",1,"Active",2,"Offline","1.0.0","IoT Device","2024-05-21 16:09:42","2024-05-21 16:16:46","2024-05-21 16:16:46","","","","",null
"16857118860497077631619","860497077631619","860497077631619",16857118,"10433748",1,"Active",1,"Online","1.0.0","IoT Device","2024-05-20 15:44:17","2024-05-20 15:48:48","2024-05-20 15:48:48","","","","",null
"16857118860497077632575","860497077632575","860497077632575",16857118,"10433748",1,"Active",1,"Online","1.0.0","IoT Device","2024-05-20 15:43:17","2024-05-20 15:43:27","2024-05-20 15:43:27","","","","",null
"16857118860497077632617","860497077632617","860497077632617",16857118,"10433748",1,"Active",1,"Online","1.0.0","IoT Device","2024-05-20 15:43:17","2024-05-20 15:43:20","2024-05-20 15:43:20","","","","",null
"16857118860497077627518","860497077627518","860497077627518",16857118,"10433748",1,"Active",1,"Online","1.0.0","IoT Device","2024-05-20 15:43:17","2024-05-20 15:43:23","2024-05-20 15:43:23","","","","",null
"16857118860497077632716","860497077632716","860497077632716",16857118,"10433748",1,"Active",1,"Online","1.0.0","IoT Device","2024-05-20 15:43:17","2024-05-20 15:43:22","2024-05-20 15:43:22","","","","",null
"16857118860497077621743","860497077621743","860497077621743",16857118,"10433748",1,"Active",1,"Online","1.0.0","IoT Device","2024-05-20 10:24:52","2024-05-20 10:33:43","2024-05-20 10:33:43","","","","",null
"16857118860497077621990","860497077621990","860497077621990",16857118,"10433748",1,"Active",1,"Online","1.0.0","IoT Device","2024-05-17 17:54:29","2024-05-17 17:54:31","2024-05-17 17:54:31","","","","",null
"16857118860497077625751","860497077625751","860497077625751",16857118,"10433748",1,"Active",2,"Offline","1.0.0","IoT Device","2024-05-17 17:54:29","2024-05-17 17:54:36","2024-05-17 17:54:36","","","","",null
"16857118860497077626031","860497077626031","860497077626031",16857118,"10433748",1,"Active",1,"Online","1.0.0","IoT Device","2024-05-17 15:35:11","2024-05-17 15:35:12","2024-05-17 15:35:12","","","","",null
"16857118860497077621537","860497077621537","860497077621537",16857118,"10433748",1,"Active",1,"Online","1.0.0","IoT Device","2024-05-15 12:57:55","2024-05-15 12:59:13","2024-05-15 12:59:13","","","","",null
"16857118860497077522966","860497077522966","860497077522966",16857118,"10433748",1,"Active",1,"Online","1.0.0","IoT Device","2024-05-14 18:34:13","2024-05-14 18:34:15","2024-05-14 18:34:15","","","","",null
"16857118860497077522883","860497077522883","860497077522883",16857118,"10433748",1,"Active",1,"Online","1.0.0","IoT Device","2024-05-11 17:22:26","2024-05-11 17:22:29","2024-05-11 17:22:29","","","","",null
"16857118860497077523006","860497077523006","860497077523006",16857118,"10433748",1,"Active",1,"Online","1.0.0","IoT Device","2024-05-11 17:21:34","2024-05-11 17:21:35","2024-05-11 17:21:35","","","","",null
"16857118860497077632740","860497077632740","860497077632740",16857118,"10433748",1,"Active",1,"Online","1.0.0","IoT Device","2024-05-11 17:21:34","2024-05-11 17:21:37","2024-05-11 17:21:37","","","","",null
"16857118860497077631395","860497077631395","860497077631395",16857118,"10433748",1,"Active",1,"Online","1.0.0","IoT Device","2024-05-10 17:10:02","2024-05-10 17:17:03","2024-05-10 17:17:03","","","","",null
"16857118860497077627534","860497077627534","860497077627534",16857118,"10433748",1,"Active",2,"Offline","1.0.0","IoT Device","2024-05-10 17:10:02","2024-05-10 17:13:27","2024-05-10 17:13:27","","","","",null
"16857118860497077522875","860497077522875","860497077522875",16857118,"10433748",1,"Active",1,"Online","1.0.0","IoT Device","2024-05-10 12:30:35","2024-05-10 12:30:40","2024-05-10 12:30:40","","","","",null
"16857118860497077625983","860497077625983","860497077625983",16857118,"10433748",1,"Active",2,"Offline","1.0.0","IoT Device","2024-05-09 10:00:56","2024-05-09 10:24:59","2024-05-09 10:24:59","","","","",null
"16857118860497077627864","860497077627864","860497077627864",16857118,"10433748",1,"Active",2,"Offline","1.0.0","IoT Device","2024-05-09 10:00:56","2024-05-09 10:58:27","2024-05-09 10:58:27","","","","",null
"16857118860497077625694","860497077625694","860497077625694",16857118,"10433748",1,"Active",1,"Online","1.0.0","IoT Device","2024-05-09 10:00:56","2024-05-09 10:34:31","2024-05-09 10:34:31","","","","",null
"16857118860497077631163","860497077631163","860497077631163",16857118,"10433748",1,"Active",1,"Online","1.0.0","IoT Device","2024-05-06 09:10:32","2024-05-06 09:10:35","2024-05-06 09:10:35","","","","",null
"16857118860497077632054","860497077632054","860497077632054",16857118,"10433748",1,"Active",1,"Online","1.0.0","IoT Device","2024-04-30 13:38:10","2024-04-30 14:00:40","2024-04-30 14:00:40","","","","",null
"16857118860497077621784","860497077621784","860497077621784",16857118,"10433748",1,"Active",2,"Offline","1.0.0","IoT Device","2024-04-30 13:38:10","2024-04-30 14:03:05","2024-04-30 14:03:05","","","","",null
"16857118860497077622675","860497077622675","860497077622675",16857118,"10433748",1,"Active",1,"Online","1.0.0","IoT Device","2024-04-30 13:38:10","2024-04-30 14:04:16","2024-04-30 14:04:16","","","","",null
"16857118860497077632237","860497077632237","860497077632237",16857118,"10433748",1,"Active",1,"Online","1.0.0","IoT Device","2024-04-30 13:38:09","2024-04-30 14:04:38","2024-04-30 14:04:38","","","","",null
"16857118860497077622535","860497077622535","860497077622535",16857118,"10433748",1,"Active",1,"Online","1.0.0","IoT Device","2024-04-30 13:38:09","2024-04-30 14:04:04","2024-04-30 14:04:04","","","","",null
"16857118860497077501325","860497077501325","860497077501325",16857118,"10433748",1,"Active",1,"Online","1.0.0","IoT Device","2024-04-30 09:08:01","2024-04-30 09:20:35","2024-04-30 09:20:35","","","","",null
"16857118860497077631221","860497077631221","860497077631221",16857118,"10433748",1,"Active",1,"Online","1.0.0","IoT Device","2024-04-29 17:38:09","2024-04-29 17:38:13","2024-04-29 17:38:13","","","","",null
"16857118860497077631106","860497077631106","860497077631106",16857118,"10433748",1,"Active",1,"Online","1.0.0","IoT Device","2024-04-29 17:38:09","2024-04-29 17:38:15","2024-04-29 17:38:15","","","","",null
"16857118860497077622634","860497077622634","860497077622634",16857118,"10433748",1,"Active",1,"Online","1.0.0","IoT Device","2024-04-29 17:38:09","2024-04-29 17:38:16","2024-04-29 17:38:16","","","","",null
"16857118860497077622444","860497077622444","860497077622444",16857118,"10433748",1,"Active",1,"Online","1.0.0","IoT Device","2024-04-29 17:38:09","2024-04-29 17:38:10","2024-04-29 17:38:10","","","","",null
"16857118860497077631262","860497077631262","860497077631262",16857118,"10433748",1,"Active",1,"Online","1.0.0","IoT Device","2024-04-29 17:38:08","2024-04-29 17:38:10","2024-04-29 17:38:10","","","","",null
"16857118860497077621842","860497077621842","860497077621842",16857118,"10433748",1,"Active",2,"Offline","1.0.0","IoT Device","2024-04-25 16:13:46","2024-04-25 16:13:49","2024-04-25 16:13:49","","","","",null
"16857118860497077631288","860497077631288","860497077631288",16857118,"10433748",1,"Active",1,"Online","1.0.0","IoT Device","2024-04-25 13:01:27","2024-04-25 13:39:43","2024-04-25 13:39:43","","","","",null
"16857118860497077631247","860497077631247","860497077631247",16857118,"10433748",1,"Active",1,"Online","1.0.0","IoT Device","2024-04-24 17:17:11","2024-04-24 17:43:10","2024-04-24 17:43:10","","","","",null
"16857118860497077621503","860497077621503","860497077621503",16857118,"10433748",1,"Active",1,"Online","1.0.0","IoT Device","2024-04-23 12:21:25","2024-04-23 12:21:32","2024-04-23 12:21:32","","","","",null
"16857118860497077622584","860497077622584","860497077622584",16857118,"10433748",1,"Active",1,"Online","1.0.0","IoT Device","2024-04-19 11:04:50","2024-04-19 12:00:18","2024-04-19 12:00:18","","","","",null
"16857118860497077631866","860497077631866","860497077631866",16857118,"10433748",1,"Active",1,"Online","1.0.0","IoT Device","2024-04-19 11:04:49","2024-04-19 11:55:55","2024-04-19 11:55:55","","","","",null
"16857118860497077622410","860497077622410","860497077622410",16857118,"10433748",1,"Active",2,"Offline","1.0.0","IoT Device","2024-04-19 11:04:49","2024-04-19 12:08:33","2024-04-19 12:08:33","","","","",null
"16857118860497077621750","860497077621750","860497077621750",16857118,"10433748",1,"Active",1,"Online","1.0.0","IoT Device","2024-04-19 11:00:32","2024-04-19 11:09:35","2024-04-19 11:09:35","","","","",null
"16857118860497077632161","860497077632161","860497077632161",16857118,"10433748",1,"Active",1,"Online","1.0.0","IoT Device","2024-04-19 11:00:32","2024-04-19 11:35:51","2024-04-19 11:35:51","","","","",null
"16857118860497077622436","860497077622436","860497077622436",16857118,"10433748",1,"Active",1,"Online","1.0.0","IoT Device","2024-04-19 11:00:32","2024-04-19 11:02:58","2024-04-19 11:02:58","","","","",null
"16857118860497077622485","860497077622485","860497077622485",16857118,"10433748",1,"Active",1,"Online","1.0.0","IoT Device","2024-04-19 11:00:31","2024-04-19 11:18:02","2024-04-19 11:18:02","","","","",null
"16857118860497077630884","860497077630884","860497077630884",16857118,"10433748",1,"Active",1,"Online","1.0.0","IoT Device","2024-04-19 11:00:31","2024-04-19 11:24:00","2024-04-19 11:24:00","","","","",null
"16857118860497077630892","860497077630892","860497077630892",16857118,"10433748",1,"Active",1,"Online","1.0.0","IoT Device","2024-04-19 11:00:31","2024-04-19 11:43:34","2024-04-19 11:43:34","","","","",null
"16857118860497077632369","860497077632369","860497077632369",16857118,"10433748",1,"Active",1,"Online","1.0.0","IoT Device","2024-04-19 11:00:31","2024-04-19 11:50:38","2024-04-19 11:50:38","","","","",null
"16857118860497077620943","860497077620943","860497077620943",16857118,"10433748",1,"Active",1,"Online","1.0.0","IoT Device","2024-04-19 10:53:21","2024-04-19 10:53:31","2024-04-19 10:53:31","","","","",null
"16857118860497077632005","860497077632005","860497077632005",16857118,"10433748",1,"Active",2,"Offline","1.0.0","IoT Device","2024-04-18 17:48:46","2024-04-18 17:48:49","2024-04-18 17:48:49","","","","",null
"16857118860497077622063","860497077622063","860497077622063",16857118,"10433748",1,"Active",1,"Online","1.0.0","IoT Device","2024-04-18 17:48:46","2024-04-18 17:48:55","2024-04-18 17:48:55","","","","",null
"16857118860497077631296","860497077631296","860497077631296",16857118,"10433748",1,"Active",1,"Online","1.0.0","IoT Device","2024-04-18 12:55:28","2024-04-18 12:55:59","2024-04-18 12:55:59","","","","",null
"16857118860497077621933","860497077621933","860497077621933",16857118,"10433748",1,"Active",2,"Offline","1.0.0","IoT Device","2024-04-18 09:05:56","2024-04-19 03:00:59","2024-04-19 03:00:59","","","","",null
"16857118860497077621693","860497077621693","860497077621693",16857118,"10433748",1,"Active",1,"Online","1.0.0","IoT Device","2024-04-15 15:41:46","2024-04-15 15:41:52","2024-04-15 15:41:52","","","","",null
"16857118860497077631882","860497077631882","860497077631882",16857118,"10433748",1,"Active",1,"Online","1.0.0","IoT Device","2024-04-15 12:26:45","2024-04-15 12:26:46","2024-04-15 12:26:46","","","","",null
"16857118860497077509468","860497077509468","860497077509468",16857118,"10433748",1,"Active",1,"Online","1.0.0","IoT Device","2024-04-15 12:04:30","2024-04-15 12:05:58","2024-04-15 12:05:58","","","","",null
"16857118860497077632468","860497077632468","860497077632468",16857118,"10433748",1,"Active",1,"Online","1.0.0","IoT Device","2024-04-15 12:04:30","2024-04-15 12:23:31","2024-04-15 12:23:31","","","","",null
"16857118860497077625686","860497077625686","860497077625686",16857118,"10433748",1,"Active",1,"Online","1.0.0","IoT Device","2024-04-15 10:42:41","2024-04-15 10:42:42","2024-04-15 10:42:42","","","","",null
"16857118860497077631908","860497077631908","860497077631908",16857118,"10433748",1,"Active",1,"Online","1.0.0","IoT Device","2024-04-10 16:29:12","2024-04-10 16:29:20","2024-04-10 16:29:20","","","","",null
"16857118860497077621891","860497077621891","860497077621891",16857118,"10433748",1,"Active",1,"Online","1.0.0","IoT Device","2024-04-10 15:54:22","2024-04-10 15:54:31","2024-04-10 15:54:31","","","","",null
"16857118860497077631965","860497077631965","860497077631965",16857118,"10433748",1,"Active",1,"Online","1.0.0","IoT Device","2024-04-10 15:34:58","2024-04-10 15:35:03","2024-04-10 15:35:03","","","","",null
"16857118860497077621925","860497077621925","860497077621925",16857118,"10433748",1,"Active",1,"Online","1.0.0","IoT Device","2024-04-10 13:33:16","2024-04-10 13:33:20","2024-04-10 13:33:20","","","","",null
"16857118860497077630876","860497077630876","860497077630876",16857118,"10433748",1,"Active",1,"Online","1.0.0","IoT Device","2024-04-09 16:30:45","2024-04-09 16:31:44","2024-04-09 16:31:44","","","","",null
"16857118860497077631411","860497077631411","860497077631411",16857118,"10433748",1,"Active",1,"Online","1.0.0","IoT Device","2024-04-09 16:15:56","2024-04-09 16:15:58","2024-04-09 16:15:58","","","","",null
"16857118860497077631429","860497077631429","860497077631429",16857118,"10433748",1,"Active",1,"Online","1.0.0","IoT Device","2024-04-09 16:12:07","2024-04-16 09:14:43","2024-04-16 09:14:43","","","","",null
"16857118860497077631916","860497077631916","860497077631916",16857118,"10433748",1,"Active",1,"Online","1.0.0","IoT Device","2024-04-09 15:44:18","2024-04-09 15:44:21","2024-04-09 15:44:21","","","","",null
"16857118860497077631700","860497077631700","860497077631700",16857118,"10433748",1,"Active",1,"Online","1.0.0","IoT Device","2024-04-08 17:35:30","2024-04-08 17:35:32","2024-04-08 17:35:32","","","","",null
"16857118860497077631379","860497077631379","860497077631379",16857118,"10433748",1,"Active",1,"Online","1.0.0","IoT Device","2024-04-08 17:35:30","2024-04-08 17:35:39","2024-04-08 17:35:39","","","","",null
"16857118860497077621917","860497077621917","860497077621917",16857118,"10433748",1,"Active",1,"Online","1.0.0","IoT Device","2024-04-08 11:34:31","2024-04-08 11:34:31","2024-04-08 11:34:31","","","","",null
"16857118860497077625777","860497077625777","860497077625777",16857118,"10433748",1,"Active",1,"Online","1.0.0","IoT Device","2024-04-08 10:07:47","2024-04-08 10:20:45","2024-04-08 10:20:45","","","","",null
"16857118860497077627880","860497077627880","860497077627880",16857118,"10433748",1,"Active",1,"Online","1.0.0","IoT Device","2024-04-08 10:06:54","2024-04-08 10:08:39","2024-04-08 10:08:39","","","","",null
"16857118860497077631098","860497077631098","860497077631098",16857118,"10433748",1,"Active",1,"Online","1.0.0","IoT Device","2024-04-08 09:25:55","2024-04-08 09:25:57","2024-04-08 09:25:57","","","","",null
"16857118860497077631254","860497077631254","860497077631254",16857118,"10433748",1,"Active",1,"Online","1.0.0","IoT Device","2024-04-07 16:49:32","2024-04-07 16:49:39","2024-04-07 16:49:39","","","","",null
"16857118860497077632757","860497077632757","860497077632757",16857118,"10433748",1,"Active",2,"Offline","1.0.0","IoT Device","2024-04-07 15:31:19","2024-04-07 15:31:20","2024-04-07 15:31:20","","","","",null
"16857118860497077621859","860497077621859","860497077621859",16857118,"10433748",1,"Active",1,"Online","1.0.0","IoT Device","2024-04-07 14:17:31","2024-04-07 14:17:36","2024-04-07 14:17:36","","","","",null
"16857118860497077631783","860497077631783","860497077631783",16857118,"10433748",1,"Active",1,"Online","1.0.0","IoT Device","2024-04-07 10:06:15","2024-04-07 10:06:22","2024-04-07 10:06:22","","","","",null
"16857118860497077621552","860497077621552","860497077621552",16857118,"10433748",1,"Active",1,"Online","1.0.0","IoT Device","2024-04-07 09:22:59","2024-04-07 09:23:14","2024-04-07 09:23:14","","","","",null
"16857118860497077621834","860497077621834","860497077621834",16857118,"10433748",1,"Active",1,"Online","1.0.0","IoT Device","2024-04-03 16:16:36","2024-04-03 16:38:23","2024-04-03 16:38:23","","","","",null
"16857118860497077621263","860497077621263","860497077621263",16857118,"10433748",1,"Active",2,"Offline","1.0.0","IoT Device","2024-04-03 12:57:56","2024-04-03 12:58:03","2024-04-03 12:58:03","","","","",null
"16857118860497077621768","860497077621768","860497077621768",16857118,"10433748",1,"Active",1,"Online","1.0.0","IoT Device","2024-04-03 12:23:57","2024-04-03 12:24:03","2024-04-03 12:24:03","","","","",null
"16857118864662072586318","864662072586318","864662072586318",16857118,"10433748",0,"Inactive",1,"Online","1.0.0","IoT Device","2024-04-03 10:42:52","","","","","","",null
"16857118864662072489778","864662072489778","864662072489778",16857118,"10433748",0,"Inactive",1,"Online","1.0.0","IoT Device","2024-04-03 10:42:52","","","","","","",null
"16857118860497077621818","860497077621818","860497077621818",16857118,"10433748",1,"Active",1,"Online","1.0.0","IoT Device","2024-04-03 10:17:45","2024-04-03 10:18:22","2024-04-03 10:18:22","","","","",null
"16857118864662072586300","864662072586300","864662072586300",16857118,"10433748",1,"Active",2,"Offline","1.0.0","IoT Device","2024-04-03 10:17:45","2024-04-03 14:25:02","2024-04-03 14:25:02","","","","",null
"16857118864662072489760","864662072489760","864662072489760",16857118,"10433748",1,"Active",2,"Offline","1.0.0","IoT Device","2024-04-03 10:17:45","2024-04-03 14:28:48","2024-04-03 14:28:48","","","","",null
"16857118860497077631692","860497077631692","860497077631692",16857118,"10433748",1,"Active",1,"Online","1.0.0","IoT Device","2024-04-03 09:41:24","2024-04-03 09:41:29","2024-04-03 09:41:29","","","","",null
"16857118860497077631940","860497077631940","860497077631940",16857118,"10433748",1,"Active",1,"Online","1.0.0","IoT Device","2024-04-03 09:28:00","2024-04-03 09:28:06","2024-04-03 09:28:06","","","","",null
"16857118860497077621958","860497077621958","860497077621958",16857118,"10433748",1,"Active",1,"Online","1.0.0","IoT Device","2024-04-03 09:08:55","2024-04-03 09:08:58","2024-04-03 09:08:58","","","","",null
"16857118860497077621511","860497077621511","860497077621511",16857118,"10433748",1,"Active",1,"Online","1.0.0","IoT Device","2024-04-02 16:24:08","2024-04-02 16:24:38","2024-04-02 16:24:38","","","","",null
"16857118860497077593983","860497077593983","860497077593983",16857118,"10433748",1,"Active",1,"Online","1.0.0","IoT Device","2024-04-02 16:18:26","2024-04-02 16:50:50","2024-04-02 16:50:50","","","","",null
"16857118860497077621826","860497077621826","860497077621826",16857118,"10433748",1,"Active",1,"Online","1.0.0","IoT Device","2024-04-02 15:48:40","2024-04-02 15:48:52","2024-04-02 15:48:52","","","","",null
"16857118860497077622519","860497077622519","860497077622519",16857118,"10433748",1,"Active",1,"Online","1.0.0","IoT Device","2024-04-02 14:59:49","2024-04-02 14:59:56","2024-04-02 14:59:56","","","","",null
"16857118860497077631239","860497077631239","860497077631239",16857118,"10433748",1,"Active",1,"Online","1.0.0","IoT Device","2024-04-02 14:46:13","2024-04-02 14:46:17","2024-04-02 14:46:17","","","","",null
"16857118860497077622543","860497077622543","860497077622543",16857118,"10433748",1,"Active",2,"Offline","1.0.0","IoT Device","2024-04-02 14:22:46","2024-04-02 14:28:34","2024-04-02 14:28:34","","","","",null
"16857118860497077631072","860497077631072","860497077631072",16857118,"10433748",1,"Active",1,"Online","1.0.0","IoT Device","2024-04-02 13:51:34","2024-04-02 13:51:43","2024-04-02 13:51:43","","","","",null
"16857118860497077622550","860497077622550","860497077622550",16857118,"10433748",1,"Active",1,"Online","1.0.0","IoT Device","2024-04-02 10:43:04","2024-04-02 10:43:07","2024-04-02 10:43:07","","","","",null
"16857118860497077621735","860497077621735","860497077621735",16857118,"10433748",1,"Active",1,"Online","1.0.0","IoT Device","2024-04-02 10:18:33","2024-04-02 10:18:42","2024-04-02 10:18:42","","","","",null
"16857118860497077630850","860497077630850","860497077630850",16857118,"10433748",1,"Active",1,"Online","1.0.0","IoT Device","2024-04-02 09:51:37","2024-04-02 10:51:07","2024-04-02 10:51:07","","","","",null
"16857118860497077621966","860497077621966","860497077621966",16857118,"10433748",1,"Active",1,"Online","1.0.0","IoT Device","2024-04-02 09:22:19","2024-04-02 09:22:46","2024-04-02 09:22:46","","","","",null
"16857118860497077621339","860497077621339","860497077621339",16857118,"10433748",1,"Active",1,"Online","1.0.0","IoT Device","2024-03-28 10:23:10","2024-03-28 10:23:12","2024-03-28 10:23:12","","","","",null
"16857118860497077621446","860497077621446","860497077621446",16857118,"10433748",1,"Active",1,"Online","1.0.0","IoT Device","2024-03-28 10:04:52","2024-03-28 10:31:58","2024-03-28 10:31:58","","","","",null
"16857118860497077631833","860497077631833","860497077631833",16857118,"10433748",0,"Inactive",1,"Online","1.0.0","IoT Device","2024-03-25 17:15:49","","","","","","",null
"16857118860497077631437","860497077631437","860497077631437",16857118,"10433748",1,"Active",1,"Online","1.0.0","IoT Device","2024-03-25 17:15:49","2024-03-25 17:18:39","2024-03-25 17:18:39","","","","",null
"16857118860497077631494","860497077631494","860497077631494",16857118,"10433748",1,"Active",1,"Online","1.0.0","IoT Device","2024-03-25 14:59:29","2024-03-25 14:59:34","2024-03-25 14:59:34","","","","",null
"16857118860497077631791","860497077631791","860497077631791",16857118,"10433748",1,"Active",2,"Offline","1.0.0","IoT Device","2024-03-25 14:59:29","2024-03-25 14:59:35","2024-03-25 14:59:35","","","","",null
"16857118860497077594429","860497077594429","860497077594429",16857118,"10433748",1,"Active",1,"Online","1.0.0","IoT Device","2024-03-25 14:59:29","2024-03-25 14:59:36","2024-03-25 14:59:36","","","","",null
"16857118860497077509500","860497077509500","860497077509500",16857118,"10433748",1,"Active",1,"Online","1.0.0","IoT Device","2024-03-25 14:59:29","2024-04-01 03:20:21","2024-04-01 03:20:21","","","","",null
"16857118860497077594488","860497077594488","860497077594488",16857118,"10433748",0,"Inactive",1,"Online","1.0.0","IoT Device","2024-03-21 09:05:48","","","","","","",null
"16857118860497077631486","860497077631486","860497077631486",16857118,"10433748",1,"Active",1,"Online","1.0.0","IoT Device","2024-03-20 17:01:28","2024-03-20 17:01:35","2024-03-20 17:01:35","","","","",null
"16857118860497077594411","860497077594411","860497077594411",16857118,"10433748",1,"Active",2,"Offline","1.0.0","IoT Device","2024-03-20 16:36:37","2024-03-20 16:36:41","2024-03-20 16:36:41","","","","",null
"16857118860497077621420","860497077621420","860497077621420",16857118,"10433748",1,"Active",1,"Online","1.0.0","IoT Device","2024-03-20 15:27:49","2024-03-20 15:27:58","2024-03-20 15:27:58","","","","",null
"16857118860497077509443","860497077509443","860497077509443",16857118,"10433748",1,"Active",1,"Online","1.0.0","IoT Device","2024-03-19 18:08:39","2024-03-19 18:08:45","2024-03-19 18:08:45","","","","",null
"16857118860497077631627","860497077631627","860497077631627",16857118,"10433748",1,"Active",1,"Online","1.0.0","IoT Device","2024-03-19 11:47:19","2024-04-01 01:43:23","2024-04-01 01:43:23","","","","",null
"16857118860497077509484","860497077509484","860497077509484",16857118,"10433748",1,"Active",1,"Online","1.0.0","IoT Device","2024-03-19 11:47:19","2024-03-19 11:47:23","2024-03-19 11:47:23","","","","",null
"16857118860497077621347","860497077621347","860497077621347",16857118,"10433748",1,"Active",1,"Online","1.0.0","IoT Device","2024-03-19 10:22:16","2024-03-19 10:22:20","2024-03-19 10:22:20","","","","",null
"16857118860497077594403","860497077594403","860497077594403",16857118,"10433748",1,"Active",1,"Online","1.0.0","IoT Device","2024-03-18 11:26:20","2024-03-18 11:26:32","2024-03-18 11:26:32","","","","",null
"16857118860497077594106","860497077594106","860497077594106",16857118,"10433748",1,"Active",1,"Online","1.0.0","IoT Device","2024-03-18 09:52:50","2024-03-18 09:52:51","2024-03-18 09:52:51","","","","",null
"16857118860497077621396","860497077621396","860497077621396",16857118,"10433748",1,"Active",1,"Online","1.0.0","IoT Device","2024-03-18 09:46:52","2024-03-18 09:46:57","2024-03-18 09:46:57","","","","",null
"16857118860497077631577","860497077631577","860497077631577",16857118,"10433748",1,"Active",1,"Online","1.0.0","IoT Device","2024-03-18 09:46:52","2024-03-18 09:48:41","2024-03-18 09:48:41","","","","",null
"16857118860497077523899","860497077523899","860497077523899",16857118,"10433748",1,"Active",2,"Offline","1.0.0","IoT Device","2024-03-18 09:46:52","2024-03-18 09:46:53","2024-03-18 09:46:53","","","","",null
"16857118860497077594007","860497077594007","860497077594007",16857118,"10433748",1,"Active",1,"Online","1.0.0","IoT Device","2024-03-18 09:46:52","2024-03-18 09:47:05","2024-03-18 09:47:05","","","","",null
"16857118860497077621032","860497077621032","860497077621032",16857118,"10433748",1,"Active",1,"Online","1.0.0","IoT Device","2024-03-18 09:46:52","2024-03-18 09:48:11","2024-03-18 09:48:11","","","","",null
"16857118860497077621453","860497077621453","860497077621453",16857118,"10433748",1,"Active",1,"Online","1.0.0","IoT Device","2024-03-13 11:09:39","2024-03-13 11:09:40","2024-03-13 11:09:40","","","","",null
"16857118860497077622170","860497077622170","860497077622170",16857118,"10433748",1,"Active",1,"Online","1.0.0","IoT Device","2024-03-13 11:09:39","2024-03-13 11:09:51","2024-03-13 11:09:51","","","","",null
"16857118860497077632302","860497077632302","860497077632302",16857118,"10433748",1,"Active",1,"Online","1.0.0","IoT Device","2024-03-13 11:09:39","2024-03-13 11:09:42","2024-03-13 11:09:42","","","","",null
"16857118860497077622048","860497077622048","860497077622048",16857118,"10433748",1,"Active",1,"Online","1.0.0","IoT Device","2024-03-13 11:09:39","2024-03-13 11:09:40","2024-03-13 11:09:40","","","","",null
"16857118860497077620984","860497077620984","860497077620984",16857118,"10433748",1,"Active",1,"Online","1.0.0","IoT Device","2024-03-13 11:09:38","2024-03-13 11:09:40","2024-03-13 11:09:40","","","","",null
"16857118860497077621313","860497077621313","860497077621313",16857118,"10433748",1,"Active",1,"Online","1.0.0","IoT Device","2024-03-13 11:09:38","2024-03-13 11:09:42","2024-03-13 11:09:42","","","","",null
"16857118860497077632393","860497077632393","860497077632393",16857118,"10433748",1,"Active",1,"Online","1.0.0","IoT Device","2024-03-13 11:09:38","2024-03-13 11:09:42","2024-03-13 11:09:42","","","","",null
"16857118860497077625488","860497077625488","860497077625488",16857118,"10433748",1,"Active",1,"Online","1.0.0","IoT Device","2024-03-12 14:23:40","2024-03-12 14:23:59","2024-03-12 14:23:59","","","","",null
"16857118860497077621586","860497077621586","860497077621586",16857118,"10433748",1,"Active",2,"Offline","1.0.0","IoT Device","2024-03-11 16:16:32","2024-03-11 16:37:47","2024-03-11 16:37:47","","","","",null
"16857118860497077621578","860497077621578","860497077621578",16857118,"10433748",1,"Active",2,"Offline","1.0.0","IoT Device","2024-03-11 16:16:32","2024-03-11 16:46:18","2024-03-11 16:46:18","","","","",null
"16857118860497077593975","860497077593975","860497077593975",16857118,"10433748",1,"Active",2,"Offline","1.0.0","IoT Device","2024-03-11 16:16:32","2024-03-11 16:54:33","2024-03-11 16:54:33","","","","",null
"16857118860497077593991","860497077593991","860497077593991",16857118,"10433748",1,"Active",2,"Offline","1.0.0","IoT Device","2024-03-11 16:16:32","2024-03-11 17:05:20","2024-03-11 17:05:20","","","","",null
"16857118860497077594031","860497077594031","860497077594031",16857118,"10433748",1,"Active",2,"Offline","1.0.0","IoT Device","2024-03-11 16:16:31","2024-03-11 17:14:15","2024-03-11 17:14:15","","","","",null
"16857118860497077631924","860497077631924","860497077631924",16857118,"10433748",1,"Active",1,"Online","1.0.0","IoT Device","2024-03-11 15:09:36","2024-03-11 15:20:46","2024-03-11 15:20:46","","","","",null
"16857118860497077594361","860497077594361","860497077594361",16857118,"10433748",1,"Active",1,"Online","1.0.0","IoT Device","2024-03-11 15:09:36","2024-03-11 16:07:40","2024-03-11 16:07:40","","","","",null
"16857118860497077631551","860497077631551","860497077631551",16857118,"10433748",1,"Active",2,"Offline","1.0.0","IoT Device","2024-03-11 15:09:35","2024-03-11 15:59:50","2024-03-11 15:59:50","","","","",null
"16857118860497077509427","860497077509427","860497077509427",16857118,"10433748",1,"Active",1,"Online","1.0.0","IoT Device","2024-03-11 14:47:16","2024-03-11 15:01:25","2024-03-11 15:01:25","","","","",null
"16857118860497077631593","860497077631593","860497077631593",16857118,"10433748",1,"Active",1,"Online","1.0.0","IoT Device","2024-03-11 14:29:48","2024-03-11 14:30:15","2024-03-11 14:30:15","","","","",null
"16857118860497077622097","860497077622097","860497077622097",16857118,"10433748",1,"Active",1,"Online","1.0.0","IoT Device","2024-03-11 11:26:10","2024-03-11 11:26:12","2024-03-11 11:26:12","","","","",null
"16857118860497077631569","860497077631569","860497077631569",16857118,"10433748",1,"Active",1,"Online","1.0.0","IoT Device","2024-03-11 09:38:57","2024-03-11 09:39:01","2024-03-11 09:39:01","","","","",null
"16857118860497077509534","860497077509534","860497077509534",16857118,"10433748",1,"Active",1,"Online","1.0.0","IoT Device","2024-03-11 09:01:51","2024-03-11 09:01:55","2024-03-11 09:01:55","","","","",null
"16857118860497077486386","860497077486386","860497077486386",16857118,"10433748",1,"Active",2,"Offline","1.0.0","IoT Device","2024-03-11 09:01:50","2024-03-11 09:01:57","2024-03-11 09:01:57","","","","",null
"16857118860497077625496","860497077625496","860497077625496",16857118,"10433748",1,"Active",1,"Online","1.0.0","IoT Device","2024-03-08 17:37:08","2024-03-08 17:42:00","2024-03-08 17:42:00","","","","",null
"16857118860497077621636","860497077621636","860497077621636",16857118,"10433748",1,"Active",1,"Online","1.0.0","IoT Device","2024-03-08 12:48:32","2024-03-08 12:48:35","2024-03-08 12:48:35","","","","",null
"16857118860497077593892","860497077593892","860497077593892",16857118,"10433748",1,"Active",1,"Online","1.0.0","IoT Device","2024-03-08 12:34:34","2024-03-08 12:34:39","2024-03-08 12:34:39","","","","",null
"16857118860497077594098","860497077594098","860497077594098",16857118,"10433748",1,"Active",1,"Online","1.0.0","IoT Device","2024-03-08 11:27:21","2024-03-08 11:27:23","2024-03-08 11:27:23","","","","",null
"16857118860497077631338","860497077631338","860497077631338",16857118,"10433748",1,"Active",1,"Online","1.0.0","IoT Device","2024-03-07 17:15:38","2024-03-07 17:43:40","2024-03-07 17:43:40","","","","",null
"16857118860497077594080","860497077594080","860497077594080",16857118,"10433748",1,"Active",1,"Online","1.0.0","IoT Device","2024-03-07 17:13:15","2024-03-07 17:36:15","2024-03-07 17:36:15","","","","",null
"16857118860497077627575","860497077627575","860497077627575",16857118,"10433748",1,"Active",1,"Online","1.0.0","IoT Device","2024-03-07 17:10:32","2024-03-07 17:26:59","2024-03-07 17:26:59","","","","",null
"16857118860497077631122","860497077631122","860497077631122",16857118,"10433748",1,"Active",2,"Offline","1.0.0","IoT Device","2024-03-07 16:09:44","2024-03-07 16:09:49","2024-03-07 16:09:49","","","","",null
"16857118860497077487210","860497077487210","860497077487210",16857118,"10433748",1,"Active",1,"Online","1.0.0","IoT Device","2024-03-07 14:39:36","2024-03-07 14:39:42","2024-03-07 14:39:42","","","","",null
"16857118860497077625728","860497077625728","860497077625728",16857118,"10433748",1,"Active",2,"Offline","1.0.0","IoT Device","2024-03-07 13:48:05","2024-03-07 14:10:21","2024-03-07 14:10:21","","","","",null
"16857118860497077593967","860497077593967","860497077593967",16857118,"10433748",1,"Active",1,"Online","1.0.0","IoT Device","2024-03-07 12:35:53","2024-03-07 12:35:59","2024-03-07 12:35:59","","","","",null
"16857118860497077525472","860497077525472","860497077525472",16857118,"10433748",1,"Active",1,"Online","1.0.0","IoT Device","2024-03-06 18:24:09","2024-03-06 18:24:20","2024-03-06 18:24:20","","","","",null
"16857118860497077594072","860497077594072","860497077594072",16857118,"10433748",1,"Active",1,"Online","1.0.0","IoT Device","2024-03-06 18:24:09","2024-03-06 18:24:16","2024-03-06 18:24:16","","","","",null
"16857118860497077520416","860497077520416","860497077520416",16857118,"10433748",1,"Active",1,"Online","1.0.0","IoT Device","2024-03-06 16:59:46","2024-03-06 16:59:48","2024-03-06 16:59:48","","","","",null
"16857118860497077509583","860497077509583","860497077509583",16857118,"10433748",1,"Active",1,"Online","1.0.0","IoT Device","2024-03-06 16:59:46","2024-03-06 16:59:51","2024-03-06 16:59:51","","","","",null
"16857118860497077509518","860497077509518","860497077509518",16857118,"10433748",1,"Active",1,"Online","1.0.0","IoT Device","2024-03-06 13:25:53","2024-03-06 13:26:36","2024-03-06 13:26:36","","","","",null
"16857118860497077509435","860497077509435","860497077509435",16857118,"10433748",1,"Active",1,"Online","1.0.0","IoT Device","2024-03-06 09:22:51","2024-03-06 09:22:54","2024-03-06 09:22:54","","","","",null
"16857118860497077622055","860497077622055","860497077622055",16857118,"10433748",1,"Active",1,"Online","1.0.0","IoT Device","2024-03-05 17:59:38","2024-03-05 17:59:41","2024-03-05 17:59:41","","","","",null
"16857118860497077625835","860497077625835","860497077625835",16857118,"10433748",1,"Active",1,"Online","1.0.0","IoT Device","2024-03-05 17:59:38","2024-03-05 17:59:44","2024-03-05 17:59:44","","","","",null
"16857118860497077509591","860497077509591","860497077509591",16857118,"10433748",1,"Active",1,"Online","1.0.0","IoT Device","2024-03-05 16:34:55","2024-03-05 16:49:49","2024-03-05 16:49:49","","","","",null
"16857118860497077625710","860497077625710","860497077625710",16857118,"10433748",1,"Active",1,"Online","1.0.0","IoT Device","2024-03-05 16:34:55","2024-03-05 16:35:00","2024-03-05 16:35:00","","","","",null
"16857118860497077632039","860497077632039","860497077632039",16857118,"10433748",1,"Active",1,"Online","1.0.0","IoT Device","2024-03-05 12:54:38","2024-03-05 13:12:55","2024-03-05 13:12:55","","","","",null
"16857118860497077509492","860497077509492","860497077509492",16857118,"10433748",1,"Active",1,"Online","1.0.0","IoT Device","2024-03-05 11:45:04","2024-03-05 11:45:16","2024-03-05 11:45:16","","","","",null
"16857118860497077625702","860497077625702","860497077625702",16857118,"10433748",1,"Active",1,"Online","1.0.0","IoT Device","2024-03-05 11:45:04","2024-03-05 11:45:23","2024-03-05 11:45:23","","","","",null
"16857118860497077530225","860497077530225","860497077530225",16857118,"10433748",1,"Active",1,"Online","1.0.0","IoT Device","2024-03-05 10:21:45","2024-03-05 10:21:54","2024-03-05 10:21:54","","","","",null
"16857118860497077522214","860497077522214","860497077522214",16857118,"10433748",1,"Active",1,"Online","1.0.0","IoT Device","2024-03-04 16:27:07","2024-03-04 16:27:14","2024-03-04 16:27:14","","","","",null
"16857118860497077632229","860497077632229","860497077632229",16857118,"10433748",1,"Active",1,"Online","1.0.0","IoT Device","2024-03-04 16:27:07","2024-03-04 16:27:17","2024-03-04 16:27:17","","","","",null
"16857118860497077631601","860497077631601","860497077631601",16857118,"10433748",1,"Active",1,"Online","1.0.0","IoT Device","2024-03-04 14:43:44","2024-03-05 03:00:38","2024-03-05 03:00:38","","","","",null
"16857118860497077632120","860497077632120","860497077632120",16857118,"10433748",1,"Active",1,"Online","1.0.0","IoT Device","2024-03-04 13:38:58","2024-03-04 13:39:00","2024-03-04 13:39:00","","","","",null
"16857118860497077493093","860497077493093","860497077493093",16857118,"10433748",1,"Active",1,"Online","1.0.0","IoT Device","2024-03-04 13:37:45","2024-03-04 13:37:47","2024-03-04 13:37:47","","","","",null
"16857118860497077622121","860497077622121","860497077622121",16857118,"10433748",1,"Active",1,"Online","1.0.0","IoT Device","2024-03-04 13:37:44","2024-03-04 13:37:49","2024-03-04 13:37:49","","","","",null
"16857118860497077632088","860497077632088","860497077632088",16857118,"10433748",1,"Active",1,"Online","1.0.0","IoT Device","2024-03-04 13:37:44","2024-03-04 13:37:48","2024-03-04 13:37:48","","","","",null
"16857118860497077509617","860497077509617","860497077509617",16857118,"10433748",1,"Active",2,"Offline","1.0.0","IoT Device","2024-03-04 08:59:06","2024-03-04 08:59:19","2024-03-04 08:59:19","","","","",null
"16857118860497077509476","860497077509476","860497077509476",16857118,"10433748",1,"Active",1,"Online","1.0.0","IoT Device","2024-03-04 08:59:06","2024-03-04 08:59:14","2024-03-04 08:59:14","","","","",null
"16857118860497077539119","860497077539119","860497077539119",16857118,"10433748",1,"Active",1,"Online","1.0.0","IoT Device","2024-03-04 08:59:06","2024-03-04 08:59:08","2024-03-04 08:59:08","","","","",null
"16857118860497077620786","860497077620786","860497077620786",16857118,"10433748",1,"Active",1,"Online","1.0.0","IoT Device","2024-03-04 08:59:06","2024-03-04 08:59:12","2024-03-04 08:59:12","","","","",null
"16857118860497077631742","860497077631742","860497077631742",16857118,"10433748",1,"Active",2,"Offline","1.0.0","IoT Device","2024-03-01 13:50:23","2024-03-01 13:50:28","2024-03-01 13:50:28","","","","",null
"16857118860497077632708","860497077632708","860497077632708",16857118,"10433748",1,"Active",2,"Offline","1.0.0","IoT Device","2024-03-01 13:32:33","2024-03-01 13:32:48","2024-03-01 13:32:48","","","","",null
"16857118860497077621172","860497077621172","860497077621172",16857118,"10433748",1,"Active",1,"Online","1.0.0","IoT Device","2024-02-29 16:57:32","2024-02-29 16:57:32","2024-02-29 16:57:32","","","","",null
"16857118860497077631635","860497077631635","860497077631635",16857118,"10433748",1,"Active",1,"Online","1.0.0","IoT Device","2024-02-26 10:17:37","2024-02-27 03:00:32","2024-02-27 03:00:32","","","","",null
"16857118860497077631775","860497077631775","860497077631775",16857118,"10433748",1,"Active",2,"Offline","1.0.0","IoT Device","2024-02-20 14:24:06","2024-02-21 05:28:16","2024-02-21 05:28:16","","","","",null
"16857118860497077632252","860497077632252","860497077632252",16857118,"10433748",1,"Active",1,"Online","1.0.0","IoT Device","2024-02-20 13:37:33","2024-02-20 13:37:41","2024-02-20 13:37:41","","","","",null
"16857118860497077632336","860497077632336","860497077632336",16857118,"10433748",1,"Active",1,"Online","1.0.0","IoT Device","2024-02-06 10:04:17","2024-02-06 10:04:18","2024-02-06 10:04:18","","","","",null
"16857118860497077620844","860497077620844","860497077620844",16857118,"10433748",1,"Active",1,"Online","1.0.0","IoT Device","2024-02-06 09:59:21","2024-02-06 09:59:24","2024-02-06 09:59:24","","","","",null
"16857118860497077621107","860497077621107","860497077621107",16857118,"10433748",1,"Active",1,"Online","1.0.0","IoT Device","2024-02-06 09:57:00","2024-02-06 09:57:02","2024-02-06 09:57:02","","","","",null
"16857118860497077632492","860497077632492","860497077632492",16857118,"10433748",1,"Active",1,"Online","1.0.0","IoT Device","2024-02-03 18:07:46","2024-02-03 18:07:53","2024-02-03 18:07:53","","","","",null
"16857118860497077632021","860497077632021","860497077632021",16857118,"10433748",1,"Active",1,"Online","1.0.0","IoT Device","2024-02-02 16:06:37","2024-02-02 16:06:37","2024-02-02 16:06:37","","","","",null
"16857118860497077620869","860497077620869","860497077620869",16857118,"10433748",1,"Active",2,"Offline","1.0.0","IoT Device","2024-02-02 14:56:04","2024-02-02 14:56:05","2024-02-02 14:56:05","","","","",null
"16857118860497077509450","860497077509450","860497077509450",16857118,"10433748",1,"Active",1,"Online","1.0.0","IoT Device","2024-02-02 13:50:31","2024-02-02 13:51:17","2024-02-02 13:51:17","","","","",null
"16857118860497077620802","860497077620802","860497077620802",16857118,"10433748",1,"Active",1,"Online","1.0.0","IoT Device","2024-02-01 17:01:22","2024-02-01 17:01:50","2024-02-01 17:01:50","","","","",null
"16857118860497077620836","860497077620836","860497077620836",16857118,"10433748",1,"Active",1,"Online","1.0.0","IoT Device","2024-02-01 17:01:22","2024-02-01 17:01:29","2024-02-01 17:01:29","","","","",null
"16857118860497077621008","860497077621008","860497077621008",16857118,"10433748",1,"Active",1,"Online","1.0.0","IoT Device","2024-02-01 17:01:21","2024-02-01 17:01:31","2024-02-01 17:01:31","","","","",null
"16857118860497077627815","860497077627815","860497077627815",16857118,"10433748",1,"Active",1,"Online","1.0.0","IoT Device","2024-02-01 17:01:21","2024-02-01 17:01:56","2024-02-01 17:01:56","","","","",null
"16857118860497077632211","860497077632211","860497077632211",16857118,"10433748",1,"Active",1,"Online","1.0.0","IoT Device","2024-02-01 17:01:21","2024-02-01 17:01:52","2024-02-01 17:01:52","","","","",null
"16857118860497077632443","860497077632443","860497077632443",16857118,"10433748",1,"Active",1,"Online","1.0.0","IoT Device","2024-02-01 17:01:21","2024-02-01 17:01:24","2024-02-01 17:01:24","","","","",null
"16857118860497077626007","860497077626007","860497077626007",16857118,"10433748",1,"Active",1,"Online","1.0.0","IoT Device","2024-02-01 11:36:52","2024-02-01 11:36:57","2024-02-01 11:36:57","","","","",null
"16857118860497077621198","860497077621198","860497077621198",16857118,"10433748",1,"Active",1,"Online","1.0.0","IoT Device","2024-02-01 10:30:27","2024-02-01 10:30:32","2024-02-01 10:30:32","","","","",null
"16857118860497077621206","860497077621206","860497077621206",16857118,"10433748",1,"Active",1,"Online","1.0.0","IoT Device","2024-02-01 10:30:27","2024-02-01 10:30:32","2024-02-01 10:30:32","","","","",null
"16857118860497077632419","860497077632419","860497077632419",16857118,"10433748",1,"Active",1,"Online","1.0.0","IoT Device","2024-01-31 15:45:43","2024-01-31 15:45:50","2024-01-31 15:45:50","","","","",null
"16857118860497077622089","860497077622089","860497077622089",16857118,"10433748",1,"Active",1,"Online","1.0.0","IoT Device","2024-01-31 11:46:31","2024-01-31 11:46:41","2024-01-31 11:46:41","","","","",null
"16857118860497077625967","860497077625967","860497077625967",16857118,"10433748",1,"Active",2,"Offline","1.0.0","IoT Device","2024-01-31 09:57:57","2024-01-31 10:03:53","2024-01-31 10:03:53","","","","",null
"16857118860497077631403","860497077631403","860497077631403",16857118,"10433748",1,"Active",1,"Online","1.0.0","IoT Device","2024-01-29 17:45:28","2024-01-29 17:45:33","2024-01-29 17:45:33","","","","",null
"16857118860497077621982","860497077621982","860497077621982",16857118,"10433748",1,"Active",1,"Online","1.0.0","IoT Device","2024-01-29 16:37:43","2024-01-29 16:37:45","2024-01-29 16:37:45","","","","",null
"16857118860497077631346","860497077631346","860497077631346",16857118,"10433748",1,"Active",1,"Online","1.0.0","IoT Device","2024-01-29 16:10:40","2024-01-29 16:10:43","2024-01-29 16:10:43","","","","",null
"16857118860497077632013","860497077632013","860497077632013",16857118,"10433748",1,"Active",1,"Online","1.0.0","IoT Device","2024-01-29 09:40:35","2024-01-29 09:40:56","2024-01-29 09:40:56","","","","",null
"16857118860497077622071","860497077622071","860497077622071",16857118,"10433748",1,"Active",1,"Online","1.0.0","IoT Device","2024-01-29 09:34:47","2024-01-29 09:34:51","2024-01-29 09:34:51","","","","",null
"16857118860497077621016","860497077621016","860497077621016",16857118,"10433748",1,"Active",1,"Online","1.0.0","IoT Device","2024-01-29 09:34:47","2024-01-29 09:35:01","2024-01-29 09:35:01","","","","",null
"16857118860497077627856","860497077627856","860497077627856",16857118,"10433748",1,"Active",1,"Online","1.0.0","IoT Device","2024-01-26 10:33:29","2024-05-02 15:54:28","2024-05-02 15:54:28","","","","",null
"16857118860497077627872","860497077627872","860497077627872",16857118,"10433748",0,"Inactive",1,"Online","1.0.0","IoT Device","2024-01-26 10:33:28","","","","","","",null
"16857118860497077632500","860497077632500","860497077632500",16857118,"10433748",1,"Active",1,"Online","1.0.0","IoT Device","2024-01-25 09:34:23","2024-05-02 16:29:06","2024-05-02 16:29:06","","","","",null
"16857118860497077622154","860497077622154","860497077622154",16857118,"10433748",0,"Inactive",1,"Online","1.0.0","IoT Device","2024-01-25 09:34:23","","","","","","",null
"16857118860497077632732","860497077632732","860497077632732",16857118,"10433748",1,"Active",2,"Offline","1.0.0","IoT Device","2024-01-25 09:34:23","2024-01-25 16:02:23","2024-01-25 16:02:23","","","","",null
"16857118860497077632583","860497077632583","860497077632583",16857118,"10433748",1,"Active",1,"Online","1.0.0","IoT Device","2024-01-25 09:34:22","2024-10-29 14:42:04","2024-10-29 14:42:04","","","","",null
"16857118860497077632435","860497077632435","860497077632435",16857118,"10433748",1,"Active",1,"Online","1.0.0","IoT Device","2024-01-24 11:44:07","2024-01-24 12:05:30","2024-01-24 12:05:30","","","","",null
"16857118860497077631353","860497077631353","860497077631353",16857118,"10433748",1,"Active",1,"Online","1.0.0","IoT Device","2024-01-23 13:47:02","2024-01-23 13:47:04","2024-01-23 13:47:04","","","","",null
"16857118860497077631981","860497077631981","860497077631981",16857118,"10433748",1,"Active",1,"Online","1.0.0","IoT Device","2024-01-23 10:44:12","2024-09-15 01:17:01","2024-09-15 01:17:01","","","","",null
"16857118860497077631973","860497077631973","860497077631973",16857118,"10433748",1,"Active",1,"Online","1.0.0","IoT Device","2024-01-23 10:12:52","2024-02-11 13:24:35","2024-02-11 13:24:35","","","","",null
"16857118860497077631999","860497077631999","860497077631999",16857118,"10433748",1,"Active",1,"Online","1.0.0","IoT Device","2024-01-23 10:12:52","2024-01-23 10:13:14","2024-01-23 10:13:14","","","","",null
"16857118860497077525464","860497077525464","860497077525464",16857118,"10433748",1,"Active",1,"Online","1.0.0","IoT Device","2024-01-22 09:21:52","2024-01-22 09:21:55","2024-01-22 09:21:55","","","","",null
"16857118860497077632450","860497077632450","860497077632450",16857118,"10433748",1,"Active",1,"Online","1.0.0","IoT Device","2024-01-22 09:21:52","2024-01-22 09:21:57","2024-01-22 09:21:57","","","","",null
"16857118860497077620893","860497077620893","860497077620893",16857118,"10433748",1,"Active",1,"Online","1.0.0","IoT Device","2024-01-22 09:21:52","2024-01-22 09:21:59","2024-01-22 09:21:59","","","","",null
"16857118860497077621354","860497077621354","860497077621354",16857118,"10433748",1,"Active",1,"Online","1.0.0","IoT Device","2024-01-19 17:03:21","2024-01-19 17:28:54","2024-01-19 17:28:54","","","","",null
"16857118860497077625934","860497077625934","860497077625934",16857118,"10433748",1,"Active",1,"Online","1.0.0","IoT Device","2024-01-19 15:59:19","2024-01-19 17:05:08","2024-01-19 17:05:08","","","","",null
"16857118860497077529771","860497077529771","860497077529771",16857118,"10433748",1,"Active",1,"Online","1.0.0","IoT Device","2024-01-18 11:20:45","2024-01-18 11:22:30","2024-01-18 11:22:30","","","","",null
"16857118860497077621630","860497077621630","860497077621630",16857118,"10433748",0,"Inactive",1,"Online","1.0.0","IoT Device","2024-01-17 18:44:35","","","","","","",null
"16857118860497077509567","860497077509567","860497077509567",16857118,"10433748",1,"Active",2,"Offline","1.0.0","IoT Device","2024-01-17 16:28:29","2024-01-18 03:01:02","2024-01-18 03:01:02","","","","",null
"16857118860497077631510","860497077631510","860497077631510",16857118,"10433748",1,"Active",1,"Online","1.0.0","IoT Device","2024-01-17 16:09:12","2024-01-17 16:09:18","2024-01-17 16:09:18","","","","",null
"16857118860497077621289","860497077621289","860497077621289",16857118,"10433748",1,"Active",1,"Online","1.0.0","IoT Device","2024-01-17 15:55:18","2024-01-17 15:55:19","2024-01-17 15:55:19","","","","",null
"16857118860497077594056","860497077594056","860497077594056",16857118,"10433748",1,"Active",1,"Online","1.0.0","IoT Device","2024-01-17 15:15:32","2024-01-17 15:15:37","2024-01-17 15:15:37","","","","",null
"16857118860497077625819","860497077625819","860497077625819",16857118,"10433748",1,"Active",1,"Online","1.0.0","IoT Device","2024-01-17 14:55:41","2024-01-17 14:55:48","2024-01-17 14:55:48","","","","",null
"16857118860497077525449","860497077525449","860497077525449",16857118,"10433748",1,"Active",1,"Online","1.0.0","IoT Device","2024-01-17 14:46:21","2024-01-17 14:46:25","2024-01-17 14:46:25","","","","",null
"16857118860497077625769","860497077625769","860497077625769",16857118,"10433748",1,"Active",1,"Online","1.0.0","IoT Device","2024-01-17 13:05:40","2024-01-17 13:20:33","2024-01-17 13:20:33","","","","",null
"16857118860061065749971","860061065749971","860061065749971",16857118,"10433748",1,"Active",2,"Offline","1.0.0","IoT Device","2024-01-16 17:03:55","2024-01-16 17:07:17","2024-01-16 17:07:17","","","","",null
"16857118860497077627724","860497077627724","860497077627724",16857118,"10433748",1,"Active",2,"Offline","1.0.0","IoT Device","2024-01-16 16:20:56","2024-01-16 16:22:52","2024-01-16 16:22:52","","","","",null
"16857118860497077625736","860497077625736","860497077625736",16857118,"10433748",1,"Active",1,"Online","1.0.0","IoT Device","2024-01-16 15:57:32","2024-01-16 16:23:35","2024-01-16 16:23:35","","","","",null
"16857118860497077631841","860497077631841","860497077631841",16857118,"10433748",0,"Inactive",1,"Online","1.0.0","IoT Device","2024-01-16 15:57:32","","","","","","",null
"16857118860497077487020","860497077487020","860497077487020",16857118,"10433748",1,"Active",1,"Online","1.0.0","IoT Device","2024-01-16 15:12:04","2024-01-16 15:12:06","2024-01-16 15:12:06","","","","",null
"16857118860497077525399","860497077525399","860497077525399",16857118,"10433748",1,"Active",1,"Online","1.0.0","IoT Device","2024-01-16 15:04:04","2024-01-16 15:04:08","2024-01-16 15:04:08","","","","",null
"16857118860497077404058","860497077404058","860497077404058",16857118,"10433748",1,"Active",2,"Offline","1.0.0","IoT Device","2024-01-16 10:43:45","2024-01-16 10:44:52","2024-01-16 10:44:52","","","","",null
"16857118860497077627542","860497077627542","860497077627542",16857118,"10433748",1,"Active",1,"Online","1.0.0","IoT Device","2024-01-15 12:36:02","2024-01-15 12:36:04","2024-01-15 12:36:04","","","","",null
"16857118860497077509625","860497077509625","860497077509625",16857118,"10433748",1,"Active",1,"Online","1.0.0","IoT Device","2024-01-15 12:34:58","2024-01-15 12:34:59","2024-01-15 12:34:59","","","","",null
"16857118860497077525415","860497077525415","860497077525415",16857118,"10433748",1,"Active",1,"Online","1.0.0","IoT Device","2024-01-15 11:37:19","2024-01-15 11:37:27","2024-01-15 11:37:27","","","","",null
"16857118860497077525407","860497077525407","860497077525407",16857118,"10433748",1,"Active",1,"Online","1.0.0","IoT Device","2024-01-15 11:37:19","2024-01-15 11:37:25","2024-01-15 11:37:25","","","","",null
"16857118860497077509575","860497077509575","860497077509575",16857118,"10433748",1,"Active",1,"Online","1.0.0","IoT Device","2024-01-15 10:58:21","2024-01-15 10:58:26","2024-01-15 10:58:26","","","","",null
"16857118860497077509559","860497077509559","860497077509559",16857118,"10433748",1,"Active",2,"Offline","1.0.0","IoT Device","2024-01-15 10:52:16","2024-01-16 03:02:45","2024-01-16 03:02:45","","","","",null
"16857118860497077625587","860497077625587","860497077625587",16857118,"10433748",1,"Active",2,"Offline","1.0.0","IoT Device","2024-01-12 14:33:51","2024-01-12 14:35:39","2024-01-12 14:35:39","","","","",null
"16857118860497077367636","860497077367636","860497077367636",16857118,"10433748",1,"Active",2,"Offline","1.0.0","IoT Device","2024-01-12 13:55:01","2024-01-12 13:55:09","2024-01-12 13:55:09","","","","",null
"16857118860497077627468","860497077627468","860497077627468",16857118,"10433748",1,"Active",1,"Online","1.0.0","IoT Device","2024-01-12 12:04:34","2024-01-12 12:04:38","2024-01-12 12:04:38","","","","",null
"16857118860497077627443","860497077627443","860497077627443",16857118,"10433748",1,"Active",1,"Online","1.0.0","IoT Device","2024-01-12 12:04:34","2024-01-12 12:05:05","2024-01-12 12:05:05","","","","",null
"16857118860497077627435","860497077627435","860497077627435",16857118,"10433748",1,"Active",1,"Online","1.0.0","IoT Device","2024-01-12 12:04:34","2024-01-12 12:04:36","2024-01-12 12:04:36","","","","",null
"16857118860497077625579","860497077625579","860497077625579",16857118,"10433748",1,"Active",1,"Online","1.0.0","IoT Device","2024-01-11 16:47:37","2024-01-11 16:47:38","2024-01-11 16:47:38","","","","",null
"16857118860497077625843","860497077625843","860497077625843",16857118,"10433748",1,"Active",1,"Online","1.0.0","IoT Device","2024-01-11 16:33:10","2024-01-11 16:33:11","2024-01-11 16:33:11","","","","",null
"16857118860497077625595","860497077625595","860497077625595",16857118,"10433748",1,"Active",1,"Online","1.0.0","IoT Device","2024-01-11 16:16:30","2024-01-11 16:17:16","2024-01-11 16:17:16","","","","",null
"16857118860497077625827","860497077625827","860497077625827",16857118,"10433748",1,"Active",1,"Online","1.0.0","IoT Device","2024-01-11 16:13:49","2024-01-11 16:14:19","2024-01-11 16:14:19","","","","",null
"16857118860497077509526","860497077509526","860497077509526",16857118,"10433748",1,"Active",1,"Online","1.0.0","IoT Device","2024-01-11 14:42:30","2024-01-11 15:30:24","2024-01-11 15:30:24","","","","",null
"16857118860497077627450","860497077627450","860497077627450",16857118,"10433748",1,"Active",1,"Online","1.0.0","IoT Device","2024-01-11 13:02:46","2024-01-11 13:02:52","2024-01-11 13:02:52","","","","",null
"16857118860497077621024","860497077621024","860497077621024",16857118,"10433748",1,"Active",1,"Online","1.0.0","IoT Device","2024-01-11 13:02:45","2024-01-11 13:03:19","2024-01-11 13:03:19","","","","",null
"16857118860497077632674","860497077632674","860497077632674",16857118,"10433748",1,"Active",1,"Online","1.0.0","IoT Device","2024-01-11 11:15:06","2024-01-11 11:15:12","2024-01-11 11:15:12","","","","",null
"16857118860497077631817","860497077631817","860497077631817",16857118,"10433748",1,"Active",1,"Online","1.0.0","IoT Device","2024-01-11 11:01:32","2024-01-11 11:01:34","2024-01-11 11:01:34","","","","",null
"16857118860497077632286","860497077632286","860497077632286",16857118,"10433748",1,"Active",1,"Online","1.0.0","IoT Device","2024-01-11 10:47:39","2024-01-11 10:48:11","2024-01-11 10:48:11","","","","",null
"16857118860497077622105","860497077622105","860497077622105",16857118,"10433748",1,"Active",1,"Online","1.0.0","IoT Device","2024-01-11 10:39:40","2024-01-11 10:44:31","2024-01-11 10:44:31","","","","",null
"16857118860497077632559","860497077632559","860497077632559",16857118,"10433748",1,"Active",1,"Online","1.0.0","IoT Device","2024-01-11 10:37:00","2024-01-11 10:42:30","2024-01-11 10:42:30","","","","",null
"16857118860497077631304","860497077631304","860497077631304",16857118,"10433748",1,"Active",1,"Online","1.0.0","IoT Device","2024-01-11 10:00:18","2024-01-11 10:00:19","2024-01-11 10:00:19","","","","",null
"16857118860497077632724","860497077632724","860497077632724",16857118,"10433748",1,"Active",1,"Online","1.0.0","IoT Device","2024-01-11 09:48:15","2024-01-11 09:55:06","2024-01-11 09:55:06","","","","",null
"16857118860497077632203","860497077632203","860497077632203",16857118,"10433748",1,"Active",1,"Online","1.0.0","IoT Device","2024-01-11 09:48:15","2024-01-11 09:48:16","2024-01-11 09:48:16","","","","",null
"16857118860497077622196","860497077622196","860497077622196",16857118,"10433748",1,"Active",2,"Offline","1.0.0","IoT Device","2024-01-11 09:29:51","2024-01-11 09:29:57","2024-01-11 09:29:57","","","","",null
"16857118860497077632682","860497077632682","860497077632682",16857118,"10433748",1,"Active",1,"Online","1.0.0","IoT Device","2024-01-10 14:45:30","2024-01-10 14:45:34","2024-01-10 14:45:34","","","","",null
"16857118860497077622188","860497077622188","860497077622188",16857118,"10433748",1,"Active",1,"Online","1.0.0","IoT Device","2024-01-10 14:23:34","2024-01-10 14:23:37","2024-01-10 14:23:37","","","","",null
"16857118860497077632666","860497077632666","860497077632666",16857118,"10433748",1,"Active",1,"Online","1.0.0","IoT Device","2024-01-10 13:35:59","2024-01-10 13:59:43","2024-01-10 13:59:43","","","","",null
"16857118860497077632104","860497077632104","860497077632104",16857118,"10433748",1,"Active",1,"Online","1.0.0","IoT Device","2024-01-10 13:20:51","2024-01-10 13:20:53","2024-01-10 13:20:53","","","","",null
"16857118860497077632633","860497077632633","860497077632633",16857118,"10433748",1,"Active",1,"Online","1.0.0","IoT Device","2024-01-10 13:20:51","2024-01-10 13:20:58","2024-01-10 13:20:58","","","","",null
"16857118860497077632385","860497077632385","860497077632385",16857118,"10433748",1,"Active",1,"Online","1.0.0","IoT Device","2024-01-10 10:57:58","2024-01-10 10:57:58","2024-01-10 10:57:58","","","","",null
"16857118860497077621321","860497077621321","860497077621321",16857118,"10433748",1,"Active",2,"Offline","1.0.0","IoT Device","2024-01-10 09:30:36","2024-01-10 09:30:44","2024-01-10 09:30:44","","","","",null
"16857118860497077627609","860497077627609","860497077627609",16857118,"10433748",1,"Active",1,"Online","1.0.0","IoT Device","2024-01-10 09:06:44","2024-01-10 15:02:46","2024-01-10 15:02:46","","","","",null
"16857118860497077627583","860497077627583","860497077627583",16857118,"10433748",1,"Active",1,"Online","1.0.0","IoT Device","2024-01-10 09:06:44","2024-01-10 16:39:17","2024-01-10 16:39:17","","","","",null
"16857118860497077627831","860497077627831","860497077627831",16857118,"10433748",1,"Active",1,"Online","1.0.0","IoT Device","2024-01-10 09:06:43","2024-03-31 09:12:25","2024-03-31 09:12:25","","","","",null
"16857118860497077627674","860497077627674","860497077627674",16857118,"10433748",1,"Active",1,"Online","1.0.0","IoT Device","2024-01-10 09:06:43","2024-01-11 10:33:22","2024-01-11 10:33:22","","","","",null
"16857118860497077627765","860497077627765","860497077627765",16857118,"10433748",1,"Active",1,"Online","1.0.0","IoT Device","2024-01-10 09:06:43","2024-01-11 10:26:35","2024-01-11 10:26:35","","","","",null
"16857118860497077627732","860497077627732","860497077627732",16857118,"10433748",1,"Active",1,"Online","1.0.0","IoT Device","2024-01-10 09:06:43","2024-01-11 10:42:34","2024-01-11 10:42:34","","","","",null
"16857118860497077627658","860497077627658","860497077627658",16857118,"10433748",1,"Active",1,"Online","1.0.0","IoT Device","2024-01-10 09:06:43","2024-01-10 14:26:30","2024-01-10 14:26:30","","","","",null
"16857118860497077627427","860497077627427","860497077627427",16857118,"10433748",1,"Active",1,"Online","1.0.0","IoT Device","2024-01-10 09:06:43","2024-01-10 14:19:18","2024-01-10 14:19:18","","","","",null
"16857118860497077622139","860497077622139","860497077622139",16857118,"10433748",1,"Active",1,"Online","1.0.0","IoT Device","2024-01-09 14:59:02","2024-01-09 14:59:04","2024-01-09 14:59:04","","","","",null
"16857118860497077627567","860497077627567","860497077627567",16857118,"10433748",1,"Active",1,"Online","1.0.0","IoT Device","2024-01-09 13:41:46","2024-01-09 13:41:49","2024-01-09 13:41:49","","","","",null
"16857118860497077632153","860497077632153","860497077632153",16857118,"10433748",1,"Active",1,"Online","1.0.0","IoT Device","2024-01-09 13:29:58","2024-01-09 13:29:59","2024-01-09 13:29:59","","","","",null
"16857118860497077632062","860497077632062","860497077632062",16857118,"10433748",1,"Active",1,"Online","1.0.0","IoT Device","2024-01-09 13:08:12","2024-01-09 13:08:13","2024-01-09 13:08:13","","","","",null
"16857118860497077631148","860497077631148","860497077631148",16857118,"10433748",1,"Active",1,"Online","1.0.0","IoT Device","2024-01-09 12:35:13","2024-01-09 12:35:15","2024-01-09 12:35:15","","","","",null
"16857118860497077509542","860497077509542","860497077509542",16857118,"10433748",1,"Active",1,"Online","1.0.0","IoT Device","2024-01-09 11:38:58","2024-01-09 13:31:31","2024-01-09 13:31:31","","","","",null
"16857118860497077525456","860497077525456","860497077525456",16857118,"10433748",1,"Active",1,"Online","1.0.0","IoT Device","2024-01-09 11:38:58","2024-01-09 14:28:10","2024-01-09 14:28:10","","","","",null
"16857118860497077627757","860497077627757","860497077627757",16857118,"10433748",1,"Active",1,"Online","1.0.0","IoT Device","2024-01-09 11:38:57","2024-01-16 00:03:44","2024-01-16 00:03:44","","","","",null
"16857118860497077627823","860497077627823","860497077627823",16857118,"10433748",1,"Active",1,"Online","1.0.0","IoT Device","2024-01-09 11:38:57","2024-01-09 15:46:12","2024-01-09 15:46:12","","","","",null
"16857118860497077627377","860497077627377","860497077627377",16857118,"10433748",1,"Active",1,"Online","1.0.0","IoT Device","2024-01-09 11:38:57","2024-01-09 15:51:25","2024-01-09 15:51:25","","","","",null
"16857118860497077627641","860497077627641","860497077627641",16857118,"10433748",1,"Active",1,"Online","1.0.0","IoT Device","2024-01-09 11:38:57","2024-01-09 15:57:37","2024-01-09 15:57:37","","","","",null
"16857118860497077627740","860497077627740","860497077627740",16857118,"10433748",1,"Active",1,"Online","1.0.0","IoT Device","2024-01-09 11:38:57","2024-01-09 16:12:30","2024-01-09 16:12:30","","","","",null
"16857118860497077523147","860497077523147","860497077523147",16857118,"10433748",1,"Active",1,"Online","1.0.0","IoT Device","2024-01-09 11:38:56","2024-01-09 16:07:00","2024-01-09 16:07:00","","","","",null
"16857118860497077520903","860497077520903","860497077520903",16857118,"10433748",1,"Active",1,"Online","1.0.0","IoT Device","2024-01-09 11:38:56","2024-01-09 16:19:27","2024-01-09 16:19:27","","","","",null
"16857118860497077523154","860497077523154","860497077523154",16857118,"10433748",1,"Active",1,"Online","1.0.0","IoT Device","2024-01-09 11:38:56","2024-01-09 16:28:10","2024-01-09 16:28:10","","","","",null
"16857118860497077632625","860497077632625","860497077632625",16857118,"10433748",1,"Active",1,"Online","1.0.0","IoT Device","2024-01-09 11:27:23","2024-01-09 11:27:33","2024-01-09 11:27:33","","","","",null
"16857118860497077632278","860497077632278","860497077632278",16857118,"10433748",1,"Active",1,"Online","1.0.0","IoT Device","2024-01-08 18:02:18","2024-01-08 18:02:21","2024-01-08 18:02:21","","","","",null
"16857118860497077458971","860497077458971","860497077458971",16857118,"10433748",1,"Active",2,"Offline","1.0.0","IoT Device","2023-12-28 17:28:22","2023-12-29 03:00:40","2023-12-29 03:00:40","","","","",null
"16857118860497077408521","860497077408521","860497077408521",16857118,"10433748",1,"Active",2,"Offline","1.0.0","IoT Device","2023-12-28 17:22:22","2024-06-17 17:44:38","2024-06-17 17:44:38","","","","",null
"16857118860497077470042","860497077470042","860497077470042",16857118,"10433748",1,"Active",2,"Offline","1.0.0","IoT Device","2023-12-28 17:22:22","2024-06-17 17:44:38","2024-06-17 17:44:38","","","","",null
"16857118860497077537790","860497077537790","860497077537790",16857118,"10433748",0,"Inactive",1,"Online","1.0.0","IoT Device","2023-12-28 17:22:22","","","","","","",null
"16857118860497077404322","860497077404322","860497077404322",16857118,"10433748",0,"Inactive",1,"Online","1.0.0","IoT Device","2023-12-28 17:22:22","","","","","","",null
"16857118860497077404348","860497077404348","860497077404348",16857118,"10433748",0,"Inactive",1,"Online","1.0.0","IoT Device","2023-12-28 17:22:22","","","","","","",null
"16857118860497077458823","860497077458823","860497077458823",16857118,"10433748",1,"Active",2,"Offline","1.0.0","IoT Device","2023-12-28 17:22:21","2024-06-17 15:57:42","2024-06-17 15:57:42","","","","",null
"16857118860497077404207","860497077404207","860497077404207",16857118,"10433748",1,"Active",1,"Online","1.0.0","IoT Device","2023-12-28 17:22:21","2024-03-05 16:11:49","2024-03-05 16:11:49","","","","",null
"16857118860497077404108","860497077404108","860497077404108",16857118,"10433748",1,"Active",1,"Online","1.0.0","IoT Device","2023-12-28 17:22:21","2023-12-30 16:14:24","2023-12-30 16:14:24","","","","",null
"16857118860497077404173","860497077404173","860497077404173",16857118,"10433748",1,"Active",1,"Online","1.0.0","IoT Device","2023-12-28 17:22:21","2023-12-29 03:00:15","2023-12-29 03:00:15","","","","",null
"16857118860497077603766","860497077603766","860497077603766",16857118,"10433748",1,"Active",1,"Online","1.0.0","IoT Device","2023-12-28 17:22:21","2024-01-15 09:44:54","2024-01-15 09:44:54","","","","",null
"16857118860497077404272","860497077404272","860497077404272",16857118,"10433748",1,"Active",2,"Offline","1.0.0","IoT Device","2023-12-28 17:22:20","2024-01-13 16:09:29","2024-01-13 16:09:29","","","","",null
"16857118860497077458880","860497077458880","860497077458880",16857118,"10433748",0,"Inactive",1,"Online","1.0.0","IoT Device","2023-12-28 17:22:20","","","","","","",null
"16857118860497077458815","860497077458815","860497077458815",16857118,"10433748",1,"Active",2,"Offline","1.0.0","IoT Device","2023-12-28 17:22:20","2024-01-14 11:12:51","2024-01-14 11:12:51","","","","",null
"16857118860497077404256","860497077404256","860497077404256",16857118,"10433748",1,"Active",1,"Online","1.0.0","IoT Device","2023-12-28 17:22:20","2023-12-29 03:01:39","2023-12-29 03:01:39","","","","",null
"16857118860497077404280","860497077404280","860497077404280",16857118,"10433748",1,"Active",2,"Offline","1.0.0","IoT Device","2023-12-28 17:22:20","2024-01-16 16:39:34","2024-01-16 16:39:34","","","","",null
"16857118860497077395553","860497077395553","860497077395553",16857118,"10433748",1,"Active",2,"Offline","1.0.0","IoT Device","2023-12-28 17:22:20","2023-12-29 17:04:45","2023-12-29 17:04:45","","","","",null
"16857118860497077404090","860497077404090","860497077404090",16857118,"10433748",1,"Active",2,"Offline","1.0.0","IoT Device","2023-12-28 17:22:19","2024-01-06 16:36:53","2024-01-06 16:36:53","","","","",null
"16857118860497077397526","860497077397526","860497077397526",16857118,"10433748",1,"Active",2,"Offline","1.0.0","IoT Device","2023-12-28 17:22:19","2023-12-29 03:01:24","2023-12-29 03:01:24","","","","",null
"16857118860497077404363","860497077404363","860497077404363",16857118,"10433748",1,"Active",2,"Offline","1.0.0","IoT Device","2023-12-28 17:22:19","2023-12-29 03:00:41","2023-12-29 03:00:41","","","","",null
"16857118860497077458849","860497077458849","860497077458849",16857118,"10433748",1,"Active",2,"Offline","1.0.0","IoT Device","2023-12-26 15:46:34","2024-06-17 18:06:00","2024-06-17 18:06:00","","","","",null
"16857118860497077395942","860497077395942","860497077395942",16857118,"10433748",1,"Active",1,"Online","1.0.0","IoT Device","2023-12-26 14:10:49","2024-03-05 14:22:41","2024-03-05 14:22:41","","","","",null
"16857118860497077404215","860497077404215","860497077404215",16857118,"10433748",1,"Active",2,"Offline","1.0.0","IoT Device","2023-12-26 14:10:49","2024-03-08 09:57:04","2024-03-08 09:57:04","","","","",null
"16857118860497077404199","860497077404199","860497077404199",16857118,"10433748",1,"Active",1,"Online","1.0.0","IoT Device","2023-12-26 12:15:40","2024-03-05 15:20:34","2024-03-05 15:20:34","","","","",null
"16857118860497074495488","860497074495488","860497074495488",16857118,"10433748",0,"Inactive",1,"Online","1.0.0","IoT Device","2023-12-26 12:15:39","","","","","","",null
"16857118860497077404140","860497077404140","860497077404140",16857118,"10433748",1,"Active",2,"Offline","1.0.0","IoT Device","2023-12-19 10:25:50","2023-12-20 22:03:02","2023-12-20 22:03:02","","","","",null
"16857118860497077396924","860497077396924","860497077396924",16857118,"10433748",1,"Active",1,"Online","1.0.0","IoT Device","2023-12-19 10:04:49","2023-12-19 17:01:21","2023-12-19 17:01:21","","","","",null
"16857118860497077383427","860497077383427","860497077383427",16857118,"10433748",1,"Active",2,"Offline","1.0.0","IoT Device","2023-12-18 16:14:07","2023-12-18 16:16:07","2023-12-18 16:16:07","","","","",null
"16857118860497077395520","860497077395520","860497077395520",16857118,"10433748",1,"Active",1,"Online","1.0.0","IoT Device","2023-12-18 12:57:08","2023-12-22 12:02:16","2023-12-22 12:02:16","","","","",null
"16857118860497077395322","860497077395322","860497077395322",16857118,"10433748",1,"Active",2,"Offline","1.0.0","IoT Device","2023-12-15 15:18:19","2023-12-16 22:00:31","2023-12-16 22:00:31","","","","",null
"16857118860497077395439","860497077395439","860497077395439",16857118,"10433748",1,"Active",1,"Online","1.0.0","IoT Device","2023-12-12 18:14:57","2023-12-13 03:01:21","2023-12-13 03:01:21","","","","",null
"16857118860497077406962","860497077406962","860497077406962",16857118,"10433748",0,"Inactive",1,"Online","1.0.0","IoT Device","2023-12-11 13:58:42","","","","","","",null
"16857118860497077458898","860497077458898","860497077458898",16857118,"10433748",1,"Active",2,"Offline","1.0.0","IoT Device","2023-12-11 13:58:42","2023-12-12 03:00:44","2023-12-12 03:00:44","","","","",null
"16857118860497077494604","860497077494604","860497077494604",16857118,"10433748",1,"Active",1,"Online","1.0.0","IoT Device","2023-12-01 16:55:50","2023-12-02 03:02:18","2023-12-02 03:02:18","","","","",null
"16857118860497077459003","860497077459003","860497077459003",16857118,"10433748",1,"Active",1,"Online","1.0.0","IoT Device","2023-12-01 16:44:52","2023-12-02 03:02:11","2023-12-02 03:02:11","","","","",null
"16857118865027053455132","865027053455132","865027053455132",16857118,"10433748",0,"Inactive",1,"Online","1.0.0","IoT Device","2023-12-01 15:19:56","","","","","","",null
"16857118860497077388970","860497077388970","860497077388970",16857118,"10433748",1,"Active",1,"Online","1.0.0","IoT Device","2023-11-28 13:28:17","2023-11-28 14:02:19","2023-11-28 14:02:19","","","","",null
"16857118860497077494901","860497077494901","860497077494901",16857118,"10433748",1,"Active",2,"Offline","1.0.0","IoT Device","2023-11-25 14:09:54","2023-11-25 15:00:35","2023-11-25 15:00:35","","","","",null
"16857118860497077397997","860497077397997","860497077397997",16857118,"10433748",1,"Active",1,"Online","1.0.0","IoT Device","2023-11-25 13:41:14","2023-11-25 13:51:53","2023-11-25 13:51:53","","","","",null
"16857118860497077404264","860497077404264","860497077404264",16857118,"10433748",1,"Active",2,"Offline","1.0.0","IoT Device","2023-11-24 13:35:37","2023-11-24 14:13:10","2023-11-24 14:13:10","","","","",null
"16857118860497077458922","860497077458922","860497077458922",16857118,"10433748",1,"Active",1,"Online","1.0.0","IoT Device","2023-11-24 13:35:01","2023-11-24 13:50:34","2023-11-24 13:50:34","","","","",null
"16857118860497077408943","860497077408943","860497077408943",16857118,"10433748",1,"Active",1,"Online","1.0.0","IoT Device","2023-11-24 13:31:27","2023-11-24 15:07:05","2023-11-24 15:07:05","","","","",null
"16857118860497077483466","860497077483466","860497077483466",16857118,"10433748",1,"Active",1,"Online","1.0.0","IoT Device","2023-11-24 13:30:30","2023-11-24 15:36:08","2023-11-24 15:36:08","","","","",null
"16857118860497077407341","860497077407341","860497077407341",16857118,"10433748",1,"Active",1,"Online","1.0.0","IoT Device","2023-11-24 10:42:13","2023-11-24 10:58:25","2023-11-24 10:58:25","","","","",null
"16857118860497077397880","860497077397880","860497077397880",16857118,"10433748",1,"Active",2,"Offline","1.0.0","IoT Device","2023-11-24 10:41:18","2023-11-24 11:20:55","2023-11-24 11:20:55","","","","",null
"16857118860497077396684","860497077396684","860497077396684",16857118,"10433748",1,"Active",1,"Online","1.0.0","IoT Device","2023-11-24 09:43:03","2023-11-24 09:44:39","2023-11-24 09:44:39","","","","",null
"16857118860497077404181","860497077404181","860497077404181",16857118,"10433748",1,"Active",1,"Online","1.0.0","IoT Device","2023-11-24 09:37:27","2023-11-24 09:45:47","2023-11-24 09:45:47","","","","",null
"16857118860497077398714","860497077398714","860497077398714",16857118,"10433748",1,"Active",1,"Online","1.0.0","IoT Device","2023-11-23 17:59:19","2023-11-23 18:14:01","2023-11-23 18:14:01","","","","",null
"16857118860497077396056","860497077396056","860497077396056",16857118,"10433748",1,"Active",1,"Online","1.0.0","IoT Device","2023-11-23 17:54:50","2023-11-23 18:15:32","2023-11-23 18:15:32","","","","",null
"16857118860497077402136","860497077402136","860497077402136",16857118,"10433748",1,"Active",1,"Online","1.0.0","IoT Device","2023-11-23 17:13:47","2023-11-23 18:05:07","2023-11-23 18:05:07","","","","",null
"16857118860497077458906","860497077458906","860497077458906",16857118,"10433748",1,"Active",1,"Online","1.0.0","IoT Device","2023-11-23 17:12:00","2023-11-23 18:06:47","2023-11-23 18:06:47","","","","",null
"16857118860497077404231","860497077404231","860497077404231",16857118,"10433748",1,"Active",1,"Online","1.0.0","IoT Device","2023-11-22 15:45:04","2023-11-23 03:03:27","2023-11-23 03:03:27","","","","",null
"16857118860497077406954","860497077406954","860497077406954",16857118,"10433748",1,"Active",1,"Online","1.0.0","IoT Device","2023-11-22 15:42:46","2023-11-23 03:00:35","2023-11-23 03:00:35","","","","",null
"16857118860497077383658","860497077383658","860497077383658",16857118,"10433748",1,"Active",1,"Online","1.0.0","IoT Device","2023-11-22 15:40:23","2023-11-23 03:02:55","2023-11-23 03:02:55","","","","",null
"16857118860497077459011","860497077459011","860497077459011",16857118,"10433748",1,"Active",1,"Online","1.0.0","IoT Device","2023-11-22 15:37:33","2023-11-23 03:00:50","2023-11-23 03:00:50","","","","",null
"16857118860497077403027","860497077403027","860497077403027",16857118,"10433748",1,"Active",1,"Online","1.0.0","IoT Device","2023-11-22 11:24:15","2023-11-23 03:00:55","2023-11-23 03:00:55","","","","",null
"16857118860497077459086","860497077459086","860497077459086",16857118,"10433748",1,"Active",1,"Online","1.0.0","IoT Device","2023-11-22 11:22:20","2023-11-23 03:01:24","2023-11-23 03:01:24","","","","",null
"16857118860497077395405","860497077395405","860497077395405",16857118,"10433748",1,"Active",2,"Offline","1.0.0","IoT Device","2023-11-22 11:19:45","2023-11-23 03:01:46","2023-11-23 03:01:46","","","","",null
"16857118860497077404314","860497077404314","860497077404314",16857118,"10433748",1,"Active",1,"Online","1.0.0","IoT Device","2023-11-22 11:17:41","2023-11-23 03:01:04","2023-11-23 03:01:04","","","","",null
"16857118860497077395447","860497077395447","860497077395447",16857118,"10433748",1,"Active",1,"Online","1.0.0","IoT Device","2023-11-22 09:13:50","2023-11-23 03:02:10","2023-11-23 03:02:10","","","","",null
"16857118860497077407028","860497077407028","860497077407028",16857118,"10433748",1,"Active",1,"Online","1.0.0","IoT Device","2023-11-22 09:04:34","2023-11-23 03:04:13","2023-11-23 03:04:13","","","","",null
"16857118860497077459052","860497077459052","860497077459052",16857118,"10433748",1,"Active",1,"Online","1.0.0","IoT Device","2023-11-21 12:08:15","2023-11-22 03:03:29","2023-11-22 03:03:29","","","","",null
"16857118860497077404389","860497077404389","860497077404389",16857118,"10433748",1,"Active",2,"Offline","1.0.0","IoT Device","2023-11-20 17:04:26","2023-11-21 03:03:11","2023-11-21 03:03:11","","","","",null
"16857118860497077397955","860497077397955","860497077397955",16857118,"10433748",1,"Active",1,"Online","1.0.0","IoT Device","2023-11-20 14:59:01","2023-11-21 03:01:59","2023-11-21 03:01:59","","","","",null
"16857118860497077408869","860497077408869","860497077408869",16857118,"10433748",1,"Active",1,"Online","1.0.0","IoT Device","2023-11-20 09:50:45","2023-11-25 06:49:01","2023-11-25 06:49:01","","","","",null
"16857118860497077395603","860497077395603","860497077395603",16857118,"10433748",1,"Active",1,"Online","1.0.0","IoT Device","2023-11-20 09:48:37","2023-11-21 03:02:39","2023-11-21 03:02:39","","","","",null
"16857118860497077459102","860497077459102","860497077459102",16857118,"10433748",1,"Active",1,"Online","1.0.0","IoT Device","2023-11-20 09:46:05","2023-11-21 03:00:24","2023-11-21 03:00:24","","","","",null
"16857118860497077407069","860497077407069","860497077407069",16857118,"10433748",1,"Active",1,"Online","1.0.0","IoT Device","2023-11-20 09:43:36","2023-11-21 03:01:16","2023-11-21 03:01:16","","","","",null
"16857118860497077395934","860497077395934","860497077395934",16857118,"10433748",1,"Active",1,"Online","1.0.0","IoT Device","2023-11-20 09:41:23","2023-11-21 03:00:12","2023-11-21 03:00:12","","","","",null
"16857118860497077458914","860497077458914","860497077458914",16857118,"10433748",1,"Active",1,"Online","1.0.0","IoT Device","2023-11-20 09:39:09","2023-11-21 03:01:48","2023-11-21 03:01:48","","","","",null
"16857118860497077391222","860497077391222","860497077391222",16857118,"10433748",1,"Active",1,"Online","1.0.0","IoT Device","2023-11-20 09:36:07","2023-11-21 22:02:52","2023-11-21 22:02:52","","","","",null
"16857118860497077406970","860497077406970","860497077406970",16857118,"10433748",1,"Active",1,"Online","1.0.0","IoT Device","2023-11-20 09:33:34","2023-11-21 03:03:18","2023-11-21 03:03:18","","","","",null
"16857118860497077404116","860497077404116","860497077404116",16857118,"10433748",1,"Active",1,"Online","1.0.0","IoT Device","2023-11-20 09:28:54","2023-11-21 03:01:27","2023-11-21 03:01:27","","","","",null
"16857118860497077404371","860497077404371","860497077404371",16857118,"10433748",1,"Active",1,"Online","1.0.0","IoT Device","2023-11-16 11:39:52","2023-11-17 08:57:20","2023-11-17 08:57:20","","","","",null
"16857118860061065744692","860061065744692","860061065744692",16857118,"10433748",0,"Inactive",1,"Online","1.0.0","IoT Device","2023-11-15 14:32:16","","","","","","",null
"16857118123456789","123456789","123456789",16857118,"10433748",0,"Inactive",1,"Online","1.0.0","IoT Device","2023-11-13 15:18:34","","","","","","",null
"16857118860123459201","860123459201","860123459201",16857118,"10433748",0,"Inactive",1,"Online","1.0.0","IoT Device","2023-11-13 15:02:25","","","","","","",null
"16857118860123459101","860123459101","860123459101",16857118,"10433748",0,"Inactive",1,"Online","1.0.0","IoT Device","2023-11-13 15:01:07","","","","","","",null
"1685711886012345910","86012345910","86012345910",16857118,"10433748",0,"Inactive",1,"Online","1.0.0","IoT Device","2023-11-13 14:58:03","","","","","","",null
"16857118860123459","860123459","860123459",16857118,"10433748",0,"Inactive",1,"Online","1.0.0","IoT Device","2023-11-13 14:54:11","","","","","","",null
"16857118860497077477005","860497077477005","860497077477005",16857118,"10433748",1,"Active",2,"Offline","1.0.0","IoT Device","2023-11-12 18:17:40","2023-11-12 18:33:23","2023-11-12 18:33:23","","","","",null
"16857118860061065749963","860061065749963","860061065749963",16857118,"10433748",1,"Active",2,"Offline","1.0.0","IoT Device","2023-10-19 17:04:24","2023-10-19 17:15:40","2023-10-19 17:15:40","","","","",null
"16857118860061065744659","860061065744659","860061065744659",16857118,"10433748",1,"Active",2,"Offline","1.0.0","IoT Device","2023-09-20 14:05:38","2023-09-25 10:02:16","2023-09-25 10:02:16","","","","",null
