"__id,______,__,____,____"
"866094052435712,2025-12-08 23:49:50,003333,____________,866094052435712"
"866877072660842,2025-12-05 11:56:16,003222,____________,866877072660842"
"866877072621604,2025-12-05 10:55:11,003222,____________,866877072621604"
"866877072653466,,222222,____________,866877072653466"
"866877072622909,2025-12-05 11:02:05,003222,____________,866877072622909"
"866877072625183,2025-12-05 10:48:15,003222,____________,866877072625183"
"866877072622925,2025-12-04 15:01:02,003222,____________,866877072622925"
"866877072656881,2025-12-04 15:11:41,003222,____________,866877072656881"
"866877072621703,2025-12-04 15:20:08,003222,____________,866877072621703"
"866877072645967,2025-12-04 15:28:05,003222,____________,866877072645967"
"866877072653482,2025-12-05 10:41:07,003222,____________,866877072653482"
"866877072650207,2025-12-04 14:54:53,003333,____________,866877072650207"
"860497077625652,2025-12-09 11:40:33,003030,____________,860497077625652"
"866877072646304,2025-11-27 10:24:33,003222,____________,866877072646304"
"866877072654688,2025-11-27 10:29:57,003222,____________,866877072654688"
"866877072646288,2025-11-27 10:26:22,003222,____________,866877072646288"
"866877072624962,2025-11-27 10:33:28,003222,____________,866877072624962"
"866877072660644,2025-11-27 10:12:59,003222,____________,866877072660644"
"866877072630449,2025-11-27 10:06:52,003222,____________,866877072630449"
"866877072655388,2025-11-27 10:05:02,003222,____________,866877072655388"
"866877072626785,2025-11-27 10:15:56,003222,____________,866877072626785"
"866877072171543,2025-11-27 10:18:45,003222,____________,866877072171543"
"866877072653441,2025-11-27 09:39:45,003333,____________,866877072653441"
"866877072646981,2025-12-09 11:21:11,000333,____________,866877072646981"
"866877072626249,2025-11-27 09:48:04,003333,____________,866877072626249"
"866877072656865,2025-12-09 11:11:01,000000,____________,866877072656865"
"866877072647385,2025-12-09 11:03:10,022222222,____________,866877072647385"
"866877072623089,2025-11-18 15:05:11,003222,____________,866877072623089"
"866877072646684,2025-11-27 10:10:12,003222,____________,866877072646684"
"866877072654589,2025-11-18 14:53:04,003333,____________,866877072654589"
"866877072652369,2025-12-09 11:32:54,022222222,____________,866877072652369"
"866877072650041,2025-11-11 11:02:54,003333222,____________,866877072650041"
"866877072654480,2025-12-09 11:15:24,003332,____________,866877072654480"
"866877072652963,2025-12-09 11:38:21,003333,____________,866877072652963"
"866877072653201,2025-12-09 11:28:17,003300,____________,866877072653201"
"866877072650348,2025-11-18 14:57:13,003333,____________,866877072650348"
"866877072650165,2025-12-09 11:36:18,003333,____________,866877072650165"
"866877072626223,2025-11-11 09:48:51,003333,____________,866877072626223"
"866877072625761,2025-12-09 11:32:44,000000,____________,866877072625761"
"866877072654423,2025-11-11 09:52:23,003333,____________,866877072654423"
"866877072647302,2025-11-11 10:03:58,333333,____________,866877072647302"
"866877072655420,2025-11-11 10:31:28,003333,____________,866877072655420"
"866877072625720,2025-12-09 11:15:28,000333,____________,866877072625720"
"866877072654506,2025-11-11 10:39:00,003333,____________,866877072654506"
"866877072654548,2025-12-09 11:21:02,003333,____________,866877072654548"
"866877072626827,2025-12-09 11:35:19,003333,____________,866877072626827"
"866877072654704,2025-11-11 10:35:02,003333,____________,866877072654704"
"866877072659901,,222222,____________,866877072659901"
"866877072651122,2025-12-09 11:33:23,002222222,____________,866877072651122"
"866877072626306,2025-10-20 16:30:00,003222,____________,866877072626306"
"866877072197324,2025-10-20 16:34:19,003222,____________,866877072197324"
"866877072622404,2025-10-20 16:24:01,003222,____________,866877072622404"
"866877072628724,2025-10-20 11:43:21,003222,____________,866877072628724"
"866877072626546,2025-12-08 08:53:29,003222,____________,866877072626546"
"866877072660388,2025-12-09 11:20:35,000002,____________,866877072660388"
"866877072622941,2025-12-09 11:40:03,333222,____________,866877072622941"
"866877072661584,2025-12-09 11:26:19,003222,____________,866877072661584"
"866877072645447,2025-12-09 11:40:01,003222,____________,866877072645447"
"866877072660065,2025-12-09 11:40:05,003222,____________,866877072660065"
"866877072650264,2025-12-09 11:31:27,000003222,____________,866877072650264"
"866877072622982,2025-12-09 11:29:36,000302,____________,866877072622982"
"866877072660008,2025-12-09 11:22:28,003000,____________,866877072660008"
"866877072654100,2025-12-09 11:14:32,003333,____________,866877072654100"
"866877072625001,2025-12-09 11:38:06,000333,____________,866877072625001"
"866877072640745,2025-09-28 15:40:49,003333,____________,866877072640745"
"866877072654068,2025-12-09 11:12:08,003333,____________,866877072654068"
"866877072651528,2025-12-09 11:39:04,003300,____________,866877072651528"
"866877072659562,2025-11-24 08:55:37,333333,____________,866877072659562"
"866877072640224,2025-12-09 11:28:22,003333,____________,866877072640224"
"866877072660446,2025-12-02 01:03:52,333222,____________,866877072660446"
"866877072625944,2025-12-09 11:14:39,003330,____________,866877072625944"
"866877072660420,2025-12-09 11:32:37,000033,____________,866877072660420"
"866877072656725,2025-09-28 15:46:35,333333,____________,866877072656725"
"866877072621984,2025-12-09 11:19:17,003330,____________,866877072621984"
"866877072652807,2025-09-28 15:24:27,003222,____________,866877072652807"
"866877072622883,2025-12-09 11:11:55,003330,____________,866877072622883"
"866877072656287,2025-12-09 11:29:09,003300,____________,866877072656287"
"866877072655644,2025-12-09 11:15:35,003222,____________,866877072655644"
"866877072652849,2025-11-27 09:52:50,333333,____________,866877072652849"
"866877072651460,2025-12-09 11:17:09,003333,____________,866877072651460"
"866877072645280,2025-12-09 11:34:27,002222222,____________,866877072645280"
"866877072645207,2025-12-09 11:31:23,002222222,____________,866877072645207"
"866877072656063,2025-12-09 11:33:54,002222222,____________,866877072656063"
"866094052434269,2025-12-08 23:46:36,020222,____________,866094052434269 "
"866207075001598,,222222,____________,866207075001598"
"866877072660081,2025-12-09 11:16:03,333222,____________,866877072660081"
"866877072659968,2025-12-09 11:31:33,003000,____________,866877072659968"
"866877072655248,2025-12-09 11:18:16,003222,_________,866877072655248"
"866877072623147,2025-12-09 11:37:49,000033,____________,866877072623147"
"866877072655305,2025-12-09 11:31:28,000022,____________,866877072655305"
"866877072651361,2025-12-09 11:15:56,003300,______(__)____,866877072651361"
"866877072630324,2025-09-15 11:54:54,333333,____________,866877072630324"
"866877072654746,2025-12-09 11:31:30,022222222,____________,866877072654746"
"866877072650686,2025-11-18 13:31:16,332222222,____________,866877072650686"
"866207075362818,2025-12-09 11:32:49,002222222,____________,866207075362818"
"866094051521875,2025-09-05 16:14:10,222222,____________,866094051521875"
"866094051521876,2025-12-08 23:43:05,003300,____________,866094051521876"
"866094052771694,2025-12-08 23:42:20,000000,____________,866094052771694"
"866877072660545,2025-12-09 11:31:25,002222222,____________,866877072660545"
"866877072650561,2025-12-09 11:30:03,002222222,____________,866877072650561"
"866877072630902,2025-12-09 11:30:04,002222222,____________,866877072630902"
"866877072653284,2025-12-09 11:30:04,002222222,____________,866877072653284"
"866094052865025,2025-12-08 22:07:46,020222,____________,866094052865025"
"866877072626629,2025-09-17 10:34:06,333333,____________,866877072626629"
"866877072640620,2025-08-29 10:51:14,003333,____________,866877072640620"
"866877072623006,2025-12-09 11:20:09,000330,____________,866877072623006"
"866877072660180,2025-12-09 11:38:00,000330,____________,866877072660180"
"866877072623063,2025-12-09 11:29:39,003222,____________,866877072623063"
"866877072623188,2025-11-11 09:46:33,333333,____________,866877072623188"
"866877072654027,2025-12-09 11:40:37,003222,____________,866877072654027"
"866877072628906,2025-12-09 11:23:46,003222,____________,866877072628906"
"866877072646064,2025-12-09 11:19:45,003222,_________,866877072646064"
"866877072651569,2025-12-09 11:14:10,003222,____________,866877072651569"
"866877072651684,2025-12-09 11:12:35,003222,____________,866877072651684"
"866877072653565,2025-10-20 11:50:47,003222,____________,866877072653565"
"866877072625985,2025-12-09 11:25:24,003222,____________,866877072625985"
"866877072646080,2025-08-28 15:01:16,003222,____________,866877072646080"
"866877072659844,2025-08-28 14:43:27,003222,____________,866877072659844"
"866877072654308,2025-11-05 20:25:20,333333,____________,866877072654308"
"866877072659042,2025-12-09 11:21:26,000222,____________,866877072659042"
"866877072651601,2025-11-12 09:31:48,333322,____________,866877072651601"
"866877072651825,2025-12-09 11:32:47,002222222,____________,866877072651825"
"866877072645306,2025-08-28 11:17:17,002222222,____________,866877072645306"
"866877072652500,2025-08-28 11:30:50,002222222,____________,866877072652500"
"866877072652484,2025-12-09 11:32:41,002222222,____________,866877072652484"
"866877072653086,2025-12-09 11:32:43,003333222,____________,866877072653086"
"865027053462013,2025-12-08 23:46:06,002222222,____________,865027053462013"
"866877072654928,2025-12-09 11:31:11,003333222,____________,866877072654928"
"866877072654886,2025-12-09 11:34:12,002222222,____________,866877072654886"
"866877072654084,2025-12-09 11:21:39,003222,____________,866877072654084"
"860497077593918,2025-12-09 11:20:07,002222,____________,860497077593918"
"866207075363733,2025-12-09 11:33:13,002222222,____________,866207075363733"
"866877072641248,2025-12-09 11:33:57,022222222,____________,866877072641248"
"866877072653763,2025-12-09 11:33:58,000003222,____________,866877072653763"
"866877072624764,2025-12-09 11:38:43,003000,____________,866877072624764"
"866877072654761,2025-12-09 11:31:40,002222222,____________,866877072654761"
"866877072656709,2025-12-09 11:38:15,000000,_________,866877072656709"
"866877072640182,2025-12-09 11:36:58,003300,____________,866877072640182"
"866877072625100,2025-12-09 11:36:23,003330,____________,866877072625100"
"866877072655529,2025-12-09 11:19:03,003322,____________,866877072655529"
"866877072660404,2025-12-09 11:36:54,003332,_________,866877072660404"
"866877072650520,2025-12-09 11:25:46,002222222,____________,866877072650520"
"866877072660602,2025-12-09 11:33:28,002222222,____________,866877072660602"
"866877072647260,2025-12-09 11:33:58,002222222,____________,866877072647260"
"866207075447213,2025-12-09 11:38:46,002222222,____________,866207075447213"
"866877072656261,2025-12-09 11:34:10,002222222,____________,866877072656261"
"866877072645124,2025-07-30 10:43:16,003222,____________,866877072645124"
"866877072640489,2025-07-30 10:49:26,003222,____________,866877072640489"
"866877072659265,2025-12-09 11:15:57,003222,____________,866877072659265"
"866877072650728,2025-12-09 11:32:37,022222222,____________,866877072650728"
"866877072656642,2025-12-09 11:31:20,002222222,____________,866877072656642"
"866877072653664,2025-12-09 11:29:25,002222,____________,866877072653664"
"866877072655784,2025-12-08 15:32:12,002222,____________,866877072655784"
"866877072653581,2025-12-09 11:16:06,333222,____________,866877072653581"
"866877072623204,2025-12-09 11:26:15,002222,____________,866877072623204"
"866877072660248,2025-12-09 11:36:56,002222,____________,866877072660248"
"866877072660206,2025-12-09 11:21:13,003222,____________,866877072660206"
"866877072626405,2025-12-09 11:38:07,000000,____________,866877072626405"
"866877072628666,2025-12-09 11:34:25,000333,______(__)____,866877072628666"
"866877072630183,2025-12-09 11:18:31,333222,______(__)____,866877072630183"
"866877072660461,2025-12-09 11:30:52,003222,____________,866877072660461"
"866877072655321,2025-12-09 11:23:06,003222,____________,866877072655321"
"866877072626884,2025-12-09 11:40:13,003222,____________,866877072626884"
"866877072659869,2025-12-09 11:31:11,333222,____________,866877072659869"
"866877072660040,2025-12-09 11:38:50,003222,____________,866877072660040"
"866877072654381,2025-12-09 11:40:44,003222,____________,866877072654381"
"866877072622222,2025-12-09 11:34:58,003222,_________,866877072622222"
"866877072644960,2025-12-09 11:33:54,002222222,____________,866877072644960"
"866877072641362,2025-12-09 11:26:44,002222222,____________,866877072641362"
"866094052832959,2025-12-08 23:11:39,000332,____________,866094052832959"
"866877072630407,2025-12-09 11:33:18,003222,____________,866877072630407"
"866877072630100,2025-12-09 11:11:23,332222,____________,866877072630100"
"866877072624509,2025-12-09 11:28:26,003222,____________,866877072624509"
"866877072621927,2025-12-09 11:32:36,003222,____________,866877072621927"
"866877072660800,2025-12-09 11:26:43,003222,____________,866877072660800"
"866877072653623,2025-12-09 11:16:45,003222,____________,866877072653623"
"866877072628708,2025-12-09 11:30:42,003222,____________,866877072628708"
"866877072656220,2025-12-09 11:13:27,003222,____________,866877072656220"
"866877072646247,2025-12-09 11:12:10,002222,____________,866877072646247"
"866877072622206,2025-12-08 16:20:59,333222,____________,866877072622206"
"866877072652526,2025-12-09 11:16:45,002222222,____________,866877072652526"
"866877072653649,2025-12-04 15:17:15,003222,____________,866877072653649"
"866877072653607,2025-12-09 11:16:31,003222,____________,866877072653607"
"866877072630944,2025-12-09 11:40:15,003222,____________,866877072630944"
"866877072653821,2025-12-09 11:19:49,003222,____________,866877072653821"
"866877072628823,2025-12-09 11:17:19,003222,____________,866877072628823"
"866877072625845,2025-12-09 11:36:42,002222,____________,866877072625845"
"860497077631007,2025-10-20 11:48:10,003222,____________,860497077631007"
"866877072655461,2025-12-09 11:35:11,003333,____________,866877072655461"
"866877072655503,2025-12-09 11:18:25,003330,____________,866877072655503"
"866877072628948,2025-12-09 11:22:10,000000,____________,866877072628948"
"866877072621968,2025-12-09 11:24:15,333000,____________,866877072621968"
"866877072626389,2025-12-09 11:11:20,000000,____________,866877072626389"
"866877072622123,2025-12-09 11:14:38,003003,____________,866877072622123"
"866877072622487,2025-12-09 11:22:14,003000,____________,866877072622487"
"866877072623261,2025-12-09 11:29:23,003333,____________,866877072623261"
"866877072622008,2025-12-09 11:22:15,000002,____________,866877072622008"
"861647050642640,2025-12-08 23:33:29,020222,______(__)____,861647050642640"
"866877072650926,2025-12-09 11:34:21,022222222,____________,866877072650926"
"866877072656824,2025-12-09 11:32:38,002222222,_________,866877072656824"
"865027053482243,2025-12-08 23:33:02,002222222,_________,865027053482243"
"866207075008635,2025-12-09 11:30:04,002222222,____________,866207075008635"
"866877072659760,2025-12-09 11:33:09,002222222,____________,866877072659760"
"866207075008130,2025-12-09 11:31:15,002222222,____________,866207075008130"
"866094058417300,2025-07-09 09:48:11,222222,_________,866094058417300"
"861410049559148,2025-12-08 12:45:44,022222,____________,861410049559148"
"866207075008734,2025-12-09 11:33:47,002222222,____________,866207075008734"
"866207075440697,2025-12-09 11:24:02,022222222,____________,866207075440697"
"866877072646387,2025-12-09 11:30:04,002222222,____________,866877072646387"
"866877072653805,2025-12-09 11:33:45,022222222,____________,866877072653805"
"860497077630710,2025-12-09 11:32:36,003330,____________,860497077630710"
"866877072645546,2025-12-09 11:32:39,002222222,____________,866877072645546"
"866877072623048,2025-11-20 15:08:05,333332,____________,866877072623048"
"866877072646924,2025-12-09 11:31:34,002222222,____________,866877072646924"
"866877072628765,2025-12-09 11:25:35,003222,____________,866877072628765"
"866877072629029,2025-12-09 11:29:02,000030,____________,866877072629029"
"866877072655107,2025-12-09 11:38:11,000002,____________,866877072655107"
"866877072628849,2025-12-09 11:39:19,003222,____________,866877072628849"
"866877072659224,2025-12-09 11:20:28,003222,____________,866877072659224"
"861647050639901,2025-12-08 23:58:46,000030,____________,861647050639901"
"866877072651403,2025-12-09 11:40:31,003222,____________,866877072651403"
"866877072653987,2025-12-09 11:17:14,003222,____________,866877072653987"
"866877072651783,2025-12-09 11:33:42,002222222,____________,866877072651783"
"866877072625969,2025-12-09 11:25:39,003222,_________,866877072625969"
"866877072655206,2025-12-09 11:25:08,003222,____________,866877072655206"
"866877072623287,2025-12-09 11:25:24,003222,____________,866877072623287"
"866877072621869,2025-12-09 11:24:56,003222,____________,866877072621869"
"866877072622024,2025-12-09 11:38:15,002222,____________,866877072622024"
"866877072626363,2025-12-09 11:38:10,002222,____________,866877072626363"
"866877072659141,2025-12-09 11:20:44,003222,____________,866877072659141"
"866877072626348,2025-12-09 11:31:18,000222,____________,866877072626348"
"866877072624301,2025-12-09 11:14:50,003222,_________,866877072624301"
"866877072623022,2025-12-09 11:25:39,003222,____________,866877072623022"
"866877072655180,2025-12-09 11:33:39,003330,____________,866877072655180"
"866877072654126,2025-12-09 11:40:40,003333,____________,866877072654126"
"866877072623246,2025-12-09 11:24:01,000333,____________,866877072623246"
"866877072621943,2025-12-09 11:19:10,003330,____________,866877072621943"
"866877072629045,2025-12-09 11:33:39,003333,____________,866877072629045"
"866877072655024,2025-12-09 11:39:58,003333,____________,866877072655024"
"866877072621901,2025-12-09 11:25:04,003002,____________,866877072621901"
"866877072628989,2025-12-09 11:33:32,000002,_________,866877072628989"
"866877072654829,2025-12-09 11:34:05,000322222,____________,866877072654829"
"866877072660685,2025-12-09 11:33:01,003333222,____________,866877072660685"
"866877072660586,2025-12-09 11:33:00,000003222,____________,866877072660586"
"866877072646965,2025-12-09 11:34:02,003333222,____________,866877072646965"
"865027053413271,2025-12-08 23:35:08,000032222,____________,865027053413271"
"860497077625876,,222222222,____________,860497077625876"
"866207075411292,2025-12-09 11:40:33,002222222,____________,866207075411292"
"866877072653409,2025-12-09 11:33:55,002222222,____________,866877072653409"
"866877072656600,2025-12-09 11:33:57,002222222,____________,866877072656600"
"860123055570922,2025-12-08 23:44:47,003333,____________,860123055570922"
"866094058466778,2025-06-09 14:28:49,222222,____________,866094058466778"
"866207075008791,2025-12-09 11:34:04,002222222,____________,866207075008791"
"886877072625902,,222222,____________,886877072625902"
"865027053466782,2025-06-06 14:46:21,222222222,____________,865027053466782"
"866207075008718,2025-12-09 11:33:14,002222222,____________,866207075008718"
"866877072630860,2025-12-09 11:31:19,002222222,____________,866877072630860"
"866877072645249,2025-12-09 11:34:31,002222222,____________,866877072645249"
"866877072646221,2025-12-09 11:34:04,002222222,____________,866877072646221"
"866877072646189,2025-12-09 11:33:53,002222222,____________,866877072646189"
"866877072655982,,222222222,____________,866877072655982"
"866877072655909,,222222222,____________,866877072655909"
"866877072647146,2025-12-09 11:37:25,002222222,____________,866877072647146"
"866877072641446,2025-12-09 11:20:14,002222222,____________,866877072641446"
"866877072646205,2025-12-09 11:39:03,002222222,____________,866877072646205"
"866877072652708,2025-12-09 11:32:36,002222222,____________,866877072652708"
"866877072640901,2025-12-09 11:32:46,002222222,____________,866877072640901"
"866877072641867,2025-12-09 11:33:50,002222222,____________,866877072641867"
"866877072656782,2025-12-09 11:12:40,002222222,____________,866877072656782"
"866877072650546,2025-12-09 11:35:31,002222222,____________,866877072650546"
"866877072625043,2025-12-09 11:36:50,333222,____________,866877072625043"
"866877072645066,2025-12-09 11:23:19,003222,____________,866877072645066"
"866877072645561,2025-12-09 11:38:21,003222,____________,866877072645561"
"866877072640364,2025-12-09 11:38:31,003222,_________,866877072640364"
"866877072626280,2025-12-09 11:37:38,333222,____________,866877072626280"
"866877072645041,2025-05-30 11:44:20,003222,____________,866877072645041"
"866207072640620,,222222,____________,866207072640620"
"866877072655404,2025-12-09 11:37:01,003222,____________,866877072655404"
"866207075442875,,222222222,____________,866207075442875"
"866877072640521,2025-07-30 20:22:00,333333,____________,866877072640521"
"866877072623121,2025-12-09 11:21:16,000022,____________,866877072623121"
"866877072645082,2025-12-09 11:37:22,003303,____________,866877072645082"
"865027053464779,2025-12-08 23:36:49,002222222,____________,865027053464779"
"860123055504558,2025-12-08 23:58:42,022222,__________,860123055504558"
"866877072645785,2025-12-09 11:34:14,002222222,____________,866877072645785"
"866877072645462,2025-12-09 11:33:44,002222222,____________,866877072645462"
"866207075002174,2025-12-09 11:33:32,002222222,____________,866207075002174"
"865027053472400,2025-12-08 23:37:42,003333,____________,865027053472400"
"866877072646783,2025-12-09 11:32:31,002222222,____________,866877072646783"
"866877072645405,2025-12-09 11:31:25,002222222,____________,866877072645405"
"866877072653243,2025-12-09 11:33:00,002222222,____________,866877072653243"
"866877072647229,2025-12-09 11:33:39,002222222,____________,866877072647229"
"866877072650843,2025-12-09 11:33:32,002222222,____________,866877072650843"
"866877072650421,2025-12-09 11:33:59,002222222,____________,866877072650421"
"866877072646528,2025-12-09 11:31:19,002222222,____________,866877072646528"
"866877072647401,2025-12-09 11:32:57,002222222,____________,866877072647401"
"866877072647062,2025-12-09 11:31:31,002222222,____________,866877072647062"
"866877072651163,2025-12-09 11:31:17,002222222,____________,866877072651163"
"866877072641784,2025-12-09 11:33:10,002222222,____________,866877072641784"
"866877072651049,2025-12-09 11:31:04,002222222,____________,866877072651049"
"866877072656022,2025-12-09 11:33:42,002222222,____________,866877072656022"
"866877072655727,2025-12-09 11:31:54,002222222,____________,866877072655727"
"866877072645421,2025-12-09 11:33:31,002222222,____________,866877072645421"
"866877072655743,2025-12-09 11:34:01,002222222,____________,866877072655743"
"866877072646866,2025-12-09 11:33:33,002222222,____________,866877072646866"
"866877072641701,2025-12-09 11:34:03,002222222,____________,866877072641701"
"866877072641305,2025-12-09 11:33:47,002222222,____________,866877072641305"
"866877072650645,2025-12-09 11:33:36,002222222,____________,866877072650645"
"866877072641347,2025-12-09 11:39:09,002222222,____________,866877072641347"
"866877072652609,2025-12-09 11:33:44,002222222,____________,866877072652609"
"866877072656402,2025-12-09 10:13:03,002222222,____________,866877072656402"
"866877072659745,2025-12-09 11:23:54,002222222,____________,866877072659745"
"866877072660487,2025-12-09 11:30:04,002222222,____________,866877072660487"
"866877072659984,2025-12-09 11:30:05,002222222,____________,866877072659984"
"866877072652583,2025-12-09 11:33:29,002222222,____________,866877072652583"
"866877072655941,2025-12-09 11:33:01,002222222,____________,866877072655941"
"866877072650389,2025-12-09 11:32:39,002222222,____________,866877072650389"
"866877072650462,2025-12-09 11:30:03,002222222,____________,866877072650462"
"866877072652542,2025-12-09 11:34:19,002222222,____________,866877072652542"
"866877072640406,2025-12-09 11:30:06,002222222,____________,866877072640406"
"866877072650124,2025-12-09 11:31:00,002222222,____________,866877072650124"
"866877072652328,2025-12-09 11:34:14,002222222,____________,866877072652328"
"866877072660362,2025-12-09 11:33:37,002222222,____________,866877072660362"
"866877072645702,2025-12-09 11:32:20,002222222,____________,866877072645702"
"866877072650082,2025-12-09 11:35:31,002222222,____________,866877072650082"
"866877072647328,2025-12-09 11:32:44,002222222,____________,866877072647328"
"866877072641826,2025-12-09 11:31:54,002222222,____________,866877072641826"
"866877072659828,2025-12-09 11:30:35,002222222,____________,866877072659828"
"866877072653748,2025-12-09 11:32:35,002222222,____________,866877072653748"
"866877072659943,2025-12-09 11:12:31,003000,____________,866877072659943"
"866877072625068,2025-12-09 11:21:44,003330,____________,866877072625068"
"866877072659604,2025-12-09 11:18:52,003333,____________,866877072659604"
"866877072640703,2025-12-09 11:22:53,003333,____________,866877072640703"
"866877072625902,2025-06-05 12:19:17,003333,____________,866877072625902"
"866877072640661,2025-12-09 11:07:45,000330,____________,866877072640661"
"866877072659240,2025-12-09 11:14:13,003332,____________,866877072659240"
"866877072656105,2025-12-09 11:32:35,003333222,____________,866877072656105"
"865027053435035,2025-12-08 23:34:26,000000,____________,865027053435035"
"866207075007835,2025-12-09 11:32:50,002222222,____________,866207075007835"
"866207075448674,2025-12-09 11:32:56,002222222,____________,866207075448674"
"866207075366876,2025-12-09 11:34:19,002222222,____________,866207075366876"
"865027053387194,2025-12-08 23:41:54,002222222,____________,865027053387194"
"861647050801196,2025-12-08 23:34:35,002222222,____________,861647050801196"
"861647050784582,2025-12-08 23:35:20,002222222,____________,861647050784582"
"861647050737572,2025-05-14 13:50:54,222222222,____________,861647050737572"
"861647050786637,2025-12-08 23:39:11,002222222,____________,861647050786637"
"866071056683067,2025-11-21 21:14:26,333333,____________,866071056683067"
"866877072651445,2025-12-09 11:37:56,000000,____________,866877072651445"
"866877072630225,2025-12-09 11:13:59,000033,____________,866877072630225"
"866877072622149,2025-12-09 11:28:44,003333,____________,866877072622149"
"866877072654860,2025-12-09 11:37:47,003333,____________,866877072654860"
"866877072621828,2025-12-09 11:30:06,000000,____________,866877072621828"
"866877072654241,2025-12-09 11:26:37,003333,____________,866877072654241"
"860497077632047,2025-12-09 11:39:11,000333,____________,860497077632047"
"866877072622065,2025-12-09 11:29:46,003222,____________,866877072622065"
"866877072623162,2025-12-09 11:12:33,003222,_________,866877072623162"
"866877072623220,2025-12-09 11:17:58,003333,____________,866877072623220"
"866877072659026,2025-12-09 11:31:26,003330,____________,866877072659026"
"866877072653862,2025-12-09 11:21:48,003333,____________,866877072653862"
"866877072625886,2025-12-09 11:40:19,003330,____________,866877072625886"
"866877072654340,2025-04-29 17:15:14,003333,____________,866877072654340"
"866877072655701,2025-12-09 11:32:16,003333,____________,866877072655701"
"866877072621588,2025-12-09 11:12:30,000000222,____________,866877072621588"
"866877072621687,2025-11-11 13:25:30,333333,____________,866877072621687"
"866877072655347,2025-12-09 11:33:38,003330,____________,866877072655347"
"866877072654944,2025-12-09 11:20:31,333332,____________,866877072654944"
"866207075010110,2025-12-09 11:32:33,002222222,____________,866207075010110"
"866877072647286,2025-12-09 11:34:05,002222222,____________,866877072647286"
"866877072645504,2025-12-09 11:33:08,000000222,____________,866877072645504"
"866877072647245,2025-12-09 11:31:04,000000222,____________,866877072647245"
"866877072641669,2025-12-09 11:32:08,000000222,____________,866877072641669"
"866207075002612,2025-12-09 11:36:15,002222,____________,866207075002612"
"868681049134727,2025-12-08 23:54:31,020222,____________,868681049134727"
"866207075440192,2025-12-09 11:16:06,022222222,____________,866207075440192"
"865027053450299,2025-04-24 16:29:40,333333,____________,865027053450299"
"866207075008213,2025-11-18 15:00:42,003333,____________,866207075008213"
"866207075441778,2025-12-09 11:17:05,003333,____________,866207075441778"
"866207075447833,2025-12-09 11:36:15,000330,____________,866207075447833"
"866207075493191,2025-12-09 11:30:56,003333,____________,866207075493191"
"866207075008536,2025-12-09 11:15:02,003333,____________,866207075008536"
"860123055606023,2025-12-08 23:54:58,022222,__________,860123055606023"
"866207075492953,2025-12-09 11:32:53,002222222,____________,866207075492953"
"866071056652419,2025-12-08 12:48:12,003333,____________,866071056652419"
"861647050642012,2025-12-08 15:49:05,002222222,____________,861647050642012"
"866207075442271,2025-04-17 14:16:07,002222222,____________,866207075442271"
"866207075363915,2025-12-09 11:34:04,022222222,____________,866207075363915"
"866207075445878,2025-12-09 11:33:14,003333222,____________,866207075445878"
"866207075009971,2025-12-09 11:32:52,003333222,____________,866207075009971"
"866207075411490,2025-12-09 11:32:33,002222222,____________,866207075411490"
"866207075009419,2025-12-09 11:12:18,002222222,____________,866207075009419"
"866207075411458,2025-12-09 11:32:50,000333222,____________,866207075411458"
"866207075365894,2025-12-09 11:33:05,000000222,____________,866207075365894"
"866207075440614,2025-12-09 11:31:34,022222222,____________,866207075440614"
"860123055700420,2025-04-09 09:41:49,222222,__________,860123055700420"
"866094052827108,2025-12-08 23:44:09,022222222,____________,866094052827108"
"865027053470842,2025-12-08 23:15:02,002222222,____________,865027053470842"
"866207075366595,2025-12-09 11:33:31,022222222,____________,866207075366595"
"866207075002497,2025-12-09 11:32:53,002222,____________,866207075002497"
"866207075442099,2025-12-09 11:31:18,003222,____________,866207075442099"
"866207075441976,2025-12-09 11:32:44,003222,____________,866207075441976"
"866207075010011,2025-12-09 11:34:10,002222,____________,866207075010011"
"866207075009914,2025-12-08 23:46:09,003222,____________,866207075009914"
"866207075009450,2025-12-09 11:34:12,333322,____________,866207075009450"
"866207075411334,2025-12-09 11:37:30,000003,____________,866207075411334"
"866207075440432,2025-12-09 11:37:00,003332,____________,866207075440432"
"866207075009096,2025-12-09 11:33:03,003333,____________,866207075009096"
"866207075447619,2025-11-20 10:26:15,333322,____________,866207075447619"
"866207075008478,2025-06-06 15:19:20,333333,____________,866207075008478"
"866207075411417,2025-05-22 13:50:50,333333,____________,866207075411417"
"866207075364319,2025-12-09 11:31:04,003222,______(__)____,866207075364319"
"865027053464704,2025-07-16 12:34:56,322222,____________,865027053464704"
"866207075441372,2025-09-16 16:09:32,332222,____________,866207075441372"
"866207075443717,2025-12-09 11:24:43,003222,____________,866207075443717"
"866207075363170,2025-12-09 11:28:26,002222,____________,866207075363170"
"866207075174551,2025-12-09 11:31:29,003222,____________,866207075174551"
"861410049556755,2025-12-08 23:35:33,002222222,______(__)____,861410049556755"
"865027053424104,2025-12-08 23:56:15,002222222,______(__)____,865027053424104"
"865027053434673,2025-07-29 15:41:44,332222,______(__)____,865027053434673"
"865027053466261,2025-12-08 23:53:22,002222222,______(__)____,865027053466261"
"865027053415318,2025-12-08 23:41:51,002222222,______(__)____,865027053415318"
"865027053437742,2025-12-08 23:48:30,020222,____________,865027053437742"
"860123055477987,2025-12-08 23:50:02,020222,_________,860123055477987 "
"866094051540843,2025-12-08 23:38:48,003330,_________,866094051540843"
"866207075009757,2025-12-09 11:34:17,002222222,____________,866207075009757"
"866732055372990,2025-12-08 23:37:55,002222222,_________,866732055372990"
"861410049560120,2025-12-08 23:59:54,002222222,_________,861410049560120"
"865027053439003,2025-12-08 23:53:12,002222222,_________,865027053439003"
"865027053470438,2025-12-08 23:55:51,002222222,_________,865027053470438"
"860123055497076,2025-12-08 23:40:18,020222,_________,860123055497076"
"866207075442016,,222222,____________,866207075442016"
"866207075001796,,222222,____________,866207075001796"
"866207075441612,,222222,____________,866207075441612"
"866094052603962,2025-03-18 09:45:00,222222,____________,866094052603962"
"861410049507626,2025-12-08 23:57:11,002222222,_________,861410049507626"
"866094052797384,2025-12-08 23:43:48,002222222,_________,866094052797384"
"861647050642004,2025-12-08 23:53:55,002222222,____________,861647050642004"
"866094052770985,2025-12-08 23:59:58,000000,____________,866094052770985"
"865027053464407,2025-12-08 23:44:43,000000,____________,865027053464407"
"866207075230478,2025-12-09 11:36:51,000000,____________,866207075230478"
"866207075443337,2025-12-09 11:27:13,003222,____________,866207075443337"
"866207075441398,2025-12-09 11:23:04,003300,____________,866207075441398"
"866207075445597,2025-12-09 11:30:45,000000,____________,866207075445597"
"866207075362792,2025-12-09 11:11:11,003000,____________,866207075362792"
"866207075448716,2025-12-09 11:34:26,003322,____________,866207075448716"
"866207075442396,2025-12-09 11:24:00,003000,____________,866207075442396"
"866207075410930,2025-12-09 11:13:23,000322,____________,866207075410930"
"865027053464704,2025-03-05 16:14:59,323222,____________,865027053464704"
"865027053413362,2025-12-08 23:55:03,020222,____________,865027053413362"
"865027053437742,2025-03-05 15:55:30,323222,____________,865027053437742"
"865027053472400,2025-03-04 11:25:06,333333,____________,865027053472400"
"866094052770985,2025-03-04 10:16:32,333333,____________,866094052770985"
"865027053467459,2025-12-08 23:57:13,003330,____________,865027053467459"
"865027053435035,2025-03-04 10:51:03,333333,____________,865027053435035"
"865027053482193,2025-12-08 23:36:13,003322,____________,865027053482193"
"865027053464407,2025-03-04 11:37:00,333333,____________,865027053464407"
"865027053448749,2025-12-08 23:32:20,003330,____________,865027053448749"
"866207075009211,2025-06-06 23:16:22,322222222,____________,866207075009211"
"866207075008593,2025-12-09 11:20:17,003220,____________,866207075008593"
"866207075441513,2025-12-09 11:15:24,003333,____________,866207075441513"
"866207075364152,2025-12-09 11:32:29,002200,____________,866207075364152"
"866207075440390,2025-12-09 11:28:01,003300,____________,866207075440390"
"866207075001713,2025-12-09 11:34:37,003333,____________,866207075001713"
"866207075442115,2025-12-09 11:39:19,000003,____________,866207075442115"
"866207075010235,2025-12-09 11:18:17,003333,____________,866207075010235"
"866207075009815,2025-12-09 11:11:30,000000,____________,866207075009815"
"866207075001879,2025-12-09 11:12:22,003300,____________,866207075001879"
"866207075226898,2025-12-03 10:35:24,333322,______(__)____,866207075226898"
"866207075444939,2025-12-09 11:37:08,003220,____________,866207075444939"
"866207075008395,2025-12-09 01:37:57,002200,____________,866207075008395"
"866207075441331,2025-12-09 11:17:48,003330,____________,866207075441331"
"866207075362891,2025-12-09 11:13:43,003220,____________,866207075362891"
"866207075001515,2025-12-09 11:25:16,003303,____________,866207075001515"
"866207075442792,2025-12-09 11:39:12,003333,____________,866207075442792"
"866207075362834,2025-12-09 11:40:04,003303,____________,866207075362834"
"866207075363378,2025-04-30 08:32:55,332222222,____________,866207075363378"
"865027053454580,2025-12-08 23:37:17,000330,____________,865027053454580"
"865027053436041,2025-12-08 23:46:13,002222222,____________,865027053436041"
"865027053436686,2025-12-08 23:51:33,003333,____________,865027053436686 "
"866094057849854,2025-02-13 14:41:13,222222,____________,866094057849854"
"866207075445472,2025-07-02 11:02:30,322222222,____________,866207075445472"
"866207075447536,2025-12-09 11:33:54,022222222,____________,866207075447536"
"866207075410856,2025-02-12 11:08:10,002222222,____________,866207075410856"
"866207075002034,2025-12-09 11:20:54,000222,____________,866207075002034"
"866207075411078,2025-12-09 11:33:21,002222,____________,866207075411078"
"866207075444236,2025-12-08 18:36:52,002222,____________,866207075444236"
"866207075492136,2025-11-03 21:00:14,333222,____________,866207075492136"
"866207075441893,2025-12-09 11:23:09,003222,____________,866207075441893"
"866207075447452,2025-12-09 11:13:41,003222,____________,866207075447452"
"866207075442214,2025-12-09 11:30:19,003222,______(__)____,866207075442214"
"866207075001432,2025-12-09 11:24:51,003222,____________,866207075001432"
"866207075442677,2025-12-09 11:36:26,333222,____________,866207075442677"
"866207075009872,2025-12-09 11:35:28,333222,____________,866207075009872"
"866207075411235,2025-12-09 11:21:07,003222,____________,866207075411235"
"866207075444574,2025-12-09 11:35:20,003333,____________,866207075444574"
"866207075365852,2025-12-09 11:27:09,003330,____________,866207075365852"
"866207075008510,2025-12-09 11:32:21,003333,____________,866207075008510"
"866207075008072,2025-12-09 11:34:19,003333,____________,866207075008072"
"866207075443139,2025-12-09 11:20:39,003002,____________,866207075443139"
"866207075443758,2025-12-09 11:23:05,003000,____________,866207075443758"
"866207075366611,,222222,____________,866207075366611"
"866207075366751,2025-12-09 11:23:20,000333,____________,866207075366751"
"866207075492078,2025-12-09 11:33:45,000000,____________,866207075492078"
"866207075009294,2025-12-09 11:25:41,003000,____________,866207075009294"
"866207075007470,2025-12-09 11:32:10,000003,____________,866207075007470"
"866207075410732,2025-12-09 11:14:32,003000,____________,866207075410732"
"866207075440770,2025-12-09 11:25:23,000002,____________,866207075440770"
"866207075009856,2025-12-09 11:13:38,000000,____________,866207075009856"
"866207075448591,2025-12-09 11:39:38,000030,____________,866207075448591"
"860497075442834,,222222,____________,860497075442834"
"866207075363873,,222222222,____________,866207075363873"
"866207075002299,2025-12-09 11:33:15,000000222,____________,866207075002299"
"866207075443915,2025-12-09 11:31:12,000000222,____________,866207075443915"
"866207075010078,2025-12-09 11:32:40,000000222,____________,866207075010078"
"866207075007876,2025-12-09 11:31:54,002222222,____________,866207075007876"
"866877075009856,,222222,____________,866877075009856"
"860123055700420,2025-01-18 14:01:48,322222,__________,860123055700420"
"866094052470206,2025-12-08 23:37:14,000000,____________,866094052470206"
"865027053476781,2025-12-08 23:39:09,000202,____________,865027053476781"
"865027053457039,2025-10-24 15:34:26,333333,____________,865027053457039"
"865027053464241,2025-12-08 23:14:04,000000,______(__)____,865027053464241"
"865027053469646,2025-12-08 23:58:38,002000,____________,865027053469646"
"865027053460306,2025-12-08 23:57:52,000322,____________,865027053460306"
"865027053477458,2025-12-08 23:38:27,022222,____________,865027053477458"
"866094052622780,2025-12-08 23:52:41,020222,____________,866094052622780"
"866094052826283,2025-07-16 12:30:53,222222,____________,866094052826283"
"866094052830912,2025-12-09 00:00:28,323222,____________,866094052830912"
"866094052824477,2025-12-08 23:50:44,020222,____________,866094052824477"
"860123055606023,2025-01-08 08:58:55,222222,__________,860123055606023"
"865027053453988,2025-03-31 14:34:30,323222,____________,865027053453988"
"861647050737572,2024-12-30 12:01:40,222222222,____________,861647050737572"
"861647050644562,2025-12-08 23:59:21,002222222,____________,861647050644562"
"861647050783279,2025-12-09 00:00:09,002222222,____________,861647050783279"
"861647050786637,2024-12-30 12:00:52,222222222,____________,861647050786637"
"861647050637517,2025-12-09 00:01:36,002222222,____________,861647050637517"
"861647050638176,2025-12-08 23:58:47,002222222,____________,861647050638176"
"866877072653961,2025-05-27 14:53:13,003333,____________,866877072653961"
"866877072623105,2025-12-09 11:13:20,000000,____________,866877072623105"
"866877072651544,2025-11-27 09:49:33,333333,____________,866877072651544"
"866877072655586,2025-12-09 11:16:31,000000,______(__)____,866877072655586"
"860497077630587,2025-12-09 11:37:47,003322,____________,860497077630587"
"866207075493118,2025-12-09 11:37:45,003222,____________,866207075493118"
"866207075001911,2025-12-09 11:11:23,000030,____________,866207075001911"
"866207075441836,2025-12-09 11:33:00,022222222,____________,866207075441836"
"866207075008650,,222222222,____________,866207075008650"
"861647050643937,2025-12-08 23:42:08,000330,____________,861647050643937"
"865027053458656,2025-12-08 12:27:34,000000,____________,865027053458656 "
"866207075441471,2025-12-09 11:18:36,003222,____________,866207075441471"
"866207075292239,2025-12-09 11:22:50,003222,____________,866207075292239"
"866207075002539,2025-12-09 11:20:34,003333,____________,866207075002539"
"866207075008338,2025-12-09 11:39:03,003302,____________,866207075008338"
"866207075445019,2025-12-09 11:26:51,003333,____________,866207075445019"
"866207075444616,2025-12-09 11:30:45,000002,____________,866207075444616"
"866207075008270,2025-12-09 11:29:58,003022,____________,866207075008270"
"866207075411136,2025-12-09 11:15:11,003333,____________,866207075411136"
"866207075174072,2025-12-09 11:17:41,003300,____________,866207075174072"
"866207075444970,2025-12-09 11:27:45,000000,____________,866207075444970"
"866207075001770,2025-12-09 11:26:25,000000,____________,866207075001770"
"866207075007991,2025-12-09 11:30:30,003330,______(__)____,866207075007991"
"866207075443477,2025-12-09 11:14:19,002222,____________,866207075443477"
"866207075443378,2025-12-09 11:34:53,003222,____________,866207075443378"
"866207075009997,2025-12-09 11:33:13,000000222,____________,866207075009997"
"866207075442172,2025-12-09 11:34:03,000000222,____________,866207075442172"
"860123055571177,2025-12-05 16:01:09,322222,__________,860123055571177"
"866094058471950,2024-12-13 10:11:56,222222,______(__)____,866094058471950"
"860497077622667,2025-12-09 11:26:31,333333,______(__)____,860497077622667"
"865027053447253,2025-04-11 12:01:10,333333,____________,865027053447253"
"866094052524986,2025-12-08 23:36:07,022222,__________,866094052524986"
"866207075492979,,222222222,____________,866207075492979"
"866094052459613,2025-12-09 00:02:28,020222,____________,866094052459613 "
"860123055605199,2025-12-08 20:58:53,022222,__________,860123055605199"
"866207075440234,2024-12-02 16:22:49,002222222,____________,866207075440234"
"866207075010037,2025-12-09 11:32:32,002222222,____________,866207075010037"
"866207075366918,2025-12-09 11:32:01,002222222,____________,866207075366918"
"866207075441497,2025-12-09 11:33:32,002222222,____________,866207075441497"
"865027053479108,2025-12-08 23:36:46,020222,____________,865027053479108"
"866207075008197,2025-12-09 11:30:32,002222222,____________,866207075008197"
"861647050778279,2025-12-08 23:59:42,002222222,____________,861647050778279"
"866207075442917,2025-12-09 11:33:57,002222222,____________,866207075442917"
"866094057435712,2025-12-08 12:46:19,222222,____________,866094057435712"
"865027053434715,2025-12-08 23:33:17,003022,____________,865027053434715 "
"860123055502842,2024-11-25 15:15:09,222222,____________,860123055502842"
"865027053456486,2025-12-08 23:58:19,020222,____________,865027053456486"
"866094052831084,2025-12-08 23:45:00,020222,____________,866094052831084 "
"866207075363410,2025-12-09 11:28:09,002222,____________,866207075363410"
"866207075367114,2024-11-22 16:49:28,003222,____________,866207075367114"
"866207075009773,2025-12-09 11:26:18,003222,____________,866207075009773"
"866207075292197,2025-12-09 11:25:20,003302,____________,866207075292197"
"866207075008239,2025-12-09 11:16:08,003222,____________,866207075008239"
"866207075007777,2025-12-09 11:26:26,003222,____________,866207075007777"
"866207075411094,2025-12-09 11:21:45,000000,____________,866207075411094"
"866207075441919,2025-01-13 19:53:02,333332,____________,866207075441919"
"866207075411532,2025-12-09 11:37:04,003222,____________,866207075411532"
"866207075001317,2025-12-09 11:32:42,002222222,____________,866207075001317"
"866207075411151,2024-12-15 14:02:03,002222222,____________,866207075411151"
"866207075445852,2025-12-09 11:34:07,002222222,____________,866207075445852"
"866207075442073,2025-12-09 11:36:11,002222222,____________,866207075442073"
"866207075440515,2025-12-09 11:19:29,003222,____________,866207075440515"
"866207075442057,2024-11-22 14:04:10,003222,____________,866207075442057"
"866207075443832,2025-12-09 11:27:33,002222,____________,866207075443832"
"866207075008676,2025-12-09 10:45:50,003222,____________,866207075008676"
"866207075007736,2025-12-09 11:12:05,003222,____________,866207075007736"
"866207075440473,2025-12-09 11:17:20,003222,____________,866207075440473"
"866207075002190,2025-12-09 11:40:12,003222,____________,866207075002190"
"866207075448237,2025-12-09 03:20:54,002222,____________,866207075448237"
"866207075442834,2025-12-09 11:13:26,003222,____________,866207075442834"
"866207075448559,2025-12-09 11:35:08,003222,____________,866207075448559"
"866207075448195,2025-12-09 11:20:35,002222,____________,866207075448195"
"866207075411318,2025-11-19 10:37:47,333222,____________,866207075411318"
"866207075411698,2025-12-09 11:12:58,000000,____________,866207075411698"
"866207075441356,2025-11-24 08:48:02,333333,____________,866207075441356"
"866207075387674,2025-12-09 11:28:42,333333,____________,866207075387674"
"866207075441018,2025-12-09 11:25:44,003333,_________,866207075441018"
"866207075364111,2025-12-09 11:13:37,003222,____________,866207075364111"
"866207075001218,2025-12-09 11:20:13,333222,______(__)____,866207075001218"
"865027053415276,2025-12-08 23:54:35,020222,____________,865027053415276"
"865027053397680,2025-12-08 23:43:00,000000,______(__)____,865027053397680"
"865027053436744,2025-12-09 00:02:47,000002,____________,865027053436744"
"865027053412414,2025-12-08 23:56:10,000002,____________, 865027053412414"
"865027053423858,2025-12-08 23:42:04,003030,____________,865027053423858"
"865027053397680,2024-11-19 14:38:16,222222,____________,865027053397680"
"865027053477334,2025-12-08 23:50:20,323222,____________,865027053477334"
"865027053436744,2024-11-19 14:35:30,222222,____________,865027053436744"
"865027053412414,2024-11-19 15:19:50,020222,____________,865027053412414"
"865027053423858,2024-11-19 14:34:19,222222,____________,865027053423858"
"866207075008353,,222222,____________,866207075008353"
"865027053479660,2025-12-08 23:47:42,002222222,_________,GX-CZ-T-ZYJ-000179"
"860123055695760,2025-12-08 12:48:03,333333,____________,860123055695760"
"866094052850233,2025-12-08 23:38:23,020222,____________,866094052850233"
"865027053465933,2025-12-08 23:36:03,003333,____________,865027053465933 "
"865027053469158,2025-12-09 00:00:02,000002,____________,865027053469158"
"865027053454069,2025-12-08 23:34:47,003300,____________,865027053454069"
"866207075443956,2025-12-09 11:29:29,003300,____________,866207075443956"
"866207075441877,2025-12-09 11:30:31,003333,____________,866207075441877"
"866207075289219,2025-12-09 11:26:39,003333,____________,866207075289219"
"865027053464167,2025-12-08 23:51:59,003000,____________,865027053464167"
"865027053438765,2025-12-08 23:51:03,003000,____________,865027053438765"
"865027053445323,2025-12-08 23:53:51,000000,____________,865027053445323"
"865027053436686,2025-01-06 13:51:59,333333,____________,865027053436686"
"865027053443229,2025-12-08 23:34:07,000000,____________,865027053443229"
"866207075493159,2025-12-09 11:34:06,002222222,____________,866207075493159"
"866207075441596,2025-12-07 15:48:44,002222222,____________,866207075441596"
"866207075363139,2025-12-09 11:32:36,002222222,____________,866207075363139"
"861647050737309,2025-12-08 23:52:15,002222222,____________,861647050737309"
"866094052622822,2025-04-16 10:23:20,333333,____________,866094052622822"
"865027053460066,2025-12-08 23:49:45,000003,____________,865027053460066"
"865027053464670,2025-12-08 23:54:07,000000,____________,865027053464670"
"865027053472392,2025-12-09 00:02:49,003333,____________,865027053472392"
"866207075447379,2025-12-09 11:33:56,002222222,____________,866207075447379"
"866207075008379,2025-12-09 11:33:58,002222222,____________,866207075008379"
"865027053423502,2025-12-08 23:43:58,000000,____________,865027053423502"
"866094052524986,2024-12-03 07:57:15,322222,__________,866094052524986"
"865027053424054,2025-12-08 23:42:02,003030,____________,865027053424054 "
"865027053462021,2024-11-05 13:51:01,222222,____________,865027053462021"
"860497077593884,2025-12-09 11:30:36,000000222,____________,860497077593884"
"860123055498223,2025-12-08 19:58:04,000332,____________,860123055498223"
"866207075441950,2025-12-09 11:33:20,000000222,____________,866207075002455"
"861647050644448,2025-12-08 23:52:07,002222222,_________,____2"
"861647050778725,2025-03-19 12:08:36,332222222,_________,____1"
"865027053393848,2024-10-31 14:11:28,222222,____________,865027053393848"
"860497077630553,2025-12-09 11:30:34,000333,____________,860497077630553"
"865027053446545,2025-12-08 23:44:03,003333,____________,865027053446545"
"861410049559221,2025-12-08 23:54:09,020222,______(__)____,861410049559221"
"865027053439391,2025-12-08 23:49:10,020222,______(__)____,865027053439391"
"865027053420904,2025-12-08 23:51:37,020222,______(__)____,865027053420904"
"866207075444335,2025-12-09 11:31:41,003333222,____________,866207075444335"
"866207075440598,2025-12-09 11:34:56,003333222,____________,866207075440598"
"866207075366959,2025-12-09 11:20:09,003322,____________,866207075366959"
"865027053446727,2025-12-08 20:30:03,003333,____________,865027053446727 "
"865027053446875,2025-12-08 23:59:04,020222,____________,865027053446875 "
"865027053446750,2025-12-08 22:44:18,022222,____________,865027053446750"
"865027053436876,2025-12-08 21:44:03,022222,____________,865027053436876"
"860123055503519,2025-12-08 23:38:01,022222,__________,860123055503519"
"866207075324750,2025-12-09 11:31:44,002222222,____________,866207075324750"
"886207075448435,,222222222,____________,886207075448435"
"866207075001994,2025-12-09 11:31:14,002222222,____________,866207075001994"
"866207075002273,2025-12-09 11:33:20,002222222,____________,866207075002273"
"861410049561813,2025-12-09 00:02:28,020222,____________,861410049561813 "
"865027053469067,2025-12-08 23:44:09,003302,____________,865027053469067"
"865027053443054,2025-12-08 23:44:58,000300,____________,865027053443054"
"865027053447580,2024-10-25 12:11:26,222222,____________,865027053447580"
"866207075362859,2025-12-09 11:27:38,002222222,____________,866207075362859"
"866207075002455,2025-12-09 11:19:08,002222222,____________,866207075002455"
"866207075442370,2025-12-09 11:33:43,002222222,____________,866207075442370"
"861647050639802,2025-12-08 23:53:45,002222222,____________,861647050639802"
"865027053437023,2025-10-11 11:04:39,333333,______(__)____,865027053437023"
"866094052851272,2025-12-08 23:44:11,020222,____________,866094052851272"
"866094052851272,2024-10-22 16:02:12,003333,____________,866094052851272"
"861647050646351,2025-12-08 23:59:58,002222222,____________,861647050646351"
"861647050644240,2024-12-01 02:13:50,332222,____________,861647050644240"
"866207075443253,2025-12-09 11:32:49,002222222,____________,866207075443253"
"865027053454580,2025-02-10 11:42:18,333333,____________,865027053454580"
"866207075442156,2025-12-09 11:32:29,002222222,____________,866207075442156"
"866207075007819,2025-12-09 11:33:42,002222222,____________,866207075007819"
"866207075443170,2025-12-09 11:40:37,003333,____________,866207075443170"
"866207075008775,2025-12-09 11:38:32,003302,____________,866207075008775"
"866207075002091,2025-12-09 11:26:32,003332,____________,866207075002091"
"866207075009492,2025-12-09 11:18:10,003222,____________,866207075009492"
"866207075445910,2025-12-09 11:39:02,003333,____________,866207075445910"
"861647050641949,2025-12-05 09:27:02,333333,____________,861647050641949"
"866094052850324,2025-03-31 16:38:23,323222,____________,866094052850324"
"866207075445274,2025-12-09 11:29:19,022222222,____________,866207075445274"
"866207075292635,2025-12-09 11:32:27,002222222,____________,866207075292635"
"866207075001655,2025-12-09 11:30:58,002222222,____________,866207075001655"
"866207075411011,2025-12-09 11:32:51,003333222,____________,866207075411011"
"866094052850415,2025-12-08 23:48:48,020222,____________,866094052850415"
"866094052505753,2025-12-08 23:52:11,020222,_________,866094052505753"
"866207075443998,2025-12-09 11:32:42,000000222,____________,866207075443998"
"866207075008312,2025-12-09 11:31:23,022222222,____________,866207075008312"
"866207075364079,2025-12-09 11:31:42,022222222,____________,866207075364079"
"860123055572365,2025-12-08 23:54:14,002233,____________,SX-XA-T-ZCTX-000453"
"866207075292395,2025-12-09 11:32:52,002222222,____________,866207075292395"
"865027053422710,2025-12-08 23:39:15,002222222,____________,865027053422710"
"861647050643515,2025-12-08 23:43:55,002222222,____________,861647050643515"
"866207075008973,2025-12-09 11:33:11,003000222,____________,866207075008973"
"866207075411110,2025-12-09 11:34:13,000003222,____________,866207075411110"
"866207075008296,2025-12-09 11:32:47,002222222,____________,866207075008296"
"866207075364038,2025-12-09 11:40:17,003220,____________,SX-BJ-T-ZCTX-000124"
"866207075363436,2025-12-09 11:32:31,000000222,____________,866207075363436"
"866207075492219,2025-12-09 11:33:25,000003222,____________,866207075492219"
"866207075365811,2025-12-09 11:31:46,003333222,____________,866207075365811"
"866207075445670,2025-12-09 11:31:34,000000222,____________,866207075445670"
"866094052850233,2024-09-30 11:47:58,323222,____________,866094052850233"
"866094052824477,2024-09-30 11:29:07,323222,____________,866094052824477"
"866094052831084,2024-11-25 08:37:50,323222,____________,866094052831084"
"865027053424104,2024-09-29 15:03:04,332222222,____________,865027053424104 "
"866094052830912,2024-09-29 14:38:04,323222,____________,866094052830912"
"860497077625942,2024-09-29 14:27:08,003333,____________,860497077625942"
"861647050641949,2024-10-16 14:05:41,333333,____________,861647050641949"
"865027053446545,2024-09-29 14:14:06,333333,____________,865027053446545"
"860497077621685,2025-12-09 11:31:16,002222222,____________,860497077621685"
",,222222,____________,866094052811111"
"866207075002653,2025-12-09 11:35:08,003333222,____________,866207075002653"
"866094052435704,2025-12-08 23:46:05,003332,____________,866094052435704"
"866094052552920,2025-12-08 23:34:10,303333,____________,866094052552920"
"866094052819980,2025-12-08 23:53:48,000033,____________,866094052819980"
"866094052828825,2025-12-08 23:36:25,003333,____________,GX-NN-T-ZCTX-000960"
"865027053456486,2024-09-26 17:22:56,323222,____________,865027053456486"
"861647050786009,2024-09-26 16:40:34,222222,____________,861647050786009"
"865027053446511,2025-12-08 23:54:59,003333,____________,865027053446511"
"866094052850555,2025-12-08 23:48:08,000300,____________,866094052850555"
"865027053463631,2025-12-08 23:42:29,003333,____________,865027053463631"
"865027053466071,2025-12-08 12:41:56,333333,____________,GX-LZ-T-ZCTX-000501"
"865027053478183,2025-12-09 00:01:44,003322,____________,865027053478183"
"865027053452063,2025-12-08 23:55:45,003333,____________,865027053452063"
"866094052506355,2024-09-26 14:04:43,222222,____________,866094052506355"
"865027053442874,2025-12-07 08:39:14,333333,____________,865027053442874"
"866207075008494,2025-12-09 11:11:38,000000222,____________,866207075008494"
"866094052861040,2025-07-15 13:46:16,322222,____________,866094052861040"
"866094052850241,2025-12-08 23:55:24,020222,____________,866094052850241"
"866207075445951,2025-12-09 11:34:27,003222,____________,866207075445951"
"866207075441414,2025-12-09 11:14:02,003222,____________,866207075441414"
"866207075440275,2025-12-09 11:34:54,003222,____________,866207075440275"
"866207075440655,2025-09-17 12:48:30,333222,____________,866207075440655"
"866207075445811,2025-12-09 11:36:16,003222,____________,866207075445811"
"866207075007496,2025-12-09 11:19:24,003222,____________,866207075007496"
"866207075440630,2025-12-09 11:31:18,002222222,____________,866207075440630"
"866207075441430,2025-12-09 11:32:51,002222222,____________,866207075441430"
"866207075008957,2025-12-09 11:32:31,000000222,____________,866207075008957"
"866207075363253,2025-12-09 11:31:22,003332222,____________,866207075363253"
"860497077632534,,222222222,____________,860497077632534"
"866207075440978,2025-12-09 11:34:15,003000222,____________,866207075440978"
"866094052534100,2025-12-09 00:00:08,002233,____________,866094052534100"
"865027053424104,2024-09-23 14:07:33,333333,____________,865027053424104 "
"866207075411730,2025-12-09 11:33:20,000000222,____________,866207075411730"
"865027053455587,2025-12-08 23:44:58,002222222,____________,865027053455587"
"866207075002117,2025-12-09 11:31:19,002222222,____________,866207075002117"
"865027053455678,2025-12-09 00:02:00,003333,____________,865027053455678"
"866207075411177,2025-12-09 11:33:22,003333222,____________,866207075411177"
"866207075443410,2025-07-13 08:33:52,333333222,____________,866207075443410"
"866207075448872,2025-12-09 11:34:34,000000222,____________,866207075448872"
"865027053460397,2025-12-08 23:43:12,000000222,____________,865027053460397"
"865027053398373,2025-11-27 13:04:15,333333,____________,865027053398373"
"865027053462013,2025-08-26 23:42:21,323222,____________,865027053462013"
"865027053422710,2024-10-08 09:07:12,323222,____________,865027053422710"
"865027053393671,2024-11-22 16:27:12,323222,____________,865027053393671"
"865027053447600,2025-12-08 23:37:42,020222,____________,865027053447600"
"865027053472541,2025-12-08 23:56:20,000022222,____________,865027053472541"
"866094052466832,2024-09-19 15:31:59,333333,____________,866094052466832"
"865027053448749,2025-02-26 23:50:10,333333,____________,865027053448749"
"866094052435704,2024-09-27 12:08:36,333333,____________,866094052435704"
"866094052435712,2025-12-08 00:02:41,333333,____________,866094052435712"
"866094052470206,2025-01-12 18:20:16,333333,____________,866094052470206"
"866094058454105,2025-12-08 23:48:18,303332,____________,866094058454105 "
"866094052552920,2024-09-19 15:01:37,333333,____________,866094052552920"
"866094052603962,2024-09-19 11:17:26,323222,____________,866094052603962"
"866094052505753,2024-09-19 11:04:15,323222,____________,866094052505753"
"866094052622780,2025-01-08 13:48:34,323222,____________,866094052622780"
"865596060053866,2024-09-18 15:38:05,002222222,____________,865596060053866"
"860061065749971,2024-09-18 15:24:38,222222,____________,860061065749971"
"865596060053874,,222222222,____________,865596060053874"
"865596060054039,2024-09-19 09:18:46,003000222,____________,865596060054039"
"865596060053619,,222222222,____________,865596060053619"
"865596060054070,2024-09-19 09:32:22,003000222,____________,865596060054070"
"865027053457120,2024-09-14 15:55:18,332222222,____________,865027053457120"
"866094052826951,2024-09-14 14:27:09,222222222,____________,866094052826951"
"865027053420904,2024-09-13 16:45:55,323222,____________,865027053420904"
"865027053479108,2024-09-13 16:22:24,323222,____________,865027053479108"
"861647050658810,2025-12-08 12:22:44,222222,____________,861647050658810"
"865027053420904,2024-09-13 15:50:07,002222222,____________,865027053420904"
"860497077627633,2025-12-09 11:30:50,333000,____________,SX-XA-T-ZCTX-000379"
"860497077630959,2025-12-09 11:18:25,003000,____________,SX-XA-T-ZCTX-000378"
"860497077631056,2025-12-09 11:33:37,003222,____________,860497077631056"
"860497077630686,2025-12-09 11:20:37,000222,____________,860497077630686"
"865027053438484,2025-12-08 22:00:58,000000222,____________,865027053438484"
"865027053466063,2025-12-08 23:38:05,000000222,____________,865027053466063"
"866207075009179,2024-09-10 09:28:52,002222222,____________,866207075009179"
"865027053462013,2024-09-10 09:12:23,222222222,____________,865027053462013"
"860497077627476,2025-12-09 11:31:15,002222,____________,860497077627476"
"866094058467818,2025-12-08 23:41:49,022222,____________,866094058467818"
"865027053436843,2025-12-08 22:09:34,022222222,____________,865027053436843"
"866094052753601,2025-03-20 10:35:44,323222,____________,866094052753601"
"866094052753619,2025-12-08 23:51:36,020222,____________,866094052753619"
"865027053420904,2024-09-03 15:31:53,333333,____________,865027053420904"
"865027053473572,2024-09-03 11:37:03,333333,____________,865027053473572"
"865027053463961,2025-06-20 12:14:43,333222,____________,865027053463961"
"866207075367197,2025-12-09 11:33:23,002222222,____________,866207075367197"
"866207075367072,2025-12-09 11:33:12,002222222,____________,866207075367072"
"866207075440556,2025-12-09 11:33:15,002222222,____________,866207075440556"
"866207075444897,2025-12-09 11:33:20,002222222,____________,866207075444897"
"866207075410773,2025-12-09 11:32:35,002222222,____________,866207075410773"
"861647050641246,2025-12-09 00:02:12,000000222,____________, 861647050641246 "
"861410049559221,2024-09-02 15:31:36,323222,____________,861410049559221"
"865027053439391,2024-09-02 15:08:48,323222,____________,865027053439391"
"866207075001176,,222222222,____________,866207075001176"
"865027052488456,2025-12-09 11:17:19,003322,____________,865027052488456"
"866207075446157,2025-12-09 11:33:47,002222222,____________,866207075446157"
"860497077621701,2025-12-09 11:32:57,002222222,____________,860497077621701"
"860123055504145,2025-12-09 00:00:49,003333,______(__)____,860123055504145"
"865027053466311,2025-12-08 23:40:10,003332,____________,865027053466311"
"865027053461403,2025-12-08 23:50:57,002222222,____________,865027053461403"
"860123055643196,2024-08-28 10:08:29,222222,__________,860123055643196"
"866094052525405,2025-12-08 23:51:58,022222,__________,866094052525405"
"866094052553563,2025-12-08 23:52:40,002230,__________,866094052553563"
"866207075366991,,222222,____________,866207075366991"
"866207075002398,2025-12-09 11:26:04,002222,____________,866207075002398"
"866207075444251,,222222,____________,866207075444251"
"866207075443030,,222222,____________,866207075443030"
"865027053454101,2024-11-22 15:37:03,020222,____________,865027053454101"
"865027053436496,2025-12-09 11:16:15,022222,____________,865027053436496"
"865027053407349,2025-02-22 16:56:45,323222,____________,SX-XA-T-ZCTX-000052"
"868681049090176,2025-12-09 11:21:31,003300,____________,SX-XA-T-ZCTX-000094"
"866207075007355,2025-12-09 11:40:08,000000,____________,866207075007355"
"866207075002059,2025-12-09 11:33:12,002222222,____________,866207075002059"
"866207075008890,2025-12-09 11:33:13,002222222,____________,866207075008890"
"861410049559148,2024-10-26 07:06:13,020222,____________,861410049559148"
"860497077630611,2025-12-09 11:23:17,003333,____________,SX-BJ-T-ZCTX-000405"
"861410049519928,2025-12-08 23:56:36,003330,____________,861410049519928"
"866094052753601,2024-08-21 12:23:55,222222,____________,866094052753601"
"860123055643190,2024-08-19 15:18:51,222222,__________,860123055643190"
"866207075447296,2025-12-09 11:32:43,000000222,____________,866207075447296"
"860497077630637,2025-12-09 11:17:21,003220,______(__)____,860497077630637"
"866094058466562,2024-08-08 08:40:04,222222,____________,866094058466562"
"865027052356778,2024-08-07 17:20:47,222222,____________,865027052356778"
"860123055694797,2025-12-09 11:33:16,020222,____________,860123055694797"
"866094052831712,2024-08-07 15:51:24,222222,____________,866094052831712"
"866207975002174,,222222222,____________,866207975002174"
"866207075410898,2025-12-09 11:31:48,002222222,____________,866207075410898"
"866207075002331,2025-12-09 11:33:36,002222222,____________,866207075002331"
"866207075008098,2025-12-09 11:31:25,002222222,____________,866207075008098"
"866207075448633,2025-12-09 11:31:22,002222222,____________,866207075448633"
"866207075010730,2025-12-09 11:33:54,002222222,____________,866207075010730"
"865027053458201,2025-12-08 23:50:58,020222,____________,865027053458201"
"865027053464621,2024-08-06 15:56:54,333333,____________,865027053464621"
"868681049092008,2025-12-08 23:34:41,323222,____________,868681049092008"
"865027053448749,2024-08-06 14:24:39,323222,____________,865027053448749"
"865027053477557,2024-09-20 16:59:49,323222,____________,865027053477557"
"865027053462013,2024-08-06 13:37:28,222222,____________,865027053462013"
"865027053464621,2024-08-06 13:36:25,222222,____________,865027053464621"
"866207075010573,2025-12-09 11:33:15,002222222,____________,866207075010573"
"866207075010771,2025-12-09 11:33:13,002222222,____________,866207075010771"
"865027053473572,2024-08-06 12:02:46,323222,____________,865027053473572"
"861410049502841,2025-12-09 00:00:51,020222,____________,861410049502841"
"865027053435936,2025-08-14 12:06:40,323222,______(__)____,865027053435936"
"865027053464480,2025-12-08 23:45:58,020222,____________,865027053464480"
"866207075442313,2025-12-09 11:31:24,002222222,____________,866207075442313"
"860497077622600,2025-12-09 11:28:08,003333,______(__)____,860497077622600"
"866207075007710,2025-12-09 11:13:35,000033222,____________,866207075007710"
"866207075007538,2025-12-09 11:33:48,003333222,____________,866207075007538"
"866207075447494,2025-12-09 11:32:45,002222222,____________,866207075447494"
"866207075444459,2025-12-09 11:33:39,002222222,____________,866207075444459"
"866207075366835,2025-12-09 11:33:54,002222222,____________,866207075366835"
"866207075007850,2025-12-09 11:33:16,002222222,____________,866207075007850"
"866207075002414,2025-12-09 11:20:21,002222222,____________,866207075002414"
"866207075411219,2025-12-09 11:32:21,002222222,____________,866207075411219"
"866207075448831,2025-12-09 11:33:30,002222222,____________,866207075448831"
"866207075001135,2025-12-09 11:33:20,002222222,____________,866207075001135"
"866207075444657,2025-06-03 07:40:55,332222222,____________,866207075444657"
"866207075447916,2025-12-09 11:33:45,002222222,____________,866207075447916"
"866207075365738,2025-12-09 11:38:34,002222222,____________,866207075365738"
"866207075001895,2025-11-13 14:17:14,332222222,____________,866207075001895"
"866207075441653,2025-12-09 11:30:06,002222222,____________,866207075441653"
"866207075443873,2025-12-09 11:36:39,002222222,____________,866207075443873"
"866207075008551,2025-11-03 18:27:24,332222222,____________,866207075008551"
"866207075442479,2025-12-09 11:33:24,002222222,____________,866207075442479"
"866207075443212,2025-12-04 07:17:40,332222222,____________,866207075443212"
"866207075008254,2025-12-09 11:33:19,002222222,____________,866207075008254"
"866207075007892,2025-12-09 11:34:03,002222222,____________,866207075007892"
"860497077630934,2025-12-09 11:21:22,000000,____________,SX-XA-T-ZCTX-000558"
"866207075001333,2025-12-09 11:32:52,002222222,____________,866207075001333"
"866207075008114,2025-12-08 16:44:13,002222222,____________,866207075008114"
"866207075441539,2025-12-09 11:33:17,002222222,____________,866207075441539"
"866207075441992,2025-12-08 15:01:17,002222222,____________,866207075441992"
"866207075443675,2025-12-09 11:33:00,002222222,____________,866207075443675"
"866207075362974,2025-12-09 11:33:26,002222222,____________,866207075362974"
"866207075410955,2025-12-09 11:34:12,002222222,____________,866207075410955"
"866207075447338,2025-12-09 11:34:08,002222222,____________,866207075447338"
"866207075440937,2025-12-09 11:33:00,002222222,____________,866207075440937"
"866207075442453,2025-12-09 11:32:47,002222222,____________,866207075442453"
"866207075007975,2025-12-09 11:31:07,002222222,____________,866207075007975"
"866207075441810,2025-12-09 11:33:05,002222222,____________,866207075441810"
"866207075007793,2025-12-09 11:33:32,002222222,____________,866207075007793"
"866207075363394,2025-12-09 11:33:05,002222222,____________,866207075363394"
"860497077621875,2025-10-29 15:37:48,333322,____________,SX-XA-T-ZCTX-000427"
"866207075009013,2025-12-09 11:32:53,002222222,____________,866207075009013"
"866207075446017,2025-12-09 11:17:13,002222222,____________,866207075446017"
"866207075443394,2025-12-09 11:34:16,002222222,____________,866207075443394"
"866207075442230,2025-12-09 11:19:04,002222222,____________,866207075442230"
"866207075443634,2025-12-09 11:16:34,002222222,____________,866207075443634"
"866207075008932,2025-12-09 11:25:24,002222222,____________,866207075008932"
"866207075010557,2025-12-09 11:34:13,002222222,____________,866207075010557"
"866207075448518,2025-12-09 11:33:37,002222222,____________,866207075448518"
"866207075443790,2025-12-09 11:31:33,002222222,____________,866207075443790"
"866207075001937,2025-12-09 11:31:49,002222222,____________,866207075001937"
"866207075008056,2025-12-09 11:33:44,002222222,____________,866207075008056"
"866207075443550,2025-12-09 11:33:06,002222222,____________,866207075443550"
"866207075443519,2025-12-09 11:33:09,002222222,____________,866207075443519"
"866207075000574,2025-12-09 11:32:38,002222222,____________,866207075000574"
"866207075010193,2025-12-09 11:33:54,002222222,____________,866207075010193"
"866207075443436,2025-12-09 11:32:27,002222222,____________,866207075443436"
"866207075008155,2025-12-09 11:33:24,002222222,____________,866207075008155"
"866207075008692,2025-12-09 11:33:39,002222222,____________,866207075008692"
"866207075007751,2025-12-09 11:32:22,002222222,____________,866207075007751"
"866207075007934,2025-12-09 11:33:21,002222222,____________,866207075007934"
"866207075445639,2025-12-09 11:34:05,002222222,____________,866207075445639"
"886207075010276,,222222222,____________,886207075010276"
"866207075001853,2025-12-09 11:33:22,002222222,____________,866207075001853"
"866207075442255,2025-12-09 11:33:20,002222222,____________,866207075442255"
"866207075387518,2025-12-09 11:33:38,002222222,____________,866207075387518"
"866207075442594,2025-12-09 11:31:07,002222222,____________,866207075442594"
"866207075008171,2025-12-09 11:32:38,002222222,____________,866207075008171"
"866207075448757,2025-12-09 11:33:11,002222222,____________,866207075448757"
"866207075442552,2025-12-09 11:31:24,002222222,____________,866207075442552"
"866207075007579,2025-12-09 11:31:19,002222222,____________,866207075007579"
"866207075440317,2025-12-09 11:32:39,002222222,____________,866207075440317"
"866207075447577,2025-12-09 11:36:47,002222222,____________,866207075447577"
"866207075447411,2025-12-09 11:31:22,002222222,____________,866207075447411"
"866207075010052,2025-12-09 11:33:49,002222222,____________,866207075010052"
"860123055683196,2025-12-08 23:35:01,022222,__________,860123055683196"
"866207075010516,2025-12-09 11:13:52,002222222,____________,866207075010516"
"866207075008874,2025-12-09 11:14:38,002222222,____________,866207075008874"
"866207075002570,2025-12-09 07:14:12,002222222,____________,866207075002570"
"866207075442339,2025-12-09 11:38:59,002222222,____________,866207075442339"
"866207075001291,2025-12-09 11:30:35,002222222,____________,866207075001291"
"866207075001499,2025-09-26 18:24:31,332222222,____________,866207075001499"
"866207075446074,,222222222,____________,866207075446074"
"866207075411037,2025-12-09 11:39:17,002222222,____________,866207075411037"
"866207075445217,2025-12-09 11:33:11,002222222,____________,866207075445217"
"866207075442297,2025-12-09 11:32:14,002222222,____________,866207075442297"
"866207075174239,2025-12-09 11:33:55,002222222,____________,866207075174239"
"866207075009138,,222222222,____________,866207075009138"
"866207075008619,2025-12-09 11:14:59,002222222,____________,866207075008619"
"866207075008916,2025-12-09 11:27:05,002222222,____________,866207075008916"
"866207075001739,2025-12-09 11:33:02,002222222,____________,866207075001739"
"866207075002372,2025-12-09 11:33:05,002222222,____________,866207075002372"
"866207075445316,2025-12-09 11:30:46,002222222,____________,866207075445316"
"866207075009732,2025-12-09 11:32:49,002222222,____________,866207075009732"
"866207075002018,,222222222,____________,866207075002018"
"866207075008833,2025-12-09 11:13:03,002222222,____________,866207075008833"
"866207075410757,2025-12-09 11:36:03,002222222,____________,866207075410757"
"866207075409551,,222222222,____________,866207075409551"
"866207075002133,2025-12-09 11:35:46,002222222,____________,866207075002133"
"866207075009575,2025-12-09 11:15:46,002222222,____________,866207075009575"
"866207075445258,2025-12-09 09:50:58,002222222,____________,866207075445258"
"866207075444731,2025-12-09 11:21:07,002222222,____________,866207075444731"
"866207075445134,2025-12-09 11:31:05,002222222,____________,866207075445134"
"866207075010433,,222222222,____________,866207075010433"
"866207075411052,2025-12-09 11:30:18,002222222,____________,866207075411052"
"866207075002075,2025-12-09 11:35:51,002222222,____________,866207075002075"
"866207075493233,,222222222,____________,866207075493233"
"866207075008452,,222222222,____________,866207075008452"
"866207075009930,2025-12-09 11:31:20,002222222,____________,866207075009930"
"866207075443295,2025-12-09 11:33:30,002222222,____________,866207075443295"
"860123055694060,2024-08-22 15:48:48,323222,____________,860123055694060"
"866094052782279,2025-01-01 10:22:44,333333,____________,866094052782279"
"865027053472657,2025-12-09 11:40:28,003022,____________,865027053472657"
"865027053448517,2024-07-24 09:07:28,333333,____________,865027053448517"
"866207075448476,2025-12-09 11:33:05,002222222,____________,866207075448476"
"866207075367056,2025-12-09 11:34:01,002222222,____________,866207075367056"
"866207075363212,2025-12-09 11:33:47,002222222,____________,866207075363212"
"866207075174510,2025-12-09 11:30:04,002222222,____________,866207075174510"
"866094058468865,2025-12-08 23:40:18,020222,____________,866094058468865"
"866207075008031,2025-12-09 11:32:49,002222222,____________,866207075008031"
"866207075442032,2025-12-09 11:31:18,002222222,____________,866207075442032"
"866207075007439,2025-12-09 11:33:17,002222222,____________,866207075007439"
"866207075001457,2025-12-09 11:37:01,002222222,____________,866207075001457"
"866207075442719,2025-12-09 11:32:28,002222222,____________,866207075442719"
"866207075440739,2025-12-09 11:36:17,003000222,____________,866207075440739"
"866207075001838,2025-12-09 11:32:31,003333222,____________,866207075001838"
"860497077630629,2025-12-09 11:33:20,003333222,____________,860497077630629"
"860497077630868,2025-12-09 11:23:22,003302,____________,860497077630868"
"860123055504558,2025-04-17 08:58:52,322222,__________,860123055504558"
"861410049556904,2025-11-24 07:17:59,003333,____________,861410049556904"
"860497077622626,2025-12-09 11:33:13,002222222,____________,860497077622626"
"866207075411656,2025-12-09 11:32:26,002222222,____________,866207075411656"
"866207075444418,2025-12-09 11:31:33,002222222,____________,866207075444418"
"860497077621974,2025-12-09 11:33:01,002222222,____________,860497077621974"
"860123055606064,2025-12-08 12:21:28,333322,__________,860123055606064"
"860123055503733,2025-12-08 12:28:53,333322,__________,860123055503733"
"866207075445837,2025-12-09 11:31:18,003000222,____________,866207075445837"
"866207075441570,2025-12-09 11:34:05,000000222,____________,866207075441570"
"866207075441935,2025-12-09 11:38:39,000000222,____________,866207075441935"
"860497077626015,2025-12-09 11:31:25,000033222,____________,860497077626015"
"866207075363055,2025-12-09 11:33:57,000000222,____________,866207075363055"
"866207075001671,2025-12-09 11:30:58,000000222,____________,866207075001671"
"866094052794993,2025-12-09 11:36:50,000303,____________,866094052794993"
"866094052795438,2025-12-09 11:38:00,003003,____________,866094052795438"
"866207075001416,2025-05-20 09:58:07,333332222,____________,866207075001416"
"860497077507363,,222222222,____________,860497077507363"
"860497077627500,2024-07-08 10:58:45,003333,____________,860497077627500"
"860497077630975,2024-07-08 10:06:14,003333,____________,860497077630975"
"860497077631023,2024-07-08 10:17:17,003333,____________,860497077631023"
"860497077627617,2024-07-08 11:14:44,003333,____________,860497077627617"
"866207075411615,2025-12-09 11:33:36,002222222,____________,866207075411615"
"866207075442438,2025-12-09 11:31:13,002222222,____________,866207075442438"
"866207075292312,2025-12-09 11:33:59,002222222,____________,866207075292312"
"866207075002356,2025-12-09 11:30:25,002222222,____________,866207075002356"
"866207075010599,2025-12-09 11:33:11,002222222,____________,866207075010599"
"866207075387591,2025-12-09 11:31:45,002222222,____________,866207075387591"
"866207075409510,2025-12-09 11:31:01,002222222,____________,866207075409510"
"866207075002695,2025-12-09 11:34:06,002222222,____________,866207075002695"
"866207075441554,2025-12-09 11:33:24,002222222,____________,866207075441554"
"866207075444376,2025-12-09 11:32:57,002222222,____________,866207075444376"
"866207075387559,2025-12-09 11:31:11,002222222,____________,866207075387559"
"866207075442636,2025-12-09 11:33:25,002222222,____________,866207075442636"
"866207075230031,2025-12-09 11:31:14,002222222,____________,866207075230031"
"866207075492250,2025-12-09 11:32:29,002222222,____________,866207075492250"
"866207075001531,2025-12-09 11:32:48,002222222,____________,866207075001531"
"866207075445712,2025-12-09 11:40:35,002222222,____________,866207075445712"
"866207075445498,2025-12-09 11:33:36,002222222,____________,866207075445498"
"866207075001259,2025-12-09 11:31:22,002222222,____________,866207075001259"
"866207075007132,2025-12-09 11:32:35,002222222,____________,866207075007132"
"860497077395488,,222222222,____________,860497077395488"
"866207075007231,2025-12-09 11:33:32,002222222,____________,866207075007231"
"866207075001275,2025-12-09 11:30:29,002222222,____________,866207075001275"
"866207075292353,2025-12-09 11:33:53,002222222,____________,866207075292353"
"866207075442354,2025-12-09 11:12:50,002222222,____________,866207075442354"
"866207075010474,2025-12-09 11:33:19,002222222,____________,866207075010474"
"866207075411573,2025-12-09 11:33:45,002222222,____________,866207075411573"
"866207075445175,2025-12-09 11:30:04,002222222,____________,866207075445175"
"861647050642608,2024-07-25 11:19:51,003333,____________,861647050642608"
"866207075008817,2025-12-09 11:32:44,002222222,____________,866207075008817"
"866207075364194,2025-12-09 11:33:56,002222222,____________,866207075364194"
"866207075009898,2025-12-09 11:33:04,002222222,____________,866207075009898"
"866207075367031,2025-12-09 11:33:54,002222222,____________,866207075367031"
"866207075007391,,222222222,____________,866207075007391"
"866207075007397,2025-07-23 10:38:04,332222222,____________,866207075007397"
"866207075492110,2025-08-21 00:33:10,332222222,____________,866207075492110"
"866207075447254,2025-11-12 08:55:02,332222222,____________,866207075447254"
"866207075008411,2025-09-16 10:03:32,332222222,____________,866207075008411"
"866207075445399,2025-05-07 21:34:03,332222222,____________,866207075445399"
"866207075001812,2025-07-28 17:33:03,332222222,____________,866207075001812"
"866207075445936,2025-09-16 09:30:20,332222222,____________,866207075445936"
"866207075442511,2025-11-12 08:53:20,332222222,____________,866207075442511"
"866207075442958,2025-09-16 10:02:44,332222222,____________,866207075442958"
"866207075410914,2025-11-12 08:51:20,332222222,____________,866207075410914"
"866207075002737,2025-05-16 17:03:07,332222222,____________,866207075002737"
"866207075447874,2025-09-16 09:01:30,332222222,____________,866207075447874"
"866207075444493,,222222,____________,866207075444493"
"866207075444492,,222222,____________,866207075444492"
"866207075444491,2025-12-09 11:33:36,003333222,____________,866207075444491"
"866207075006977,2025-12-09 11:31:13,003333222,____________,866207075006977"
"866207075444533,2025-12-09 11:34:09,000033222,____________,866207075444533"
"866207075006936,2024-09-02 11:00:17,022222222,____________,866207075006936"
",,222222222,____________,866207075230076"
",,222222222,____________,866207075230075"
"866207075230072,2025-12-09 11:39:25,002002222,____________,866207075230072"
"866207075007272,2025-07-01 01:33:19,002222222,____________,866207075007272"
"866207075007652,2024-09-03 09:15:34,002222222,____________,866207075007652"
"866207075445415,2025-08-11 01:31:51,002222222,____________,866207075445415"
"866207075008999,2025-02-27 13:01:31,002222222,____________,866207075008999"
"866094052525371,2025-12-08 23:35:29,022222,__________,866094052525371"
"866094052851470,2025-12-08 23:52:47,022222,__________,866094052851470"
"860123055605686,2025-12-08 23:39:45,022222,__________,860123055605686"
"866207075365779,2025-12-09 11:30:17,002222222,____________,866207075365779"
"866207075445357,2025-12-09 11:31:55,002222222,____________,866207075445357"
"866207075009377,2025-12-09 11:34:17,002222222,____________,866207075009377"
"866207075442198,2025-12-09 11:34:16,002222222,____________,866207075442198"
"866207075010151,2025-12-09 11:32:04,002222222,____________,866207075010151"
"8660945051539878,2024-06-18 16:31:33,222222,_________,GX-BS-T-ZYJ-000103"
"866207075008015,2025-12-09 10:40:27,002222222,____________,866207075008015"
"866207075440150,2025-12-09 11:30:07,002222222,____________,866207075440150"
"866207075007678,2025-12-09 11:33:32,002222222,____________,866207075007678"
"866207075445795,2025-12-09 11:32:57,002222222,____________,866207075445795"
"866207075001952,2025-12-09 11:33:00,002222222,____________,866207075001952"
"866207075009591,2025-12-09 11:34:22,002222222,____________,866207075009591"
"866207075009054,2025-12-09 11:34:06,002222222,____________,866207075009054"
"866207075002315,2025-12-09 11:30:46,002222222,____________,866207075002315"
"866207075001473,2025-12-09 11:33:36,002222222,____________,866207075001473"
"866207075411771,2025-12-09 11:31:06,002222222,____________,866207075411771"
"866207075441679,2025-12-09 11:33:55,002222222,____________,866207075441679"
"866207075007090,2025-12-09 11:32:42,002222222,____________,866207075007090"
"866207075444277,2025-12-09 11:32:27,000003222,____________,866207075444277"
"866207075444293,2025-12-09 11:33:53,000022222,____________,866207075444293"
"866207075009252,2025-12-09 11:33:43,002222222,____________,866207075009252"
"866207075007611,2025-12-09 11:33:21,002222222,____________,866207075007611"
"866207075230114,2025-12-09 11:31:13,002222222,____________,866207075230114"
"866207075442412,2025-12-09 11:30:29,002222222,____________,866207075442412"
"866207075008759,2025-12-09 11:33:41,002222222,____________,866207075008759"
"866207075444319,2025-12-09 11:31:59,002222222,____________,866207075444319"
"866207075444772,2025-12-09 11:32:27,002222222,____________,866207075444772"
"866207075445233,2025-12-09 11:31:29,002222222,____________,866207075445233"
"866207075009070,2025-12-09 11:33:36,002222222,____________,866207075009070"
"866207075009039,2025-12-09 11:33:04,002222222,____________,866207075009039"
"866207075007918,2025-12-09 11:30:04,002222222,____________,866207075007918"
"866207075446058,2025-12-09 11:32:58,002222222,____________,866207075446058"
"866207075009716,2025-12-09 11:33:36,002222222,____________,866207075009716"
"866207075445738,2025-12-09 11:33:27,002222222,____________,866207075445738"
"860497077625629,2025-12-09 11:31:49,000000222,____________,860497077625629"
"860497077523089,2024-06-13 15:29:22,003333,____________,860497077523089"
"866094052768054,2024-06-13 14:46:26,323222,____________,866094052768054"
"866207075007314,2025-12-09 11:32:51,000000222,____________,866207075007314"
"860497077594486,2025-12-09 11:33:17,002222222,____________,860497077594486"
"860497077621529,2025-06-28 09:01:20,332222222,____________,860497077621529"
"860497077523071,2025-12-09 11:32:43,003333222,____________,860497077523071"
"860497077625793,2024-06-11 17:56:49,003333,____________,860497077625793"
"866207075001374,2025-12-09 11:30:04,002222222,____________,866207075001374"
"866207075410997,2025-12-09 11:27:21,002222222,____________,866207075410997"
"860497077594437,2024-06-11 14:33:12,003333,____________,860497077594437"
"860497077630900,2024-06-11 14:59:20,003333,____________,860497077630900"
"860497077631528,2025-02-24 14:47:04,003333,____________,860497077631528"
"866207075009534,2025-12-09 11:31:01,002222222,____________,866207075009534"
"860497077622030,2025-12-09 11:33:52,002222222,____________,860497077622030"
"860497077632591,2025-12-09 11:32:52,002222222,____________,GX-WZ-T-ZCTX-000330"
"860497077622014,2025-10-16 15:33:37,332222222,____________,860497077622014"
"860497077622022,2025-10-16 15:33:12,332222222,____________,860497077622022"
"866094052823966,2024-06-08 11:58:04,222222,____________,866094052823966"
"860497077622113,2025-12-09 11:33:13,002222222,____________,860497077622113"
"860497077632526,2025-12-09 11:32:33,002222222,____________,860497077632526"
"860497077631387,2025-12-09 11:33:56,002222222,____________,860497077631387"
"860497077632658,2025-11-17 13:32:17,332222222,____________,860497077632658"
"860497077621271,2025-12-09 11:31:51,002222222,____________,GX-WZ-T-ZCTX-000329"
"860497077621677,2025-11-17 13:33:52,332222222,____________,860497077621677"
"860497077621602,2025-11-17 13:34:23,332222222,____________,860497077621602"
"860497077631361,2025-12-09 11:34:06,002222222,____________,860497077631361"
"860497077621388,2025-12-09 11:33:48,002222222,____________,860497077621388"
"860497077631650,2025-12-09 11:31:34,002222222,____________,860497077631650"
"860497077621404,2025-12-09 11:37:39,002222222,____________,860497077621404"
"860497077631676,2025-12-09 11:34:13,002222222,____________,860497077631676"
"860497077631460,2025-12-09 11:33:14,002222222,____________,860497077631460"
"860497077631445,2025-12-09 11:31:07,002222222,____________,860497077631445"
"860497077631734,2025-12-09 11:32:32,002222222,____________,860497077631734"
"860497077631668,2025-12-09 11:33:04,002222222,____________,860497077631668"
"860497077631726,2025-12-09 11:33:17,002222222,____________,860497077631726"
"860497077631452,2025-12-09 11:32:55,002222222,____________,860497077631452"
"860497077631544,2025-12-09 11:32:49,002222222,____________,860497077631544"
"860497077594379,2025-12-09 11:33:21,002222222,____________,860497077594379"
"860497077621610,2025-12-09 11:32:53,002222222,____________,GX-WZ-T-ZCTX-000390"
"860497077631684,2025-12-09 09:54:04,002222222,____________,860497077631684"
"860497077631643,2025-12-09 11:30:48,002222222,____________,860497077631643"
"860497077631718,2025-12-09 11:31:36,002222222,____________,860497077631718"
"860497077594460,2025-12-09 11:32:54,002222222,____________,860497077594460"
"860497077594387,2025-12-09 11:33:57,002222222,____________,860497077594387"
"860497077621438,2025-12-09 11:32:32,002222222,____________,860497077621438"
"860497077594478,2025-12-09 11:31:23,002222222,____________,860497077594478"
"860497077620760,2025-12-09 11:33:27,000000222,____________,860497077620760"
"860497077631320,2025-12-09 11:33:14,002222222,____________,860497077631320"
"860497077630918,2025-12-09 11:39:42,000000,____________,AH-LA-T-ZCTX-000064"
"860497077495924,2025-12-09 11:32:38,000022222,____________,GX-WZ-T-ZCTX-000276"
"860497077620794,2025-12-09 11:31:16,000000222,____________,GX-WZ-T-ZCTX-000371"
"866094052807720,2024-06-04 16:54:32,323222,____________,866094052807720"
"860497077626023,2025-01-02 09:27:17,003222,____________,860497077626023"
"860497077593934,2025-12-09 11:37:15,332222,____________,860497077593934"
"860497077630595,2025-12-09 11:11:53,003222,______(__)____,SX-XA-T-SSFX-000111"
"860497077631031,2025-12-09 11:08:44,333222,______(__)____,SX-XA-T-SSFX-000109"
"860497077594445,2025-12-09 11:31:33,002222,____________,860497077594445"
"860497077625801,2025-12-09 11:13:26,003222,____________,SX-XA-T-ZCTX-000598"
"860497077625785,2025-12-09 11:26:35,003222,______(__)____,SX-XA-T-SSFX-000108"
"860497077632310,2025-12-09 11:22:42,002222,____________,SX-XA-T-ZCTX-000035"
"860497077625678,2025-12-09 11:31:13,003222,____________,860497077625678"
"860497077620851,2025-12-09 11:34:47,003222,____________,860497077620851"
"860497077620901,2025-07-04 18:54:36,332222,______(__)____,860497077620901"
"860497077621297,,222222,____________,860497077621297"
"861647050785744,2024-06-03 15:31:11,222222222,____________,861647050785744"
"861647050783744,2024-06-03 15:14:28,222222,____________,861647050783744"
"860497077627666,2024-06-13 15:35:44,003333,____________,860497077627666"
"860374057075770,2025-11-12 05:11:37,332333,____________,SX-TC-T-ZCTX-000008"
"860497077625975,2025-12-09 11:33:09,002222222,____________,860497077625975"
"860497077627401,2025-12-09 11:37:11,002222222,____________,860497077627401"
"861647050642640,2025-06-26 15:17:42,323222,____________,861647050642640"
"860497077625645,2025-12-09 11:33:43,000000222,____________,860497077625645"
"860497077621719,2025-12-09 11:33:57,000022222,____________,860497077621719"
"860497077632609,2025-12-09 11:31:39,002222222,____________,860497077632609"
"860497077631932,2025-12-09 11:31:18,003000222,____________,860497077631932"
"866207075230270,2024-05-24 10:17:13,003333,____________,866207075230270"
"860497077622493,2025-12-09 11:33:09,002222222,____________,860497077622493"
"860497077631809,2025-12-09 11:33:04,002222222,____________,860497077631809"
"861647050642061,2025-12-08 23:59:41,003000,____________,GX-NN-T-ZCTX-002554"
"865027053416050,2024-05-22 16:26:17,222222,____________,865027053416050"
"865027053456486,2024-05-22 16:25:36,222222,____________,865027053456486"
"860497077621479,2025-10-22 10:33:11,322222222,____________,860497077621479"
"861410049502387,2024-05-22 15:59:42,222222,____________,861410049502387"
"860497077495932,,222222,____________,860497077495932"
"860497077630843,2025-12-09 11:31:15,002222222,____________,860497077630843"
"860497077625637,2025-12-07 19:33:13,002222222,____________,860497077625637"
"860497077495908,2024-06-14 16:03:31,002222222,____________,860497077495908"
"866071056753787,2025-12-08 23:38:21,003300,____________,SX-XA-T-ZCTX-000160"
"860497077537626,2025-12-09 11:40:17,003330,____________,SX-XA-T-ZCTX-000161"
"860497077553276,2025-12-09 11:39:02,003322,____________,860497077553276"
"860497077631619,2025-12-09 11:33:28,002222222,____________,860497077631619"
"860497077632575,2025-12-09 11:31:18,002222222,____________,860497077632575"
"860497077632716,2025-12-09 11:30:04,002222222,____________,860497077632716"
"860497077627518,2025-12-09 11:33:08,002222222,____________,860497077627518"
"860497077632617,2025-12-09 11:31:38,002222222,____________,860497077632617"
"860497077621743,2025-12-09 11:33:22,002222222,____________,860497077621743"
"860497077621990,2025-12-09 11:33:09,002222222,_________,GX-LB-T-ZYJ-000068"
"860497077625751,2025-06-14 04:03:34,332222222,_________,GX-LB-T-ZYJ-000067"
"865027053473531,2024-05-17 17:19:33,222222,____________,865027053473531"
"860497077626031,2025-12-09 11:32:07,002222222,_________,GX-LB-T-ZYJ-000018"
"860497077627419,2025-12-09 11:36:48,003332,____________,860497077627419"
"860497077621537,2025-12-09 11:39:15,000000222,____________,860497077621537"
"866094052553431,2025-12-08 17:52:11,022222,__________,866094052553431"
"860497077522966,2025-12-09 11:34:34,000002222,____________,860497077522966"
"860497077625660,,222222,____________,860497077625660"
"860497077522883,2025-12-09 11:35:43,003000222,____________,860497077522883"
"860497077632740,2025-12-09 11:33:27,002222222,____________,860497077632740"
"860497077523006,2025-12-09 11:32:55,002222222,____________,860497077523006"
"865027053446644,2025-12-08 23:56:38,000333222,____________,865027053446644"
"865027053473523,2025-12-08 23:37:53,002222222,____________,865027053473523"
"865027053477078,2025-12-08 23:41:23,000022222,____________,865027053477078"
"860497077630926,2025-12-09 11:17:08,000000,____________,860497077630926"
"865027053477624,2024-05-11 12:38:00,222222222,____________,865027053477624"
"865027053477524,2024-08-09 16:58:30,332222222,____________,865027053477524"
"865027053439375,2025-12-08 23:45:13,002222222,____________,865027053439375"
"865027053467186,2025-12-08 23:34:27,002222222,____________,865027053467186"
"865027053477524,2024-05-11 11:50:50,222222,____________,865027053477524"
"860497077631395,2025-12-09 11:33:17,002222222,____________,860497077631395"
"860497077627534,2024-06-11 15:49:04,002222222,____________,860497077627534"
"860497077522875,2025-06-18 11:31:35,333333222,____________,GX-LZ-T-ZCTX-000163"
"866094052603889,2025-12-08 23:58:52,002000,______(__)____,866094052603889"
"860497077594015,2025-12-09 11:35:59,003333,____________,860497077594015"
"860497077594049,2025-12-09 11:17:09,000330,____________,860497077594049"
"860497077627864,2024-05-09 10:57:35,000000222,____________,860497077627864"
"860497077625694,2025-12-09 11:32:56,003000222,____________,860497077625694"
"860497077625983,2024-05-09 10:24:07,000000222,____________,860497077625983"
"860497077593959,2025-12-09 11:39:10,000002,____________,860497077593959"
"860123055683519,2024-05-09 14:36:47,333333,____________,""860123055683519"
"866094052622962,2024-05-08 13:39:56,222222,____________,866094052622962"
"868681049140492,2025-12-08 23:46:01,000000,____________,SX-XY-T-ZCTX-000020"
"868681049140310,2024-05-09 14:16:48,333333,____________,868681049140310"
"866094052466873,2025-12-08 23:42:21,000030,______(__)____,SX-XA-T-SSFX-000029"
"860123055703432,2025-12-08 23:49:37,000000,____________,860123055703432"
"860123055692460,2025-12-08 23:32:55,000200,____________,SX-TC-T-ZCTX-000011"
"860497077631163,2025-12-09 11:31:40,002222222,_________,860497077631163"
"860497077621784,2025-12-09 11:34:33,002222222,____________,860497077621784"
"860497077632054,2025-12-09 11:31:47,002222222,____________,860497077632054"
"860497077622535,2025-12-09 11:16:21,002222222,____________,860497077622535"
"860497077632237,2025-12-09 11:31:28,022222222,____________,860497077632237"
"860497077622675,2025-12-09 11:30:42,002222222,____________,860497077622675"
"860497077630942,2025-11-10 19:42:48,333333,____________,860497077630942"
"860497077501325,2025-12-09 11:33:06,002222222,____________,860497077501325"
"860497077631106,2025-12-09 11:34:11,002222222,____________,860497077631106"
"860497077631221,2025-12-09 11:33:05,002222222,____________,860497077631221"
"860497077622634,2025-12-09 11:32:33,002222222,____________,860497077622634"
"860497077622444,2025-12-09 11:32:31,002222222,____________,860497077622444"
"860497077631262,2025-12-09 11:10:59,002222222,____________,860497077631262"
"865027053466410,2024-04-28 16:40:13,222222,____________,865027053466410"
"868681049166182,2025-12-08 23:54:54,322222,______(__)____,868681049166182"
"860123055730138,2024-04-26 16:51:37,323222,____________,860123055730138"
"866094052826688,2024-04-26 16:29:49,222222,____________,866094052826688"
"868647050641246,2024-04-26 14:22:35,222222222,____________,868647050641246"
"866094052791775,2024-04-26 09:13:32,222222222,____________,866094052791775"
"860497077621842,2024-10-15 03:32:22,332222222,____________,860497077621842"
"860497077631288,2025-12-09 11:32:36,002222222,____________,GX-NN-T-ZCTX-000992"
"866094052800121,2024-04-25 10:11:19,332222,____________,866094052800121"
"860497077631247,2025-12-09 11:33:54,002222222,____________,860497077631247"
"865027053436421,2024-04-24 14:13:00,333333222,____________,865027053436421"
"865027053415821,2025-01-13 09:51:39,333333,____________,SX-TC-T-ZCTX-000006"
"865027053453202,2025-11-25 18:31:32,333333222,____________,865027053453202"
"865027053415821,2024-04-23 17:00:16,303333,____________,865027053415821"
"860497077621503,2025-12-09 11:32:31,000022222,____________,GX-NN-T-ZCTX-000636"
"865027053436165,2025-12-08 23:34:20,000000,____________, SX-BJ-T-ZCTX-000426"
"861410049562001,2025-12-08 12:36:11,202222,____________,861410049562001"
"860497077631080,2025-12-09 11:35:50,003332,____________,860497077631080"
"861410049544199,2025-12-08 23:50:26,323222,____________,861410049544199"
"860497077631866,2025-12-09 11:35:10,000000222,____________,860497077631866"
"860497077622584,2025-12-09 11:32:06,000002222,____________,860497077622584"
"860497077622410,2025-12-09 11:38:08,003333222,____________,GX-NN-T-ZCTX-00125"
"860497077622485,2025-12-09 11:36:49,000000222,____________,GX-NN-T-ZCTX-000308"
"860497077622436,2025-12-09 11:32:01,000000222,____________,860497077622436"
"860497077621750,2025-12-09 11:34:10,000000222,____________,860497077621750"
"860497077632161,2025-12-09 11:31:26,000000222,____________,860497077632161"
"860497077630892,2025-12-09 11:31:31,000333222,____________,860497077630892"
"860497077632369,2025-12-09 11:32:13,000000222,____________,860497077632369"
"860497077630884,2025-12-09 11:31:21,000000222,____________,GX-NN-T-ZCTX-000883"
"860497077620943,2025-12-09 11:31:15,000000222,____________,860497077620943"
"860497077622063,2025-12-09 11:31:15,000000222,____________,860497077622063"
"860497077632005,2025-11-19 13:32:34,333333222,____________,860497077632005"
"860497077631296,2025-12-09 11:33:39,002222222,____________,860497077631296"
"861410049559143,2024-04-18 09:26:36,222222,____________,861410049559143"
"860497077621933,,222222222,____________,860497077621933"
"860497077631213,,222222,____________,860497077631213"
"860497077631502,2025-12-09 11:38:19,000030,____________,860497077631502"
"860497077625900,2025-07-17 16:44:49,333332,____________,SX-XA-T-ZCTX-000388"
"860497077622527,2025-12-09 11:39:12,003333,____________,860497077622527"
"860497077622592,2025-12-09 11:35:46,003333,____________,SX-XY-T-ZCTX-000049"
"865027053396864,2025-12-08 23:56:53,000002222,____________,865027053396864"
"860123055500978,2024-08-14 06:28:41,322222,__________,1"
"860497077622642,2025-12-09 03:33:46,003333,____________,SX-XA-T-ZCTX-000078"
"860061065749856,,222222,____________,860061065749856"
"860497077621693,2025-12-09 11:33:58,000000222,____________,860497077621693"
"860497077631882,2025-12-09 11:33:48,002222222,____________,860497077631882"
"860497077509468,2025-12-09 11:30:04,002222222,____________,860497077509468"
"860497077632468,2025-12-08 18:05:31,002222222,____________,860497077632468"
"860497077625686,2025-12-09 11:33:38,000000222,____________,860497077625686"
"860497077631908,2025-12-09 11:31:17,003000222,____________,860497077631908"
"860497077621891,2025-12-09 11:33:37,003333222,____________,860497077621891"
"860497077631965,2025-12-09 11:30:56,000003222,____________,860497077631965"
"860497077621925,2025-12-09 11:32:53,000000222,____________,860497077621925"
"860497077630876,2025-12-09 11:32:59,000333222,____________,860497077630876"
"860497077631411,2025-12-09 11:40:20,000003222,____________,860497077631411"
"860497077631429,2025-12-09 11:35:52,000033222,____________,860497077631429"
"860497077631916,2025-12-09 11:32:40,000022222,____________,860497077631916"
"868681049142118,2025-12-08 12:44:06,000000,____________,868681049142118"
"860497077621669,2024-04-19 20:03:03,333333222,____________,860497077621669"
"865027053394430,2025-12-08 23:45:31,000000222,____________,865027053394430"
"860497077631700,2025-12-09 11:33:56,000000222,____________,860497077631700"
"860497077631379,2025-12-09 11:35:06,000000222,____________,860497077631379"
"860497077621917,2025-12-09 11:31:19,022222222,____________,860497077621917"
"860497077625777,2025-12-09 11:25:42,000022222,____________,860497077625777"
"860497077627880,2025-12-09 11:32:26,003333222,____________,SX-BJ-T-ZCTX-000141"
"860497077631098,2025-12-09 11:33:33,002222222,____________,860497077631098"
"860497077631254,2025-12-09 11:32:20,002222222,____________,860497077631254"
"860497077632757,2025-02-01 16:32:52,322222222,____________,860497077632757"
"860497077621859,2025-12-09 11:01:17,002222222,____________,860497077621859"
"860497077631783,2025-12-09 11:32:55,002222222,____________,860497077631783"
"860497077621552,2025-12-09 11:32:57,002222222,____________,860497077621552"
"860497077621834,2025-12-09 11:33:17,002222222,____________,860497077621834"
"866094052824097,2025-12-09 00:01:07,002222222,____________,GX-LZ-T-ZCTX-000491"
"860497077621263,2024-09-22 05:51:37,333333222,____________,860497077621263"
"860497077621768,2025-12-09 11:33:36,002222222,____________,860497077621768"
"864662072489778,,222222222,____________,864662072489778"
"864662072586318,,222222222,____________,864662072586318"
"860497077621818,2025-12-09 11:33:14,000003222,____________,860497077621818"
"864662072586300,2024-04-03 14:24:25,003333222,____________,864662072586300"
"864662072489760,2024-04-03 15:58:12,003333222,____________,864662072489760"
"860497077631692,2025-12-09 11:34:27,002222222,____________,860497077631692"
"860497077631940,2025-12-09 11:34:03,002222222,____________,860497077631940"
"860497077621958,2025-12-09 11:32:24,002222222,____________,860497077621958"
"860497077622462,,222222,____________,860497077622462"
"860497077621511,2025-12-09 11:33:00,002222222,____________,860497077621511"
"860497077593983,2025-12-09 11:33:34,022222222,____________,860497077593983"
"860497077621826,2025-12-09 11:33:50,002222222,____________,860497077621826"
"860497077631270,2025-12-09 07:19:00,003222,____________,860497077631270"
"866094051541635,2024-04-02 15:33:31,222222,____________,866094051541635"
"860497077622519,2025-12-09 11:34:13,002222222,____________,860497077622519"
"860497077631239,2025-12-09 11:33:37,002222222,____________,860497077631239"
"860497077622543,2025-12-04 11:24:13,332222222,____________,860497077622543"
"865027053458466,2025-12-08 23:46:49,003333,____________,865027053458466"
"860497077631072,2025-12-09 11:33:47,002222222,____________,860497077631072"
"860497077622550,2025-12-09 11:32:20,000003222,____________,860497077622550"
"866094052815392,2024-08-28 15:30:31,333333,____________,866094052815392"
"860497077621735,2025-12-09 11:32:45,002222222,____________,860497077621735"
"860497077630850,2025-12-09 11:33:05,002222222,____________,860497077630850"
"860497077621966,2025-12-09 11:34:08,002222222,____________,860497077621966"
"865027053416001,2025-12-08 23:58:07,002222222,____________,865027053416001"
"866094057804883,2024-04-01 15:54:11,222222,____________,866094057804883"
"865027053447147,2025-12-08 12:23:34,333223,____________,865027053447147"
"865027052308241,2025-12-08 23:36:57,002330,____________,SX-BJ-T-ZCTX-000138"
"861647050641766,2025-12-08 23:33:30,003332,____________,861647050641766"
"860497077621339,2025-11-11 10:54:28,332222222,____________,860497077621339"
"860497077621446,2025-12-09 11:34:18,002222222,____________,860497077621446"
"860497077631049,2025-12-09 11:24:46,003222,____________,GX-LZ-T-ZCTX-000161"
"865027053470610,2025-12-08 23:33:38,002222222,____________,GX-BH-T-ZCTX-000108"
"865027053464811,2025-12-08 23:49:59,002222222,____________,GX-BH-T-ZCTX-000106"
"860497077631833,,222222222,____________,860497077631833"
"860497077631437,2025-12-09 11:32:56,000000222,____________,860497077631437"
"865027053459407,2025-12-08 23:38:48,003333222,____________,865027053459407"
"860497077631494,2025-12-09 11:32:54,000000222,____________,860497077631494"
"860497077509500,2025-12-09 11:31:13,003333222,____________,860497077509500"
"860497077594429,2025-12-09 11:30:57,000000222,____________,860497077594429"
"860497077631791,2025-08-03 08:33:12,333333222,____________,860497077631791"
"865027053462039,2025-12-08 23:40:29,002222222,____________,865027053462039"
"861410049507857,2025-12-08 23:41:19,003332,____________,861410049507857"
"865027053458482,2025-12-08 23:39:46,003333,____________,SX-BJ-T-ZCTX-000155"
"865027053467079,2024-04-19 10:53:38,332333,____________,865027053467079"
"860497077594488,,222222222,____________,860497077594488"
"860497077631486,2025-12-09 11:33:54,000000222,____________,860497077631486"
"860497077594411,2025-07-31 20:45:14,333333222,____________,GX-LZ-T-ZCTX-000565"
"866094052622962,2024-03-20 15:41:40,222222,____________,866094052622962"
"865094052622967,2024-03-20 15:39:05,222222,____________,865094052622967"
"860497077621420,2025-12-09 11:34:13,003333222,____________,860497077621420"
"860497077509443,2025-12-09 11:32:58,000000222,____________,860497077509443"
"861410049506933,2025-12-08 23:52:14,000000,____________,861410049506933"
"860497077631627,2025-09-27 00:57:32,333333222,____________,860497077631627"
"860497077509484,2025-12-09 11:33:06,003322222,____________,860497077509484"
"861410049507857,2024-03-19 15:30:16,323222,____________,861410049507857"
"865094052622962,2024-03-19 10:25:15,222222,____________,865094052622962"
"860497077621347,2025-12-09 11:33:17,002222222,____________,860497077621347"
"865027053458508,2025-12-08 23:59:02,003333222,____________,SX-BJ-T-ZCTX-000149"
"866094052798523,2024-03-19 09:18:10,222222,____________,866094052798523"
"861410049507857,2024-03-18 17:53:38,222222,____________,861410049507857"
"861410049559452,2025-12-08 23:50:40,303333,____________,861410049559452"
"866094052831845,2024-03-18 16:36:40,222222,____________,866094052831845"
"860374057020214,2024-03-18 12:08:06,222222,____________,860374057020214"
"860497077594403,2025-12-09 11:33:15,000000222,____________,860497077594403"
"860497077594106,2025-12-09 11:40:18,003000222,____________,860497077594106"
"860497077594007,2025-12-09 11:30:04,002222222,____________,860497077594007"
"860497077631577,2025-12-09 11:33:25,002222222,____________,860497077631577"
"860497077621396,2025-12-09 11:32:46,002222222,____________,860497077621396"
"860497077523899,2025-08-09 09:33:21,332222222,____________,860497077523899"
"860497077621032,2025-12-09 11:30:05,002222222,____________,860497077621032"
"865027053463698,2025-12-08 23:59:01,002222222,____________,865027053463698"
"860497077593926,2025-12-09 11:26:22,003222,____________,860497077593926"
"866094052798523,2024-03-15 11:02:04,222222,____________,866094052798523"
"866094052785397,2024-03-15 10:15:04,222222,____________,866094052785397"
"865027053446974,2025-12-08 23:45:46,000000,____________,865027053446974"
"866094052804875,2024-03-15 10:12:05,222222,____________,866094052804875"
"860497077632096,2025-12-09 11:20:10,003333,____________,GX-WZ-T-ZCTX-000358"
"860497077622170,2025-12-09 11:31:26,002222222,____________,860497077622170"
"860497077621453,2025-12-09 11:27:30,002222222,____________,860497077621453"
"860497077632302,2025-12-09 11:33:28,002222222,____________,860497077632302"
"860497077621313,2025-12-09 11:33:14,002222222,____________,860497077621313"
"860497077632393,2025-12-09 11:32:52,002222222,____________,860497077632393"
"860497077622048,2025-12-09 11:33:20,002222222,____________,860497077622048"
"860497077620984,2025-12-09 11:32:37,002222222,____________,860497077620984"
"865027053470750,2024-03-12 14:49:46,333333333,____________,865027053470750"
"865027053454465,2024-03-12 15:01:34,333333333,____________,865027053454465"
"865027053470248,2024-03-12 15:14:38,333333,____________,865027053470248"
"860497077625488,2025-12-09 11:31:45,002222222,____________,860497077625488"
"860123055504806,2024-07-20 12:47:57,333332,__________,860123055504806"
"860497077621578,2024-03-11 16:45:58,002222222,____________,860497077621578"
"860497077593975,2024-03-11 16:54:16,002222222,____________,860497077593975"
"860497077621586,2024-03-11 16:37:30,002222222,____________,860497077621586"
"860497077594031,2024-03-11 17:13:54,002222222,____________,860497077594031"
"860497077593991,2024-03-11 17:05:00,002222222,____________,860497077593991"
"860497077631551,2024-03-27 12:11:08,333333222,____________,860497077631551"
"860497077631924,2025-12-09 11:33:31,000003222,____________,860497077631924"
"860497077594361,2025-12-09 11:33:24,000000222,____________,860497077594361"
"860497077509427,2025-12-09 11:33:19,000002222,____________,860497077509427"
"860497077631593,2025-12-09 11:32:04,003000222,____________,860497077631593"
"866071056696655,2024-03-11 14:23:48,222222222,____________,866071056696655"
"865027053438914,2024-03-11 12:29:30,222222222,____________,865027053438914"
"860497077622097,2025-12-09 11:30:11,002222222,____________, GX-NN-T-ZCTX-001283"
"860497077631569,2025-12-09 11:31:03,002222222,____________,GX-NN-T-ZCTX-000447"
"860497077486386,2025-04-11 09:03:05,333333222,____________,860497077486386"
"860497077509534,2025-12-09 11:32:07,000033222,____________,860497077509534"
"866094052825870,2025-11-04 12:38:05,333333,____________,GX-LZ-T-ZCTX-000055"
"860497077625496,2025-12-09 11:33:25,000000222,____________,860497077625496"
"860497077404785,2024-03-08 13:29:41,003333,____________,860497077404785"
"860497077404736,2024-03-08 13:42:20,003333,____________,860497077404736"
"860497077404793,2024-03-08 13:33:54,003333,____________,860497077404793"
"860497077404835,2024-03-08 13:37:55,003333,____________,860497077404835"
"860497077404538,2024-03-08 13:46:04,003333,____________,860497077404538"
"860497077621636,2025-12-09 11:30:55,002222222,____________,860497077621636"
"860497077593892,2025-12-09 11:29:58,002222222,____________,860497077593892"
"860497077404801,2024-03-08 12:57:27,003333,____________,860497077404801"
"860497077594098,2025-12-09 11:34:05,002222222,____________,860497077594098"
"866094052864416,2025-12-08 23:32:35,003333,____________,866094052864416"
"860123055572787,2025-12-08 23:33:43,020222,____________,860123055572787"
"860497077631197,2025-12-09 11:24:13,000003,____________,SX-BJ-T-ZCTX-000137"
"865027053438914,2024-03-07 18:04:31,222222222,____________,865027053438914"
"860497077631338,2025-12-09 11:31:16,002222222,____________,860497077631338"
"860497077594080,2025-12-09 11:34:01,002222222,____________,860497077594080"
"860497077627575,2025-12-09 11:34:11,002222222,____________,860497077627575"
"860123055689763,2025-12-08 17:21:41,022222,____________,860123055689763"
"860497077631122,2025-09-17 10:31:56,332222222,____________,GX-NN-T-ZCTX-001016"
"866094052810492,2024-03-07 16:03:36,222222,____________,866094052810492"
"860497077487210,2025-12-09 11:35:29,003333222,____________,GX-NN-T-ZCTX-001284"
"860497077625728,2025-04-17 11:26:52,322222222,____________,860497077625728"
"860497077593967,2025-12-09 11:32:32,003333222,____________,860497077593967"
"866094052851843,2025-12-08 23:53:37,003333,____________,GX-LZ-T-ZCTX-000324"
"860497077525472,2025-12-09 11:31:15,002222222,____________,860497077525472"
"860497077594072,2025-12-09 11:34:01,002222222,____________,860497077594072"
"860497077509583,2025-12-09 11:33:28,002222222,____________,860497077509583"
"860497077520416,2025-12-09 11:31:18,002222222,____________,860497077520416"
"860497077621644,2025-12-09 11:35:25,000000,____________,860497077621644"
"860497077621800,2025-12-09 11:34:20,000000,____________,SX-XA-T-ZCTX-000444"
"860497077631478,2025-12-09 11:23:53,003300,______(__)____,SX-XA-T-SSFX-000068"
"860497077621909,2025-12-09 11:13:25,003333,______(__)____,SX-XA-T-SSFX-000102"
"860497077621776,2025-12-09 11:15:32,000000,____________,SX-BJ-T-ZCTX-000185"
"860497077622477,2025-12-09 11:39:55,003332,____________,860497077622477"
"860497077622451,2025-12-09 11:19:58,000000,______(__)____,SX-XA-T-SSFX-000088"
"860497077621941,2025-12-09 11:27:34,003333,______(__)____,SX-XA-T-SSFX-000438"
"865027053393689,2024-06-11 16:27:53,332222,____________,865027053393689"
"860497077631189,2025-12-09 11:17:31,000000,____________,SX-BJ-T-ZCTX-000192"
"860497077621727,2025-12-08 20:03:05,000000,____________,860497077621727"
"860497077631130,2025-12-09 11:15:25,003330,____________,SX-BJ-T-ZCTX-000004"
"860497077622568,2025-12-05 09:54:20,333323,____________,SX-BJ-T-ZCTX-000203"
"860497077622469,2025-12-09 11:19:06,003333,____________,SX-YL-T-ZCTX-000041"
"860497077631312,2025-12-09 11:40:43,333330,____________,SX-XY-T-ZCTX-000048"
"860497077509518,2025-12-09 11:31:05,000000222,____________,860497077509518"
"866094051543417,2024-03-06 11:02:13,222222,____________,866094051543417"
"860123055497340,2024-11-21 15:17:39,322222,____________,860123055497340"
"860497077509435,2025-12-09 11:34:01,000000222,____________,860497077509435"
"860497077625835,2025-12-09 11:31:11,002222222,____________,860497077625835"
"860497077622055,2025-12-09 11:32:28,002222222,____________,860497077622055"
"860497077625710,2025-12-09 11:28:11,002222222,____________,860497077625710"
"860497077509591,2025-12-09 11:33:40,002222222,____________,860497077509591"
"860497077632039,2025-12-09 11:33:09,000003222,____________,860497077632039"
"860497077509492,2025-12-09 11:31:26,002222222,____________,860497077509492"
"860497077625702,2025-12-09 11:33:31,002222222,____________,860497077625702"
"860497077530225,2025-12-09 11:35:33,000000222,____________,860497077530225"
"860497077522214,2025-12-09 11:31:19,003333222,____________,860497077522214"
"860497077632229,2025-12-09 11:33:59,003333222,____________,860497077632229"
"860497077631601,,222222222,____________,860497077631601"
"860497077632120,2025-12-09 11:31:46,000000222,____________,860497077632120"
"860497077493093,2025-12-09 11:34:27,000033222,____________,860497077493093"
"860497077632088,2025-12-09 11:33:39,000000222,____________,860497077632088"
"860497077622121,2025-12-09 11:33:03,000000222,____________,860497077622121"
"860497077509617,2025-12-09 11:32:38,002222222,____________,860497077509617"
"860497077539119,2025-12-09 11:31:13,002222222,____________,860497077539119"
"860497077620786,2025-12-09 11:33:04,002222222,____________,860497077620786"
"860497077509476,2025-12-09 11:30:04,002222222,____________,860497077509476"
"865027053442494,2025-12-08 23:34:04,002222222,____________,GX-BH-T-ZCTX-000082"
"865027053436611,2025-12-08 23:54:45,002222222,____________,865027053436611"
"860497077631742,2025-12-09 11:33:57,000000222,____________,860497077631742"
"860497077632708,2025-03-18 09:03:31,333333222,____________,860497077632708"
"860497077621172,2025-12-09 11:31:25,002222222,____________,860497077621172"
"861410049559478,2025-12-08 23:35:42,323222,____________,SX-XA-T-ZCTX-000055"
"860123055503915,2025-08-01 18:40:57,322222,__________,________"
"861410049558421,2025-12-08 23:40:56,322222,____________,SX-XA-T-ZCTX-000062"
"860497077404751,2024-02-27 15:40:09,003333,____________,860497077404751"
"860497077404553,2024-02-27 16:13:49,003333,____________,860497077404553"
"860497077392048,2024-02-27 15:59:44,003333,____________,860497077392048"
"860497077404652,2024-02-27 15:30:50,003333,____________,860497077404652"
"860497077404595,2024-02-27 16:23:33,003333,____________,860497077404595"
"860497077404686,2024-02-27 15:36:38,003333,____________,860497077404686"
"860497077404777,2024-02-27 16:05:27,003333,____________,860497077404777"
"860497077404645,2024-02-27 16:21:13,003333,____________,860497077404645"
"860497077404710,2024-02-27 15:54:52,003333,____________,860497077404710"
"860497077404678,2024-02-27 15:47:24,003333,____________,860497077404678"
"860497077404579,2024-02-27 15:44:04,003333,____________,860497077404579"
"860497077404702,2024-02-27 15:52:27,003333,____________,860497077404702"
"860497077404728,2024-02-27 16:18:39,003333,____________,860497077404728"
"860497077404629,2024-02-27 16:11:19,003333,____________,860497077404629"
"860497077404637,2024-02-27 16:07:48,003333,____________,860497077404637"
"860497077404744,2024-02-27 16:03:05,003333,____________,860497077404744"
"860497077404561,2024-02-27 16:16:11,003333,____________,860497077404561"
"860497077404769,2024-02-27 15:57:17,003333,____________,860497077404769"
"860497077631635,,222222222,____________,860497077631635"
"866094052765514,2024-02-22 10:51:23,222222,____________,866094052765514"
"865027052301105,2025-12-08 23:54:58,003333,____________,SX-XA-T-ZCTX-000441"
"860123055498132,2024-02-21 09:18:11,222222,__________,860123055498132"
"860123055606767,2025-12-08 17:06:20,000222,__________,860123055606767"
"865027053437890,2025-12-08 23:40:58,002222222,____________,865027053437890"
"865027053476963,2024-06-11 16:44:35,332222,____________,865027053476963"
"860497077631775,,222222222,____________,860497077631775"
"860497077632252,2025-12-09 11:18:30,000000222,____________,860497077632252"
"860497077391958,2024-02-06 11:26:39,003333,____________,860497077391958"
"865027053562039,2024-02-06 11:23:26,222222,____________,865027053562039"
"865027053464019,2025-12-08 23:49:00,002222222,____________,865027053464019"
"865027053415334,2025-12-08 23:46:16,002222222,____________,865027053415334"
"865027053433410,2025-12-08 23:52:47,002222222,____________,865027053433410"
"860497077392659,,222222,____________,860497077392659"
"860497077404546,2024-02-06 10:45:51,003333,____________,860497077404546"
"860497077392501,2024-02-06 10:40:13,003333,____________,860497077392501"
"860497077392642,2024-02-26 10:42:44,003333,____________,860497077392642"
"860497077392386,2024-02-06 10:48:39,003333,____________,860497077392386"
"860497077391925,2024-02-06 10:54:12,003333,____________,860497077391925"
"860497077392022,2024-02-06 14:39:40,003333,____________,860497077392022"
"860497077391982,,222222,____________,860497077391982"
"860497077392634,2024-02-26 11:34:01,003333,____________,860497077392634"
"860497077391974,2024-02-26 10:48:37,003333,____________,860497077391974"
"860497077392014,2024-02-06 14:48:24,003333,____________,860497077392014"
"860497077392402,2024-02-26 10:55:09,003333,____________,860497077392402"
"860497077391941,2024-02-26 10:58:48,003333,____________,860497077391941"
"860497077392691,2024-02-06 15:23:57,003333,____________,860497077392691"
"860497077391990,2024-02-06 15:15:03,003333,____________,860497077391990"
"860497077392006,2024-02-06 15:56:52,003333,____________,860497077392006"
"860497077392360,2024-02-06 16:00:56,003333,____________,860497077392360"
"860497077392592,,222222,____________,860497077392592"
"860497077392576,,222222,____________,860497077392576"
"860497077632336,2025-12-09 11:31:04,000000222,____________,860497077632336"
"860497077620844,2025-12-09 11:34:13,000000222,____________,860497077620844"
"865027053467418,2025-12-08 23:52:19,002222222,____________,865027053467418"
"860497077621107,2025-12-09 11:31:19,000000222,____________,860497077621107"
"865027053436033,2025-12-08 23:35:44,002222222,____________,865027053436033"
"865027053478670,2025-12-08 23:46:09,002222222,____________,865027053478670"
"865027053435506,2025-12-08 23:57:13,002222222,____________,865027053435506"
"865027053466048,2025-12-08 23:35:11,002222222,____________,865027053466048"
"865027053479454,2025-12-08 23:39:50,002222222,____________,865027053479454"
"865027053436017,2025-12-08 23:32:44,002222222,____________,865027053436017"
"865027053415755,2025-12-08 23:53:50,002222222,____________,865027053415755"
"860497077391966,2024-02-26 10:52:08,003333,____________,860497077391966"
"860497077392543,2024-02-05 12:02:54,003333,____________,860497077392543"
"860497077632626,,222222,____________,860497077632626"
"860497077392568,2024-02-26 11:03:48,003333,____________,860497077392568"
"860123055575103,2025-12-08 23:52:56,322222,__________,860123055575103"
"860497077632492,2025-12-09 11:34:00,000033222,____________,860497077632492"
"860497077632021,2025-12-09 11:32:25,000000222,____________,GX-NN-T-ZCTX-000648"
"860497077620869,2025-11-30 06:39:38,333333222,____________,GX-NN-T-ZCTX-000037"
"860497077509450,2025-12-09 11:31:13,000000222,____________,860497077509450"
"860497077620802,2025-12-09 11:31:19,002222222,____________,860497077620802"
"860497077620836,2025-12-09 11:30:56,002222222,____________,860497077620836"
"860497077627815,2025-12-09 11:37:50,002222222,____________,860497077627815"
"860497077632211,2025-12-09 11:31:14,002222222,____________,860497077632211"
"860497077621008,2025-12-09 11:32:56,002222222,____________,860497077621008"
"860497077632443,2025-12-09 11:30:39,002222222,____________,860497077632443"
"860123055497530,2025-12-08 23:54:26,003222,__________,860123055497530"
"865027053473341,2024-02-01 11:46:28,222222,,865027053473341"
"865027053447550,2024-02-01 11:41:06,222222,,865027053447550"
"860497077626007,2025-12-09 11:31:05,003332222,____________,860497077626007"
"860497077621198,2025-12-09 11:33:09,000000222,____________,860497077621198"
"860497077621206,2025-12-09 11:36:46,000000222,____________,860497077621206"
"860123055605900,2025-12-08 23:45:25,020222,__________,860123055605900"
"866094052827637,2024-01-31 17:20:41,333333,,866094052827637"
"866094058479482,2024-01-31 16:08:04,222222,,866094058479482"
"860497077632419,2025-12-09 11:35:43,000000222,____________,860497077632419"
"865027053473028,2025-12-08 23:59:45,003320,____________,SX-XA-T-ZCTX-000575"
"865027053466949,2025-12-08 23:56:55,002222222,_________,GX-CZ-T-ZYJ-000003"
"860497077622089,2025-12-09 11:31:10,000033222,____________,860497077622089"
"860497077625967,2025-11-07 11:04:25,322222222,____________,860497077625967"
"860497077631403,2025-12-09 11:36:39,000033222,____________,860497077631403"
"860497077621982,2025-12-09 11:31:04,000000222,____________,860497077621982"
"860497077631346,2025-12-09 11:34:07,000000222,____________,860497077631346"
"865027053469299,2025-12-08 23:33:22,000002222,____________,SX-XA-T-ZCTX-000207"
"865027053442965,2025-12-08 23:46:07,003002,____________,865027053442965"
"860497077632013,2025-12-09 11:32:43,002222222,____________,GX-NN-T-ZCTX-000984"
"860497077621016,2025-12-09 11:33:29,000000222,____________,GX-LZ-T-ZCTX-000438"
"860497077622071,2025-12-09 11:33:34,000000222,____________,GX-LZ-T-ZCTX-000437"
"865027053461502,2025-06-19 15:53:27,333333222,____________,865027053461502"
"860497077627856,2025-12-09 11:34:31,002222222,____________,860497077627856"
"860497077627872,,222222222,____________,860497077627872"
"861410049558470,2024-12-21 10:41:07,322222,____________,861410049558470"
"860123055495500,2025-12-08 20:21:29,000300,__________,860123055495500"
"865027053452105,2025-12-08 23:33:03,000333222,____________,865027053452105"
"860497077632732,2024-01-25 16:02:09,002222222,____________,860497077632732"
"860497077622154,,222222222,____________,860497077622154"
"860497077632500,2025-12-09 11:33:58,002222222,____________,860497077632500"
"860497077632583,2025-12-09 11:32:40,002222222,____________,860497077632583"
"865027053462021,2024-01-24 14:29:29,333333,,865027053462021"
"865027053454259,2024-01-24 14:12:44,333333,,865027053454259"
"860497077632435,2025-12-09 11:30:58,003333222,____________,860497077632435"
"860123055502248,2025-04-19 09:32:28,333333,____________,860123055502248"
"860497077631353,2025-12-09 11:33:02,000000222,____________,860497077631353"
"860497077631981,2025-12-09 11:33:44,000000222,____________,860497077631981"
"860497077631999,2025-12-09 09:37:34,003333222,____________,860497077631999"
"860497077631973,2025-12-09 11:33:42,000033222,____________,860497077631973"
"865027054567103,2024-01-22 16:27:13,222222,,865027054567103"
"865027053443054,2024-01-22 15:57:06,333333,,865027053443054"
"865027053469067,2024-01-22 15:24:00,333333,,865027053469067"
"860497077525464,2025-12-09 11:31:57,003333222,____________,860497077525464"
"860497077632450,2025-12-09 11:35:40,003333222,____________,860497077632450"
"860497077620893,2025-12-09 11:32:25,002222222,____________,860497077620893"
"866094058454741,2025-12-08 23:02:27,002222222,____________,866094058454741"
"865027053470750,2024-03-05 07:30:27,332222,____________,865027053470750"
"860497077621354,2025-12-09 11:34:08,002222222,____________,865027053465842"
"860497077625934,2025-12-09 11:34:11,000003222,____________,860497077625934"
"865027053459472,2024-01-19 15:12:10,323222,,865027053459472"
"86502705454440,2024-01-19 14:24:17,222222,,86502705454440"
"865027053426075,2024-01-19 14:27:59,333333,,865027053426075"
"86502705454440,2024-01-19 14:16:53,222222,,86502705454440"
"865027053439391,2024-01-19 11:48:16,323222,,865027053439391"
"865027053446545,2024-01-19 11:35:35,333333,,865027053446545"
"865027053446974,2024-01-29 11:37:31,333333,,865027053446974"
"866094052815624,2024-01-19 11:10:40,222222,,866094052815624"
"861410049559221,2024-01-19 10:55:02,323222,,861410049559221"
"865027053469307,2024-10-15 05:29:38,332222,____________,865027053469307"
"866094052793979,2024-01-19 10:46:39,222222,,866094052793979"
"861410049520603,2024-01-19 10:25:05,323222,,861410049520603"
"866094051492086,2024-01-19 09:55:51,222222,,866094051492086"
"861410049562449,2025-09-04 12:45:49,322222,____________,861410049562449"
"860497077529771,2025-12-09 11:33:20,000033222,____________,860497077529771"
"865027053454051,2025-12-08 23:44:49,002222222,____________,GX-NN-T-ZCTX-001156"
"861410049562449,2024-01-18 14:36:20,333333,____________,861410049562449"
"860497077621630,,222222222,____________,860497077621630"
"865027053464571,2024-01-17 17:42:30,332222222,____________,865027053464571"
"860497077509567,,222222222,____________,860497077509567"
"860497077631510,2025-12-09 11:33:03,000333222,____________,860497077631510"
"860497077621289,2025-12-09 11:35:28,000003222,____________,860497077621289"
"860497077594056,2025-12-09 11:32:31,003333222,____________,860497077594056"
"860497077625819,2025-12-09 11:32:53,000000222,____________,860497077625819"
"860497077525449,2025-12-09 11:34:35,000000222,____________,860497077525449"
"860497077625769,2025-12-09 11:32:31,003333222,____________,865027053472541"
"860123055495500,2024-01-17 09:19:44,222222,__________,860123055495500"
"860061065749971,2024-01-17 14:25:35,332222222,____________,____1"
"860497077627724,2024-01-17 14:12:46,332222222,____________,____1"
"860497077625736,2025-12-09 11:39:30,003333222,____________,860497077625736"
"860497077631841,,222222222,____________,860497077631841"
"860497077487020,2025-12-09 11:11:08,003333222,____________,860497077487020"
"860497077525399,2025-12-09 11:12:24,003333222,____________,860497077525399"
"865027053424021,2025-12-08 23:41:32,002222222,____________,865027053424021"
"860497077404058,2024-01-17 14:54:34,322222222,____________,____1"
"865027053436561,2025-12-08 23:42:39,002222222,____________,865027053436561"
"866094052804933,2025-12-08 23:51:03,003330,____________,866094052804933"
"860497077627542,2025-12-09 11:33:27,000000222,____________,860497077627542"
"860497077509625,2025-12-09 11:34:07,000000222,____________,860497077509625"
"860497077525415,2025-12-09 11:32:44,000000222,____________,860497077525415"
"860497077525407,2025-12-09 11:34:22,000003222,____________,860497077525407"
"860497077509575,2025-12-09 11:33:38,000000222,____________,860497077509575"
"860497077509559,,222222222,____________,GX-NN-T-ZCTX-000589"
"861647050655576,2024-01-13 17:06:42,222222,____________,GXHZ-T-ZCTX-000232"
"861647050646211,2024-01-13 17:06:08,222222,____________,861647050646211"
"860061065744691,2024-01-15 10:40:58,333333,____________,860061065744691"
"860497077625587,2025-10-30 15:00:05,322222222,____________,860497077625587"
"860497077367636,2025-11-18 14:51:40,332222222,____________,860497077367636"
"860497077627443,2025-12-09 11:33:25,002222222,____________,860497077627443"
"860497077627435,2025-12-09 11:14:28,002222222,____________,860497077627435"
"860497077627468,2025-12-09 11:33:10,002222222,____________,860497077627468"
"865027053415862,2025-12-08 23:36:25,002222222,____________,865027053415862"
"860497077625579,2025-12-09 11:33:23,002222222,____________,860497077625579"
"860497077625843,2025-12-09 11:33:53,002222222,____________,860497077625843"
"860497077625595,2025-12-09 11:32:33,002222222,____________,860497077625595"
"860497077625827,2025-12-09 11:31:16,002222222,____________,860497077625827"
"865027052401707,2025-12-08 12:13:12,333333,____________,865027052401707"
"860497077509526,2025-12-09 11:36:09,022222222,____________,860497077509526"
"860497077621024,2025-11-26 17:02:38,332222222,____________,860497077621024"
"860497077627450,2025-11-26 17:01:54,332222222,____________,860497077627450"
"860497077632674,2025-12-09 11:33:12,002222222,____________,860497077632674"
"860497077631817,2025-12-09 11:33:53,002222222,____________,860497077631817"
"860497077632286,2025-12-09 11:33:13,002222222,____________,860497077632286"
"860497077622105,2025-12-09 11:33:14,002222222,____________,860497077622105"
"860497077632559,2025-12-09 11:32:59,002222222,____________,860497077632559"
"860497077631304,2025-12-09 11:32:46,002222222,____________,860497077631304"
"860497077632203,2025-12-09 11:33:28,000003222,____________,860497077632203"
"860497077632724,2025-12-09 11:30:42,000000222,____________,860497077632724"
"860497077622196,2025-06-14 11:23:24,333333222,____________,860497077622196"
"860123055605660,2025-07-20 18:09:02,332322,__________,860123055605660"
"865027053478373,2025-12-08 23:56:29,003333222,____________,865027053478373"
"860497077632682,2025-12-08 11:03:39,000000222,____________,860497077632682"
"860497077622188,2025-12-08 11:02:33,000333222,____________,860497077622188"
"860497077632666,2025-12-09 11:33:27,002222222,____________,860497077632666"
"860497077632104,2025-12-09 11:30:04,002222222,____________,860497077632104"
"860497077632633,2025-12-09 11:30:54,002222222,____________,860497077632633"
"860497077632385,2025-12-09 11:33:57,022222222,____________,860497077632385"
"865027053437999,2024-01-10 10:06:53,222222222,,865027053437999"
"860497077621321,2025-09-15 10:55:13,333333222,____________,860497077621321"
"860497077627583,2025-12-09 11:33:49,000000222,____________,860497077627583"
"860497077627609,2025-12-09 11:33:00,000000222,____________,860497077627609"
"860497077627831,2025-12-09 11:31:34,000022222,____________,860497077627831"
"860497077627658,2025-12-09 11:34:33,003333222,____________,860497077627658"
"860497077627427,2025-12-09 11:33:59,003333222,____________,860497077627427"
"860497077627674,2025-12-09 11:32:16,000000222,____________,860497077627674"
"860497077627732,2025-12-09 11:31:20,000000222,____________,860497077627732"
"860497077627765,2025-12-09 11:33:24,000000222,____________,860497077627765"
"860123055495971,2024-03-12 09:57:47,003332,__________,860123055495971"
"860497077622139,2025-12-09 11:31:39,000000222,____________,860497077622139"
"860497077627567,2025-12-09 11:31:14,003333222,____________,2022-BN4-___________"
"860497077632153,2025-12-09 11:35:16,000000222,____________,860497077632153"
"860497077632062,2025-12-09 11:34:31,003333222,____________,860497077632062"
"860497077631148,2025-12-09 11:38:46,003333222,____________,860497077631148"
"860497077509542,2025-12-09 11:34:07,000003222,____________,860497077509542"
"860497077627377,2025-12-09 11:31:40,002222222,____________,860497077627377"
"860497077627823,2025-12-09 11:34:05,002222222,____________,860497077627823"
"860497077627641,2025-12-09 11:33:18,002222222,____________,860497077627641"
"860497077525456,2025-12-09 11:33:39,000003222,____________,860497077525456"
"860497077627757,2025-12-09 11:30:04,022222222,____________,860497077627757"
"860497077523147,2025-12-09 11:32:55,002222222,____________,860497077523147"
"860497077627740,2025-12-09 11:32:41,002222222,____________,860497077627740"
"860497077523154,2025-12-09 11:33:40,002222222,____________,860497077523154"
"860497077520903,2025-12-09 11:32:23,002222222,____________,860497077520903"
"860497077632625,2025-12-09 11:31:21,000000222,____________,860497077632625"
"860497077632278,2025-12-09 11:31:41,000000222,____________,860497077632278"
"865027053407059,2025-12-08 23:40:46,002222222,____________,GX-NN-T-ZCTX-000072"
"860497077621628,2025-12-09 11:32:44,003222,____________,860497077621628"
"860497077621149,2025-11-18 14:38:35,333222,____________,860497077621149"
"860497077621065,2025-12-09 11:20:41,003222,____________,860497077621065"
"860497077627690,2025-09-02 02:08:52,333222,____________,SX-TC-T-ZCTX-000028"
"860497077625926,2024-11-22 14:00:54,003222,____________,860497077625926"
"861647050641329,2024-01-04 14:50:02,222222,____________,861647050641329"
"866094058172996,2024-09-08 19:20:36,333333,____________,866094058172996"
"861410049562118,2024-01-08 13:15:16,303333,______(__)____,861410049562118"
"860497077621156,2025-12-09 11:19:58,000032,______(__)____,SX-XA-T-SSFX-000087"
"866094051478507,2024-01-03 10:53:56,222222,,866094051478507"
"866094052800097,2024-09-28 23:28:50,332222222,____________,866094052800097"
"864162047744019,2024-09-04 22:18:28,332222222,____________,864162047744019"
"860497077594494,2025-12-09 11:39:33,003002,____________,860497077594494 "
"860497077621099,2024-08-11 00:29:26,333333,____________,SX-XA-T-ZCTX-000146"
"860497077621487,2023-12-29 19:02:22,333333,____________,SX-XA-T-ZCTX-000580"
"860497077625918,2024-08-22 17:34:08,333333,______(__)____,SX-XA-T-SSFX-000073"
"860497077632518,2025-12-09 11:16:28,003333,______(__)____,860497077632518"
"860497077627708,2025-11-27 15:23:23,333333,______(__)____,SX-XA-T-SSFX-000089"
"860497077621164,2024-12-04 13:15:13,332322,____________,SX-XA-T-ZCTX-000335"
"860497077625850,2025-12-09 11:37:21,003333,____________,SX-XA-T-ZCTX-000019"
"860497077621495,2024-06-09 08:22:33,333333,____________,SX-XA-T-ZCTX-000412"
"860497077627385,2025-12-09 11:38:14,003000,____________,860497077627385"
"861410049502841,2024-08-06 09:28:32,333333,____________,861410049502841"
"860497077458971,2024-03-24 11:30:01,332222222,____________,860497077458971"
"860497077537790,,222222222,____________,860497077537790"
"860497077408521,2024-06-17 17:43:30,332222222,____________,860497077408521"
"860497077470042,2024-06-17 17:43:30,332222222,____________,860497077470042"
"860497077404322,,222222222,____________,860497077404322"
"860497077603766,2024-03-22 03:32:24,332222222,____________,860497077603766"
"860497077404207,2025-12-09 11:32:22,002222222,____________,860497077404207"
"860497077404348,,222222222,____________,860497077404348"
"860497077404108,2025-12-09 11:31:10,002222222,____________,860497077404108"
"860497077458823,2025-12-09 11:34:05,002222222,____________,860497077458823"
"860497077404173,2025-12-09 11:32:58,002222222,____________,860497077404173"
"860497077404280,2025-12-09 11:33:39,002222222,____________,860497077404280"
"860497077458880,,222222222,____________,860497077458880"
"860497077404256,2025-12-09 11:31:02,002222222,____________,860497077404256"
"860497077458815,2024-02-21 05:31:41,332222222,____________,860497077458815"
"860497077404272,2024-04-17 01:31:23,332222222,____________,860497077404272"
"860497077404090,2025-11-21 16:12:48,332222222,____________,860497077404090"
"860497077404363,2024-07-05 13:34:05,332222222,____________,860497077404363"
"860497077395553,2025-12-09 11:31:02,002222222,____________,860497077395553"
"860497077397526,2024-07-05 13:34:10,332222222,____________,860497077397526"
"860123055697220,2025-12-08 23:43:19,002230,__________,860123055697220"
"860123055505076,2025-12-08 23:47:07,003332,__________,860123055505076"
"125684258,,222222,____________,3523542545426345"
",,222222,__________,1234252432"
",,222222,__________,1234564243645264"
",,222222,__________,1234567890"
",,222222,__________,555555"
",,222222,__________,3123"
"865027053472244,2025-12-08 12:38:07,322222222,____________,GX-NN-T-ZCTX-001351"
"865027053477532,2025-12-08 12:11:24,322222222,____________,GX-NN-T-ZCTX-003286"
"865027053446230,2025-12-08 23:50:42,002222222,____________,865027053446230"
"123456753456,,222222,____________,12333333333333333"
"1234567899,,222222,__________,1234445555"
"860374056938184,2023-12-26 16:46:43,222222,____________,860374056938184"
"860497077458849,2025-12-09 11:33:28,002222222,____________,860497074458849 "
"860497077395942,2025-12-06 09:01:57,332222222,____________,860497077395942"
"860497077404215,2025-12-09 03:04:26,002222222,____________,860497077404215"
"860497077404199,2025-11-25 04:01:08,332222222,____________,860497077404199"
"860497074495488,,222222222,____________,860497074495488"
"865027053416084,2025-12-08 23:44:47,003333,______(__)____,SX-XA-T-SSFX-000067"
",,222222,__________,4324234"
",,222222,__________,546546"
",,222222,__________,4234"
",,222222,__________,34243"
",,222222,__________,534543"
",,222222,__________,3131"
",,222222,__________,5354345"
",,222222,__________,423423423"
",,222222,__________,234234"
",,222222,__________,4234234"
",,222222,__________,321312"
",,222222,__________,345566"
",,222222,__________,234"
",,222222,__________,123"
",,222222,__________,11"
"865027053476658,2025-12-08 23:46:54,202222222,____________,865027053476658"
"860497077404140,2024-03-07 05:32:14,332222222,____________,860497077404140"
"860497077396924,2025-12-09 11:33:59,002222222,____________,860497077396924"
",,222222,,111"
"860497077383427,2024-04-17 11:26:16,333333333,____________,860497077383427"
"865027053473101,2023-12-18 14:44:10,222222,____________,865027053473101"
"860497077395520,2025-09-08 04:02:59,332222222,____________,860497077395520"
"865027052449771,2025-12-08 23:58:32,000022222,____________,865027052449771"
"861410049519712,2023-12-18 09:36:02,333333333,____________,861410049519712"
",,222222222,____________,SN022"
",,222222222,____________,SN021"
",,222222222,____________,SN020"
",,222222222,____________,SN019"
",,222222222,____________,SN018"
",,222222222,____________,SN013"
",,222222222,____________,SN010"
",,222222222,____________,SN016"
",,222222222,____________,SN007"
",,222222222,____________,SN015"
",,222222222,____________,SN017"
",,222222222,____________,SN014"
",,222222222,____________,SN009"
",,222222222,____________,SN008"
",,222222222,____________,SN012"
",,222222222,____________,SN011"
",,222222222,____________,SN005"
",,222222222,____________,SN004"
",,222222222,____________,SN003"
",,222222222,____________,SN006"
",,222222222,____________,SN002"
"860497077395322,2025-05-17 17:34:04,332222222,____________,860497077395322"
"865027053467269,2025-12-08 23:58:44,003222,____________,SX-XA-T-ZCTX-000128"
"861647050638424,2025-12-08 12:37:37,002222222,____________,GX-NN-T-ZCTX-001557"
"865027053436215,2025-12-08 23:57:25,002222222,____________,GX-NN-T-ZCTX-000370"
"865027053457773,2025-12-08 23:40:13,003333,____________,865027053457773"
"860497077395439,2025-12-09 11:33:28,002222222,____________,860497077395439"
",,222222,,333"
",,222222,,2222"
",,222222,,1212121"
"865027053437981,2025-12-08 12:46:50,000022222,____________,865027053437981"
"865027053473085,2025-12-08 12:27:57,333333222,____________,865027053473085"
"860374059994416,2023-12-11 15:27:13,222222,____________,860374059994416"
"865027053443310,2025-12-08 23:46:37,002222222,____________,865027053443310"
"865027053436793,2023-12-11 14:20:04,222222,____________,865027053436793"
"865027053473143,2023-12-11 14:19:10,222222,____________,865027053473143"
"865027053415680,2023-12-11 14:18:08,222222,____________,865027053415680"
"865027053446867,2023-12-11 14:17:20,222222,____________,865027053446867"
"865027053460215,2025-12-09 00:00:48,002222222,____________,865027053460215"
"865027053472392,2023-12-11 14:14:43,222222,____________,865027053472392"
"865027053464167,2023-12-11 14:13:22,222222,____________,865027053464167"
"865027053415094,2023-12-11 14:11:53,222222,____________,865027053415094"
"865027053460066,2023-12-11 14:10:58,222222,____________,865027053460066"
"865027053463631,2023-12-11 14:09:58,222222,____________,865027053463631"
"865027053446511,2023-12-11 14:09:04,222222,____________,865027053446511"
"865027053444268,2023-12-11 14:06:07,222222,____________,865027053444268"
"865027053434954,2025-12-08 23:49:51,002222222,____________,865027053434954"
"865027053458664,2023-12-11 14:00:25,222222,____________,865027053458664"
"865027053461825,2025-05-25 10:45:52,332222,____________,865027053461825"
"860497077458898,2024-07-05 13:32:06,332222222,____________,860497077458898"
"860497077406962,,222222222,____________,860497077406962"
"865027053482276,2025-05-25 02:19:37,332222,____________,865027053482276"
"866094052824196,2025-12-08 23:51:52,002222222,____________,866094052824196"
"866094052815681,2025-12-08 23:53:10,002222222,____________,866094052815681"
"866094052826845,2025-12-08 23:58:10,002222222,____________,866094052826845"
"868681049155409,2025-12-08 12:45:58,002222222,____________,868681049155409"
"868681049150285,2025-12-08 23:51:37,002222222,____________,868681049150285"
"861647050640933,2024-11-24 15:48:05,332222222,____________,861647050640933"
"861647050501747,2025-12-08 23:39:30,002222222,____________,861647050501747"
"866094058454089,2025-12-08 23:34:48,002222222,____________,866094058454089"
"861647050641071,2025-12-08 23:38:25,002222222,____________,861647050641071"
"864162047797082,2025-12-08 23:39:45,002222222,____________,864162047797082"
"861647050645247,2023-12-11 11:20:17,222222222,____________,861647050645247"
"860374056953365,2025-12-08 23:58:34,000000222,____________,860374056953365"
"861647050640206,2025-12-08 23:40:29,303333,____________,SX-XA-T-ZCTX-000265"
"861647050658794,2025-12-08 18:00:53,002222222,____________,861647050658794"
"860374059995561,2023-12-06 10:59:08,222222222,____________,860374059995561"
"860123055497050,2025-12-08 23:49:58,000030,____________,SX-XY-T-ZCTX-000035"
"866094052832926,2023-12-06 09:13:23,222222,____________,866094052832926"
"865027053473028,2024-01-31 14:32:53,333333,,865027053473028"
"865027053442965,2024-01-29 12:12:35,333333,,865027053442965"
"866094058454493,2025-04-15 07:19:22,333333,____________,GX-LZ-T-ZCTX-000507"
"865027053438294,2025-12-08 23:46:05,202222222,____________,865027053438294"
"865027053460090,2025-12-08 23:09:45,202222222,____________,865027053460090"
"865027053415185,2025-12-08 23:52:23,202222222,____________,865027053415185"
"865027053467178,2025-12-08 15:29:02,002222222,____________,865027053467178"
"865027053467681,2025-12-08 23:40:13,022222222,____________,SX-BJ-T-ZCTX-000052"
"860497077494604,2025-12-09 11:30:44,000000222,____________,860497077494604"
"860497077459003,2025-12-09 11:32:23,000000222,____________, 860497077459003 "
"865027053455132,2023-12-01 16:20:37,222222,____________,865027053455132"
"866094058453990,2023-12-01 15:46:33,222222,____________, 866094058453990"
"860497077388970,2025-12-09 11:32:46,003333222,____________, 860497077388970 "
"861410049508178,2025-06-26 11:49:20,333333,____________,861410049508178"
"865027053464662,2024-10-13 12:33:28,333333,____________,865027053464662"
"861410049556961,2025-12-08 23:34:44,000000222,____________,861410049556961"
"865027053456452,2025-12-08 23:57:48,000000222,____________,865027053456452"
"860497077494901,2025-10-09 23:01:51,333332222,____________, 860497077494901"
"860497077397997,2025-12-09 11:31:38,003333222,____________, 860497077397997 "
"860497077458922,2025-12-09 11:33:00,002222222,____________, 860497077458922 "
"860497077404264,2025-12-05 02:39:58,332222222,____________, 860497077404264 "
"860497077483466,2025-12-09 11:39:26,002222222,____________, 860497077483466 "
"860497077408943,2025-12-09 11:33:05,002222222,____________, 860497077408943 "
"860497077397880,2025-04-27 14:33:32,332222222,____________,860497077397880 "
"860497077407341,2025-12-09 11:32:45,002222222,____________, 860497077407341 "
"860497077404181,2025-12-09 11:36:04,002222222,____________,860497077404181 "
"860497077396684,2025-12-09 11:33:48,002222222,____________,860497077396684 "
"860497077458906,2025-12-09 11:33:56,002222222,____________,860497077458906"
"860497077402136,2025-12-09 11:32:03,002222222,____________,860497077402136"
"860497077396056,2025-12-09 11:32:30,002222222,____________,860497077396056"
"860497077398714,2025-12-09 11:31:25,002222222,____________,860497077398714"
",,222222222,____________,__20"
",,222222222,____________,__19"
",,222222222,____________,__18"
",,222222222,____________,__17"
",,222222222,____________,__16"
",,222222222,____________,__15"
",,222222222,____________,__14"
",,222222222,____________,__13"
",,222222222,____________,__12"
",,222222222,____________,__11"
",,222222222,____________,__10"
",,222222222,____________,__9"
",,222222222,____________,__8"
",,222222222,____________,__7"
",,222222222,____________,__6"
",,222222222,____________,__5"
",,222222222,____________,__4"
",,222222222,____________,__3"
",,222222222,____________,__2"
",,222222222,____________,__1"
"861647050501713,2023-11-23 10:18:24,333333,____________,861647050501713 "
"860497077404231,2025-12-09 11:33:20,002222222,____________,860497077404231"
"860497077406954,2025-12-09 11:33:54,002222222,____________,860497077406954"
"860497077383658,2025-12-09 11:32:48,002222222,____________,860497077383658"
"860497077459011,2025-12-09 11:31:47,002222222,____________,860497077459011"
"860497077403027,2025-12-09 11:31:47,002222222,____________,860497077403027"
"860497077459086,2025-12-09 11:33:24,002222222,____________,860497077459086"
"860497077395405,2025-04-17 11:23:16,332222222,____________,860497077395405"
"860497077404314,2025-12-09 11:33:22,002222222,____________,860497077404314"
"860497077395447,2025-12-09 11:32:54,000000222,____________,860497077395447"
"860497077407028,2025-12-09 11:30:44,000003222,____________,860497077407028"
"860497077459052,2025-12-09 11:33:09,000000222,____________,860497077459052"
"861410049507931,2023-11-21 11:09:47,233222,____________,861410049507931"
"865027053452360,2025-12-08 23:40:41,022222222,____________,865027053452360"
"860497077404389,2025-12-09 11:34:06,000000222,____________,860497077404389"
"860497077397955,2025-12-09 11:34:12,000000222,____________,860497077397955"
"860497077406970,2025-12-09 11:31:18,002222222,____________,860497077406970"
"860497077391222,2025-12-09 11:32:53,002222222,____________,860497077391222"
"860497077458914,2025-12-09 11:33:08,002222222,____________,860497077458914"
"860497077395934,2025-12-09 11:34:07,002222222,____________,860497077395934"
"860497077407069,2025-12-09 11:32:06,002222222,____________,860497077407069"
"860497077459102,2025-12-09 11:34:00,002222222,____________,860497077459102"
"860497077395603,2025-12-09 11:31:37,002222222,____________,860497077395603"
"860497077408869,2025-12-09 11:33:18,002222222,____________,860497077408869"
"860497077404116,2025-12-09 11:33:37,000222222,____________,860497077404116"
"865027053415102,2025-12-08 23:43:16,002222222,____________,865027053415102"
"865027053469547,2025-12-08 23:42:33,002222222,____________,865027053469547"
"865027053470198,2025-12-08 23:57:50,002222222,____________,865027053470198"
"865027053461916,2025-12-08 23:38:32,002222222,____________,865027053461916"
"865027053476815,2025-12-09 00:01:01,002222222,____________,865027053476815"
"865027053415151,2025-12-08 23:55:18,002222222,____________,865027053415151"
"861647050783097,2025-12-08 23:51:57,002222222,____________,861647050783097"
"861647050501655,2023-11-20 14:20:40,332222222,____________,861647050501655"
"865027053456601,2023-11-17 10:54:02,222222,____________,865027053456601"
"865027053436199,2023-11-17 10:53:33,222222,____________,865027053436199"
"865027053466071,2023-11-17 10:53:05,222222,____________,865027053466071"
"865027053434707,2023-11-17 10:52:35,222222,____________,865027053434707"
"865027053442874,2023-11-17 10:51:30,222222,____________,865027053442874"
"865027053452063,2023-11-17 10:51:00,222222,____________,865027053452063"
"865027053398373,2023-11-17 10:50:18,222222,____________,865027053398373"
"865027053477334,2023-11-17 10:49:43,222222,____________,865027053477334"
"865027053455678,2023-11-17 10:49:08,222222,____________,865027053455678"
"865027053478704,2023-11-16 14:02:47,222222,____________,865027053478704"
"865027053478829,2024-09-14 09:35:43,332222222,____________,865027053478829"
"865027053464670,2023-11-16 14:01:20,222222,____________,865027053464670"
"865027053423858,2023-11-16 14:00:38,222222,____________,865027053423858"
"865027053438765,2023-11-16 14:00:09,222222,____________,865027053438765"
"860497077404371,2025-12-09 11:18:46,003332222,____________,860497077404371"
"865027053452113,2025-12-08 23:33:34,002222222,____________,865027053452113"
"865027053460355,2025-12-08 23:34:18,002222222,____________,865027053460355"
",,222222,,112343"
",,222222,____________,000111"
"866094052824147,2023-11-15 16:19:00,222222,____________,866094052824147"
"865027053467368,2025-12-08 23:52:29,002222222,____________,865027053467368"
"865027053478886,2025-12-08 23:02:38,002222222,____________,865027053478886"
"865027053454465,2024-03-04 12:12:26,332222,____________,865027053454465"
"865027053463961,2024-04-28 01:13:42,332222,____________,865027053463961"
"865027053436744,2023-11-15 10:23:06,222222,____________,865027053436744"
"865027053443229,2023-11-15 10:22:06,222222,____________,865027053443229"
"865027053478183,2023-11-15 10:21:12,222222,____________,865027053478183"
"865027053460223,2023-11-15 10:20:42,222222,____________,865027053460223"
"865027053443237,2023-11-14 17:06:54,222222,____________,865027053443237"
"865027053435654,2024-04-23 12:03:41,332222,____________,865027053435654"
"865027053415953,2023-11-14 16:22:19,222222,____________,865027053415953"
"865027053460181,2023-11-14 16:21:16,222222,____________,865027053460181"
"865027053430036,2023-11-14 16:20:11,222222,____________,865027053430036"
"865027053456528,2024-04-09 15:00:09,332222,____________,865027053456528"
"865027053463706,2023-11-14 16:18:04,222222,____________,865027053463706"
"865027053479322,2023-11-14 16:17:23,222222,____________,865027053479322"
"865027053455306,2023-11-14 16:15:56,222222,____________,865027053455306"
"865027053454077,2023-11-14 16:14:51,222222,____________,865027053454077"
"865027053415235,2023-11-13 17:20:08,222222,____________,865027053415235"
"865027053469190,2023-11-13 17:19:15,222222,____________,865027053469190"
"865027053434657,2023-11-13 17:18:25,222222,____________,865027053434657"
"865027053436983,2023-11-13 17:17:19,222222,____________,865027053436983"
"865027053455843,2023-11-13 17:12:16,222222,____________,865027053455843"
"865027053476773,2023-11-13 17:11:39,222222,____________,865027053476773"
"865027053419807,2023-11-13 17:10:38,222222,____________,865027053419807"
"865027053473077,2023-11-13 17:09:57,222222,____________,865027053473077"
"865027053478076,2023-11-13 17:08:53,222222,____________,865027053478076"
"865027053473036,2024-01-22 22:24:15,332222,____________,865027053473036"
"865027053439425,2025-05-23 08:36:53,332222,____________,865027053439425"
"865027053456288,2024-07-17 12:30:33,332222,____________,865027053456288"
"865027053456478,2025-05-22 16:09:17,332222,____________,865027053456478"
"865027053437379,2025-05-23 10:30:02,332222,____________,865027053437379"
"865027053479405,2025-05-20 18:17:16,332222,____________,865027053479405"
"860123055696685,2025-12-08 23:34:40,000000,__________,860123055696685"
"865027053395726,2025-12-08 23:38:31,003333222,____________, GX-LZ-T-ZCTX-000533"
"865027053411853,2025-05-23 10:00:51,332222,____________,865027053411853"
"865027053464332,2024-07-23 15:45:31,332222,____________,865027053464332"
"865027053456510,2024-07-23 09:55:55,332222,____________,865027053456510"
"865027053437437,2023-11-13 09:29:27,222222,____________,865027053437437"
"865027053436959,2023-11-13 09:28:24,222222,____________,865027053436959"
"865027053460306,2023-11-13 09:26:30,222222,____________,865027053460306"
"865027053455744,2023-11-13 09:25:39,222222,____________,865027053455744"
"865027053476781,2023-11-13 09:24:47,222222,____________,865027053476781"
"865027053442585,2025-03-05 15:35:40,332222222,____________,865027053442585"
"865027053469240,2023-11-13 09:18:30,222222,____________,865027053469240"
"865027053463714,2023-11-13 09:13:22,222222,____________,865027053463714"
"865027053469232,2023-11-13 09:10:10,222222,____________,865027053469232"
"860497077477005,2023-12-21 14:32:43,332222222,,860497077477005"
"865027053460454,2023-11-11 16:57:10,222222,____________,865027053460454"
"865027053470743,2023-11-11 16:55:25,222222,____________,865027053470743"
"865027053482193,2023-11-11 16:54:09,222222,____________,865027053482193"
"865027053464407,2023-11-11 16:52:46,222222,____________,865027053464407"
"865027053473051,2023-11-10 17:32:02,222222,____________,865027053473051"
"865027053436645,2023-11-10 17:30:56,222222,____________,865027053436645"
"865027053469646,2023-11-10 17:29:58,222222,____________,865027053469646"
"865027053460231,2023-11-10 17:28:50,222222,____________,865027053460231"
"865027053465016,2023-11-10 17:27:35,222222,____________,865027053465016"
"865027053478696,2023-11-10 17:25:24,222222,____________,865027053478696"
"865027053435035,2023-11-10 17:24:19,222222,____________,865027053435035"
"865027053472400,2023-11-10 17:22:42,222222,____________,865027053472400"
"865027053415730,2025-12-08 23:56:55,003332222,______(__)____,865027053415730"
"865027053476625,2025-12-08 23:56:52,003322222,______(__)____,865027053476625"
"865027053388788,2024-10-19 19:50:41,333332,____________,GX-LZ-T-ZCTX-0001505"
"865027053455066,2025-12-08 23:58:06,000002222,____________,865027053455066"
"865027053454275,2025-12-08 23:35:46,002222222,____________,865027053454275"
"865027053452535,2025-12-08 23:56:33,002222222,____________,865027053452535"
"860374056940875,2025-12-09 00:01:52,003330,____________,860374056940875"
"861410049502262,2025-12-08 23:41:27,003300,____________,861410049502262"
"865027053464191,2024-07-06 12:08:42,332222,____________,865027053464191"
"865027053477417,2025-03-24 07:38:51,332222,____________,865027053477417"
"865027053455280,2023-11-08 18:47:19,222222,____________,865027053455280"
"865027053472988,2025-05-23 13:33:22,332222,____________,865027053472988"
"865027053446206,2023-11-08 18:44:21,222222,____________,865027053446206"
"865027053454317,2024-12-03 20:22:50,332222,____________,865027053454317"
"865027053451404,2024-10-10 07:34:49,332222,____________,865027053451404"
"865027053452121,2025-05-23 13:27:58,332222,____________,865027053452121"
"865027053447048,2025-05-15 18:32:00,332222,____________,865027053447048"
"865027053467285,2025-05-17 16:09:52,332222,____________,865027053467285"
"865027053470297,2025-03-06 14:48:18,332222,____________,865027053470297"
"865027053478241,2025-04-16 12:48:45,332222,____________,865027053478241"
"865027053478134,2025-04-17 14:55:05,332222,____________,865027053478134"
"865027053424252,2023-11-08 18:35:25,222222,____________,865027053424252"
"865027053415839,2025-12-08 23:46:07,002222222,____________,865027053415839"
"865027053435951,2025-12-08 23:58:29,002222222,____________,865027053435951"
"865027053469034,2025-12-08 23:39:27,002222222,____________,865027053469034"
"865027053465073,2025-12-08 23:56:24,002222222,____________,865027053465073"
"865027053470701,2025-12-08 23:58:19,002222222,____________,865027053470701"
"865027053478753,2025-12-09 00:00:08,002222222,____________,865027053478753"
"865027053455694,2025-12-08 23:33:39,002222222,____________,865027053455694"
"865027053452071,2025-12-08 23:40:43,002222222,____________,865027053452071"
"865027053436942,2023-12-22 13:17:37,332222,____________,865027053436942"
"865027053467194,2024-06-10 21:06:59,332222,____________,865027053467194"
"865027053437411,2025-12-08 23:59:15,002222222,____________,865027053437411"
"865027053477367,2025-12-08 23:44:49,002222222,____________,865027053477367"
"865027053457518,2025-12-08 23:50:43,002222222,____________,865027053457518"
"865027053455785,2025-12-08 23:37:13,002222222,____________,865027053455785"
"865027053438864,2025-12-08 23:25:39,002222222,____________,865027053438864"
"865027053455322,2025-12-08 23:50:02,002222222,____________,865027053455322"
"865027053439292,2025-12-08 23:48:38,002222222,____________,865027053439292"
"865027053460371,2025-12-08 23:39:08,002222222,____________,865027053460371"
"865027053452394,2025-12-08 23:35:21,002222222,____________,865027053452394"
"865027053415268,2025-12-08 23:35:33,002222222,____________,865027053415268"
"865027053467459,2023-11-08 16:02:00,222222,____________,865027053467459"
"865027053437742,2023-11-08 15:59:36,222222,____________,865027053437742"
"865027053447501,2023-11-08 15:42:42,222222,____________,865027053447501"
"865027053452865,2025-12-08 23:39:42,022222,______(__)____,865027053452865"
"865027053414220,2025-12-08 23:52:04,000002222,____________,865027053414220"
"865027053451933,2025-12-08 23:54:14,003332222,____________,GX-WZ-T-ZCTX-000277"
"860123055692460,2023-11-06 16:23:34,222222,______(__)____,860123055692460"
"866094052797202,2023-11-06 16:08:30,222222,______(__)____,866094052797202"
"865027053459043,2025-12-08 23:34:40,003333222,____________,GX-WZ-T-ZCTX-000167"
"865027053467053,2025-12-08 23:51:15,003333222,____________,GX-FCG-T-ZCTX-000088"
"865027053473358,2025-12-08 23:50:33,000002222,____________,865027053473358"
"865027053462898,2025-12-08 23:50:25,000000222,____________,865027053462898"
"865027053442304,2025-12-08 23:52:38,003333222,____________,GX-FCG-T-ZCTX-000177"
"865027053424195,2025-12-08 12:49:50,333333222,____________,865027053424195"
"865027053458599,2025-12-08 23:45:04,003333222,____________,GX-FCG-T-ZCTX-000171"
"865027053422959,2025-12-08 23:44:44,003333222,____________,GX-FCG-T-ZCTX-000173"
"861647050642756,2025-12-08 23:44:22,003333222,____________,861647050642756"
"865027053387319,2025-12-08 23:42:03,003333222,____________,865027053387319"
"865027053464977,2025-06-23 12:44:48,333333,____________,SX-XA-T-ZCTX-000391"
"865027053384787,2025-12-08 23:54:12,000000222,____________,865027053384787"
"868681049148479,2025-12-08 23:46:42,003033,____________,SX-XA-T-ZCTX-000390"
"866094052828056,2025-12-09 00:02:24,000333,____________,SX-XA-T-ZCTX-000389"
"865027053458813,2025-12-08 23:58:52,002222222,____________,865027053458813"
"865027053470735,2025-12-09 00:00:24,000033222,____________,865027053470735"
"865027053464712,2025-11-26 07:15:34,333333222,____________,865027053464712"
"865027053476799,2025-12-08 23:41:49,003333222,____________,865027053476799"
"866094052828296,2025-12-08 23:46:33,020222,____________,GX-FCG-T-ZCTX-000073"
"865027053477250,2025-12-08 23:36:49,002222222,____________,865027053477250"
"865027053469505,2025-12-08 23:43:59,002222222,____________,865027053469505"
"865027053470529,2025-12-08 23:40:26,002222222,____________,865027053470529"
"865027053446255,2025-12-08 23:43:19,002222222,____________,865027053446255"
"865027053478860,2025-12-08 23:35:21,002222222,____________,865027053478860"
"865027053415201,2025-12-08 23:47:44,002222222,____________,865027053415201"
"865027053466121,2025-12-08 23:40:45,002222222,____________,865027053466121"
"865027053470768,2025-12-08 23:41:48,002222222,____________,865027053470768"
"865027053447485,2025-12-08 23:34:49,002222222,____________,865027053447485"
"865027053455660,2025-12-08 23:45:02,002222222,____________,865027053455660"
"865027053463359,2025-12-08 23:32:46,000000222,____________,865027053463359"
"865027053472475,2025-12-08 23:32:37,000003222,____________,865027053472475"
"861647050641097,2025-12-08 23:53:09,000000222,____________,861647050641097"
"865027053420862,2025-12-08 23:45:22,000000222,____________,865027053420862"
"861410049558777,2023-10-31 16:35:51,323222,,861410049558777"
"865027053480924,2025-12-08 23:58:11,000333222,____________,865027053480924"
"866094052797202,2023-10-31 15:17:43,222222,,866094052797202"
"865027053472277,2025-12-08 23:46:02,000003222,____________,865027053472277"
"865027053432156,2025-12-08 23:46:25,000000222,____________,865027053432156"
"865027053461437,2025-12-08 23:41:41,000000222,____________,865027053461437"
"866094052525256,2025-12-08 23:41:38,020222,__________,866094052525256"
"865027053453459,2025-12-08 23:37:38,002222222,____________,865027053453459"
"865027053473598,2025-05-26 12:15:25,332222,____________,865027053473598"
"865027053422082,2025-12-08 23:52:41,002222222,_________,865027053422082"
"865027053477102,2025-12-08 23:54:05,002222222,____________,865027053477102"
"865027053461411,2025-12-08 23:47:55,002222222,____________,865027053461411"
"865027053452196,2025-12-08 23:59:23,022222222,____________,865027053452196"
"865027053388879,2025-05-26 12:31:14,332222,____________,865027053388879"
"865027053479306,2025-12-08 23:33:22,022222222,____________,865027053479306"
"865027053470461,2025-05-26 12:16:54,332222,____________,865027053470461"
"865027053473168,2025-05-26 12:40:55,332222,____________,865027053473168"
"865027053466733,2025-12-09 00:02:02,000000222,____________,865027053466733"
"865027053386170,2025-12-08 23:52:46,000333222,____________,865027053386170"
"865027053473754,2025-12-08 23:44:33,000003222,____________,865027053473754"
"865027053387152,2025-12-08 23:39:42,002222222,____________,865027053387152"
"865027053455173,2025-12-08 23:57:54,002222222,____________,865027053455173"
"865027053437700,2025-12-08 23:55:56,002222222,____________,865027053437700"
"865027053473150,2025-12-08 23:58:50,002222222,____________,865027053473150"
"865027053436728,2025-12-08 23:45:46,002222222,____________,865027053436728"
"865027053439672,2025-12-08 23:52:25,002222222,____________,865027053439672"
"865027053472913,2025-12-09 00:02:07,000000222,____________,865027053472913"
"865027053433956,2024-11-27 12:14:07,333333,____________,865027053433956"
"865027053464647,2025-12-08 23:45:37,003222,____________,SX-XA-T-ZCTX-000649"
"865027053472418,2025-12-08 23:36:31,002222222,____________,865027053472418"
"865027053470552,2025-12-08 23:56:13,002222222,____________,865027053470552"
"865027053439649,2025-12-08 23:44:58,003333222,____________,865027053439649"
"865027053478217,2025-12-08 23:43:47,002222222,____________,865027053478217"
"865027053471071,2025-12-08 23:58:51,002222222,____________,865027053471071"
"865027053435910,2025-12-08 23:39:41,002222222,____________,865027053435910"
"865027053454424,2025-12-08 23:32:27,002222222,____________,865027053454424"
"865027053466790,2025-12-08 23:41:58,000000222,____________,865027053466790"
"865027053466675,2025-12-09 00:00:51,000000222,____________,865027053466675"
"861647050737051,2023-10-26 09:53:47,222222,____________,861647050737051"
"861647050644489,2025-12-08 23:52:51,002222222,____________,861647050644489"
"865027053454242,2025-12-08 23:44:53,002222222,____________,865027053454242"
"865027053471055,2025-12-08 23:46:36,003333222,____________,865027053471055"
"865027053448285,2025-12-08 23:51:51,002222222,____________,865027053448285"
"865027053470222,2025-12-08 23:41:00,002222222,____________,865027053470222"
"865027053479611,2025-12-08 23:59:03,002222222,____________,865027053479611"
"865027053448103,2025-12-08 12:41:17,332222222,____________,865027053448103"
"865027053437627,2025-12-08 23:58:09,002222222,____________,865027053437627"
"865027053461973,2025-12-08 23:48:23,002222222,____________,865027053461973"
"865027053434624,2025-12-09 00:01:55,002222222,____________,865027053434624"
"861647050641139,2025-12-08 23:38:39,002222222,____________,861647050641139"
"860374056916420,2025-12-08 23:38:49,002222222,____________,860374056916420"
"865027053453731,2025-12-08 23:38:54,002222222,____________,865027053453731"
"865027053415144,2025-12-08 23:39:23,002222222,____________,865027053415144"
"865027053460116,2025-12-08 23:38:40,002222222,____________,865027053460116"
"865027053460314,2025-12-08 23:39:05,002222222,____________,865027053460314"
"861410049544132,2025-12-08 23:54:23,003333222,____________,861410049544132"
"865027053415250,2023-11-06 10:23:58,232222,____________,865027053415250"
"865027053469513,2025-12-08 23:40:24,002222222,____________,865027053469513"
"865027053435894,2025-12-09 00:00:40,002222222,____________,865027053435894"
"865027053467434,2025-03-29 20:01:55,333333,____________,865027053467434"
"865027053438443,2025-12-08 23:57:22,002222222,____________,865027053438443"
"865027053473044,2025-12-08 23:49:46,002222222,____________,865027053473044"
"865027053470578,2025-12-08 23:42:25,002222222,____________,865027053470578"
"865027053463656,2025-12-08 23:39:01,002222222,____________,865027053463656"
"865027053452295,2025-12-08 23:39:17,002222222,____________,865027053452295"
"865027053482110,2025-12-08 22:39:21,002222222,____________,865027053482110"
"865027053453475,2025-12-08 23:39:13,002222222,____________,865027053453475"
"865027053482110,2023-10-24 11:25:03,222222,,865027053482110"
"861410049561987,2025-12-08 23:58:54,003333222,____________,861410049561987"
"861647050736608,2024-09-23 07:57:21,332222,____________,861647050736608"
"861647050644182,2025-08-09 12:45:00,332222222,____________,861647050644182"
"861647050725783,2024-03-04 12:12:26,332222,____________,861647050725783"
"861647050728969,2024-03-04 12:12:26,332222,____________,861647050728969"
"861647050784491,2024-02-23 11:00:13,332222,____________,861647050784491"
"861647050737366,2025-08-09 12:24:21,332222222,____________,861647050737366"
"865027053466840,2025-12-08 23:48:42,000333222,____________,865027053466840"
"865027053415805,2025-12-08 23:48:54,000000222,____________,865027053415805"
"865027053473390,2024-10-14 08:33:13,333333,____________,865027053473390"
"865027053458748,2025-12-08 23:36:59,000000222,____________,865027053458748"
"865027053438930,2025-12-08 23:58:09,000000222,____________,865027053438930"
"865027053437791,2025-12-08 23:50:40,000003222,____________,865027053437791"
"865027053470727,2025-12-08 23:37:41,000000222,____________,865027053470727"
"865027053460819,2025-12-08 23:37:34,000000222,____________,865027053460819"
"865027053470651,2025-12-08 23:31:54,000000222,____________,865027053470651"
"865027053415748,2025-12-08 23:57:27,003333222,____________,865027053415748"
"865027053470651,2023-10-23 14:45:50,222222,____________,865027053470651"
"865027053467087,2025-12-08 23:50:36,000000222,____________,865027053467087"
"865027053477029,2025-12-08 23:48:25,000000222,____________,865027053477029"
"865027053477235,2025-12-08 23:49:10,000003222,____________,865027053477235"
"860061065744659,2023-10-23 10:22:43,332222222,____________,860061065744659"
"865027053477185,2025-12-08 23:32:52,003322222,____________,865027053477185"
"865027053456619,2025-12-08 23:48:50,003333222,____________,865027053456619"
"865027053460124,2025-12-08 23:58:33,003332222,____________,SX-BJ-T-ZCTX-000133"
"865027053473846,2025-12-08 23:39:59,000000222,____________,865027053473846"
"865027053416696,2025-12-08 22:56:37,000000222,____________,865027053416696"
"865027053467244,2025-12-08 23:48:57,000000222,____________,865027053467244"
"865027053472608,2025-12-08 23:38:26,000003222,____________,865027053472608"
"865027053470172,2025-12-08 23:32:52,000033222,____________,865027053470172"
"865027053456577,2025-12-08 23:48:40,000000222,____________,865027053456577"
"861410049522906,2025-12-08 12:47:19,202222,____________,861410049522906"
"865027053404981,2025-09-05 11:37:15,333333222,____________,865027053404981"
"865027053386774,2025-09-05 11:36:13,333333222,____________,865027053386774"
"865027053427529,2025-05-29 09:49:28,333222222,____________,865027053427529"
"865027053477276,2025-12-08 23:54:42,000003222,____________,865027053477276"
"865027053454622,2025-12-08 23:49:06,000000222,____________,865027053454622"
"865027053436751,2025-12-09 00:00:43,002222222,____________,865027053436751"
"860061065749963,2024-01-18 16:59:29,332222222,____________,____"
"865027053467111,2025-04-06 08:27:06,333333,____________,865027053467111"
"865027053466055,2025-12-09 00:01:54,000003222,____________,865027053466055"
"865027053404445,2025-12-08 23:53:44,003333,____________,SX-XA-T-ZCTX-000442"
"865027053454515,2025-12-08 23:49:14,002222222,____________,865027053454515"
"865027053461478,2025-12-08 23:39:27,002222222,____________,865027053461478"
"865027053477037,2025-12-08 23:34:18,002222222,____________,865027053477037"
"865027053466089,2025-12-08 23:43:54,002222222,____________,865027053466089"
"861647050501614,2025-12-08 23:39:28,003300,____________,SX-XA-T-ZCTX-000443"
"865027053458649,2024-01-09 10:27:35,333333,____________,865027053458649"
"866094052792807,2023-10-19 12:44:25,333333,____________,866094052792807"
"865027053424310,2025-12-08 23:53:37,000003222,____________,865027053424310"
"865027053478167,2025-12-08 23:00:42,000003222,____________,865027053478167"
"865027053415987,2025-12-08 23:53:05,002222222,____________,865027053415987"
"865027053436918,2025-12-08 12:32:59,332222222,____________,865027053436918"
"865027053469216,2025-12-08 23:59:51,002222222,____________,865027053469216"
"865027053463599,2025-12-08 23:36:24,002222222,____________,865027053463599"
"866094052827108,2024-11-22 15:24:02,332222222,____________,866094052827108"
"865027053473481,2025-12-08 23:40:18,002222222,____________,865027053473481"
"865027053461460,2025-12-08 23:37:46,002222222,____________,865027053461460"
"865027053447436,2025-12-08 23:57:23,002222222,____________,865027053447436"
"865027053464365,2025-12-08 23:52:15,002222222,____________,865027053464365"
"865027053411812,2025-12-08 23:51:29,000033222,____________,865027053411812"
"865027053467426,2025-12-08 23:49:17,000033222,____________,865027053467426"
"865027053463722,2025-12-08 23:48:17,000333222,____________,865027053463722"
"865027053440415,2025-12-08 23:32:55,000300,____________,865027053440415"
"865027053473382,2025-12-08 23:48:18,000000222,____________,865027053473382"
"865027053459563,2025-12-08 23:56:31,000003222,____________,865027053459563"
"865027053477490,2025-12-08 23:43:23,003333222,____________,865027053477490"
"865027053472954,2025-12-08 23:38:21,002222222,____________,865027053472954"
"865027053456304,2024-07-04 14:51:38,332222,____________,865027053456304"
"865027053464852,2025-12-08 23:46:14,002222222,____________,865027053464852"
"865027053439664,2025-12-08 23:51:44,002222222,____________,865027053439664"
"865027053442866,2025-12-08 23:49:13,002222222,____________,865027053442866"
"865027053436835,2025-12-08 23:56:36,002222222,____________,865027053436835"
"865027053458623,2025-12-09 00:02:00,000003222,____________,865027053458623"
"865027053477284,2025-12-08 16:11:09,002222222,____________,865027053477284"
"865027053458557,2025-12-09 00:00:39,000333222,____________,865027053458557"
"865027053466246,2025-12-09 00:00:02,000033222,____________,865027053466246"
"865027053464134,2025-12-08 23:56:04,003333222,____________,865027053464134"
"865027053442981,2025-12-08 23:43:43,002222222,____________,865027053442981"
"865027053418247,2025-12-08 23:32:24,002222222,____________,865027053418247"
"865027053473416,2025-12-08 16:23:07,002222222,____________,865027053473416"
"865027053424005,2025-12-08 23:50:51,002222222,____________,865027053424005"
"865027053473135,2025-12-08 23:41:23,002222222,____________,865027053473135"
"865027053464688,2025-12-08 22:56:32,022222222,____________,865027053464688"
"865027053435415,2024-12-12 09:03:45,332222,____________,865027053435415"
"865027053415789,2024-12-12 08:50:48,332222,____________,865027053415789"
"865027053444698,2025-12-08 16:07:49,002222222,____________,865027053444698"
"865027053473127,2025-12-08 15:52:13,002222222,____________,865027053473127"
"865027053442577,2025-12-08 23:37:32,002222222,____________,865027053442577"
"865027053454291,2024-10-09 10:01:23,332222,____________,865027053454291"
"865027053458771,2025-12-08 23:41:05,000333222,____________,865027053458771"
"865027053464415,2025-12-08 23:39:04,002222222,____________,865027053464415"
"865027053455264,2025-12-08 23:58:36,002222222,____________,865027053455264"
"865027053435456,2025-12-08 23:37:36,002222222,____________,865027053435456"
"865027053463227,2025-12-08 23:34:07,002222222,____________,865027053463227"
"865027053446909,2025-12-08 23:52:07,002222222,____________,865027053446909"
"865027053468978,2025-12-08 23:41:50,002222222,____________,865027053468978"
"865027053438567,2025-12-08 23:37:42,002222222,____________,865027053438567"
"865027053477326,2025-12-08 23:51:44,002222222,____________,865027053477326"
"865027053468986,2025-12-08 23:41:17,002222222,____________,865027053468986"
"865027053467343,2025-12-08 23:54:25,002222222,____________,865027053467343"
"865027053446719,2025-12-08 23:35:30,002222222,____________,865027053446719"
"865027053387780,2025-12-09 00:00:14,002222222,____________,865027053387780"
"865027053442692,2025-12-08 23:42:47,002222222,____________,865027053442692"
"865027053437429,2025-12-08 23:50:17,002222222,____________,865027053437429"
"865027053472285,2025-12-08 23:56:20,000022222,____________,865027053472285"
"865027053415664,2025-12-08 23:46:11,002222222,____________,865027053415664"
"865027053470644,2025-12-08 16:33:07,002222222,____________,865027053470644"
"865027053437668,2025-12-08 16:09:09,002222222,____________,865027053437668"
"865027053413727,2025-12-08 23:33:19,000033222,____________,865027053413727"
"865027053420904,2024-09-03 12:30:14,000000222,____________,865027053420904"
"865027053447600,2024-04-09 15:07:39,333333,____________,865027053447600"
"865027053463946,2025-12-08 23:32:23,000000222,____________,865027053463946"
"865027053458573,2025-12-08 23:33:23,000000222,____________,865027053458573"
"865027053435985,2025-12-08 23:56:45,002222222,____________,865027053435985"
"865027053416027,2025-12-08 23:54:04,002222222,____________,865027053416027"
"865027053444656,2025-12-08 23:57:54,002222222,____________,865027053444656"
"865027053438559,2025-12-08 23:39:17,002222222,____________,865027053438559"
"865027053458565,2025-12-08 23:38:50,003333222,____________,865027053458565"
"865027053472574,2025-12-08 23:57:52,000000222,____________,865027053472574"
"865027053447691,2025-12-08 23:41:50,002222222,____________,865027053447691"
"865027053464092,2025-12-09 00:01:53,002222222,____________,865027053464092"
"865027053447840,2025-12-08 23:34:28,002222222,____________,865027053447840"
"865027053462054,2025-12-08 23:30:37,002222222,____________,865027053462054"
"865027053461718,2025-12-08 23:43:45,002222222,____________,865027053461718"
"865027053435019,2025-12-08 23:40:49,002222222,____________,865027053435019"
"865027053464845,2025-12-08 23:46:37,002222222,____________,865027053464845"
"865027053442791,2025-12-08 23:52:07,002222222,____________,865027053442791"
"865027053436777,2025-12-09 00:00:47,002222222,____________,865027053436777"
"865027053438591,2025-12-08 23:49:02,002222222,____________,865027053438591"
"865027053478688,2025-12-08 23:56:50,002222222,____________,865027053478688"
"865027053416084,2023-10-12 11:19:47,333333,,865027053416084"
"865027053467269,2023-10-12 11:05:26,333333,,865027053467269"
"865027053440415,2023-10-12 10:54:08,333333,,865027053440415"
"861410049506933,2023-10-12 10:44:28,333333,,861410049506933"
"865027053464977,2023-10-12 10:39:21,333333,,865027053464977"
"865027053464977,2023-10-12 10:08:27,222222,,865027053464977"
"865027053442999,2025-12-08 23:47:59,002222222,____________,865027053442999"
"866094052828056,2023-10-12 10:02:29,333333,,866094052828056"
"865027053465032,2025-12-08 23:50:44,002222222,____________,865027053465032"
"865027053414931,2025-12-08 23:38:17,002222222,____________,865027053414931"
"865027053438336,2025-12-08 23:42:06,002222222,____________,865027053438336"
"865027053456395,2025-12-08 23:55:04,000000222,____________,865027053456395"
"860374056953126,2023-11-23 10:16:03,333333,____________,860374056953126"
"868681049148479,2023-10-11 16:06:01,333333,,868681049148479"
"865027053457773,2023-10-11 15:51:23,333333,,865027053457773"
"865027053404445,2023-10-11 15:46:25,333333,,865027053404445"
"865027053464647,2023-10-11 15:35:01,333333,,865027053464647"
"861647050640206,2023-10-11 15:15:05,333333,,861647050640206"
"861647050501614,2023-10-11 14:49:45,333333,,861647050501614"
"861647050641246,2023-10-11 14:42:54,333333333,____________,861647050641246"
"865027053437999,2023-12-26 15:31:54,333333,,865027053437999"
"866094052792807,2023-10-11 14:11:42,333333,,866094052792807"
"865027053460033,2025-12-08 23:52:29,000000222,____________,865027053460033"
"865027053410517,2025-12-08 23:33:28,003333222,____________,865027053410517"
"865027053481427,2025-12-09 00:01:35,000003222,____________,865027053481427"
"866094052833189,2025-12-08 23:52:07,002222222,____________,866094052833189"
"861647050640198,2025-12-08 23:58:01,002222222,____________,861647050640198"
"861647050640958,2025-12-08 23:53:33,002222222,____________,861647050640958"
"865027053439318,2025-04-29 10:52:28,322222222,____________,865027053439318"
"865027053458391,2025-12-08 23:59:40,000000222,____________,865027053458391"
"865027053397508,2025-12-08 23:52:03,000000222,____________,865027053397508"
"865027053386527,2025-12-08 23:42:33,000033222,____________,865027053386527"
"865027053467095,2025-12-08 23:39:11,000000222,____________,865027053467095"
"865027053456569,2025-12-08 23:32:58,003333222,____________,865027053456569"
"866732055480306,2025-12-08 23:34:39,002222222,____________,866732055480306"
"866094058404506,2025-12-08 23:51:22,002222222,____________,866094058404506"
"866094052815475,2025-12-08 23:59:41,002222222,____________,866094052815475"
"866094052815608,2025-12-08 12:32:32,332222222,____________,866094052815608"
"861410049519910,2025-12-08 23:42:04,002222222,____________,861410049519910"
"861410049556912,2025-12-08 12:20:03,333222,____________,861410049556912"
"865027053451719,2025-12-08 23:25:04,000002222,____________,865027053451719"
"865027053458615,2025-12-08 23:35:23,000000222,____________,865027053458615"
"865027053413628,2025-12-08 23:33:55,003333222,____________,865027053413628"
"865027053476823,2025-12-08 23:37:07,002222222,____________,865027053476823"
"865027053479330,2025-12-08 23:38:16,002222222,____________,865027053479330"
"865027053455108,2025-12-08 23:37:50,002222222,____________,865027053455108"
"865027053476617,2025-12-08 23:50:39,002222222,____________,865027053476617"
"865027053461858,2025-12-08 23:57:43,000222222,____________,865027053461858"
"865027053452253,2025-12-08 12:29:56,332222222,____________,865027053452253"
"865027053443088,2025-12-08 23:48:14,002222222,____________,865027053443088"
"865027053467731,2025-12-08 23:41:23,002222222,____________,865027053467731"
"865027053416928,2025-12-08 23:55:58,002222222,____________,865027053416928"
"865027053473010,2025-12-08 23:48:09,022222222,____________,865027053473010"
"865027053470842,2024-08-22 13:39:54,332222,_________,865027053470842"
"865027053414683,2025-12-08 23:38:45,002222222,_________,865027053414683"
"865027053461775,2025-12-08 23:34:10,002222222,____________,865027053461775"
"865027053461957,2025-12-08 23:59:53,002222222,____________,865027053461957"
"865027053440597,2025-12-08 23:46:00,002222222,____________,865027053440597"
"865027053437684,2025-12-08 23:38:50,002222222,____________,865027053437684"
"865027053464589,2024-11-29 09:30:21,333333,____________,865027053464589"
"865027053443062,2025-12-08 23:38:08,002222222,____________,865027053443062"
"865027053462153,2025-12-08 23:54:08,002222222,____________,865027053462153"
"865027053461692,2025-03-29 12:29:47,322222,____________,865027053461692"
"865027053436132,2025-12-08 23:40:40,002222222,____________,865027053436132"
"865027053464027,2025-04-02 13:52:23,322222,____________,865027053464027"
"865027053454416,2025-09-15 12:39:40,322222,____________,865027053454416"
"865027053452410,2025-12-08 23:59:29,002222222,____________,865027053452410"
"865027053468242,2025-12-08 23:38:35,002222222,____________,865027053468242"
"865027053458730,2024-11-29 09:29:51,333333,____________,865027053458730"
"865027053416068,2025-12-08 23:49:10,000000222,____________,865027053416068"
"865027053473671,2025-12-08 23:58:18,003332222,____________,865027053473671"
"865027053452519,2025-12-08 23:32:50,002222222,____________,865027053452519"
"865027053472251,2025-12-08 23:25:30,002222222,____________,865027053472251"
"865027053478712,2025-12-08 23:36:19,002222222,____________,865027053478712"
"865027053421258,2025-12-08 23:47:46,000000222,____________,865027053421258"
"865027053472863,2025-12-08 23:58:24,000000222,____________,865027053472863"
"865027053476864,2025-12-08 23:55:13,002222222,____________,865027053476864"
"865027053455769,2025-12-08 23:39:24,002222222,____________,865027053455769"
"865027053437866,2025-12-08 23:38:42,002222222,____________,865027053437866"
"865027053472996,2025-12-08 23:52:02,002222222,____________,865027053472996"
"865027053434970,2025-12-08 23:34:07,002222222,____________,865027053434970"
"865027053442916,2025-12-08 23:33:07,002222222,____________,865027053442916"
"865027053472582,2025-12-08 23:59:52,000033222,____________,865027053472582"
"865027053478837,2025-12-08 23:46:15,000000222,____________,865027053478837"
"865027053473853,2025-12-08 23:52:44,000003222,____________,865027053473853"
"865027053437007,2025-12-08 23:55:03,002222222,____________,865027053437007"
"865027053464803,2025-12-08 23:49:53,002222222,____________,865027053464803"
"865027053437015,2025-12-08 23:40:04,002222222,____________,865027053437015"
"865027053464357,2025-12-08 23:59:28,002222222,____________,865027053464357"
"865027053463995,2025-12-08 23:45:39,002222222,____________,865027053463995"
"865027053450091,2025-12-08 23:36:57,003333222,____________,865027053450091"
"861410049561268,2025-12-08 23:46:14,022222222,____________,861410049561268"
"865027053439755,2024-04-01 02:29:31,332222,____________,865027053439755"
"865027053448517,2024-07-23 15:37:05,002222222,____________,865027053448517"
"865027053452899,2025-12-08 23:52:39,000003222,____________,865027053452899"
"865027053466063,2024-04-01 04:19:45,332222,____________,865027053466063"
"865027053446826,2025-12-08 23:33:19,002222222,____________,865027053446826"
"865027053452386,2025-12-08 23:38:12,002222222,____________,865027053452386"
"865027053422934,2025-12-08 23:58:30,002222222,____________,865027053422934"
"865027053436009,2025-12-08 23:44:25,002222222,____________,865027053436009"
"865027053436348,2025-12-08 23:47:12,002222222,____________,865027053436348"
"865027053454333,2025-12-08 23:44:43,002222222,____________,865027053454333"
"865027053416399,2025-12-08 23:47:06,002222222,____________,865027053416399"
"865027053386899,2025-12-08 23:52:31,002222222,____________,865027053386899"
"865027053453236,2025-12-08 23:35:43,002222222,____________,865027053453236"
"865027053437601,2025-12-08 23:38:15,002222222,____________,865027053437601"
"865027053454671,2025-12-08 23:59:12,000003222,____________,865027053454671"
"865027053447618,2025-12-09 00:01:31,002222222,____________,865027053447618"
"865027053387830,2025-12-08 23:49:41,002222222,____________,865027053387830"
"865027053446214,2025-12-08 23:49:46,002222222,____________,865027053446214"
"865027053461189,2025-12-09 00:01:49,000333222,____________,865027053461189"
"865027053386816,2025-12-08 23:52:10,003333222,____________,865027053386816"
"865027053461403,2024-08-28 06:26:52,000000222,____________,865027053461403"
"865027053442551,2025-12-08 23:31:24,002222222,____________,865027053442551"
"865027053435332,2025-12-08 23:38:51,002222222,____________,865027053435332"
"865027053437338,2025-12-08 23:40:39,000000222,____________,865027053437338"
"865027053456593,2025-11-07 15:59:12,333333,____________,865027053456593"
"865027053466741,2025-12-08 23:48:43,003333222,____________,865027053466741"
"865027053458722,2025-12-08 23:40:22,002222222,____________,865027053458722"
"865027053476641,2025-12-08 23:52:41,002222222,____________,865027053476641"
"865027053466824,2025-12-08 23:53:32,000033222,____________,865027053466824"
"865027053451818,2025-12-08 23:59:27,000003222,____________,865027053451818"
"865027053443484,2025-12-08 22:22:29,002222222,____________,865027053443484"
"865027053465990,2025-12-08 23:33:14,002222222,____________,865027053465990"
"865027053439417,2023-12-22 13:53:22,332222,____________,865027053439417"
"865027053415110,2024-01-28 10:06:12,332222,____________,865027053415110"
"865027053447998,2024-05-25 22:05:40,332222,____________,865027053447998"
"865027053463466,2024-05-22 19:46:58,332222,____________,865027053463466"
"865027053446479,2023-09-23 19:55:36,222222,____________,865027053446479"
"865027053477177,2024-07-12 19:45:40,332222,____________,865027053477177"
"865027053470537,2025-02-12 11:06:56,332222222,____________,865027053470537"
"865027053453319,2025-02-12 11:05:00,332222222,____________,865027053453319"
"865027053469640,2023-09-23 19:48:51,222222,____________,865027053469640"
"865027053436538,2024-03-03 16:15:14,332222,____________,865027053436538"
"865027053457021,2025-12-08 23:36:03,002222222,____________,865027053457021"
"865027053447238,2025-12-08 23:59:05,002222222,____________,865027053447238"
"865027053472970,2025-12-08 23:58:22,000003222,____________,865027053472970"
"865027053438674,2025-12-08 23:47:07,000000222,____________,865027053438674"
"865027053480338,2025-12-08 23:44:01,002222222,____________,865027053480338"
"865027053421613,2025-12-08 23:51:03,002222222,____________,865027053421613"
"865027053416019,2025-12-08 23:59:21,002222222,____________,865027053416019"
"865027053412224,2025-12-08 23:32:32,002222222,____________,865027053412224"
"865027053434681,2025-12-08 23:40:29,002222222,____________,865027053434681"
"865027053443005,2025-12-08 23:37:43,002222222,____________,865027053443005"
"865027053467236,2025-12-08 23:59:15,000000222,____________,865027053467236"
"865027053387434,2025-12-08 23:47:30,002222222,____________,865027053387434"
"865027053437510,2025-12-08 22:41:30,002222222,____________,865027053437510"
"865027053466618,2025-12-08 23:55:06,002222222,____________,865027053466618"
"865027053415177,2025-12-08 23:35:52,002222222,____________,865027053415177"
"865027053461817,2025-12-08 23:59:55,002222222,____________,865027053461817"
"865027053470347,2023-09-22 15:44:35,222222,____________,865027053470347"
"865027053454663,2025-12-08 23:42:10,003333222,____________,865027053454663"
"865027053407497,2025-12-08 23:55:06,000003222,____________,865027053407497"
"865027053438302,2025-12-08 23:44:03,000000222,____________,865027053438302"
"865027053480437,2025-12-08 23:33:55,002222222,____________,865027053480437"
"865027053423825,2025-12-08 23:42:32,002222222,____________,865027053423825"
"865027053456296,2025-12-08 23:47:00,002222222,____________,865027053456296"
"865027053467079,2024-03-02 20:23:27,333333,____________,865027053467079"
"865027053433279,2025-12-08 23:45:23,000003222,____________,865027053433279"
"860374056938184,2023-09-21 15:05:38,222222,,860374056938184"
"865027053473812,2025-12-08 23:36:32,000000222,____________,865027053473812"
"865027053472434,2025-02-10 14:40:49,333333,____________,865027053472434"
"865027053472293,2025-12-08 23:35:44,000333222,____________,865027053472293"
"865027053410590,2025-12-08 23:57:57,000000222,____________,865027053410590"
"865027053434939,2025-12-08 23:43:51,000022222,____________,865027053434939"
"865027053438872,2025-12-08 23:56:18,003333222,____________,865027053438872"
"865027053477201,2025-12-08 23:36:33,002222222,____________,865027053477201"
"865027053467145,2025-12-08 23:39:00,002222222,____________,865027053467145"
"865027053478407,2025-12-08 23:50:39,002222222,____________,865027053478407"
"865027053405418,2025-12-08 12:34:25,333333,____________,865027053405418"
"865027053463870,2023-09-19 11:36:56,222222,____________,865027053463870"
"865027053478506,2025-12-08 23:49:10,002222222,____________,865027053478506"
"865027053421639,2025-12-08 23:52:18,002222222,____________,865027053421639"
"865027053461932,2025-12-08 23:59:12,002222222,____________,865027053461932"
"865027053435597,2025-12-08 23:33:42,002222222,____________,865027053435597"
"865027053451222,2025-12-08 23:34:45,000003222,____________,865027053451222"
"865027053472533,2025-12-08 23:54:07,003333222,____________,865027053472533"
"865027053470321,2025-12-08 23:46:33,000003222,____________,865027053470321"
"865027053472590,2025-12-08 23:50:13,000033222,____________,865027053472590"
"865027053446800,2025-12-08 23:32:25,000003222,____________,865027053446800"
"865027053392020,2025-12-08 23:35:26,002222222,____________,865027053392020"
"865027053461874,2025-12-08 23:34:56,002222222,____________,865027053461874"
"865027053447725,2025-10-11 12:17:13,332222,____________,865027053447725"
"865027053454630,2025-12-08 23:41:07,000333222,____________,865027053454630"
"865027053454283,2025-12-08 23:47:52,000032222,____________,865027053454283"
"865027053434632,2025-12-08 23:58:07,000003222,____________,865027053434632"
"865027053470792,2025-12-08 23:39:37,002222222,____________,865027053470792"
"865027053478159,2025-12-08 23:48:20,002222222,____________,865027053478159"
"865027053442957,2025-12-08 23:43:41,002222222,____________,865027053442957"
"865027053457161,2025-12-08 23:53:33,002222222,____________,865027053457161"
"865027053479256,2025-12-08 23:35:56,002222222,____________,865027053479256"
"865027053455397,2025-12-08 23:44:39,002222222,____________,865027053455397"
"865027053460843,2025-12-08 23:33:42,002222222,____________,865027053460843"
"865027053460850,2025-12-08 23:49:15,002222222,____________,865027053460850"
"865027053472319,2025-12-08 23:42:05,002222222,____________,865027053472319"
"865027053460496,2025-12-09 00:01:53,002222222,____________,865027053460496"
"865027053438690,2025-12-09 00:03:00,003332222,____________,865027053438690"
"865027053460041,2025-12-08 16:12:06,002222222,____________,865027053460041"
"865027053477516,2025-12-08 23:43:47,002222222,____________,865027053477516"
"865027053415888,2025-12-08 23:52:23,002222222,____________,865027053415888"
"865027053438518,2025-12-08 12:42:13,322222222,____________,865027053438518"
"865027053424112,2025-12-08 23:55:22,000000222,____________,865027053424112"
"865027053476997,2025-12-08 23:59:52,002222222,____________,865027053476997"
"865027053435928,2025-12-08 23:45:24,002222222,____________,865027053435928"
"865027053436991,2025-12-08 23:38:03,002222222,____________,865027053436991"
"865027053437932,2025-12-09 00:01:40,000000222,____________,865027053437932"
"865027053466832,2025-12-09 00:00:43,000000222,____________,865027053466832"
"865027053436694,2025-12-08 23:44:34,002222222,____________,865027053436694"
"865027053434814,2025-12-08 23:46:44,002222222,____________,865027053434814"
"865027053476880,2025-12-08 23:46:25,002222222,____________,865027053476880"
"865027053476740,2025-12-08 23:38:33,002222222,____________,865027053476740"
"865027053466923,2025-12-08 23:56:13,000000222,____________,865027053466923"
"865027053384811,2025-12-08 23:52:13,003333222,____________,865027053384811"
"865027053472335,2025-12-08 23:57:02,002222222,____________,865027053472335"
"865027053436116,2025-12-08 23:34:33,002222222,____________,865027053436116"
"865027053476732,2025-12-08 23:55:13,002222222,____________,865027053476732"
"865027053436876,2024-08-27 17:13:02,332222222,____________,865027053436876"
"865027053467210,2025-12-08 23:39:37,000003222,____________,865027053467210"
"865027053423122,2025-12-08 23:59:11,000000222,____________,865027053423122"
"865027053459050,2025-12-08 23:54:38,000000222,____________,865027053459050"
"861410049519936,2025-12-08 12:03:20,202222,____________,861410049519936"
"865027053466717,2023-09-14 10:41:22,333322,____________,865027053466717"
"865027053472566,2025-12-08 12:25:35,000000222,____________,865027053472566"
"865027053455389,2025-07-26 10:11:41,333333222,____________,865027053455389"
"865027053479561,2025-12-08 23:49:16,003333222,____________,865027053479561"
"860123055685308,2025-12-08 23:53:33,003333,____________,SX-BJ-T-ZCTX-000158"
"860123055684269,2025-12-08 23:38:04,000030,____________,SX-BJ-T-ZCTX-000422"
"865027053458607,2025-12-08 23:55:46,000003,____________,SX-BJ-T-ZCTX-000114"
"865027053389083,2025-12-08 23:38:19,000000,____________,SX-BJ-T-ZCTX-000180"
"865027053479009,2025-12-08 23:51:01,000000,____________,SX-BJ-T-ZCTX-000407"
"865027053424161,2025-12-08 23:35:47,003030,____________,865027053424161"
"865027053452865,2023-09-13 15:22:47,222222,,865027053452865"
"865027053435043,2025-12-08 23:41:11,002222222,____________,865027053435043"
"865027053452402,2025-12-08 23:39:09,002222222,____________,865027053452402"
"868681049154865,2023-09-13 12:05:01,222222,____________,868681049154865"
"865027053455728,2025-12-08 23:39:41,002222222,____________,865027053455728"
"865027053464399,2025-12-09 00:00:49,002222222,____________,865027053464399"
"865027053458706,2025-12-08 23:58:06,002222222,____________,865027053458706"
"865027053469539,2025-12-08 23:48:58,002222222,____________,865027053469539"
"865027053482268,2025-12-08 23:47:23,002222222,____________,865027053482268"
"865027053415581,2025-12-08 23:57:23,002222222,____________,865027053415581"
"865027053457773,2023-09-13 00:00:00,333333,,865027053457773"
"865027053435407,2025-12-08 23:52:36,002222222,____________,865027053435407"
"865027053452147,2025-12-08 23:51:47,002222222,____________,865027053452147"
"865027053473069,2025-12-08 23:43:33,002222222,____________,865027053473069"
"865027053477359,2025-12-08 23:53:20,002222222,____________,865027053477359"
"865027053452501,2025-12-08 23:09:54,002222222,____________,865027053452501"
"865027053479710,2025-12-08 23:32:24,002222222,____________,865027053479710"
"865027053477300,2025-12-09 00:01:15,002222222,____________,865027053477300"
"865027053472624,2025-12-08 23:35:28,000000222,____________,865027053472624"
"865027053473408,2025-12-08 23:59:14,000000222,____________,865027053473408"
"865027053437544,2025-12-08 23:52:47,002222222,____________,865027053437544"
"865027053421852,2025-06-06 13:00:14,332222,____________,865027053421852"
"865027053454697,2025-12-08 12:36:07,332222222,____________,865027053454697"
"865027053438005,2025-06-06 13:00:14,332222,____________,865027053438005"
"865027053458425,2025-12-08 23:38:20,000000222,____________,865027053458425"
"865027053386832,2025-12-08 23:46:04,002222222,____________,865027053386832"
"865027053465875,2025-12-08 23:43:24,000000222,____________,865027053465875"
"865027053415821,2023-11-07 10:33:25,333333,____________,865027053415821"
"865027053443104,2025-12-08 23:32:07,002222222,____________,865027053443104"
"868681049090648,2025-12-08 23:51:18,000000222,____________,868681049090648"
"865027053442510,2025-12-08 23:58:31,022222222,____________,865027053442510"
"865027053447675,2025-12-08 23:34:06,002222222,____________,865027053447675"
"865027053415870,2025-12-09 00:01:38,002222222,____________,865027053415870"
"865027053405681,2025-12-08 22:15:39,003333222,____________,865027053405681"
"865027053422066,2025-12-08 23:43:13,000003222,____________,865027053422066"
"865027053478761,2025-12-04 07:01:37,333333222,____________,865027053478761"
"865027053412885,2025-12-04 14:23:53,333333222,____________,865027053412885"
"865027053461866,2025-12-08 23:44:28,002222222,____________,865027053461866"
"865027053436934,2025-12-08 23:51:15,002222222,____________,865027053436934"
"865027053436090,2025-12-08 23:46:54,002222222,____________,865027053436090"
"865027053470834,2025-12-08 23:38:30,002222222,____________,865027053470834"
"865027053477011,2025-12-08 23:52:54,002222222,____________,865027053477011"
"865027053433386,2025-12-08 23:52:10,002222222,____________,865027053433386"
"865027053442536,2025-12-08 23:51:06,000000222,____________,865027053442536"
"865027053386469,2025-12-08 23:57:52,000000222,____________,865027053386469"
"865027053456098,2025-12-09 00:01:25,000333222,____________,865027053456098"
"865027053470776,2025-12-08 23:42:17,002222222,____________,865027053470776"
"865027053438450,2025-12-08 23:42:14,002222222,____________,865027053438450"
"865027053478662,2025-12-08 23:36:48,002222222,____________,865027053478662"
"865027053435589,2025-12-08 23:43:57,002222222,____________,865027053435589"
"865027053463805,2025-12-08 23:35:21,002222222,____________,865027053463805"
"865027053465966,2025-12-08 23:52:00,002222222,____________,865027053465966"
"865027053466766,2025-12-08 23:59:07,003333222,____________,GX-FCG-T-ZCTX-000132"
"865027053446586,2025-10-20 10:51:37,332222,____________,865027053446586"
"865027053478878,2025-10-21 12:09:42,332222,____________,865027053478878"
"865027053462229,2025-12-08 23:35:18,002222222,____________,865027053462229"
"865027053452188,2025-12-09 00:01:49,022222222,____________,865027053452188"
"865027053393465,2025-12-08 23:34:35,002222222,____________,865027053393465"
"865027053446628,2025-12-08 23:32:12,003333222,____________,GX-FCG-T-ZCTX-000131"
"865027053451453,2025-12-08 23:33:34,000000222,____________,865027053451453"
"865027053443021,2025-12-08 23:47:32,000000222,____________,865027053443021"
"868681049168147,2025-12-09 00:00:09,003333222,____________,868681049168147"
"865027053441991,2025-12-08 23:52:24,000000222,____________,865027053441991"
"866094058442829,2025-12-09 00:01:36,000022222,____________,866094058442829"
"865027053451370,2025-12-08 23:33:46,000000222,____________,865027053451370"
"865027053416258,2025-12-08 23:49:42,002222222,____________,865027053416258"
"865027053476575,2025-12-09 00:00:24,002222222,____________,865027053476575"
"865027053470156,2025-12-08 23:39:52,002222222,____________,865027053470156"
"865027053466857,2025-10-21 12:25:49,332222,____________,865027053466857"
"865027053477094,2025-12-08 23:52:29,002222222,____________,865027053477094"
"865027053447527,2025-12-08 23:57:55,002222222,____________,865027053447527"
"865027053477557,2024-05-19 10:13:35,332222,____________,865027053477557"
"865027053476849,2025-12-08 23:32:29,002222222,____________,865027053476849"
"865027053463763,2025-12-08 23:59:53,002222222,____________,865027053463763"
"865027053464902,2025-12-08 23:49:19,002222222,____________,865027053464902"
"865027053470859,2024-10-23 11:29:09,322222,____________,865027053470859"
"865027053477920,2025-12-08 23:57:44,022222222,____________,865027053477920"
"865027053442973,2025-12-08 23:33:14,000033222,____________,865027053442973"
"865027053472640,2025-12-08 23:55:21,000333222,____________,865027053472640"
"865027053466931,2025-12-08 23:36:50,002222222,____________,865027053466931"
"865027053473911,2025-12-08 23:55:10,002222222,____________,865027053473911"
"865027053466105,2025-12-08 22:59:51,002222222,____________,865027053466105"
"865027053436504,2025-12-08 23:45:48,002222222,____________,865027053436504"
"865027053436850,2025-12-08 23:46:03,002222222,____________,865027053436850"
"865027053476971,2025-10-18 07:04:15,332222222,____________,865027053476971"
"865027053461791,2025-12-08 23:59:47,003333222,____________,865027053461791"
"865027053447493,2025-12-08 23:34:16,002222222,____________,865027053447493"
"865027053384803,2024-08-13 04:19:12,333333,____________,865027053384803"
"865027053442908,2025-12-08 23:40:54,002222222,____________,865027053442908"
"865027053437783,2025-12-08 23:56:14,002222222,____________,865027053437783"
"865027053435696,2025-12-08 23:35:10,002222222,____________,865027053435696"
"865027053464639,2025-12-08 23:54:05,002222222,____________,865027053464639"
"865027053453632,2025-12-08 23:59:58,002222222,____________,865027053453632"
"861647050642731,2025-07-21 09:11:08,332222222,____________,861647050642731"
"861410049507154,2025-12-08 23:47:00,000002222,____________,861410049507154"
"865027053466667,2024-11-01 15:30:19,333322,____________,8650270534666667"
"865027053422942,2023-09-01 14:51:13,323222,____________,865027053422942"
"865027053444870,2025-11-27 13:40:05,323222,____________,865027053444870"
"865027053416886,2025-12-08 12:41:44,322222,____________,865027053416886"
"865027053466899,2023-09-01 15:56:51,323222,____________,865027053466899"
"865027053476690,2024-10-31 15:10:31,323222,____________,865027053476690"
"865027053473333,2025-12-02 20:50:27,323222,____________,865027053473333"
"865027053466238,2023-09-01 16:47:24,323222,____________,865027053466238"
"865027053466725,2025-12-08 23:39:58,020222,____________,865027053466725"
"865027053458474,2023-09-01 17:10:03,323222,____________,865027053458474"
"865027053462351,2023-09-01 17:16:45,323222,____________,865027053462351"
"865027053415961,2025-12-08 12:35:25,333222,____________,865027053415961"
"865027053466873,2025-12-08 23:41:47,000000222,____________, 865027053466873"
"865027053479538,2025-10-03 18:51:36,333333,____________,865027053479538"
"865027053460082,2025-12-08 23:56:43,002222222,____________,865027053460082"
"865027053466568,2025-12-08 23:23:00,002222222,____________,865027053466568"
"865027053443203,2025-12-08 23:51:01,002222222,____________,865027053443203"
"865027053424062,2025-12-08 23:48:49,002222222,____________,865027053424062"
"865027053444912,2025-12-08 23:47:35,002222222,____________,865027053444912"
"865027053476443,2025-12-08 23:40:57,002222222,____________,865027053476443"
"865027053435969,2025-12-08 23:41:27,002222222,____________,865027053435969"
"865027053453640,2025-12-08 23:35:47,002222222,____________,865027053453640"
"868681049143199,2025-06-12 18:29:46,233222,____________,YZ02-0024"
"868681049090390,2025-12-08 23:42:51,200222,____________,YZ02-0014"
"861410049502940,2025-12-08 12:48:04,200222,____________,861410049502940"
"868681049165341,2025-12-08 12:13:25,202222,____________,868681049165341"
"868681049136524,2023-08-31 16:59:10,233222,____________,YZ02-0001"
"861410049558934,2023-08-31 17:02:00,233222,____________,YZ02-0025"
"861410049520041,2023-08-31 17:05:34,233222,____________,YZ02-0023"
"868681049131525,2025-12-08 12:01:54,202222,____________,868681049131525"
"861410049562381,2025-12-08 12:43:01,202222,____________,YZ02-0018"
"861410049518938,2023-08-31 17:04:47,233222,____________,YZ02-0017"
"861410049519662,2025-12-08 21:46:27,200222,____________,YZ02-0016"
"861410049562092,2025-12-08 23:51:42,200222,____________,YZ02-0013"
"861410049505919,2025-12-08 12:28:46,202222,____________,861410049505919"
"861410049557886,2025-12-08 23:36:07,202222,____________,861410049557886"
"861410049502429,2025-11-28 12:58:53,233222,____________,YZ02-0010"
"861410049559718,2025-12-09 00:02:28,200222,____________,YZ02-0009"
"861410049562530,2025-12-08 12:43:15,202222,____________,YZ02-0007"
"861410049559346,2025-12-08 12:03:49,202222,____________,861410049559346"
"861410049561136,2023-08-31 16:59:47,233222,____________,YZ02-0002"
"865027053442130,2025-12-08 23:50:07,000032222,____________,865027053442130"
"865027053467038,2025-12-08 23:55:07,000003222,____________,865027053467038"
"865027053424146,2025-12-08 23:49:07,000022222,____________,865027053424146"
"865027053457989,2025-12-08 23:52:13,002222222,____________,865027053457989"
"865027053453277,2025-12-08 23:52:06,002222222,____________,865027053453277"
"865027053467699,2025-12-08 23:51:53,002222222,____________,865027053467699"
"865027053415383,2025-12-08 23:51:52,002222222,____________,865027053415383"
"865027053456254,2025-12-08 23:56:51,002222222,____________,865027053456254"
"865027053461742,2025-12-08 23:51:59,002222222,____________,865027053461742"
"865027053442676,2025-12-08 23:54:13,002222222,____________,865027053442676"
"865027053435704,2025-12-08 23:34:02,002222222,____________,865027053435704"
"865027053455736,2025-12-08 23:56:48,002222222,____________,865027053455736"
"865027053454564,2025-12-08 23:27:49,002222222,____________,865027053454564"
"865027053472343,2025-12-08 23:36:08,002222222,____________,865027053472343"
"865027053455090,2025-12-08 23:57:22,002222222,____________,865027053455090"
"865027053436520,2025-12-08 23:35:19,002222222,____________,865027053436520"
"865027053466220,2025-12-08 23:54:45,002222222,____________,865027053466220"
"865027053454093,2025-12-08 23:25:58,002222222,____________,865027053454093"
"865027053466212,2023-08-30 18:41:15,222222,____________,865027053466212"
"865027053437031,2025-08-08 12:06:07,332222,____________,865027053437031"
"865027053437809,2025-12-08 23:52:04,002222222,____________,865027053437809"
"865027053469273,2025-12-08 23:55:51,002222222,____________,865027053469273"
"865027053415854,2023-08-30 18:33:31,222222,____________,865027053415854"
"865027053423775,2023-08-30 18:32:35,222222,____________,865027053423775"
"865027053454184,2025-12-08 23:45:36,002222222,____________,865027053454184"
"865027053422108,2025-12-08 23:47:42,000333222,____________,865027053422108"
"865027053462179,2025-12-08 23:45:50,002222222,____________,865027053462179"
"865027053476922,2023-08-30 18:26:20,222222,____________,865027053476922"
"865027053437049,2025-12-08 23:50:37,002222222,____________,865027053437049"
"865027053438641,2023-08-30 18:24:33,222222,____________,865027053438641"
"865027053405210,2023-08-30 18:23:31,222222,____________,865027053405210"
"865027053469414,2023-08-30 18:22:07,222222,____________,865027053469414"
"865027053453715,2023-08-30 18:21:23,222222,____________,865027053453715"
"865027053473606,2025-12-08 23:38:17,002222222,____________,865027053473606"
"865027053420433,2023-08-30 18:19:24,222222,____________,865027053420433"
"865027053462138,2025-12-08 23:59:03,002222222,____________,865027053462138"
"865027053468994,2025-12-08 23:55:56,002222222,____________,865027053468994"
"865027053469398,2023-08-30 18:16:39,222222,____________,865027053469398"
"865027053437080,2025-12-08 23:32:52,003332222,____________,865027053437080"
"865027053424187,2025-03-11 16:04:13,333333222,____________,865027053424187"
"865027053470586,2025-12-08 23:33:10,002222222,____________,865027053470586"
"865027053436082,2025-12-09 00:00:21,002222222,____________,865027053436082"
"865027053453053,2025-12-08 23:33:31,002222222,____________,865027053453053"
"865027053477045,2025-12-08 23:56:07,002222222,____________,865027053477045"
"865027053457229,2025-12-08 23:52:25,000000222,____________,865027053457229"
"865027053470693,2025-12-09 00:01:53,000000222,____________,865027053470693"
"866094052624349,2025-12-08 17:52:08,022222,__________,866094052624349"
"865027053478209,2025-12-08 23:44:57,000003222,____________,865027053478209"
"865027053435498,2025-12-08 23:38:33,000000222,____________,865027053435498"
"865027053437395,2025-12-08 23:26:07,002222222,____________,865027053437395"
"865027053479694,2025-12-08 23:47:28,002222222,____________,865027053479694"
"865027053437908,2025-12-09 00:01:43,002222222,____________,865027053437908"
"865027053455363,2025-12-08 23:53:42,003333222,____________,865027053455363"
"865027053458508,2024-03-19 09:46:22,003333222,____________,865027053458508"
"865027053464373,2025-12-09 00:01:45,002222222,____________,865027053464373"
"865027053452345,2025-12-08 23:56:40,002222222,____________,865027053452345"
"865027053467475,2025-12-08 23:35:31,002222222,____________,865027053467475"
"865027053477482,2025-12-08 23:41:39,002222222,____________,865027053477482"
"865027053477342,2025-12-09 00:00:42,002222222,____________,865027053477342"
"865027053442924,2025-12-08 23:43:16,002222222,____________,865027053442924"
"865027053436074,2025-12-08 23:33:15,002222222,____________,865027053436074"
"865027053478258,2025-12-08 23:58:26,002222222,____________,865027053478258"
"865027053453020,2025-12-09 00:02:10,002222222,____________,865027053453020"
"865027053473424,2025-12-08 23:49:43,000000222,____________,865027053473424"
"865027053463953,2025-12-08 23:34:25,000000222,____________,865027053463953"
"865027053467020,2025-12-08 23:53:22,000003222,____________,865027053467020"
"865027053435977,2025-12-08 23:48:38,002222222,____________,865027053435977"
"865027053447162,2025-12-08 23:56:40,002222222,____________,865027053447162"
"868681049148479,2023-08-27 00:00:00,222222,,868681049148479"
"865027053478720,2025-12-08 23:39:05,002222222,____________,865027053478720"
"865027053415649,2023-08-26 21:30:54,222222,____________,865027053415649"
"865027053442502,2025-12-09 00:02:04,002222222,____________,865027053442502"
"865027053421357,2025-12-08 23:38:41,002222222,____________,865027053421357"
"865027053443278,2024-06-07 14:31:04,332222,____________,865027053443278"
"965027053453202,2023-08-26 16:42:49,222222,____________,965027053453202"
"865027053470271,2025-12-08 23:47:04,003333222,____________,865027053470271"
"865027053456130,2025-12-08 23:52:43,000003222,____________,865027053456130"
"865027053444714,2025-12-08 23:55:45,002222222,____________,865027053444714"
"865027053415698,2025-12-08 23:46:22,002222222,____________,865027053415698"
"865027053464506,2025-12-08 23:42:05,002222222,____________,865027053464506"
"861647050639547,2025-12-08 23:40:56,002333,____________,SX-BJ-T-ZCTX-000140"
"865027053430754,2025-12-08 23:44:23,002222222,____________,865027053430754"
"861647050640149,2025-12-08 23:38:33,020222,____________,SX-BJ-T-ZCTX-000142"
"861410049562159,2025-12-08 23:36:28,003300,____________, SX-BJ-T-ZCTX-000163"
"865027053437056,2023-12-31 09:31:17,332222,____________,865027053437056"
"865027053455314,2024-06-06 23:59:41,332222,____________,865027053455314"
"865027053455447,2024-06-06 17:55:24,332222,____________,865027053455447"
"865027053446859,2025-12-08 23:39:43,002222222,____________,865027053446859"
"865027053435944,2025-12-08 23:52:19,002222222,____________,865027053435944"
"861647050643606,2023-08-25 15:30:25,222222222,,0000001"
"865027053464597,2023-08-25 15:39:14,332222222,,865027053464597"
"865027053467251,2025-08-07 11:44:09,333333,____________,865027053467251"
"865027053470313,2023-08-25 13:34:55,222222,____________,865027053470313"
"865027053462104,2025-12-08 23:47:28,002222222,____________,865027053462104"
"865027053477433,2025-12-08 17:29:24,022222222,____________,865027053477433"
"865027053461924,2023-08-25 12:11:08,222222,____________,865027053461924"
"865027053455165,2023-11-14 08:08:47,332222,____________,865027053455165"
"865027053453434,2025-12-09 00:01:31,022222222,____________,865027053453434"
"865027053435480,2024-06-17 12:31:40,332222,____________,865027053435480"
"865027053463482,2024-03-14 14:30:00,332222,____________,865027053463482"
"865027053438328,2023-08-24 17:46:27,222222,____________,865027053438328"
"865027053478654,2023-08-24 17:44:26,222222,____________,865027053478654"
"865027053436173,2023-10-24 21:24:47,332222,____________,865027053436173"
"865027053456403,2024-01-29 13:15:27,332222,____________,865027053456403"
"865027053461833,2023-08-24 17:41:15,222222,____________,865027053461833"
"865027053437692,2023-08-24 17:40:34,222222,____________,865027053437692"
"865027053478894,2025-12-08 23:32:51,002222222,____________,865027053478894"
"865027053437635,2025-12-08 23:47:40,000222222,____________,865027053437635"
"865027053467483,2024-11-21 09:38:14,322222,____________,865027053467483"
"865027053476724,2025-12-08 23:40:24,002222222,____________,865027053476724"
"865027053470248,2024-03-04 08:40:00,332222,____________,865027053470248"
"865027053461882,2025-12-08 23:36:56,002222222,____________,865027053461882"
"865027053447261,2025-12-09 00:01:26,003333222,____________,865027053447261"
"868681049166596,2025-12-08 12:37:53,202222,____________,868681049166596"
"865027053415656,2024-05-15 16:44:45,332222,____________,865027053415656"
"865027053455249,2025-12-08 23:56:06,000003222,____________,865027053455249"
"865027053470149,2024-03-21 10:39:30,332222,____________,865027053470149"
"865027053464217,2023-08-23 17:50:14,222222,____________,865027053464217"
"865027053447634,2025-12-08 23:53:31,002222222,____________,865027053447634"
"865027053439631,2023-08-23 16:51:12,222222,____________,865027053439631"
"865027053463573,2023-11-15 12:27:23,332222,____________,865027053463573"
"865027053477458,2024-04-27 21:31:02,332222,____________,865027053477458"
"865027053462013,2024-04-18 05:46:39,332222,____________,865027053462013"
"865027053478084,2024-06-05 12:15:31,332222,____________,865027053478084"
"865027053423809,2025-12-08 23:54:09,002222222,____________,865027053423809"
"861410049557597,2025-12-08 12:10:45,202222,____________,861410049557597"
"865027053467467,2025-12-06 14:02:43,333333222,____________,865027053467467"
"865027053447022,2025-12-08 23:52:41,000333222,____________,865027053447022"
"865027053464209,2025-12-08 23:43:12,000333222,____________,865027053464209"
"865027053446784,2024-05-16 17:31:07,333333,____________,865027053446784"
"865027053449424,2025-12-08 23:40:12,002222222,____________,865027053449424"
"865027053453624,2025-12-08 12:30:05,332222222,____________,865027053453624"
"865027053453228,2025-12-08 23:43:09,000000222,____________,865027053453228"
"865027053442593,2025-12-08 23:39:29,002222222,____________,865027053442593"
"865027053473556,2025-12-08 23:50:35,002222222,____________,865027053473556"
"865027053455272,2025-12-08 23:54:44,002222222,____________,865027053455272"
"865027053466816,2025-12-08 23:57:02,000000222,____________,865027053466816"
"865027053436025,2025-12-08 23:57:22,002222222,____________,865027053436025"
"865027053467004,2025-12-08 23:55:47,002222222,____________,865027053467004"
"865027053453566,2025-12-08 23:42:13,002222222,____________,865027053453566"
"865027053455686,2025-12-08 23:25:08,002222222,____________,865027053455686"
"865027053432958,2025-12-08 23:56:06,002222222,____________,865027053432958"
"865027053472871,2025-12-08 23:45:24,002222222,____________,865027053472871"
"865027053469315,2025-12-08 23:56:53,002222222,____________,865027053469315"
"865027053477508,2025-12-08 23:56:44,002222222,____________,865027053477508"
"865027053407083,2025-12-08 23:54:18,002222222,____________,865027053407083"
"865027053455033,2025-12-08 23:51:55,002222222,____________,865027053455033"
"865027053482250,2025-12-08 23:39:13,002222222,____________,865027053482250"
"865027053469653,2025-12-08 23:32:59,000003222,____________,865027053469653"
"865027053479595,2025-12-08 23:48:07,000000222,____________,865027053479595"
"865027053453707,2025-12-08 23:59:21,000322222,____________,865027053453707"
"865027053461726,2025-12-08 23:39:27,002222222,____________,865027053461726"
"865027053437452,2025-12-08 23:55:22,002222222,____________,865027053437452"
"865027053479447,2025-12-08 23:48:11,002222222,____________,865027053479447"
"865027053434764,2025-12-09 00:00:08,002222222,____________,865027053434764"
"865027053477375,2025-12-09 00:01:23,002222222,____________,865027053477375"
"865027053436637,2025-12-08 23:43:35,002222222,____________,865027053436637"
"865027053470206,2024-07-17 15:30:18,332222,____________,865027053470206"
"865027053465867,2025-12-08 23:52:00,003332222,____________,865027053465867"
"865027053458714,2024-05-05 18:24:23,332222,____________,865027053458714"
"865027053466113,2024-06-02 09:08:40,332222,____________,865027053466113"
"865027053462096,2025-05-26 15:14:05,332222,____________,865027053462096"
"865027053467988,2024-07-05 14:53:24,332222,____________,865027053467988"
"865027053435522,2024-07-05 14:58:59,332222,____________,865027053435522"
"865027053436124,2023-08-20 15:55:29,222222,____________,865027053436124"
"865027053460058,2024-06-08 12:20:06,332222,____________,865027053460058"
"865027053438724,2024-07-03 17:17:25,332222,____________,865027053438724"
"865027053479249,2024-07-05 14:38:29,332222,____________,865027053479249"
"865027053436736,2025-12-08 23:19:38,002222222,____________,865027053436736"
"865027053464241,2024-10-28 13:18:20,332222,____________,865027053464241"
"865027053470305,2025-12-08 23:35:24,002222222,____________,865027053470305"
"865027053467012,2025-12-08 23:47:22,000000222,____________,865027053467012"
"865027053470479,2025-12-09 00:00:15,003333222,____________,865027053470479"
"865027053458490,2025-12-08 23:43:46,003332222,____________,865027053458490"
"865027053445653,2024-06-03 16:22:45,333333,____________,865027053445653"
"865027053399900,2025-12-08 23:54:24,003333222,____________,865027053399900"
"865027053448749,2024-04-10 15:00:57,333333,____________,865027053448749"
"865027053443047,2024-09-03 10:38:30,333333222,____________,865027053443047"
"865027053458417,2025-12-08 23:36:19,003333222,____________,865027053458417"
"865027053473770,2023-11-28 14:38:36,333333,____________,865027053473770"
"865027053391592,2025-12-08 23:36:04,000033222,____________,865027053391592"
"865027053436397,2025-12-08 23:42:16,003333222,____________,865027053436397"
"865027053453111,2025-12-08 23:59:00,003333222,____________,865027053453111"
"865027053481062,2025-08-22 00:55:20,333333,____________,865027053481062"
"865027053453988,2024-10-28 13:47:10,332222,____________,865027053453988"
"865027053459977,2024-10-28 13:46:55,332222,____________,865027053459977"
"865027053478266,2024-06-04 12:55:43,332222,____________,865027053478266"
"865027053453574,2024-01-23 19:44:23,332222,____________,865027053453574"
"865027053477219,2024-03-03 09:05:40,332222,____________,865027053477219"
"865027053435605,2024-02-14 01:00:00,332222,____________,865027053435605"
"865027053415771,2024-02-02 09:28:49,332222,____________,865027053415771"
"865027053453996,2024-11-05 11:56:17,332222,____________,865027053453996"
"865027053446222,2024-09-02 12:14:30,332222,____________,865027053446222"
"865027053454457,2024-05-18 18:05:23,332222,____________,865027053454457"
"865027053453699,2024-08-06 00:25:22,332222,____________,865027053453699"
"865027053477318,2024-07-20 11:29:20,332222,____________,865027053477318"
"865027053480569,2024-05-22 07:51:34,332222,____________,865027053480569"
"865027053461965,2024-03-07 16:54:42,332222,____________,865027053461965"
"865027053434723,2024-04-09 17:58:40,332222,____________,865027053434723"
"865027053434806,2024-03-21 10:22:19,332222,____________,865027053434806"
"865027053452238,2024-08-03 18:35:43,332222,____________,865027053452238"
"866094058467743,2025-10-31 18:22:36,333333,____________,SX-YA-T-ZCTX-000158"
"865027053452485,2025-12-08 23:38:24,002222222,____________,865027053452485"
"865027053469042,2025-12-08 23:40:52,002222222,____________,865027053469042"
"865027053420789,2025-12-08 23:46:12,002222222,____________,865027053420789"
"865027053473093,2025-12-08 23:00:43,000000222,____________,865027053473093"
"865027053476518,2025-12-08 23:38:29,002222222,____________,865027053476518"
"866094058454642,2025-12-08 23:34:13,003333222,____________,SX-YA-T-ZCTX-000165"
"865027053477136,2025-12-08 23:31:10,002222222,____________,GX-NN-T-ZCTX-001091"
"865027053435639,2025-12-08 23:57:39,000000222,____________,865027053435639"
"865027053447089,2025-12-08 23:57:17,003333222,____________,865027053447089"
"865027053423130,2025-11-10 11:25:22,333333,____________,SX-YA-T-ZCTX-000157"
"865027053444938,2025-12-08 23:57:59,002222222,____________,865027053444938"
"865027053480445,2025-12-08 23:41:58,000000222,____________,865027053480445"
"865027053454325,2025-10-27 17:47:39,333333,____________,SX-YA-T-ZCTX-000159"
"865027053468952,2025-12-08 23:02:17,002222222,____________,865027053468952"
"865027053464936,2025-10-24 17:49:48,333333,____________,SX-YA-T-ZCTX-000160"
"865027053447105,2025-12-08 23:58:10,000003222,____________,865027053447105"
"865027053446461,2025-12-08 23:33:16,003333222,____________,865027053446461"
"865027053454176,2025-12-09 00:01:16,002222222,____________,865027053454176"
"865027053437734,2025-12-08 23:53:44,002222222,____________,865027053437734"
"865027053462161,2024-02-17 16:58:48,332222,____________,865027053462161"
"865027053455777,2024-02-12 16:47:01,332222,____________,865027053455777"
"865027053482136,2024-04-29 20:31:51,332222,____________,865027053482136"
"865027053455702,2024-05-27 13:30:00,332222,____________,865027053455702"
"865027053462047,2025-12-08 23:47:00,002222222,____________,865027053462047"
"865027053435571,2025-12-08 23:52:13,002222222,____________,865027053435571"
"865027053476989,2025-12-08 23:33:48,002222222,____________,865027053476989"
"865027053456585,2025-12-08 23:36:56,002222222,____________,865027053456585"
"865027053476948,2025-12-08 23:38:27,002222222,____________,865027053476948"
"865027053438716,2025-12-08 23:38:55,002222222,____________,865027053438716"
"865027053453137,2025-12-08 23:09:07,002222222,____________,865027053453137"
"865027053463375,2025-12-08 10:48:50,332222222,____________,865027053463375"
"865027053463904,2025-12-08 23:40:03,002222222,____________,865027053463904"
"865027053454408,2025-12-09 00:00:28,002222222,____________,865027053454408"
"865027053470388,2025-12-08 23:35:36,002222222,____________,865027053470388"
"865027053436967,2025-12-08 23:38:41,002222222,____________,865027053436967"
"865027053423882,2025-12-08 23:34:08,002222222,____________,865027053423882"
"865027053471063,2025-12-08 23:41:17,002222222,____________,865027053471063"
"865027053435712,2025-12-08 23:22:37,002222222,____________,865027053435712"
"865027053472889,2025-12-08 23:36:46,002222222,____________,865027053472889"
"865027053437858,2025-12-08 23:34:25,002222222,____________,865027053437858"
"865027053462617,2025-12-08 23:57:04,002222222,____________,865027053462617"
"865027053466980,2025-12-08 23:33:36,003333222,____________,865027053466980"
"861410049523607,2025-11-10 11:11:21,333333,____________,SX-YA-T-ZCTX-000154"
"866094052525330,2025-12-08 23:34:54,020222,__________,866094052525330"
"865027053443492,2025-12-08 23:52:58,002222222,____________,865027053443492"
"861410049559551,2025-12-08 12:48:04,000330,____________,SX-YA-T-ZCTX-000164"
"865027053479413,2025-12-08 23:39:27,003333222,____________,865027053479413"
"861410049502338,2025-11-10 10:50:20,333333,____________,SX-YA-T-ZCTX-000162"
"865027053476674,2025-12-08 23:37:04,002222222,____________,865027053476674"
"860374056943895,2025-10-24 11:05:43,333333,____________,SX-YA-T-ZCTX-000163"
"868681049155771,2025-11-10 10:57:57,333333,____________,SX-YA-T-ZCTX-000156"
"865027053466022,2025-12-08 23:41:17,000000222,____________,865027053466022"
"865027053439409,2024-10-28 12:28:01,332222,____________,865027053439409"
"865027053436819,2025-12-08 23:46:45,002222222,____________,865027053436819"
"865027053476500,2025-12-08 23:53:46,002222222,____________,865027053476500"
"865027053449382,2025-06-07 01:49:39,332222,____________,GX-NN-T-ZCTX-001020"
"865027053455074,2024-11-06 10:12:26,332222,____________,865027053455074"
"865027053463664,2025-12-08 23:53:55,002222222,____________,865027053463664"
"865027053438526,2025-12-08 23:47:01,002222222,____________,865027053438526"
"865027053466006,2025-12-08 23:56:02,002222222,____________,865027053466006"
"865027053473002,2025-12-08 23:55:15,002222222,____________,865027053473002"
"865027053476633,2025-12-08 23:54:58,002222222,____________,865027053476633"
"865027053476856,2025-12-08 23:40:47,002222222,____________,865027053476856"
"865027053442387,2025-12-08 23:42:24,002222222,____________,865027053442387"
"865027053435514,2025-12-08 23:32:56,002222222,____________,865027053435514"
"865027053467657,2025-12-08 23:44:28,002222222,____________,865027053467657"
"865027053454523,2025-12-08 23:52:18,002222222,____________,865027053454523"
"865027053453442,2025-12-08 23:45:36,002222222,____________,865027053453442"
"865027053420813,2025-12-08 23:45:35,002222222,____________,865027053420813"
"865027053466584,2025-12-08 23:42:21,002222222,____________,865027053466584"
"865027053447071,2025-12-08 23:41:34,002222222,____________,865027053447071"
"865027053448962,2025-12-08 23:48:20,002222222,____________,865027053448962"
"865027053437528,2025-12-09 00:02:01,002222222,____________,865027053437528"
"865027053469521,2025-12-08 23:56:57,002222222,____________,865027053469521"
"860374057092999,2025-12-08 23:38:26,303322,____________,SX-XY-T-ZCTX-000021"
"865027053463912,2025-12-08 23:34:38,000000222,____________,865027053463912"
"865027053466386,2025-12-08 23:39:28,002222222,____________,865027053466386"
"865027053454499,2025-12-08 23:33:52,000000222,____________,865027053454499"
"865027053473762,2024-06-25 20:45:50,333332,____________,865027053473762"
"865027053457526,2025-12-08 23:42:23,002222222,____________,865027053457526"
"865027053423817,2025-12-08 23:52:47,002222222,____________,865027053423817"
"865027053454168,2025-12-08 23:45:24,002222222,____________,865027053454168"
"865027053476898,2025-12-09 00:00:04,002222222,____________,865027053476898"
"865027053456494,2025-12-08 23:34:38,002222222,____________,865027053456494"
"861410049506933,2023-08-16 13:12:15,222222,,861410049506933"
"865027053463383,2025-12-08 23:32:26,002222222,____________,865027053463383"
"865027053479470,2025-12-08 23:52:02,002222222,____________,865027053479470"
"865027053455371,2025-12-09 00:02:04,002222222,____________,865027053455371"
"865027053436975,2025-12-08 23:03:27,000022222,____________,865027053436975"
"865027053452279,2023-08-15 15:59:47,222222,____________,865027053452279"
"865027053446958,2025-12-08 23:38:16,002222222,____________,865027053446958"
"865027053469364,2025-12-08 23:32:58,000032222,____________,865027053469364"
"865027053454598,2025-12-09 00:00:44,000000222,____________,865027053454598"
"865027053470263,2025-12-09 00:01:59,000003222,____________,865027053470263"
"865027053473184,2025-12-08 23:48:16,002222222,____________,865027053473184"
"865027053435472,2025-12-08 23:52:49,002222222,____________,865027053435472"
"865027053426307,2025-12-09 00:00:35,000333222,____________,865027053426307"
"865027053388424,2025-12-08 23:59:33,002222222,____________,865027053388424"
"865027053442726,2025-12-08 23:58:38,002222222,____________,865027053442726"
"865027053476955,2025-12-08 23:43:03,002222222,____________,865027053476955"
"865027053437494,2025-12-09 00:00:35,002222222,____________,865027053437494"
"865027053455793,2025-12-08 23:57:36,022222222,____________,865027053455793"
"865027053455710,2025-08-04 12:20:39,322222,____________,865027053455710"
"865027053476930,2025-12-08 23:37:33,022222222,____________,865027053476930"
"865027053477243,2024-11-26 14:45:11,332222,____________,865027053477243"
"865027053461940,2025-12-08 23:37:52,002222222,____________,865027053461940"
"865027053467137,2025-12-08 23:42:39,002222222,____________,865027053467137"
"865027053452204,2025-12-08 23:41:28,002222222,____________,865027053452204"
"865027053436553,2025-12-08 23:44:15,002222222,____________,865027053436553"
"865027053470719,2025-12-08 23:35:25,003333222,____________,865027053470719"
"865027053437775,2025-12-08 23:51:47,000002222,____________,865027053437775"
"861647050646534,2025-12-08 23:54:00,002222222,____________,861647050646534"
"861647050736715,2025-12-08 23:35:48,002222222,____________,861647050736715"
"861647050786652,2025-12-08 23:39:25,002222222,____________,861647050786652"
"861647050646112,2025-12-08 23:50:35,002222222,____________,861647050646112"
"865027053458581,2025-12-08 23:48:48,002222222,____________,865027053458581"
"865027053415599,2025-12-08 23:36:59,002222222,____________,865027053415599"
"865027053458763,2025-12-08 23:39:20,003333222,____________,865027053458763"
"865027053446768,2025-12-08 23:47:34,000000222,____________,865027053446768"
"865027053458458,2025-12-09 00:02:12,000003222,____________,865027053458458"
"865027053461999,2025-12-08 23:53:40,000003222,____________,865027053461999"
"865027053467384,2025-12-08 23:42:26,003333222,____________,865027053467384"
"865027053446651,2025-12-08 23:57:15,000022222,____________,865027053446651"
"865027053438500,2025-12-09 00:01:47,003333222,____________,865027053438500"
"865027053447063,2025-12-08 23:35:36,000000222,____________,865027053447063"
"865027053446305,2025-12-08 23:53:37,000003222,____________,865027053446305"
"865027053453160,2025-12-08 23:58:10,000000222,____________,865027053453160"
"865027053446735,2025-11-22 07:58:57,333333222,____________,865027053446735"
"865027053446917,2025-12-08 23:50:05,003333222,____________,865027053446917"
"865027053463748,2025-12-08 23:38:24,002222222,____________,865027053463748"
"865027053454028,2025-12-08 17:40:16,002222222,____________,865027053454028"
"865027053464530,2025-12-08 23:41:37,000033222,____________,865027053464530"
"865027053478852,2025-12-08 23:41:22,000000222,____________,865027053478852"
"865027053454606,2024-06-13 05:41:25,333333,____________,865027053454606"
"865027053436652,2025-12-08 23:51:46,000000222,____________,865027053436652"
"865027053454572,2025-12-08 23:12:07,000003222,____________,865027053454572"
"865027053435316,2025-12-08 23:40:39,000003222,____________,865027053435316"
"865027053458482,2024-03-04 12:30:39,333333,____________,865027053458482"
"865027053446198,2025-12-08 23:54:42,000000222,____________,865027053446198"
"865027053464910,2025-12-09 00:01:17,003333222,____________,865027053464910"
"865027053479645,2025-12-08 23:55:42,000000222,____________,865027053479645"
"866071056733425,2025-12-08 23:59:02,002222222,____________,866071056733425"
"861647050501531,2025-12-08 23:36:46,002222222,____________,861647050501531"
"865027053436892,2025-12-09 00:00:34,000000222,____________,865027053436892"
"865027053408024,2025-12-08 23:46:43,003333222,____________,865027053408024"
"865027053454119,2025-12-08 23:55:52,002222222,____________,865027053454119"
"865027053432917,2025-12-08 22:03:39,002222222,____________,865027053432917"
"865027053461809,2025-12-08 23:42:36,002222222,____________,865027053461809"
"865027053438310,2025-12-08 23:55:59,002222222,____________,865027053438310"
"865027053469117,2025-12-08 23:39:47,002222222,____________,865027053469117"
"865027053436512,2025-12-09 00:00:58,000003222,____________,865027053436512"
"866094058469277,2025-12-08 23:48:09,002033,____________,SX-BJ-T-ZCTX-000157"
"865027053482219,2025-12-08 23:38:14,002222222,____________,865027053482219"
"865027053477086,2025-12-08 23:45:27,002222222,____________,865027053477086"
"865027053466543,2025-12-08 23:52:41,002222222,____________,865027053466543"
"865027053473242,2025-12-08 23:53:43,002222222,____________,865027053473242"
"865027053454036,2025-12-08 23:54:07,002222222,____________,865027053454036"
"865027053440233,2025-12-08 23:29:01,002222222,____________,865027053440233"
"865027053460074,2025-12-08 23:53:54,003333222,____________,865027053460074"
"865027053437569,2025-08-27 12:23:12,333333,____________,865027053437569"
"865027053464555,2025-12-08 23:56:59,002222222,____________,865027053464555"
"865027053470420,2025-12-08 23:56:13,002222222,____________,865027053470420"
"865027053456080,2025-12-08 23:56:01,002222222,____________,865027053456080"
"865027053409949,2025-12-08 23:59:02,000022222,____________,865027053409949"
"865027053464894,2025-12-08 23:56:01,002222222,____________,865027053464894"
"865027053469158,2023-08-10 18:43:29,222222,____________,865027053469158"
"865027053437767,2024-06-28 10:29:32,333333,____________,865027053437767"
"865027053444193,2025-12-08 23:39:27,002222222,____________,865027053444193"
"865027053446289,2025-12-08 23:44:37,002222222,____________,865027053446289"
"865027053437593,2025-12-08 23:27:09,000000222,____________,865027053437593"
"865027053476567,2025-12-08 23:47:25,002222222,____________,865027053476567"
"865027053464050,2025-12-08 23:49:41,002222222,____________,865027053464050"
"865027053469141,2025-12-09 00:01:52,002222222,____________,865027053469141"
"865027053477268,2025-12-08 23:38:14,022222222,____________,865027053477268"
"865027053461262,2025-12-08 23:46:53,003333222,____________,GX-FCG-T-ZCTX-000314"
"865027053473259,2025-12-08 23:25:45,002222222,____________,865027053473259"
"865027053437759,2025-12-08 23:48:48,002222222,____________,865027053437759"
"865027053465826,2025-12-08 23:34:28,000000222,____________,865027053465826"
"865027053415722,2025-12-08 23:34:32,000003222,____________,865027053415722"
"865027053476872,2025-12-08 23:57:27,000000222,____________,865027053476872"
"865027053447220,2025-12-08 23:40:53,000033222,____________,865027053447220"
"865027053435381,2025-12-08 23:40:28,003333222,____________,865027053435381"
"865027053466659,2025-12-08 23:40:53,000003222,____________,865027053466659"
"865027053478647,2024-10-11 13:01:15,333333,____________,865027053478647"
"865027053467228,2025-12-08 23:53:53,000000222,____________,865027053467228"
"865027053458326,2025-12-08 23:57:57,000000222,____________,865027053458326"
"865027053434947,2025-12-08 23:34:29,000000222,____________,865027053434947"
"865027053391303,2025-12-08 23:34:20,000000222,____________,865027053391303"
"865027053454614,2025-12-08 23:34:25,003333222,____________,865027053454614"
"865027053460264,2025-12-08 12:43:01,002222222,____________,865027053460264"
"865027053476765,2025-05-18 22:28:35,332222,____________,865027053476765"
"865027053469059,2025-12-08 23:43:42,002222222,____________,865027053469059"
"865027053386410,2025-12-08 23:32:39,002222222,____________,865027053386410"
"865027053416373,2025-12-08 19:24:46,002222222,____________,865027053416373"
"865027053421654,2025-12-08 19:00:26,002222222,____________,865027053421654"
"865027053479389,2025-12-08 23:03:19,002222222,____________,865027053479389"
"865027053446099,2025-12-08 23:37:27,002222222,____________,865027053446099"
"865027053454473,2025-05-19 17:13:32,332222,____________,865027053454473"
"865027053439995,2025-12-08 23:53:41,022222222,____________,865027053439995"
"865027053454341,2025-12-08 23:53:42,002222222,____________,865027053454341"
"865027053425929,2025-12-08 23:48:22,000000222,____________,865027053425929"
"865027053426257,2025-05-21 08:36:38,333333,____________,865027053426257"
"865027053446412,2025-12-08 12:27:05,002222222,____________,865027053446412"
"865027053461031,2025-12-09 00:01:38,002222222,____________,865027053461031"
"865027053472947,2025-12-09 00:00:54,002222222,____________,865027053472947"
"865027053477144,2025-12-08 23:39:33,002222222,____________,865027053477144"
"865027053423783,2025-12-08 23:42:57,002222222,____________,865027053423783"
"865027053464159,2025-12-09 00:00:55,003333222,____________,865027053464159"
"861647050639935,2025-12-08 23:43:15,000320,____________,SX-BJ-T-ZCTX-000172"
"865027053470826,2025-12-08 23:39:30,002222222,____________,865027053470826"
"865027053436249,2025-12-08 23:39:30,002222222,____________,865027053436249"
"865027053473192,2025-12-08 23:52:10,002222222,____________,865027053473192"
"865027053470545,2025-12-08 23:52:11,002222222,____________,865027053470545"
"865027053458540,2025-12-08 23:40:23,000333222,____________,865027053458540"
"865027053470784,2025-12-08 23:33:39,002222222,____________,865027053470784"
"865027053478233,2025-12-08 23:43:08,002222222,____________,865027053478233"
"865027053462195,2025-12-08 23:33:27,002222222,____________,865027053462195"
"865027053430846,2025-12-08 23:42:59,002222222,____________,865027053430846"
"865027053460199,2025-12-08 23:43:17,000000222,____________,865027053460199"
"865027053452154,2025-12-08 23:42:04,000000222,____________,865027053452154"
"865027053457724,2025-12-08 23:28:38,003333222,____________,865027053457724"
"865027053460256,2025-12-08 23:39:33,002222222,____________,865027053460256"
"865027053435720,2025-12-08 23:39:10,002222222,____________,865027053435720"
"865027053442882,2025-12-08 23:55:15,002222222,____________,GX-NN-T-ZCTX-001100"
"865027053479439,2024-11-26 14:21:54,332222,____________,865027053479439"
"865027053462146,2025-12-08 23:36:46,022222222,____________,865027053462146"
"865027053437072,2025-12-08 23:59:58,022222222,____________,865027053437072"
"865027053464464,2025-07-15 07:58:43,332222222,____________,865027053464464"
"865027053435340,2024-12-09 10:15:08,332222,____________,865027053435340"
"865027053434111,2025-12-08 23:57:02,000000222,____________,865027053434111"
"865027053466634,2025-12-08 23:54:16,003333222,____________,865027053466634"
"865027053423312,2025-12-08 23:45:10,000000222,____________,865027053423312"
"865027053454044,2025-12-08 23:33:43,022222222,____________,865027053454044"
"865027053413404,2024-12-09 11:33:20,332222,____________,865027053413404"
"865027053479280,2025-12-08 23:51:37,022222222,____________,865027053479280"
"865027053472939,2024-12-09 11:08:29,332222,____________,865027053472939"
"865027053446271,2025-12-08 23:37:15,003333222,____________,865027053446271"
"865027053438575,2024-06-25 11:13:15,333333,____________,865027053438575"
"865027053469026,2024-12-09 10:35:36,332222,____________,865027053469026"
"865027053435563,2025-12-08 23:54:40,002222222,____________,865027053435563"
"865027053434772,2025-12-08 23:47:20,000033222,____________,865027053434772"
"865027053435936,2024-07-11 15:54:56,333333222,____________,865027053435936"
"866094058457264,2025-12-08 13:51:20,020222,____________,866094058457264"
"866094052833007,2024-10-30 09:29:22,323222,____________,866094052833007"
"866094052820947,2025-12-08 23:05:33,020222,____________,866094052820947"
"866094052824964,2025-12-08 23:37:23,020222,____________,866094052824964"
"860123055605611,2024-11-26 14:36:42,323222,____________,860123055605611"
"866094058471497,2025-12-08 23:53:52,022222,____________,866094058471497"
"866094052805351,2025-12-08 20:14:43,020222,____________,866094052805351"
"860374056982786,2025-12-08 12:08:35,000000,______(__)____,SX-AK-T-SSFX-000060"
"865027053466758,2025-12-08 23:50:26,000000222,____________,865027053466758"
"865027053476450,2025-12-08 23:36:46,022222222,____________,865027053476450"
"865027053434988,2025-12-08 23:58:44,002222222,____________,865027053434988"
"865027053458466,2024-04-02 14:16:50,332222222,____________,865027053458466"
"865027053482243,2024-12-09 10:25:03,332222,____________,865027053482243"
"865027053470818,2024-12-09 10:25:17,332222,____________,865027053470818"
"865027053454580,2024-08-29 13:11:35,333333222,____________,865027053454580"
"865027053478274,2025-12-08 23:28:43,003333222,____________,865027053478274"
"865027053424179,2025-12-08 12:32:28,000000222,____________,865027053424179"
"865027053479553,2025-12-08 23:34:35,000000222,____________,865027053479553"
"865027053434699,2025-10-21 12:05:53,332222,____________,865027053434699"
"865027053446370,2025-12-08 23:41:33,000000222,____________,865027053446370"
"860123055690613,2025-12-09 00:00:42,003030,______(__)____,SX-AK-T-SSFX-000002"
"865027053447568,2025-12-08 23:57:32,003333222,____________,865027053447568"
"865027053479496,2025-09-07 23:53:52,333333222,____________,865027053479496"
"865027053461783,2025-12-08 23:45:36,000000222,____________,865027053461783"
"865027053436140,2025-12-08 23:57:17,000333222,____________,865027053436140"
"865027053482201,2025-12-08 23:37:57,002222222,____________,865027053482201"
"865027053477409,2025-12-08 12:02:07,332222222,____________,865027053477409"
"865027053437064,2025-12-09 00:00:27,003333222,____________,865027053437064"
"865027053436900,2025-12-08 23:44:23,000002222,____________,865027053436900"
"865027053454374,2024-11-26 15:11:17,332222,____________,865027053454374"
"865027053472905,2024-11-26 15:20:29,332222,____________,865027053472905"
"865027053384902,2025-12-08 23:42:22,000333222,____________,865027053384902"
"865027053447626,2025-12-08 23:43:10,002222222,____________,865027053447626"
"865027053477128,2025-12-08 23:41:06,002222222,____________,865027053477128"
"861410049507824,2025-12-08 23:39:35,002200,______(__)____,SX-AK-T-SSFX-000041"
"865027053436207,2025-12-09 00:01:46,000333222,____________,865027053436207"
"865027053454507,2023-08-05 15:47:07,222222,____________,865027053454507"
"865027053424849,2025-12-08 23:59:13,000022222,____________,865027053424849"
"865027053451198,2025-12-08 23:53:29,003333222,____________,865027053451198"
"865027053458532,2025-12-08 23:34:20,000000222,____________,865027053458532"
"865027053458102,2025-12-08 23:44:57,000033222,____________,865027053458102"
"865027053458524,2025-12-08 23:32:23,003333222,____________,865027053458524"
"861410049508202,2025-12-08 23:38:51,000323,______(__)____,SX-AK-T-SSFX-000039"
"865027053424955,2025-12-08 23:52:22,000000222,____________,865027053424955"
"865027053453293,2025-12-08 23:45:34,000000222,____________,865027053453293"
"868681049135633,2025-12-08 12:31:01,202222,____________,868681049135633"
"865027053424260,2025-12-09 00:02:03,000003222,____________,865027053424260"
"865027053478845,2025-12-08 23:34:26,000002222,____________,865027053478845"
"868681049131335,2025-12-08 23:48:39,003333,____________,SX-BJ-T-ZCTX-000169"
"861410049507675,2025-12-08 23:59:20,322222,______(__)____,SX-AK-T-SSFX-000055"
"865027053476534,2025-12-09 00:01:52,000000222,____________,865027053476534"
"865027053437973,2025-12-08 23:34:56,003333222,____________,GX-LZ-T-ZCTX-000535"
"868681049133224,2025-12-08 12:42:18,333322,______(__)____,SX-AK-T-SSFX-000046"
"868681049143538,2023-10-13 14:00:02,333333,____________,868681049143538"
"865027053430770,2025-12-09 00:01:42,000033222,____________,865027053430770"
"865027053466907,2025-12-09 00:01:48,000000222,____________,865027053466907"
"865027053435431,2025-12-08 23:50:38,000333222,____________,865027053435431"
"865027053466196,2025-12-08 23:40:25,003322222,____________,865027053466196"
"866094052824014,2025-12-08 23:33:34,022222,______(__)____,SX-AK-T-SSFX-000043"
"865027053447006,2025-01-30 17:19:36,333333,____________,865027053447006"
"861410049559973,2025-12-08 23:40:51,202222,____________,861410049559973"
"861410049560609,2025-12-08 23:46:00,202222,____________,861410049560609"
"865027053415847,2025-12-08 23:53:01,000000222,____________,865027053415847"
"865027053446537,2025-12-08 23:37:33,003333222,____________,865027053446537"
"865027053442254,2025-12-08 23:41:48,000333222,____________,865027053442254"
"865027053480692,2024-12-18 13:18:35,333333,____________,865027053480692"
"865027053435688,2025-12-08 23:36:41,000000222,____________,865027053435688"
"865027053466170,2025-12-08 23:40:57,000022222,____________,865027053466170"
"865027053446701,2023-12-27 17:09:19,333333222,____________,865027053446701"
"865027053446578,2025-12-08 23:40:58,000000222,____________,865027053446578"
"865027053434574,2025-12-09 00:02:13,000000222,____________,865027053434574"
"865027053446297,2025-12-09 00:02:05,000000222,____________,865027053446297"
"865027053446404,2025-12-09 00:02:10,000003222,____________,865027053446404"
"865027053447113,2025-12-09 00:02:15,000000222,____________,865027053447113"
"865027053464431,2025-12-08 23:41:29,000000222,____________,865027053464431"
"861410049544256,2025-12-08 12:23:00,202222,____________,861410049544256"
"865027053456429,2025-12-08 23:42:06,000003222,____________,865027053456429"
"865027053479504,2025-12-08 23:41:38,000000222,____________,865027053479504"
"865027053434798,2025-12-08 23:46:39,002222222,____________,865027053434798"
"865027053446529,2025-12-08 23:53:32,002222222,____________,865027053446529"
"865027053446347,2025-12-08 23:44:27,002222222,____________,865027053446347"
"865027053412893,2025-12-08 23:45:53,002222222,____________,865027053412893"
"865027053455413,2025-12-08 23:36:36,002222222,____________,865027053455413"
"868681049090291,2025-12-08 12:14:42,202222,____________,868681049090291"
"865027053466014,2025-12-08 23:41:47,000003222,____________,865027053466014"
"868681049166471,2025-12-08 12:08:11,202222,____________,868681049166471"
"865027053434590,2025-12-08 23:38:12,002222222,____________,865027053434590"
"865027053447204,2025-12-08 23:04:59,002222222,____________,865027053447204"
"865027053391188,2025-12-08 23:37:51,002222222,____________,865027053391188"
"865027053446420,2025-12-08 23:39:48,002222222,____________,865027053446420"
"865027053479272,2025-12-09 00:01:43,002222222,____________,865027053479272"
"865027053434756,2025-12-08 23:51:44,002222222,____________,865027053434756"
"865027053458672,2025-12-08 23:36:10,002222222,____________,865027053458672"
"865027053482151,2025-12-08 23:33:11,002222222,______(__)____,SX-XA-T-SSFX-000125"
"865027053446834,2025-12-08 23:41:45,002222222,____________,865027053446834"
"865027053443039,2025-12-08 23:45:41,002222222,____________,865027053443039"
"865027053453251,2025-12-08 23:49:05,002222222,____________,865027053453251"
"865027053467350,2025-12-08 23:15:59,002222222,____________,865027053467350"
"865027053470339,2025-12-08 23:50:07,000003222,____________,865027053470339"
"865027053472327,2025-12-08 23:41:43,000000222,____________,865027053472327"
"861647050800818,2025-12-08 23:42:45,002222222,____________,861647050800818"
"861647050736475,2025-12-09 00:00:34,002222222,____________,861647050736475"
"861647050647003,2025-12-08 23:41:50,002222222,____________,861647050647003"
"861647050638218,2025-12-08 23:42:47,002222222,____________,861647050638218"
"861647050784954,2025-12-09 00:00:36,002222222,____________,861647050784954"
"861647050793047,2025-12-08 23:43:49,002222222,____________,861647050793047"
"861647050644141,2025-12-09 00:01:08,002222222,____________,861647050644141"
"861647050637533,2023-10-25 15:07:56,332222222,____________,861647050637533"
"861647050784558,2025-12-08 23:36:04,002222222,____________,861647050784558"
"865027053445208,2025-12-08 23:44:39,000000222,____________,865027053445208"
"861647050736640,2023-07-25 14:12:47,222222222,____________,861647050736640"
"861647050784699,2023-07-25 14:11:51,332222222,____________,861647050784699"
"861647050638325,2023-07-25 14:07:19,332222,____________,861647050638325"
"861647050736418,2023-07-25 14:02:16,332222,____________,861647050736418"
"861647050638119,2025-12-08 23:54:57,002222222,____________,861647050638119"
"861647050655378,2025-12-08 23:52:10,002222222,____________,861647050655378"
"866094058459138,2025-12-08 23:56:15,002222222,____________,866094058459138"
"861647050786140,2025-12-09 00:01:45,002222222,____________,861647050786140"
"861647050645809,2025-12-08 23:41:08,002222222,____________,861647050645809"
"866094058435633,2025-12-08 23:50:50,002222222,____________,866094058435633"
"861647050783436,2025-12-08 23:38:17,002222222,____________,861647050783436"
"861647050643747,2025-12-08 23:39:05,002222222,____________,861647050643747"
"865027053454010,2025-12-05 09:25:30,333333222,____________,865027053454010"
"861647050784681,2023-07-25 11:55:54,332222222,____________,861647050784681"
"861647050647193,2025-12-08 23:41:34,002222222,____________,861647050647193"
"865027053443013,2025-12-08 23:58:09,002222222,____________,SX-XA-T-ZCTX-000680"
"865027053473028,2023-07-27 14:10:46,332222222,,865027053473028"
"865027053442965,2023-07-25 11:14:49,332222222,,865027053442965"
"865027053468945,2025-12-08 23:57:34,002222222,____________,SX-XA-T-ZCTX-000681"
"865027053438583,2025-12-08 23:49:58,002222222,____________,865027053438583"
"865027053436041,2023-07-25 13:53:22,332222222,,865027053436041"
"865027053479678,2025-12-08 23:57:43,002222222,____________,SX-XA-T-ZCTX-000683"
"865027053477003,2025-12-08 23:56:12,002222222,____________,865027053477003"
"865027053459514,2025-12-08 23:55:57,002222222,____________,865027053459514"
"865027053442569,2025-12-08 23:58:06,002222222,____________,SX-XA-T-ZCTX-000682"
"865027053435670,2025-12-08 23:58:27,002222222,____________,SX-XA-T-ZCTX-000678"
"865027053477060,2025-12-08 18:22:21,002222222,____________,SX-XA-T-ZCTX-000679"
"861410049561433,2025-12-08 12:46:58,202222,____________,861410049561433"
"861647050646757,2023-07-25 11:35:44,332222222,____________,861647050646757"
"861410049519191,2025-12-08 12:07:01,202222,____________,861410049519191"
"861647050793013,2025-12-08 23:42:35,002222222,____________,861647050793013"
"861647050637715,2025-12-09 00:01:04,002222222,____________,""861647050637715"
"865027053464449,2023-07-25 10:34:20,332222,____________,865027053464449"
"861647050784723,2025-12-09 00:00:39,002222222,____________,861647050784723"
"865027053408180,2025-12-08 23:46:51,003333222,____________,865027053408180"
"865027053427032,2023-10-15 01:29:49,333333,____________,865027053427032"
"865027053425689,2025-12-08 23:33:05,000000222,____________,865027053425689"
"865027053458755,2024-09-06 08:39:47,332222,____________,865027053458755"
"865027053435647,2025-12-08 22:39:45,002222222,____________,865027053435647"
"865027053446669,2025-12-08 23:11:15,002222222,____________,865027053446669"
"865027053446743,2025-12-08 23:10:14,002222222,____________,865027053446743"
"865027053470560,2025-12-08 23:54:26,003332222,____________,865027053470560"
"865027053466709,2025-12-08 23:54:31,003333222,____________,865027053466709"
"865027053437536,2023-12-18 10:27:21,333333,____________,865027053437536"
"865027053446560,2025-12-09 00:02:07,000000222,____________,865027053446560"
"861647050736772,2025-12-08 23:44:43,002222222,____________,861647050736772"
"861647050712815,2025-12-08 23:44:40,002222222,____________,861647050712815"
"865027053473200,2025-12-08 23:57:32,002222222,____________,865027053473200"
"865027053437551,2025-12-08 23:59:21,000003222,____________,865027053437551"
"865027053386477,2025-12-08 23:40:25,000000222,____________,865027053386477"
"865027053463698,2024-03-16 14:23:14,000000222,____________,865027053463698"
"865027053447378,2025-12-09 00:01:53,000000222,____________,865027053447378"
"868681049166547,2025-12-08 12:03:10,202222,____________,868681049166547"
"861410049558827,2025-12-08 23:54:05,303333,____________,SX-XA-T-ZCTX-000163"
"865027053455330,2024-06-01 19:53:57,333333,____________,865027053455330"
"865027053455215,2025-12-08 23:15:35,000333222,____________,865027053455215"
"865027053460173,2025-12-08 23:51:44,002222222,____________,865027053460173"
"865027053452584,2025-12-08 23:59:53,000000222,____________,865027053452584"
"865027053467723,2025-12-08 23:37:39,000000222,____________,865027053467723"
"865027053447535,2025-12-08 23:49:46,000000222,____________,865027053447535"
"865027053404767,2025-12-09 00:01:36,000033222,____________,865027053404767"
"865027053479587,2025-12-08 23:45:45,000000222,____________,865027053479587"
"865027053464092,2023-10-12 13:28:30,332222222,,865027053464092"
"865027053447360,2025-12-08 23:35:26,000033222,____________,865027053447360"
"860374059995215,2023-07-18 14:47:39,222222,____________,860374059995215"
"865027053454085,2025-02-12 12:54:12,333333,____________,865027053454085"
"865027053473119,2025-12-08 23:53:13,000000222,____________,865027053473119"
"865027053472921,2025-12-08 23:34:40,000333222,____________,865027053472921"
"865027053477383,2025-12-08 23:57:44,000003222,____________,865027053477383"
"865027053455298,2025-12-08 23:52:53,000322222,____________,865027053455298"
"861410049558066,2025-12-08 12:40:48,202222,____________,861410049558066"
"865027053466964,2025-12-08 23:36:41,003333222,____________,865027053466964"
"865027053478381,2025-12-08 23:36:43,003333222,____________,865027053478381"
"865027053435753,2025-12-08 23:56:22,000032222,____________,865027053435753"
"865027053473432,2025-12-08 20:38:33,000022222,____________,865027053473432"
"865027053453178,2025-12-08 23:36:13,000003222,____________,865027053453178"
"860374056972670,2025-12-08 23:43:48,003333,____________,860374056972670"
"861410049560344,2023-07-21 10:55:29,333333,____________,861410049560344"
"865027053436785,2025-12-08 23:33:47,000000222,____________,865027053436785"
"866094058470663,2025-12-08 23:38:03,020222,____________,SX-BJ-T-ZCTX-000143"
"865027053477474,2025-12-08 23:40:46,003333222,____________,865027053477474"
"865027053442544,2025-12-08 23:52:00,003333222,____________,865027053442544"
"865027053416415,2025-12-08 23:52:06,000000222,____________,865027053416415"
"865027053436108,2024-07-03 02:12:06,333322222,____________,865027053436108"
"865027053458185,2025-11-21 07:33:02,333333222,____________,865027053458185"
"865027053457484,2025-12-08 23:45:36,003333222,____________,865027053457484"
"865027053435738,2025-12-08 23:44:27,000003222,____________,865027053435738"
"865027053464837,2025-04-29 09:44:32,333333222,____________,865027053464837"
"865027053469380,2025-12-08 23:35:58,002222222,____________,865027053469380"
"865027053442528,2025-12-09 00:00:41,002222222,____________,865027053442528"
"865027053477540,2025-12-08 23:54:22,002222222,____________,865027053477540"
"865027053464613,2025-12-08 23:33:48,002222222,____________,865027053464613"
"865027053435621,2025-12-08 23:39:44,002222222,____________,865027053435621"
"865027053447212,2025-12-09 00:00:16,002222222,____________,865027053447212"
"865027053446594,2025-12-08 23:32:43,002222222,____________,865027053446594"
"865027053446602,2025-12-08 23:59:48,002222222,____________,865027053446602"
"865027053453350,2025-12-08 23:59:48,002222222,____________,865027053453350"
"865027053456411,2025-12-08 23:56:12,002222222,____________,865027053456411"
"865027053434673,2024-08-06 14:18:34,332222222,____________,865027053434673"
"865027053447733,2025-12-08 23:33:13,002222222,____________,865027053447733"
"865027053447683,2025-12-08 23:55:11,002222222,____________,865027053447683"
"865027053480452,2025-12-08 23:35:51,002222222,____________,865027053480452"
"865027053462187,2025-12-08 23:41:01,002222222,____________,865027053462187"
"865027053437346,2025-12-08 23:51:05,002222222,____________,865027053437346"
"865027053478043,2025-12-09 00:02:00,002222222,____________,865027053478043"
"865027053472368,2025-12-08 23:43:21,002222222,____________,865027053472368"
"865027053436868,2025-12-08 23:45:31,002222222,____________,865027053436868"
"865027053435357,2025-12-08 23:50:32,002222222,____________,865027053435357"
"865027053461767,2025-12-08 23:48:51,002222222,____________,865027053461767"
"865027053469372,2025-12-08 23:38:29,002222222,____________,865027053469372"
"865027053434608,2025-12-08 23:32:47,002222222,____________,865027053434608"
"865027053469406,2025-12-07 23:53:53,332222222,____________,865027053469406"
"865027053447451,2025-12-08 22:15:20,002222222,____________,865027053447451"
"865027053457146,2025-12-08 23:51:19,002222222,____________,865027053457146"
"865027053465065,2025-12-08 23:57:53,002222222,____________,865027053465065"
"865027053469554,2025-12-08 23:33:40,002222222,____________,865027053469554"
"865027053469224,2025-12-08 23:55:25,002222222,____________,865027053469224"
"865027053447659,2025-12-08 23:40:22,002222222,____________,865027053447659"
"865027053455348,2025-12-08 23:16:57,002222222,____________,865027053455348"
"865027053476377,2025-12-08 23:43:22,002222222,____________,865027053476377"
"865027053463193,2025-12-08 23:36:38,002222222,____________,865027053463193"
"865027053447584,2025-12-08 23:34:22,002222222,____________,865027053447584"
"865027053464043,2025-12-09 00:02:04,000002222,____________,865027053464043"
"865027053469588,2025-07-15 10:34:06,333333,____________,""865027053469588"
"861410049515603,2025-12-09 00:01:33,003333222,____________,861410049515603"
"865027053438658,2025-12-08 23:50:54,003333222,____________,865027053438658"
"865027053464142,2025-09-09 09:49:33,333333,____________,865027053464142"
"865027053393606,2025-12-08 23:55:24,002222222,____________,865027053393606"
"865027053452378,2025-12-08 22:49:42,002222222,____________,865027053452378"
"865027053452469,2025-12-08 23:43:10,002222222,____________,865027053452469"
"865027053442395,2025-12-08 23:52:25,002222222,____________,865027053442395"
"865027053476427,2025-12-08 21:25:14,002222222,____________,865027053476427"
"865027053393671,2024-04-02 04:04:54,332222,____________,865027053393671"
"865027053424039,2025-12-09 00:00:43,002222222,____________,865027053424039"
"865027053447873,2025-12-08 23:47:32,002222222,____________,865027053447873"
"865027053413974,2025-08-26 12:44:27,332222,____________,865027053413974"
"865027053464969,2025-12-09 00:00:44,002222222,____________,865027053464969"
"865027053437445,2025-12-08 23:19:56,002222222,____________,865027053437445"
"865027053479660,2024-11-17 17:04:08,332222222,____________,GX-CZ-T-ZYJ-000179"
"865027053465834,2025-12-08 23:50:00,002222222,____________,865027053465834"
"865027053472616,2025-12-08 23:54:27,002222222,____________,865027053472616"
"865027053473366,2025-12-08 18:05:17,022222222,____________,865027053473366"
"865027053459472,2023-12-07 01:46:25,332222,____________,865027053459472"
"865027053448947,2025-12-08 23:52:16,002222222,____________,865027053448947"
"865027053387459,2025-12-08 23:40:37,002222222,____________,865027053387459"
"865027053476435,2025-12-08 23:58:23,002222222,____________,865027053476435"
"865027053447592,2025-12-08 23:53:46,002222222,____________,865027053447592"
"865027053462005,2024-10-01 01:26:41,332222,____________,865027053462005"
"865027053446941,2025-12-08 23:32:53,002222222,____________,865027053446941"
"865027053447170,2025-12-08 23:40:53,002222222,____________,865027053447170"
"865027053447014,2025-12-08 23:44:14,002222222,____________,865027053447014"
"865027053446685,2025-12-08 23:58:23,002222222,____________,865027053446685"
"865027053452089,2025-12-08 23:46:46,002222222,____________,865027053452089"
"865027053466097,2025-12-08 23:48:27,022222222,____________,865027053466097"
"865027053436827,2025-12-08 23:47:11,002222222,____________,865027053436827"
"865027053437585,2025-12-08 23:38:45,002222222,____________,865027053437585"
"865027053446925,2025-12-08 23:41:31,002222222,____________,865027053446925"
"865027053415300,2025-12-08 23:56:00,002222222,____________,865027053415300"
"865027053415904,2025-12-08 23:44:09,002222222,____________,865027053415904"
"865027053415912,2024-03-28 01:23:31,332222,____________,865027053415912"
"865027053469638,2025-12-08 23:46:12,002222222,____________,865027053469638"
"865027053469182,2025-12-08 23:37:48,022222222,____________,865027053469182"
"865027053464563,2025-12-08 23:48:40,022222222,____________,865027053464563"
"865027053447477,2025-12-08 23:50:57,002222222,____________,865027053447477"
"865027053469265,2025-12-08 23:54:39,002222222,____________,865027053469265"
"865027053466410,2024-04-26 11:31:14,332222,____________,865027053466410"
"865027053461205,2025-12-08 23:37:14,002222222,____________,865027053461205"
"865027053437650,2025-12-08 23:39:05,002222222,____________,865027053437650"
"865027053479363,2025-12-08 23:49:53,002222222,____________,865027053479363"
"865027053447642,2024-03-24 13:29:09,332222,____________,865027053447642"
"865027053423866,2025-12-08 20:31:47,002222222,____________,865027053423866"
"865027053462088,2025-12-08 23:33:59,002222222,____________,865027053462088"
"865027053424070,2025-08-04 12:22:58,332222,____________,865027053424070"
"865027053466295,2025-12-08 23:36:21,002222222,____________,865027053466295"
"865027053456502,2025-12-08 23:59:22,002222222,____________,865027053456502"
"865027053436165,2024-03-04 12:12:26,332222,____________,865027053436165"
"865027053455199,2025-12-08 23:42:50,002222222,____________,865027053455199"
"865027053464183,2025-12-08 23:50:37,002222222,____________,865027053464183"
"865027053455256,2025-12-08 23:59:46,022222222,____________,865027053455256"
"865027053415706,2024-04-02 17:23:34,332222,____________,865027053415706"
"860123055694011,2025-12-08 23:30:55,020222,____________,GX-NN-T-ZCTX-000015"
"860123055642275,2023-07-03 15:48:32,323222,____________,860123055642275"
"866094058415544,2025-12-08 23:59:58,020222,____________,866094058415544"
"861410049502767,2023-07-03 15:34:17,323222,____________,861410049502767"
"866094058467222,2023-07-03 15:17:32,323222,____________,866094058467222"
"865027053444060,2025-12-09 00:00:28,003333222,____________,865027053444060"
"865027053456387,2024-09-24 10:22:47,333333,____________,865027053456387"
"865027053466139,2025-12-08 23:42:54,000000222,____________,865027053466139"
"865027053463979,2025-12-08 23:34:38,000033222,____________,865027053463979"
"865027053481468,2025-12-08 12:02:53,333322,____________,865027053481468"
"861410049562308,2025-12-08 12:46:58,222222,____________,SX-WN-T-ZCTX-000149"
"861410049562225,2025-12-08 12:35:30,202222,____________,861410049562225"
"865027053466626,2025-12-08 23:49:35,000332222,____________,865027053466626"
"865027053473531,2024-02-06 10:20:19,000000222,____________,865027053473531"
"865027053439714,2025-12-08 23:32:32,003333222,____________,865027053439714"
"860374056976291,2025-12-09 00:00:45,000002222,____________,860374056976291"
"865027053464654,2025-12-09 00:02:27,000000222,____________,865027053464654"
"865027053454127,2025-12-08 23:44:17,000000222,____________,865027053454127"
"865027053452436,2025-12-08 23:36:21,000003222,____________,865027053452436"
"865027053463425,2025-12-08 23:37:20,003333222,____________,865027053463425"
"865027053463755,2025-12-08 23:40:55,000033222,____________,865027053463755"
"865027053446495,2025-12-08 23:45:29,000000222,____________,865027053446495"
"865027053464084,2025-12-08 23:34:52,003333222,____________,865027053464084"
"865027053445471,2025-12-07 08:25:12,333333222,____________,865027053445471"
"865027053435423,2025-12-08 23:46:32,002222222,____________,865027053435423"
"865027053479397,2025-12-08 23:56:29,022222222,____________,865027053479397"
"865027053437726,2025-12-08 12:37:50,332222222,____________,865027053437726"
"865027053469620,2024-10-15 08:49:36,332222,____________,865027053469620"
"865027053469208,2024-11-23 13:40:13,332222,____________,865027053469208"
"865027053464951,2025-12-08 23:53:01,002222222,____________,865027053464951"
"865027053437502,2025-12-08 23:41:52,002222222,____________,865027053437502"
"865027053463557,2025-12-08 23:53:54,002222222,____________,865027053463557"
"865027053438344,2025-12-08 23:47:46,002222222,____________,865027053438344"
"865027053423924,2025-12-08 23:48:34,000333222,____________,865027053423924"
"865027053416241,2025-12-08 23:34:53,000000222,____________,865027053416241"
"865027053416407,2025-12-08 12:26:45,332222222,____________,865027053416407"
"865027053482284,2025-12-08 23:33:26,002222222,____________,865027053482284"
"865027053435290,2025-12-09 00:01:27,002222222,____________,865027053435290"
"865027053456312,2025-12-08 19:09:28,022222222,____________,865027053456312"
"865027053478118,2025-12-08 23:43:06,002222222,____________,865027053478118"
"865027053438633,2025-12-08 23:45:34,002222222,____________,865027053438633"
"865027053464324,2025-12-09 00:01:27,002222222,____________,865027053464324"
"865027053465057,2025-07-21 16:09:34,332222,____________,865027053465057"
"865027053438021,2025-11-04 12:15:47,322222,____________,865027053438021"
"865027053437841,2025-12-08 23:55:59,002222222,____________,865027053437841"
"865027053438617,2025-12-08 23:46:51,002222222,____________,865027053438617"
"865027053437387,2025-12-08 23:37:28,002222222,____________,865027053437387"
"865027053438435,2025-12-08 23:38:23,002222222,____________,865027053438435"
"865027053463987,2025-12-08 23:39:41,002222222,____________,865027053463987"
"865027053437874,2025-10-16 11:10:25,332222222,____________,865027053437874"
"865027053477466,2025-12-08 23:43:48,000022222,____________,865027053477466"
"865027053438047,2024-09-24 09:42:28,333333,____________,865027053438047"
"865027053465024,2025-12-09 00:00:59,003333222,____________,865027053465024"
"865027053478399,2025-12-08 23:52:21,000000222,____________,865027053478399"
"865027053423791,2024-09-24 09:27:12,333333,____________,865027053423791"
"865027053465891,2025-12-08 23:52:53,003333222,____________,865027053465891"
"865027053384761,2024-09-24 09:17:21,333333,____________,865027053384761"
"865027053447121,2025-12-08 23:56:16,000000222,____________,865027053447121"
"865027053473747,2025-12-08 23:40:25,000333222,____________,865027053473747"
"865027053436546,2025-12-08 23:49:54,000000222,____________,865027053436546"
"865027053470628,2025-12-08 21:41:14,000000222,____________,865027053470628"
"865027053452428,2025-12-08 23:37:52,000022222,____________,865027053452428"
"865027053463615,2025-12-08 23:42:22,000002222,____________,865027053463615"
"865027053464076,2025-12-08 23:32:42,000033222,____________,865027053464076"
"865027053463862,2025-12-08 23:43:29,000000222,____________,865027053463862"
"865027053461908,2025-12-08 23:21:29,002222222,____________,865027053461908"
"865027053463334,2025-12-08 23:56:49,002222222,____________,865027053463334"
"865027053436413,2025-12-08 23:42:10,002222222,____________,865027053436413"
"865027053436223,2025-12-08 23:34:01,002222222,____________,865027053436223"
"865027053434749,2025-12-08 23:51:43,002222222,____________,865027053434749"
"865027053446792,2025-12-09 00:00:06,002222222,____________,865027053446792"
"865027053446842,2025-12-08 23:48:12,002222222,____________,865027053446842"
"865027053435399,2025-12-08 23:50:51,002222222,____________,865027053435399"
"865027053439854,2025-12-08 23:35:56,002222222,____________,865027053439854"
"865027053456445,2025-12-09 00:01:10,002222222,____________,865027053456445"
"865027053476591,2025-12-09 00:00:38,002222222,____________,865027053476591"
"865027053434582,2025-12-08 23:37:46,002222222,____________,865027053434582"
"865027053446677,2025-12-08 23:51:13,002222222,____________,865027053446677"
"865027053454135,2025-12-09 00:01:51,002222222,____________,865027053454135"
"865027053446776,2025-12-08 23:32:53,002222222,____________,865027053446776"
"865027053446362,2025-12-08 23:47:23,002222222,____________,865027053446362"
"865027053446248,2025-12-08 23:38:08,002222222,____________,865027053446248"
"865027053453152,2025-12-08 23:58:02,002222222,____________,865027053453152"
"865027053478449,2025-12-08 23:39:47,002222222,____________,865027053478449"
"865027053479298,2025-12-08 23:34:13,002222222,____________,865027053479298"
"865027053446636,2025-12-08 23:58:51,002222222,____________,865027053446636"
"865027053462062,2025-12-08 23:41:01,002222222,____________,865027053462062"
"865027053458433,2025-12-08 23:54:02,002222222,____________,865027053458433"
"865027053447154,2025-12-08 12:26:15,332222222,____________,865027053447154"
"861410049557084,2025-12-08 22:23:09,002222222,____________,861410049557084"
"865027053452352,2025-12-08 23:43:47,002222222,____________,865027053452352"
"865027053457492,2024-03-07 03:40:45,332222,____________,865027053457492"
"865027053423874,2025-09-23 11:06:32,332222222,____________,865027053423874"
"865027053444706,2025-12-08 23:43:52,002222222,____________,865027053444706"
"865027053423973,2025-12-08 23:41:47,002222222,____________,865027053423973"
"865027053439441,2025-12-08 23:53:00,002222222,____________,865027053439441"
"865027053438666,2025-12-08 23:42:15,002222222,____________,865027053438666"
"865027053473572,2024-04-27 15:15:44,332222,____________,865027053473572"
"865027053450885,2025-12-08 16:29:44,002222222,____________,865027053450885"
"865027053424153,2025-07-22 09:58:54,333332,____________,865027053424153"
"865027053463516,2025-12-08 23:37:20,000000222,____________,865027053463516"
"865027053450547,2025-12-08 23:55:12,002222222,____________,865027053450547"
"861410049557340,2025-12-08 23:35:36,002222222,____________,861410049557340"
"868681049143488,2025-12-08 23:57:14,002222222,____________,868681049143488"
"866094058470671,2025-12-08 23:35:41,002222222,____________,866094058470671"
"861410049560021,2025-12-08 23:36:27,002222222,____________,861410049560021"
"861410049519795,2025-12-08 23:47:38,002222222,____________,861410049519795"
"866094052830110,2025-12-08 23:33:17,002222222,____________,866094052830110"
"861410049507741,2025-12-08 23:45:50,002222222,____________,861410049507741"
"861410049560211,2025-12-08 23:48:14,002222222,____________,861410049560211"
"860374056957952,2025-12-08 23:26:57,002222222,____________,860374056957952"
"861410049506644,2025-12-08 23:51:42,002222222,____________,861410049506644"
"866094052431786,2025-12-09 00:01:56,002222222,____________,866094052431786"
"866094052794563,2025-12-08 23:41:09,002222222,____________,866094052794563"
"860374056941527,2025-12-08 23:40:14,002222222,____________,860374056941527"
"861410049562431,2025-12-09 00:01:33,002222222,____________,861410049562431"
"860374056961541,2025-12-08 23:49:49,002222222,____________,860374056961541"
"868681049133158,2025-12-08 23:59:53,002222222,____________,868681049133158"
"866094058449600,2025-12-08 23:54:44,002222222,____________,866094058449600"
"861410049558140,2025-12-08 23:45:27,002222222,____________,861410049558140"
"861410049557076,2025-12-08 23:34:51,002222222,____________,861410049557076"
"865027053453533,2025-12-08 23:43:06,002222222,____________,865027053453533"
"865027053453525,2025-12-08 23:38:26,002222222,____________,865027053453525"
"865027053460298,2025-12-08 23:59:54,002222222,____________,865027053460298"
"865027053415672,2024-05-27 09:47:20,332222,____________,865027053415672"
"865027053423833,2024-01-22 22:53:41,332222,____________,865027053423833"
"865027053462211,2024-03-17 20:27:18,332222,____________,865027053462211"
"865027053413362,2024-07-05 15:22:06,332222,____________,865027053413362"
"865027053452477,2024-05-02 05:31:08,332222,____________,865027053452477"
"865027053438708,2025-06-01 10:08:01,332222,____________,865027053438708"
"865027053452337,2024-03-25 19:13:06,332222,____________,865027053452337"
"865027053447030,2025-12-08 23:59:17,002222222,____________,865027053447030"
"865027053463839,2024-06-22 19:56:10,332222,____________,865027053463839"
"865027053415607,2024-06-29 12:44:00,332222,____________,865027053415607"
"865027053462203,2024-07-19 04:48:36,332222,____________,865027053462203"
"865027053466147,2023-06-20 16:51:40,332222,____________,865027053466147"
"865027053476401,2024-07-26 02:34:35,332222,____________,865027053476401"
"865027053461981,2024-05-14 20:37:15,332222,____________,865027053461981"
"865027053447295,2025-03-07 11:13:46,332222,____________,865027053447295"
"865027053463730,2024-07-04 16:16:14,332222,____________,865027053463730"
"865027053415623,2025-04-11 19:02:00,332222,____________,865027053415623"
"865027053415409,2023-10-12 02:06:57,332222,____________,865027053415409"
"865027053415813,2024-01-19 23:30:02,332222,____________,865027053415813"
"865027053478456,2024-06-26 17:36:21,332222,____________,865027053478456"
"865027053393853,2024-05-01 06:26:35,332222,____________,865027053393853"
"865027053438963,2023-06-20 16:46:40,332222,____________,865027053438963"
"865027053415797,2024-05-30 00:10:11,332222,____________,865027053415797"
"865027053461650,2024-07-20 05:50:34,332222,____________,865027053461650"
"865027053430259,2025-12-08 23:55:46,002222222,____________,865027053430259"
"865027053436710,2023-06-20 15:50:18,332222,____________,865027053436710"
"865027053447576,2023-06-20 15:48:29,332222,____________,865027053447576"
"865027053423072,2024-03-01 06:44:24,332222,____________,865027053423072"
"865027053447394,2024-01-31 17:40:56,332222,____________,865027053447394"
"865027053469562,2023-06-20 15:48:27,332222,____________,865027053469562"
"865027053436686,2023-06-20 15:46:16,332222,____________,865027053436686"
"865027053423502,2023-08-27 14:02:19,332222,____________,865027053423502"
"865027053388895,2023-06-20 15:50:18,332222,____________,865027053388895"
"865027053454069,2023-06-20 15:48:23,332222,____________,865027053454069"
"865027053439383,2024-05-14 17:35:41,332222,____________,865027053439383"
"865027053422256,2024-06-08 12:33:09,332222,____________,865027053422256"
"865027053437643,2025-12-08 23:47:53,002222222,____________,865027053437643"
"865027053408198,2024-06-18 16:25:58,332222,____________,865027053408198"
"865027053393572,2025-12-08 23:54:21,002222222,____________,865027053393572"
"865027053461130,2024-05-17 02:00:39,332222,____________,865027053461130"
"865027053454960,2025-12-08 23:44:12,002222222,____________,865027053454960"
"865027053452329,2024-07-03 21:06:52,332222,____________,865027053452329"
"865027053464704,2024-04-17 02:56:58,332222,____________,865027053464704"
"865027053411572,2024-07-22 20:27:34,332222,____________,865027053411572"
"865027053436660,2025-12-08 23:54:57,002222222,____________,865027053436660"
"865027053457039,2024-07-03 05:37:44,332222,____________,865027053457039"
"865027053450299,2024-07-21 06:49:24,332222,____________,865027053450299"
"865027053468606,2025-12-08 23:44:51,002222222,____________,865027053468606"
"865027053437106,2024-11-27 12:01:19,332222,____________,865027053437106"
"865027053472509,2024-11-09 13:45:36,332222,____________,865027053472509"
"865027053467061,2025-12-08 23:33:39,002222222,____________,865027053467061"
"865027053466352,2025-06-10 09:39:42,332222,____________,865027053466352"
"865027053453467,2025-12-08 23:53:23,002222222,____________,865027053453467"
"865027053453509,2025-12-08 23:41:05,002222222,____________,865027053453509"
"865027053454358,2025-12-09 00:01:03,002222222,____________,865027053454358"
"865027053481286,2025-12-08 23:37:49,002222222,____________, 865027053481286"
"865027053463938,2025-12-08 23:29:11,002222222,____________,865027053463938"
"865027053464761,2025-12-08 23:45:30,002222222,____________,865027053464761"
"865027053420300,2025-12-08 23:34:04,002222222,____________,865027053420300"
"865027053470453,2025-12-08 23:44:06,002222222,____________,865027053470453"
"865027053482292,2024-03-04 12:12:26,332222,____________,865027053482292"
"865027053479579,2025-12-08 23:42:32,002222222,____________,865027053479579"
"865027053479637,2025-12-08 23:36:30,002222222,____________,865027053479637"
"865027053446396,2025-12-08 23:37:13,002222222,____________,865027053446396"
"865027053477292,2025-12-08 23:47:42,002222222,____________,865027053477292"
"865027053461122,2025-08-12 12:20:15,332222,____________,865027053461122"
"865027053440258,2025-12-09 00:01:32,002222222,____________,865027053440258"
"865027053434996,2025-12-08 23:44:17,002222222,____________,865027053434996"
"865027053467491,2024-11-09 12:55:37,332222,____________,865027053467491"
"865027053479546,2025-12-08 23:41:59,002222222,____________,865027053479546"
"865027053446313,2025-12-08 23:51:20,002222222,____________,865027053446313"
"865027053436702,2025-12-08 23:36:31,002222222,____________,865027053436702"
"865027053436926,2025-12-08 23:58:56,002222222,____________,865027053436926"
"865027053466030,2025-12-08 23:36:21,002222222,____________,865027053466030"
"865027053437619,2025-12-08 23:55:40,002222222,____________,865027053437619"
"865027053479702,2025-12-08 23:32:51,002222222,____________,865027053479702"
"865027053469612,2025-12-08 23:32:51,002222222,____________,865027053469612"
"865027053473499,2025-12-08 23:45:49,002222222,____________,865027053473499"
"865027053476419,2025-12-08 23:40:25,002222222,____________,865027053476419"
"865027053469281,2025-12-08 23:34:38,002222222,____________,865027053469281"
"865027053479371,2025-12-08 23:49:40,002222222,____________,865027053479371"
"865027053479421,2025-12-08 23:49:58,002222222,____________,865027053479421"
"865027053464860,2025-12-08 23:50:12,002222222,____________,865027053464860"
"865027053437718,2025-12-08 23:47:06,002222222,____________,865027053437718"
"865027053434962,2025-12-08 23:48:55,022222222,____________,865027053434962"
"865027053460470,2025-12-08 23:50:02,002222222,____________,865027053460470"
"865027053464878,2025-12-08 23:55:19,002222222,____________,865027053464878"
"865027053447428,2025-12-08 23:52:46,002222222,____________,865027053447428"
"865027053437361,2025-12-08 23:33:14,002222222,____________,865027053437361"
"865027053436058,2024-11-26 14:10:43,332222,____________,865027053436058"
"865027053438625,2024-11-26 13:27:50,332222,____________,865027053438625"
"865027053457203,2024-11-26 14:17:27,332222,____________,865027053457203"
"865027053476716,2025-12-08 23:41:25,002222222,____________,865027053476716"
"865027053464795,2025-12-08 23:38:48,002222222,____________,865027053464795"
"865027053464720,2025-12-08 23:55:47,002222222,____________,865027053464720"
"865027053456262,2024-11-26 14:37:44,332222,____________,865027053456262"
"865027053464548,2025-12-08 23:47:22,002222222,____________,865027053464548"
"865027053478498,2025-12-08 23:35:28,022222222,____________,865027053478498"
"865027053469596,2025-12-08 23:54:21,002222222,____________,865027053469596"
"865027053447444,2025-12-08 23:41:25,002222222,____________,865027053447444"
"865027053447469,2025-12-08 23:39:25,002222222,____________,865027053447469"
"865027053466204,2025-12-08 23:52:31,002222222,____________,865027053466204"
"865027053479462,2025-12-08 23:32:43,002222222,____________,865027053479462"
"865027053447410,2025-12-08 23:40:54,002222222,____________,865027053447410"
"865027053436769,2025-12-08 23:32:59,002222222,____________,865027053436769"
"865027053464035,2025-11-14 12:07:00,333333222,____________,865027053464035"
"865027053466865,2024-11-29 18:59:56,332222,____________,865027053466865"
"865027053478472,2025-12-08 23:56:03,002222222,____________,865027053478472"
"865027053478050,2025-12-08 23:58:53,022222222,____________,865027053478050"
"865027053478415,2023-06-20 11:32:11,332222222,____________,865027053478415"
"865027053435365,2025-12-08 23:32:42,002222222,____________,865027053435365"
"865027053472301,2025-12-08 23:33:42,002222222,____________,865027053472301"
"865027053461841,2023-06-20 11:49:21,332222222,____________,865027053461841"
"865027053437965,2025-12-08 23:35:53,002222222,____________,865027053437965"
"865027053436066,2025-12-08 23:37:09,002222222,____________,865027053436066"
"865027053463920,2023-06-20 13:49:33,332222222,____________,865027053463920"
"865027053437353,2025-12-08 23:37:39,002222222,____________,865027053437353"
"865027053463680,2025-12-08 23:52:48,002222222,____________,865027053463680"
"865027053467046,2025-12-08 23:41:09,002222222,____________,865027053467046"
"865027053435613,2025-12-08 12:03:42,332222222,____________,865027053435613"
"866732055478748,2025-12-08 12:31:02,332222222,____________,866732055478748"
"861410049507386,2025-12-08 12:19:06,332222222,____________,861410049507386"
"861410049558371,2025-12-08 23:52:03,002222222,____________,861410049558371"
"865027053420656,2025-12-04 02:45:56,333333222,____________,865027053420656"
"865027053463490,2025-12-02 08:07:34,333333222,____________,865027053463490"
"865027053461759,2025-12-08 22:43:55,002222222,____________,865027053461759"
"865027053439706,2025-12-09 00:01:55,002222222,____________,865027053439706"
"865027053454218,2025-12-08 23:39:22,002222222,____________,865027053454218"
"865027053449234,2025-12-08 23:11:57,002222222,____________,865027053449234"
"865027053423510,2025-12-08 23:31:24,002222222,____________,865027053423510"
"865027053476542,2025-12-08 23:58:32,002222222,____________,865027053476542"
"865027053438922,2025-12-08 23:50:15,002222222,____________,865027053438922"
"865027053463391,2025-08-12 12:04:33,332222,____________,865027053463391"
"865027053439615,2025-12-08 23:45:31,022222222,____________,865027053439615"
"865027053439466,2025-12-08 23:36:39,002222222,____________,865027053439466"
"865027053439003,2023-06-20 11:45:01,332222222,____________,865027053439003"
"865027053438971,2025-12-08 23:58:48,002222222,____________,865027053438971"
"865027053467376,2025-12-08 23:52:11,002222222,____________,865027053467376"
"865027053444466,2025-12-08 23:32:44,022222222,____________,865027053444466"
"865027053473903,2025-07-30 12:11:19,332222,____________,865027053473903"
"865027053472269,2025-06-06 13:00:14,332222,____________,865027053472269"
"865027053466287,2024-01-09 04:45:23,332222,____________,865027053466287"
"865027053424096,2024-07-29 15:53:45,332222,____________,865027053424096"
"865027053463789,2025-04-09 07:31:54,332222,____________,865027053463789"
"865027053466683,2025-12-08 23:53:07,002222222,____________,865027053466683"
"865027053416167,2025-12-08 23:48:10,002222222,____________,865027053416167"
"865027053415938,2025-12-08 23:58:22,002222222,____________,865027053415938"
"865027053460249,2025-12-09 00:01:14,002222222,____________,865027053460249"
"865027053415128,2025-12-08 23:44:46,002222222,____________,865027053415128"
"865027053415219,2025-12-08 23:51:59,002222222,____________,865027053415219"
"865027053416076,2025-12-08 23:39:36,002222222,____________,865027053416076"
"865027053446883,2025-12-08 23:33:45,002222222,____________,865027053446883"
"865027053415169,2025-12-08 23:58:45,002222222,____________,865027053415169"
"865027053466345,2025-12-08 23:42:56,002222222,____________,865027053466345"
"865027053430242,2025-12-08 23:30:40,002222222,____________,865027053430242"
"865027053415326,2024-03-06 11:07:12,332222,____________,865027053415326"
"865027053450042,2024-03-06 02:48:51,332222,____________,865027053450042"
"865027053452311,2025-08-28 10:01:08,332222222,____________,865027053452311"
"865027053436421,2024-04-03 08:25:31,332222,____________,865027053436421"
"865027053461700,2025-12-08 23:49:35,002222222,____________,865027053461700"
"865027053414956,2025-08-28 10:03:19,332222222,____________,865027053414956"
"865027053438484,2024-09-11 16:08:01,332222222,____________,865027053438484"
"865027053437577,2025-12-08 23:52:15,022222222,____________,865027053437577"
"865027053460512,2025-12-08 23:55:05,002222222,____________,865027053460512"
"865027053436801,2025-06-06 13:00:14,332222,____________,865027053436801"
"865027053438377,2025-12-08 23:39:53,002222222,____________,865027053438377"
"865027053438476,2025-12-08 23:48:08,002222222,____________,865027053438476"
"865027053438609,2025-12-08 23:57:52,022222222,____________,865027053438609"
"865027053439698,2025-12-08 23:57:09,002222222,____________,865027053439698"
"865027053383284,2025-12-08 23:51:36,002222222,____________,865027053383284"
"865027053473291,2025-02-12 11:27:28,333333,____________,865027053473291"
"865027053438542,2025-12-08 23:47:43,000033222,____________,865027053438542"
"865027053438013,2025-12-08 23:45:47,000000222,____________,865027053438013"
"865027053455561,2025-12-08 23:48:47,000333222,____________,865027053455561"
"865027053453301,2025-12-08 23:55:43,003333222,____________,865027053453301"
"865027053438393,2025-12-08 23:56:28,000033222,____________,865027053438393"
"865027053455751,2025-12-08 23:57:28,000000222,____________,865027053455751"
"865027053467277,2025-12-09 00:00:17,000003222,____________,865027053467277"
"865027053431612,2023-09-15 02:40:09,333333,____________,865027053431612"
"865027053463888,2024-02-19 14:28:14,333333,____________,865027053463888"
"866094052827678,2025-12-08 23:45:17,000000222,____________,866094052827678"
"861410049525438,2024-06-03 20:41:21,332222,____________,861410049525438"
"861410049520108,2023-08-24 18:20:30,332222,____________,861410049520108"
"861410049506636,2025-12-08 23:41:18,002222222,____________,861410049506636"
"861410049560534,2025-12-08 23:49:40,002222222,____________,861410049560534"
"865027053423841,2025-12-08 23:54:44,000022222,____________,865027053423841"
"865027053384951,2025-12-08 23:43:53,002222222,____________,865027053384951"
"865027053435324,2025-12-08 23:50:09,002222222,____________,865027053435324 "
"865027053422371,2025-12-08 23:40:26,022222222,____________,865027053422371 "
"865027053458334,2025-12-08 23:46:20,002222222,____________,865027053458334 "
"865027053444391,2025-12-08 23:45:32,002222222,____________,865027053444391"
"865027053450513,2025-12-08 23:43:47,002222222,____________,865027053450513 "
"865027053422710,2024-04-26 06:29:42,332222,____________,865027053422710"
"865027053473341,2024-01-11 06:02:12,332222,____________,865027053473341 "
"865027053469968,2025-12-08 23:42:23,002222222,____________,865027053469968"
"865027053466394,2025-01-23 15:40:21,332222,____________,865027053466394 "
"865027053385933,2025-12-09 00:00:46,002222222,____________,865027053385933"
"865027053461056,2025-12-08 23:45:14,002222222,____________,865027053461056"
"865027053424047,2025-12-08 23:38:40,002222222,____________,865027053424047"
"865027053435449,2025-12-08 23:43:17,002222222,____________,865027053435449 "
"865027053462021,2024-01-11 06:27:51,332222,____________,865027053462021"
"865027053454200,2025-12-08 23:36:48,022222222,____________,865027053454200"
"865027053465008,2025-12-08 23:52:08,002222222,____________,865027053465008 "
"865027053415136,2024-04-21 21:46:39,332222,____________,865027053415136"
"865027053460165,2024-04-07 07:07:10,332222,____________,865027053460165"
"865027053460272,2024-05-02 11:42:48,332222,____________,865027053460272"
"865027053415284,2024-03-07 03:01:25,332222,____________,865027053415284"
"865027053416035,2024-05-13 20:14:07,332222,____________,865027053416035"
"865027053415359,2025-08-27 12:29:09,332222,____________,865027053415359"
"865027053415920,2024-04-05 14:53:23,332222,____________,865027053415920"
"865027053415276,2023-06-16 11:29:10,332222,____________,865027053415276"
"865027053415375,2023-06-16 10:35:16,332222,____________,865027053415375"
"865027053460157,2025-12-08 23:38:15,002222222,____________,GX-HZ-T-ZCTX-000135"
"865027053460108,2023-06-16 11:06:40,332222,____________,865027053460108"
"865027053457120,2024-01-24 13:30:35,332222,____________,865027053457120"
"865027053415318,2024-04-25 18:05:22,332222,____________,865027053415318"
"865027053456544,2025-12-08 21:30:31,002222222,____________,865027053456544"
"865027053416100,2025-12-08 23:40:50,002222222,____________,865027053416100"
"865027053460322,2025-12-08 23:56:06,022222222,____________,865027053460322"
"865027053460132,2025-12-08 23:54:26,002222222,____________,865027053460132"
"865027053415193,2025-12-08 23:34:51,002222222,____________,865027053415193"
"865027053415292,2025-12-08 23:44:57,002222222,____________,865027053415292"
"865027053454226,2025-12-08 23:54:18,000033222,____________,865027053454226"
"865027053447980,2025-12-09 00:01:49,003333222,____________,865027053447980"
"861410049557662,2025-12-08 23:38:10,003333,____________,SX-BJ-T-ZCTX-000148"
"865027053424294,2025-12-08 23:51:09,000033222,____________,865027053424294"
"860374057047084,2025-12-08 23:43:38,000033222,____________,860374057047084"
"865027053448137,2025-12-08 23:41:24,000003222,____________,865027053448137"
"865027053440829,2025-12-08 18:34:01,003333222,____________,865027053440829"
"865027053473929,2025-12-08 23:33:29,003333222,____________,865027053473929"
"866094058471141,2024-07-23 17:47:25,333333222,____________,866094058471141"
"860374056993452,2025-12-08 23:47:25,003333222,____________,860374056993452"
"865027053461643,2025-12-08 23:42:01,000003222,____________,865027053461643"
"865027053478589,2025-12-08 23:48:34,000033222,____________,865027053478589"
"865027053473374,2025-12-08 23:48:51,003333222,____________,865027053473374"
"865027053436587,2025-12-08 23:48:28,003333222,____________,865027053436587"
"865027053439474,2025-12-08 23:48:01,003333222,____________,865027053439474"
"865027053393648,2025-12-08 23:35:03,000333222,____________,865027053393648"
"865027053439433,2025-12-08 23:33:26,003333222,____________,865027053439433"
"865027053456320,2025-12-08 23:47:46,000003222,____________,865027053456320"
"865027053460207,2025-12-08 23:51:02,000000222,____________,865027053460207"
"865027053478100,2025-12-08 23:34:47,000000222,____________,865027053478100"
"865027053467715,2025-12-08 23:52:13,000000222,____________,865027053467715"
"865027053415946,2025-12-08 23:50:38,000000222,____________,865027053415946"
"865027053463201,2025-08-25 21:29:28,333222222,____________,865027053463201"
"861410049558777,2023-06-13 16:30:50,332222222,,861410049558777"
"865027053447543,2025-12-09 00:01:55,000003222,____________,865027053447543"
"865027053416092,2025-12-08 23:51:05,000000222,____________,865027053416092"
"865027053415227,2025-12-08 23:44:48,000000222,____________,865027053415227"
"865027053456437,2025-09-18 09:59:16,333333222,____________,865027053456437"
"861410049507246,2025-12-08 23:44:25,303332,____________,SX-BJ-T-ZCTX-000171"
"865027053466378,2025-12-08 21:29:00,003333222,____________,865027053466378"
"865027053469075,2025-12-08 23:43:24,003333222,____________,865027053469075"
"865027053423908,2025-10-31 11:08:15,333333222,____________,865027053423908"
"865027053424336,2025-12-08 23:46:41,000000222,____________,865027053424336"
"865027053466360,2025-12-08 23:33:01,000000222,____________,865027053466360"
"865027053465941,2025-12-08 23:46:50,003333222,____________,865027053465941"
"865027053452527,2025-12-09 00:00:28,003333222,____________,865027053452527"
"865027053482003,2025-12-08 23:35:15,000003222,____________,865027053482003"
"865027053445752,2025-12-08 23:44:18,003333222,____________,865027053445752"
"865027053465883,2025-12-08 23:59:39,003333222,____________,865027053465883"
"865027053467160,2024-08-04 15:25:18,333333,____________,865027053467160"
"861410049561979,2025-12-08 23:57:04,000002222,____________,861410049561979"
"861410049559007,2025-12-08 23:50:55,002222222,____________,861410049559007"
"861410049507170,2025-07-16 12:45:14,322222,____________,861410049507170"
"861410049519845,2025-12-08 23:50:58,002222222,____________,861410049519845"
"860374056944406,2025-12-08 23:44:56,002222222,____________,860374056944406"
"866094058454717,2025-12-08 23:50:30,002222222,____________,866094058454717"
"861410049558850,2025-12-08 23:53:13,000222222,____________,861410049558850"
"860123055526908,2025-12-08 12:37:24,333333,____________,860123055526908"
"861410049559510,2025-12-08 23:46:27,000000222,____________,861410049559510"
"860374056934332,2025-12-08 12:46:30,000022222,____________,860374056934332"
"860374056967035,2025-12-08 23:36:36,000000222,____________,860374056967035"
"865027053469133,2024-07-28 14:20:41,332222,____________,865027053469133"
"865027053424088,2025-12-08 23:51:54,002222222,____________,865027053424088"
"865027053463896,2024-11-06 13:20:40,332222,____________,865027053463896"
"865027053439722,2025-12-08 23:38:46,002222222,____________,865027053439722"
"865027053461676,2025-12-08 23:39:46,002222222,____________,865027053461676"
"865027053424765,2025-12-08 23:41:07,002222222,____________,865027053424765"
"865027053464258,2025-03-09 10:47:01,332222,____________,865027053464258"
"865027053463821,2025-12-09 00:01:47,002222222,____________,865027053463821"
"865027053438781,2025-12-08 23:51:26,022222222,____________,865027053438781"
"865027053424351,2025-12-08 23:57:42,002222222,____________,865027053424351"
"865027053454267,2025-12-08 23:53:00,002222222,____________,865027053454267"
"865027053464225,2025-12-08 23:44:18,002222222,____________,865027053464225"
"865027053466279,2025-12-08 23:10:56,002222222,____________,865027053466279 "
"865027053476484,2025-12-08 23:47:27,022222222,____________,865027053476484 "
"865027053438997,2025-12-09 00:00:30,002222222,____________,865027053438997 "
"865027053466162,2025-12-08 23:35:49,002222222,____________,865027053466162 "
"865027053472210,2025-12-08 12:44:08,002222222,____________,865027053472210"
"865027053472228,2025-12-08 23:50:29,002222222,____________,865027053472228"
"865027053443823,2025-12-08 23:50:45,002222222,____________,865027053443823"
"865027053447550,2024-01-07 17:17:09,332222,____________,865027053447550 "
"865027053454259,2024-01-10 09:21:22,332222,____________,865027053454259 "
"865027053476476,2025-12-08 23:38:14,002222222,____________,865027053476476 "
"865027053448244,2025-12-08 23:47:06,002222222,____________,865027053448244 "
"865027053478530,2025-12-08 23:58:06,022222222,____________,865027053478530 "
"865027053454234,2023-12-17 19:16:29,332222,____________,865027053454234 "
"865027053424054,2024-01-10 21:17:22,332222,____________,865027053424054 "
"865027053463524,2024-09-10 12:01:48,332222,____________,865027053463524 "
"865027053463847,2025-12-08 23:57:28,022222222,____________,865027053463847 "
"865027053391428,2024-10-12 00:05:27,332222,____________,865027053391428 "
"865027053473614,2025-01-23 11:53:06,332222,____________,865027053473614"
"865027053452444,2025-12-08 23:39:49,002222222,____________,865027053452444 "
"865027053444417,2025-12-09 00:02:16,002222222,____________,865027053444417"
"865027053454150,2025-12-08 23:59:43,002222222,____________,865027053454150"
"865027053463581,2025-12-08 23:39:02,002222222,____________,865027053463581"
"865027053436371,2025-04-22 11:44:09,332222,____________,865027053436371"
"865027053448582,2025-12-09 00:00:51,002222222,____________,865027053448582"
"865027053423981,2025-12-08 23:45:16,002222222,____________,865027053423981"
"865027053434640,2025-09-23 11:02:11,322222222,____________,865027053434640"
"865027053463367,2025-12-08 23:45:13,002222222,____________,865027053463367"
"865027053466600,2025-12-09 00:01:12,002222222,____________,865027053466600"
"865027053435373,2025-12-08 23:58:33,002222222,____________,865027053435373"
"865027053476526,2025-12-08 23:54:14,002222222,____________,865027053476526"
"865027053464456,2025-12-08 23:53:10,002222222,____________,865027053464456"
"865027053467392,2025-12-08 23:55:29,022222222,____________,865027053467392"
"865027053435308,2025-12-08 23:42:13,002222222,____________,865027053435308"
"865027053461635,2025-12-08 23:32:44,002222222,____________,865027053461635"
"865027053464118,2025-12-08 23:43:53,022222222,____________,865027053464118"
"865027053463318,2025-12-08 23:51:06,002222222,____________,865027053463318"
"865027053476492,2025-12-08 23:53:33,002222222,____________,865027053476492"
"865027053463797,2025-12-08 21:30:02,002222222,____________,865027053463797"
"865027053469125,2025-12-08 23:33:28,002222222,____________,865027053469125"
"865027053466972,2025-12-08 23:47:30,002222222,____________,865027053466972"
"865027053461106,2025-12-08 23:33:56,002222222,____________,865027053461106"
"865027053416969,2025-12-08 23:55:09,002222222,____________,865027053416969"
"865027053477110,2025-12-08 23:59:44,002222222,____________,865027053477110"
"865027053473317,2025-12-08 23:51:24,002222222,____________,865027053473317"
"865027053417702,2025-12-08 12:04:50,332222,____________,865027053417702"
"865027053422330,2025-12-08 23:48:16,002222222,____________,865027053422330"
"865027053427289,2025-06-07 13:00:14,332222,____________,865027053427289"
"865027053468002,2025-12-08 23:53:43,002222222,____________,865027053468002"
"865027053448855,2025-12-08 23:33:08,002222222,____________,865027053448855"
"865027053391535,2025-12-08 23:08:45,002222222,____________,865027053391535"
"865027053444292,2025-12-08 23:37:37,002222222,____________,GX-WZ-T-ZCTX-000234"
"865027053473655,2025-12-08 23:38:44,002222222,____________,865027053473655"
"865027053424203,2025-12-08 23:51:05,002222222,____________,865027053424203"
"865027053438773,2025-12-08 23:34:14,002222222,____________,865027053438773"
"865027053469109,2025-06-08 13:00:14,332222,____________,865027053469109"
"865027053423916,2025-12-08 12:18:02,332222,____________,865027053423916"
"865027053399686,2025-12-08 23:33:08,002222222,____________,865027053399686"
"865027053478225,2025-12-08 23:54:26,002222222,____________,865027053478225"
"865027053466998,2025-06-07 13:00:14,332222,____________,865027053466998"
"865027052666879,2025-12-08 23:59:25,003022,____________,865027052666879"
"865027053422181,2025-12-08 23:42:35,002222222,____________,865027053422181"
"865027053427214,2025-12-08 23:54:28,002222222,____________,865027053427214"
"865027053473267,2025-08-04 12:01:55,332222,____________,865027053473267"
"865027053456536,2025-12-08 23:54:20,002222222,____________,865027053456536"
"865027053446321,2025-12-08 23:55:32,002222222,____________,865027053446321"
"865027053455140,2025-12-08 23:39:19,002222222,____________,865027053455140"
"865027053461445,2025-12-08 23:51:14,002222222,____________,865027053461445"
"865027053445240,2025-12-08 23:37:25,002222222,____________,GX-HZ-T-ZCTX-000174"
"865027053420938,2025-12-08 23:10:27,002222222,____________,865027053420938"
"865027053445323,2023-06-08 17:42:58,332222,____________,865027053445323"
"865027053477193,2025-12-09 00:00:41,002222222,____________,865027053477193"
"865027053389851,2024-03-27 00:31:56,332222,____________,865027053389851"
"865027053420912,2025-12-08 23:35:24,002222222,____________,865027053420912"
"865027053479512,2025-12-08 23:36:43,002222222,____________,865027053479512"
"865027053421928,2025-12-08 23:35:38,002222222,____________,865027053421928"
"865027053419633,2023-11-15 09:14:16,332222,____________,865027053419633"
"865027053448731,2025-12-09 00:00:40,002222222,____________,GX-HZ-T-ZCTX-000172"
"865027053458383,2024-02-15 17:30:04,332222,____________,865027053458383"
"865027053412414,2023-06-08 18:21:20,332222,____________,865027053412414"
"865027053397680,2023-08-26 04:02:19,332222,____________,865027053397680"
"865027053464100,2025-12-08 23:57:24,002222222,____________,865027053464100"
"865027053472376,2025-12-08 23:59:00,002222222,____________,865027053472376"
"865027053463623,2025-12-08 23:42:56,002222222,____________,865027053463623"
"865027053389109,2025-12-08 23:46:57,002222222,____________,865027053389109"
"865027053476583,2025-12-08 23:42:56,002222222,____________,865027053476583"
"865027053466550,2025-12-08 23:53:18,002222222,____________,865027053466550"
"865027053414733,2024-01-04 23:05:16,332222222,____________,865027053414733"
"865027053423965,2025-12-08 12:39:50,332222222,____________,865027053423965"
"865027053423932,2025-12-08 23:45:46,002222222,____________,865027053423932"
"865027053437320,2025-12-08 23:51:43,002222222,____________,865027053437320"
"865027053447519,2024-06-11 15:32:46,332222222,____________,865027053447519"
"865027053455223,2025-12-08 23:29:00,002222222,____________,865027053455223"
"865027053463433,2025-08-03 16:42:05,332222,____________,865027053463433"
"865027053473564,2025-12-08 23:53:09,002222222,____________,865027053473564"
"865027053470180,2025-12-08 23:45:44,002222222,____________,865027053470180"
"865027053456270,2025-12-08 23:37:32,002222222,____________,865027053456270"
"865027053452303,2025-12-09 00:01:12,002222222,____________,865027053452303"
"865027053463409,2025-12-08 23:49:30,002222222,____________,865027053463409"
"865027053462856,2025-12-08 23:57:38,002222222,____________,865027053462856"
"865027053482300,2025-12-08 23:40:19,002222222,____________,865027053482300"
"865027053455181,2025-12-08 22:42:35,002222222,____________,865027053455181"
"865027053438849,2025-12-08 23:41:02,002222222,____________,865027053438849"
"865027053466329,2025-12-08 23:36:33,002222222,____________,865027053466329"
"865027053438856,2025-12-08 23:57:03,002222222,____________,865027053438856"
"865027053464175,2025-12-08 23:40:19,002222222,____________,865027053464175"
"865027053387251,2025-12-08 23:56:38,002222222,____________,865027053387251"
"865027053429491,2025-12-08 23:39:23,002222222,____________,865027053429491"
"865027053458318,2025-12-08 23:45:15,002222222,____________,865027053458318"
"865027053461452,2025-12-08 23:47:52,002222222,____________,865027053461452"
"865027053421993,2025-12-08 23:35:40,002222222,____________,865027053421993"
"865027053468887,2025-12-08 23:52:00,002222222,____________,865027053468887"
"865027053458409,2025-12-09 00:00:24,002222222,____________,865027053458409"
"865027053427073,2025-12-08 23:59:47,002222222,____________,865027053427073"
"865027053448699,2025-12-08 20:33:55,002222222,____________,865027053448699"
"865027053450331,2025-12-08 23:57:45,002222222,____________,865027053450331"
"865027053447709,2025-12-09 00:00:22,002222222,____________,865027053447709"
"865027053437486,2025-12-08 23:43:31,002222222,____________,865027053437486"
"865027053471246,2025-12-08 23:43:34,002222222,____________,865027053471246"
"865027053447741,2025-12-08 23:53:52,002222222,____________,865027053447741"
"865027053436181,2025-12-08 23:42:59,002222222,____________,865027053436181"
"865027053442486,2025-12-08 23:40:28,002222222,____________,865027053442486"
"865027053437676,2025-12-08 23:49:23,002222222,____________,865027053437676"
"865027053424229,2025-12-08 23:55:34,002222222,____________,865027053424229"
"865027053466402,2025-12-08 23:55:00,002222222,____________,865027053466402"
"865027053439680,2024-05-03 23:52:08,332222,____________,865027053439680"
"865027053455207,2025-12-08 23:35:12,002222222,____________,865027053455207"
"865027053456361,2025-12-08 23:48:25,002222222,____________,865027053456361"
"865027053469083,2025-12-08 23:36:10,002222222,____________,865027053469083"
"865027053423890,2025-12-08 23:51:36,002222222,____________,865027053423890"
"865027053424278,2025-12-08 23:59:00,002222222,____________,865027053424278"
"865027053438831,2025-12-08 23:50:41,002222222,____________,865027053438831"
"865027053423957,2025-12-08 23:33:29,002222222,____________,865027053423957"
"865027053438880,2025-12-08 23:58:22,002222222,____________,865027053438880"
"865027053439623,2025-12-08 23:37:53,002222222,____________,865027053439623"
"865027053438815,2024-02-21 03:05:14,332222,____________,865027053438815"
"865027053438799,2025-12-08 23:38:52,002222222,____________,865027053438799"
"865027053424120,2025-12-08 23:59:17,002222222,____________,865027053424120"
"865027053423940,2025-12-08 23:52:00,002222222,____________,865027053423940"
"865027053466337,2025-12-08 23:48:56,002222222,____________,865027053466337"
"861410049507964,2025-12-09 00:01:57,002222222,____________,861410049507964"
"861410049559254,2025-12-09 00:01:46,002222222,____________,861410049559254"
"860123055526395,2025-12-08 23:58:14,002222222,____________,860123055526395"
"861410049515421,2025-12-08 23:51:07,003003,______(__)____,SX-XA-T-SSFX-000100"
"861410049507410,2025-12-08 23:41:17,003322,______(__)____,SX-XA-T-SSFX-000099"
"861410049515504,2025-12-08 23:56:53,002222222,____________,861410049515504"
"866094058459658,2025-12-08 23:33:47,002222222,____________,866094058459658"
"868681049147067,2025-12-08 23:43:52,002222222,____________,868681049147067"
"861410049559593,2025-12-08 23:36:48,002222222,____________,861410049559593"
"861410049508236,2025-12-08 23:42:26,002222222,____________,861410049508236"
"861410049520074,2025-12-08 23:46:57,002222222,____________,861410049520074"
"861410049524019,2024-06-02 17:54:35,332222,____________,861410049524019"
"861410049562050,2025-12-08 23:52:52,002222222,____________,861410049562050"
"861410049507253,2025-12-08 23:58:31,002222222,____________,861410049507253"
"861410049562571,2025-12-08 23:56:44,002222222,____________,861410049562571"
"861410049519969,2025-12-08 23:59:05,002222222,____________,861410049519969"
"861410049560641,2025-12-08 23:44:21,002222222,____________,861410049560641"
"861410049559080,2025-12-08 23:38:40,002222222,____________,861410049559080"
"861410049506891,2025-12-08 23:36:23,002222222,____________,861410049506891"
"861410049503492,2025-12-08 23:50:28,000002,____________,861410049503492"
"866094052830094,2025-12-08 20:52:00,000222,____________,866094052830094"
"860374056901190,2025-08-13 16:38:04,333332,____________,860374056901190"
"861647050737044,2023-06-13 13:35:46,322222,____________,861647050737044"
"861647050637673,2025-12-09 00:00:08,022222222,____________,861647050637673"
"861647050641204,2025-12-08 23:42:13,020222,____________,861647050641204"
"861410049507840,2025-12-08 12:40:20,333333222,____________,861410049507840"
"861410049506842,2025-12-08 12:34:37,002033,______(__)____,SX-AK-T-SSFX-000047"
"861410049557878,2023-06-03 09:25:42,222222,____________,SX-XY-T-ZCTX-000046"
"861647050641113,2025-12-08 23:33:26,202222222,____________,861647050641113"
"861647050643275,2025-12-08 23:37:37,202222222,____________,861647050643275"
"861647050643473,2025-12-08 23:34:30,202222222,____________,861647050643473"
"861647050641287,2025-12-08 23:58:22,202222222,____________,861647050641287"
"861410049506040,2025-12-08 12:22:28,333322,____________,SX-XY-T-ZCTX-000018"
"861647050501697,2025-12-08 12:48:44,232222222,____________,861647050501697"
"861410049558652,2025-12-09 00:00:44,002222222,____________,861410049558652"
"866732055356043,2025-12-08 23:45:38,022222222,____________,866732055356043"
"866094052432354,2025-06-27 23:35:48,332222,____________,866094052432354"
"861410049562316,2025-12-08 23:44:52,002222222,____________,861410049562316"
"861410049560120,2025-01-24 10:25:28,332222,____________,861410049560120"
"861410049520314,2025-12-08 19:20:02,002222222,____________,861410049520314"
"861410049559288,2025-12-08 23:38:35,000000222,____________,861410049559288"
"868681049136110,2025-12-08 23:50:57,000322222,____________,868681049136110"
"861410049558462,2025-12-08 23:43:07,000022222,____________,861410049558462"
"861410049519860,2025-12-08 23:57:24,000000222,____________,861410049519860"
"866094052832009,2025-12-08 23:40:31,002222222,____________,866094052832009"
"866084052833254,2023-06-13 14:25:11,333333,____________,866084052833254"
"861410049520611,2025-12-08 23:33:26,002222222,____________,861410049520611"
"866094052827744,2025-12-09 00:02:05,002222222,____________,866094052827744"
"860374057095232,2025-11-04 13:53:30,002222222,____________,860374057095232"
"866732055356456,2025-12-08 23:58:05,002222222,____________,866732055356456"
"860374056977778,2025-12-08 23:44:08,002222222,____________,860374056977778"
"861410049560401,2025-12-08 23:54:57,002222222,____________,861410049560401"
"866094058336922,2025-12-08 23:38:32,002222222,____________,866094058336922"
"861410049558702,2025-12-08 23:52:36,002222222,____________,861410049558702"
"861410049560336,2025-07-29 16:22:11,332222222,____________,861410049560336"
"861410049521809,2025-05-22 15:35:15,332222222,____________,861410049521809"
"866094052815574,2025-05-27 14:08:34,332222222,____________,866094052815574"
"868681049132374,2025-05-22 15:25:20,332222222,____________,868681049132374"
"861410049562365,2025-12-08 23:37:41,002222222,____________,861410049562365"
"866094052797392,2025-05-22 15:27:19,332222222,____________,866094052797392"
"861410049561524,2025-05-22 15:31:16,332222222,____________,861410049561524"
"861410049502437,2025-09-15 10:43:23,332222222,____________,861410049502437"
"861410049557605,2025-12-08 23:40:55,002222222,____________,861410049557605"
"866094058466448,2025-05-07 09:37:08,332222222,____________,866094058466448"
"860374057042069,2025-12-08 23:53:14,002222222,____________,860374057042069"
"868681049139155,2025-12-08 23:56:50,002222222,____________,868681049139155"
"860123055605322,2025-12-08 23:35:48,000000,____________,860123055605322"
"861410049519829,2025-12-08 23:53:25,002222222,____________,861410049519829"
"866094058466935,2025-12-08 23:38:37,000033222,____________,866094058466935"
"861410049506578,2025-12-08 23:38:51,003333,____________,SX-WN-T-ZCTX-000155"
"868681049136383,2025-12-08 12:26:21,333333,____________,SX-WN-T-ZCTX-000003"
"861410049522872,2025-12-08 23:56:55,303333,____________,SX-WN-T-ZCTX-000025"
"866732055479654,2025-12-09 00:01:27,002222222,____________,866732055479654"
"860374056943416,2025-12-08 23:36:31,002222222,____________,860374056943416"
"861410049507220,2025-12-08 23:39:22,002222222,____________,861410049507220"
"861410049502957,2025-12-08 23:36:46,002222222,____________,861410049502957"
"868681049136599,2025-12-09 00:00:50,002222222,____________,868681049136599"
"866094052797384,2025-03-17 06:09:47,332222222,____________,866094052797384"
"868681049168626,2025-12-08 23:32:17,002222222,____________,868681049168626"
"861410049507626,2025-03-17 06:39:21,332222222,____________,861410049507626"
"860374056977448,2025-12-08 23:55:45,022222222,____________,860374056977448"
"866094058455706,2025-12-08 23:58:33,022222222,____________,866094058455706"
"861410049506008,2025-12-09 00:00:48,002222222,____________,861410049506008"
"860374056961079,2025-01-23 09:32:30,332222,____________,860374056961079"
"861410049523748,2025-12-08 23:36:25,002222222,____________,861410049523748"
"861410049507279,2025-01-23 09:52:00,332222,____________,861410049507279"
"861410049507501,2025-12-08 23:53:28,002222222,____________,861410049507501"
"861410049559205,2025-12-08 23:38:07,002222222,____________,861410049559205"
"861410049502254,2025-12-08 23:51:56,002222222,____________,861410049502254"
"861410049502809,2025-12-09 00:00:33,022222222,____________,861410049502809"
"861410049558751,2025-12-08 23:58:35,002222222,____________,861410049558751"
"861410049502775,2025-12-08 23:38:02,002222222,____________,GX-NN-T-ZCTX-1004013"
"860374056904376,2025-12-09 00:00:51,002222222,____________,860374056904376"
"861410049557829,2025-12-08 23:59:09,002222222,____________,861410049557829"
"861410049507543,2025-12-08 23:41:12,002222222,____________,861410049507543"
"861410049507550,2025-12-08 23:45:37,002222222,____________,861410049507550"
"866094058450335,2025-12-08 23:45:03,002222222,____________,866094058450335"
"866732055372990,2025-01-24 10:02:56,332222,____________,866732055372990"
"866094052431760,2024-04-07 01:57:41,332222,____________,866094052431760"
"868681049161795,2025-12-08 23:45:19,002222222,____________,868681049161795"
"861410049559429,2025-12-08 12:48:19,022222222,____________,861410049559429"
"860374056936758,2025-12-09 00:01:28,002222222,____________,860374056936758"
"860374056961301,2025-12-08 23:38:23,002222222,____________,860374056961301"
"861410049557720,2024-01-04 10:54:02,332222,____________,861410049557720"
"860374056965674,2025-12-08 23:44:03,002222222,____________,860374056965674"
"861410049506024,2025-12-08 23:39:17,022222222,____________,861410049506024"
"866094058468964,2025-12-08 23:44:54,002222222,____________,866094058468964"
"860374057006015,2025-12-08 23:50:27,002222222,____________,860374057006015"
"861410049506834,2025-12-08 23:45:31,002222222,____________,861410049506834"
"861410049519985,2025-12-08 23:46:07,002222222,____________,861410049519985"
"861410049507196,2025-12-08 19:38:57,022222222,____________,861410049507196"
"860374056909078,2025-12-08 23:49:00,002222222,____________,860374056909078"
"866094058471927,2025-12-08 23:53:10,002222222,____________,866094058471927"
"868681049139171,2025-01-23 09:46:34,332222,____________,868681049139171"
"861410049558744,2025-12-08 23:54:48,002222222,____________,861410049558744"
"866094058470051,2025-06-10 21:53:27,332222,____________,866094058470051"
"860374056996620,2025-12-08 23:46:52,002222222,____________,860374056996620"
"861410049557456,2023-05-23 13:17:27,222222,____________,861410049557456"
"860374057082065,2025-12-08 23:37:45,000033222,____________,860374057082065"
"866094052802770,2025-12-08 23:44:29,002222222,____________,866094052802770"
"866732055479266,2025-12-08 23:51:32,002222222,____________,866732055479266"
"861410049562068,2025-12-08 23:54:40,002222222,____________,861410049562068"
"866094058455664,2025-12-07 08:41:08,333333,____________,SX-WN-T-ZCTX-000178"
"861410049557647,2025-12-08 12:34:49,333332222,____________,861410049557647"
"861410049502759,2025-12-08 12:46:17,000333222,____________,861410049502759"
"861647050641733,2025-12-08 23:57:18,022222,____________,SX-WN-T-ZCTX-000035"
"866094058469244,2025-07-02 20:40:49,333333222,____________,866094058469244"
"861410049558108,2025-12-08 23:43:51,000000222,____________,861410049558108"
"866094052794845,2025-12-08 23:56:19,002222222,____________,866094052794845"
"861410049557787,2025-12-08 23:31:26,022222222,____________,861410049557787"
"860123055476880,2025-12-08 23:41:13,022222222,____________,860123055476880"
"860374057099093,2025-12-08 23:48:43,022222222,____________,860374057099093"
"861410049502874,2025-12-08 23:41:10,022222222,____________,861410049502874"
"861410049559924,2025-12-08 23:48:40,022222222,____________,861410049559924"
"861410049503757,2025-12-08 23:53:28,022222222,____________,861410049503757"
"860374057089573,2023-05-19 15:00:21,222222222,____________,860374057089573"
"861410049519233,2023-12-09 00:22:05,332222222,____________,861410049519233"
"866094058455102,2025-12-09 00:00:41,002222222,____________,866094058455102"
"861410049502296,2025-12-08 23:33:06,002222222,____________,861410049502296"
"861647050640156,2025-12-08 23:34:13,000222,____________,SX-XA-T-ZCTX-000309"
"865027052386619,2025-12-08 12:42:06,322222,____________,SX-WN-T-ZCTX-000014"
"861410049558660,2025-08-27 12:33:17,332223,____________,861410049558660"
"861410049507881,2025-12-08 23:54:13,002222222,____________,861410049507881"
"868681049131277,2025-12-08 23:55:35,002222222,_________,GX-LB-T-ZYJ-001009"
"866732055356134,2025-12-08 23:51:35,002222222,____________,866732055356134"
"866094052837446,2025-12-09 00:01:03,003333,____________,866094052837446"
"861410049520348,2025-12-08 23:48:42,000000222,____________,861410049520348"
"866094052802572,2025-12-08 23:45:50,003333222,____________,866094052802572"
"866094052827710,2025-12-08 23:59:14,000022222,____________,866094052827710"
"868681049143512,2025-12-08 23:52:42,000003222,____________,868681049143512"
"866094052823925,2025-12-08 23:48:00,000333222,____________,866094052823925"
"861410049558587,2025-12-08 23:40:54,000000222,____________,861410049558587"
"861410049560633,2025-12-08 23:40:39,000022222,____________,861410049560633"
"860123055691397,2025-12-08 23:54:12,000000222,____________,860123055691397"
"861410049559452,2024-03-04 16:04:37,333333,____________,861410049559452"
"868681043900826,2025-12-09 00:00:31,000333222,____________,868681043900826"
"861410049507857,2023-10-15 16:30:17,333333,____________,861410049507857"
"868681043903614,2025-12-08 23:59:43,000000222,____________,868681043903614"
"860374056966623,2023-05-15 11:03:02,323222,,860374056966623"
"861410049558033,2025-12-08 23:59:16,002222222,____________,861410049558033"
"861410049561151,2025-12-08 23:34:07,002222222,____________,861410049561151"
"860374056930678,2025-12-08 23:58:14,002222222,____________,860374056930678"
"861410049506180,2025-12-08 23:40:21,002222222,____________,861410049506180"
"866094058466976,2025-12-08 23:47:33,002222222,____________,866094058466976"
"861410049544306,2025-12-08 23:37:42,002222222,____________, GX-NN-T-ZCTX-001548"
"861410049561177,2025-12-08 23:47:32,022222222,____________,861410049561177"
"860374056992694,2025-12-08 23:59:38,002222222,____________,860374056992694"
"866094058477627,2025-12-08 23:53:49,022222222,____________,866094058477627"
"866094058467750,2025-12-08 23:34:23,002222222,____________,866094058467750"
"861410049507832,2025-12-08 23:50:25,002222222,____________,861410049507832"
"866732055479282,2025-12-08 23:55:41,002222222,____________,GX-NN-T-ZCTX-001035"
"866094052797616,2025-01-12 09:43:20,332222,____________,866094052797616"
"861410049557753,2025-12-08 22:52:32,002222222,____________,861410049557753"
"861410049507592,2025-12-08 23:48:08,002222222,____________,861410049507592"
"868681049139916,2025-12-08 23:32:46,002222222,____________,868681049139916"
"861410049524530,2025-12-08 23:38:58,002222222,____________,861410049524530"
"861410049507238,2025-12-09 00:00:47,002222222,____________,861410049507238"
"861410049558223,2025-12-08 23:56:16,002222222,____________,861410049558223"
"861410049560575,2025-12-08 23:52:18,002222222,____________,861410049560575"
"868681049092628,2024-06-12 19:41:17,332222222,____________,868681049092628"
"866094058450830,2024-05-05 05:52:12,332222222,____________,866094058450830"
"861410049543571,2025-12-08 20:21:49,000033222,____________,861410049543571"
"861410049558173,2025-12-08 23:42:21,000000222,____________,_____"
"866071059045066,2023-05-18 14:58:35,333333333,,866071059045066"
"866071059045082,2023-05-12 17:43:25,323222,,866071059045082"
"866094052830102,2025-12-08 23:48:56,002222222,____________,866094052830102"
"861410049560476,2025-12-08 23:55:38,022222,____________,SX-TC-T-ZCTX-000012"
"861410049506800,2025-12-08 23:39:23,020222,____________,861410049506800"
"861410049520355,2023-05-12 15:48:41,222222,____________,861410049520355"
"861410049558405,2025-12-08 23:37:38,003322,____________,SX-TC-T-ZCTX-000052"
"861410049561169,2025-12-08 12:30:38,333332,____________,SX-TC-T-ZCTX-000013"
"861410049507790,2025-12-08 23:38:15,002222222,_________,GX-LB-T-ZYJ-000046"
"861410049522666,2024-09-24 10:07:04,332222,____________,861410049522666"
"866094052832108,2025-12-08 23:52:26,002222222,____________,866094052832108"
"868681049156639,2025-12-08 23:10:33,002222222,____________,868681049156639"
"860374056982265,2025-12-08 12:35:45,002222222,____________,860374056982265"
"861410049502536,2025-12-08 23:38:43,002222222,____________,861410049502536"
"861410049559940,2024-08-18 03:56:37,332222,____________,GX-NN-T-ZCTX-1004014"
"861410049507873,2025-12-08 23:34:55,002222222,____________,861410049507873"
"861410049506065,2025-12-08 23:50:19,022222222,____________,861410049506065"
"860374056944687,2025-12-08 22:17:58,002222222,____________,860374056944687"
"861410049522294,2025-12-08 23:39:41,002222222,____________,861410049522294"
"861410049523300,2025-12-08 23:36:36,002222222,____________,861410049523300"
"866094052815673,2025-12-09 00:01:51,002222222,____________,866094052815673"
"868681049133059,2025-12-09 00:00:09,002222222,____________,868681049133059"
"861410049561466,2025-12-08 23:37:12,002222222,____________,861410049561466"
"860374056942673,2025-12-08 23:37:41,002222222,____________,860374056942673"
"861410049519563,2025-12-08 23:48:44,003333222,____________,861410049519563"
"866094058472024,2025-12-08 23:44:25,000000222,____________,866094058472024"
"861410049561201,2025-12-09 00:02:03,002222222,____________,861410049561201"
"861410049507337,2025-12-09 00:02:01,022222222,____________,861410049507337"
"861410049558785,2025-12-08 23:45:41,002222222,____________,861410049558785"
"861410049559361,2025-12-08 23:44:32,002222222,____________,861410049559361"
"860123055684319,2025-12-09 00:02:49,002222222,____________,860123055684319"
"861410049558884,2025-12-08 23:59:13,002222222,____________,861410049558884"
"868681049155755,2025-12-08 23:57:40,002222222,____________,868681049155755"
"866094058471281,2025-12-08 23:51:20,002222222,____________,866094058471281"
"866732055356282,2025-12-08 23:34:13,002222222,____________,866732055356282"
"868681049091190,2025-12-08 23:48:41,002222222,____________,868681049091190"
"860374057092908,2025-12-08 23:44:19,000022222,____________,860374057092908"
"861410049502346,2025-10-06 10:44:22,333333222,____________,861410049502346"
"861410049519951,2025-12-08 23:52:54,000002222,____________,_______"
"866094052823990,2025-12-08 23:53:56,002222222,____________,866094052823990"
"861410049506156,2025-12-08 23:37:36,002222222,____________,861410049506156"
"861410049523656,2024-09-24 09:33:52,332222,____________,861410049523656"
"866094058455326,2025-12-08 23:41:54,002222222,____________,GX-WZ-T-ZCTX-000215"
"861410049557944,2025-12-08 23:32:33,002222222,____________,GX-WZ-T-ZCTX-00051"
"866094052832082,2025-12-08 23:45:28,002222222,____________,866094052832082"
"860374057014423,2025-12-09 00:00:33,002222222,____________,860374057014423"
"861410049506461,2025-12-08 23:42:28,002222222,____________,861410049506461"
"861410049521064,2025-12-08 23:37:40,002222222,____________,861410049521064"
"868681049154725,2025-12-08 23:54:11,002222222,____________,868681049154725"
"866732055479621,2025-12-08 23:49:45,002222222,____________,866732055479621"
"866732055356381,2025-12-08 23:38:16,002222222,____________,866732055356381"
"861410049559353,2025-12-08 23:53:53,000000222,____________,861410049559353"
"861410049559858,2025-12-08 23:41:41,000000222,____________,861410049559858"
"866094052794787,2025-12-08 23:33:13,002222222,____________,866094052794787"
"861410049506750,2025-12-08 23:51:28,002222222,____________,861410049506750"
"860374057063610,2025-12-08 23:43:43,002222222,____________,860374057063610"
"861410049557738,2025-12-08 23:47:55,002222222,____________,861410049557738"
"868681049143397,2025-12-08 23:36:52,002222222,____________,868681049143397"
"868681049139940,2025-12-08 23:44:54,002222222,____________,868681049139940"
"861410049543589,2025-12-08 23:37:01,002222222,____________,861410049543589"
"866094052828015,2025-12-08 23:40:10,002222222,____________,866094052828015"
"866094058454378,2025-12-08 23:48:35,002222222,____________,866094058454378"
"860374057014407,2025-12-08 23:46:50,002222222,____________,860374057014407"
"860374056911892,2025-12-08 23:50:36,002222222,____________,860374056911892"
"861410049522302,2025-12-08 23:56:48,000322,____________,SX-XA-T-ZCTX-000216"
"861410049558470,2024-01-26 09:30:54,333333,____________,861410049558470"
"866094052800055,2025-12-08 12:26:01,003333,____________,SX-XA-T-ZCTX-000215"
"861410049519175,2025-12-09 00:01:53,000000,____________,SX-XA-T-ZCTX-000213"
"866094058455334,2025-12-08 23:59:50,000000,____________,SX-XA-T-ZCTX-000219"
"861410049561474,2025-12-09 00:02:09,000000,____________,SX-XA-T-ZCTX-000214"
"866094052815863,2025-12-04 19:02:11,333333,____________,866094052815863"
"861410049558991,2025-12-08 23:38:13,003322,____________,SX-XA-T-ZCTX-000287"
"868681049137894,2025-12-08 23:42:33,003332,____________,868681049137894"
"866094058467719,2025-12-08 23:58:27,002222222,____________,866094058467719"
"861410049559833,2025-12-08 23:33:40,002222222,____________,861410049559833"
"861410049556771,2025-12-08 23:59:29,003332,____________,SX-BJ-T-ZCTX-000179"
"861647050642582,2025-12-08 23:55:11,000000222,____________,861647050642582"
"866094052770985,2024-01-24 01:09:40,333332,____________,SX-XA-T-ZCTX-000228"
"868681049140427,2024-05-08 11:21:39,333333,____________,868681049140427"
"860374056975921,2025-12-08 23:52:56,003322,____________,SX-BJ-T-ZCTX-000176"
"868681049165176,2025-12-08 23:55:54,002222222,____________,868681049165176"
"866094058459922,2025-12-08 23:45:24,002222222,____________,866094058459922"
"866094052815558,2025-12-08 23:57:36,002222222,____________,866094052815558"
"861410049506719,2025-12-08 23:53:19,000000,____________,SX-BJ-T-ZCTX-000021"
"861647050643598,2025-12-08 23:54:18,000033222,____________,861647050643598"
"861647050640875,2025-12-08 23:45:10,003333222,____________,861647050640875"
"861647050644018,2025-12-08 23:50:21,000000222,____________,861647050644018"
"861647050640057,2025-12-08 23:57:15,003333222,____________,861647050640057"
"861647050641303,2025-11-28 12:27:06,333333,____________,861647050641303"
"861410049561078,2025-12-08 23:47:08,003333222,____________,861410049561078"
"861410049544298,2025-12-08 23:57:15,003333222,____________,861410049544298"
"861410049507972,2025-12-08 23:43:22,000002222,____________,861410049507972"
"866094052766504,2025-06-13 20:36:06,333333,____________,866094052766504"
"861410049557902,2025-12-08 23:54:42,002222222,____________,861410049557902"
"868681049161068,2025-12-08 23:34:47,002222222,____________,868681049161068"
"861410049557050,2025-12-08 23:49:53,002222222,____________,861410049557050"
"868681049168188,2025-12-08 12:36:47,333322,____________,SX-XA-T-ZCTX-000085"
"866094058468899,2025-12-08 23:34:44,002222222,____________,866094058468899"
"866094052828064,2025-12-08 23:45:11,002222222,____________,866094052828064"
"866094052792070,2025-12-08 23:37:29,002222222,____________,866094052792070"
"866094052820038,2025-12-08 12:27:44,322222,____________,866094052820038"
"868681049090465,2025-12-08 23:44:23,002222222,____________,868681049090465"
"860374056958935,2025-12-08 23:54:48,002222222,____________,860374056958935"
"860374056908252,2025-12-08 23:51:36,002222222,____________,860374056908252"
"861410049556755,2024-09-29 11:19:25,332222222,____________,861410049556755"
"861410049559817,2025-12-08 23:50:15,002222222,____________,861410049559817"
"861410049561805,2025-12-09 00:00:04,002222222,____________,861410049561805"
"861410049503773,2025-12-08 23:37:05,002222222,____________,861410049503773"
"860374056934324,2023-04-25 20:23:36,332222222,____________,860374056934324"
"861410049521007,2025-04-01 11:31:38,332222222,____________,861410049521007"
"861410049522625,2025-11-08 09:43:04,332222,____________,GX-FCG-T-ZCTX-000285"
"861410049561284,2025-12-08 23:51:23,002222222,____________,861410049561284"
"861410049557142,2025-12-08 23:33:20,022222222,____________,861410049557142"
"866094052766827,2025-12-08 23:41:24,002222222,____________,866094052766827"
"861410049506438,2025-12-08 23:38:53,002222222,____________,861410049506438"
"860374057099127,2025-12-08 23:34:18,002222222,_________,GX-BS-T-ZYJ-000082"
"861410049506313,2025-12-08 23:38:41,002222222,_________,GX-CZ-T-ZYJ-000060"
"861410049558975,2025-12-08 23:38:35,002222222,____________,GX-HZ-T-ZCTX-000028"
"861410049506263,2025-12-08 23:51:07,002222222,_________,GX-CZ-T-ZYJ-000114"
"861410049558025,2025-12-08 23:50:23,000002222,____________,861410049558025"
"860374056984535,2025-12-08 23:39:27,000222222,____________,860374056984535"
"861410049561375,2025-12-08 23:43:44,000000222,____________,861410049561375"
"866094052794340,2025-12-08 23:55:59,002222222,____________,866094052794340"
"861410049561094,2025-12-09 00:00:49,002222222,____________,861410049561094"
"866094052815749,2024-02-23 21:02:25,333333,____________,866094052815749"
"866732055373113,2024-03-08 17:06:01,333333,____________,866732055373113"
"860374056976028,2025-12-08 23:45:23,002222222,____________,860374056976028"
"868681049149030,2025-12-08 23:50:48,002222222,____________,868681049149030"
"866094058365178,2024-11-02 08:27:04,332222,____________,866094058365178"
"861410049558256,2025-12-08 23:58:10,002222222,____________,861410049558256"
"866094058466463,2024-11-02 08:26:21,332222,____________,866094058466463"
"861410049558199,2025-12-08 23:34:53,002222222,____________,861410049558199"
"861410049507444,2025-12-09 00:00:51,002222222,_________,GX-CZ-T-ZYJ-000061"
"866094052794944,2023-10-29 04:38:57,332222,____________,866094052794944"
"866094058472099,2025-12-08 23:59:37,002222222,____________,866094058472099"
"866094052827041,2024-09-03 20:44:09,332222,____________,866094052827041"
"861410049560542,2024-11-02 07:27:27,332222,____________,861410049560542"
"860374056969049,2025-12-08 23:48:45,002222222,____________,860374056969049"
"861410049559734,2025-12-08 23:33:13,003300,____________,861410049559734"
"861647050642665,2025-12-08 23:15:33,000033,_________,GX-CZ-T-ZYJ-000159"
"860374056952433,2025-01-01 20:08:15,333333,____________,860374056952433"
"861410049519928,2024-07-25 14:51:09,333333,____________,861410049519928"
"861410049556660,2023-04-18 11:09:55,222222,,861410049556660"
"861410049506859,2025-12-08 23:59:15,003330,____________,861410049506859"
"866071056764438,2025-12-08 23:35:31,000000,____________,866071056764438"
"860374057073411,2025-12-08 23:39:26,002302,____________,860374057073411"
"861410049559486,2025-12-08 23:43:58,000022,____________,861410049559486"
"861410049520256,2025-12-08 22:59:46,003300,____________,861410049520256"
"860374056973843,2025-12-08 23:11:11,000000,____________,860374056973843"
"861410049557985,2025-09-11 01:50:04,333333,____________,861410049557985"
"861410049522161,2025-12-09 00:02:19,000002,____________,861410049522161"
"861410049521049,2025-12-08 12:03:58,000000,____________,861410049521049"
"861410049506016,2025-07-21 16:12:17,333333,____________,861410049506016"
"868681049143496,2023-04-17 09:57:53,222222,____________,868681049143496"
"861410049522989,2025-12-08 23:36:20,000000,____________,861410049522989"
"861410049507600,2023-04-17 09:56:31,222222,____________,861410049507600"
"866094052794589,2025-08-29 02:27:06,333333,____________,866094052794589"
"861410049519548,2025-12-08 23:52:19,003333,____________,SX-XA-T-ZCTX-000199"
"866094058450350,2025-12-08 23:55:36,003333,____________,866094058450350"
"861647050641527,2025-12-08 23:45:18,000000222,____________,861647050641527"
"861410049560195,2025-05-21 23:42:57,333333,____________,861410049560195"
"861410049544355,2025-12-08 23:41:05,003333,____________,861410049544355"
"861410049523219,2025-12-08 23:44:49,003000,____________,861410049523219"
"868681049136342,2025-12-08 23:57:21,000002,____________,868681049136342"
"860374057085068,2025-12-08 23:52:59,002222222,____________,860374057085068"
"860374056926692,2025-12-08 23:55:43,002222222,____________,860374056926692"
"861410049562183,2025-12-08 23:39:13,002222222,____________,861410049562183"
"861410049559262,2024-03-25 11:19:14,332222,____________,861410049559262"
"861410049507345,2025-12-08 23:43:12,002222222,____________,GX-WZ-T-ZCTX000170"
"861410049518946,2025-12-08 23:49:09,002222222,____________,861410049518946"
"861410049507014,2025-12-08 23:42:14,002222222,____________,861410049507014"
"861410049507162,2025-12-08 23:44:17,002222222,____________,861410049507162"
"860123055605728,2025-12-08 12:31:29,333333,__________,860123055605728"
"861410049557894,2025-12-08 23:46:55,002222222,____________,861410049557894"
"861410049562506,2025-12-08 23:53:31,002222222,____________,861410049562506"
"861410049557316,2025-12-08 17:01:41,002222222,____________,GX-NN-T-ZCTX-001026"
"866094052525140,2025-12-08 23:43:23,022222,__________,866094052525140"
"866094058479540,2025-12-08 23:50:11,020222,_________,GX-BS-T-ZYJ-000086"
"866094058480258,2025-12-08 23:45:13,020222,_________,GX-BS-T-ZYJ-000087"
"861410049506818,2023-09-12 09:54:12,332222222,,861410049506818"
"860374057093542,2023-08-03 14:58:29,332222,____________,860374057093542"
"860374056935396,2023-09-12 09:44:00,332222222,____________,860374056935396"
"866094052830722,2023-09-12 10:01:45,332222222,,866094052830722"
"861410049520025,2025-12-08 12:34:19,332222,____________,SX-XA-T-ZCTX-000689"
"866094052824121,2025-12-08 12:11:10,332222,____________,SX-XA-T-ZCTX-000685"
"860123055695901,2025-12-08 17:32:05,003333,__________,860123055695901"
"861410049520033,2025-12-08 12:16:13,332222,____________,SX-XA-T-ZCTX-000686"
"861410049558165,2023-09-12 09:58:32,332222222,____________,861410049558165"
"868681049140963,2025-12-09 00:01:03,002222222,____________,SX-XA-T-ZCTX-000687"
"869029035222545,2023-11-10 09:27:52,332223,____________,SX-XA-T-ZCTX-000347"
"866094058466422,2025-12-08 12:39:17,002222,____________,SX-XA-T-ZCTX-000688"
"866094052782345,2025-12-08 23:33:06,020222,_________,GX-BS-T-ZYJ-000077"
"866094058449576,2025-12-08 12:32:28,000000,____________,GX-LZ-T-ZCTX-000509"
"868681049156092,2025-12-08 23:36:15,002222222,____________,868681049156092"
"866094058449311,2025-01-09 15:22:30,333333,____________,866094058449311"
"866094058474152,2025-06-24 11:49:20,333333,____________,866094058474152"
"860123055531791,2025-12-08 23:48:41,002020,____________,860123055531791"
"860374052799810,2023-04-03 12:33:33,222222222,__________,860374052799810"
"861410049561300,2025-12-08 23:43:37,003332,____________,SX-BJ-T-ZCTX-000204"
"861410049519894,2025-12-08 23:50:23,000220,____________,SX-BJ-T-ZCTX-000131"
"866094058449774,2025-12-08 23:32:41,002000,____________,866094058449774"
"860123055643539,2025-12-09 00:00:41,000000,__________,860123055643539"
"861647050641881,2023-03-29 16:30:26,222222,____________,861647050641881"
"866094052621220,2025-12-08 12:29:03,333333,____________,866094052621220"
"866071056764396,2025-12-04 13:50:01,333333,____________,866071056764396"
"861647050645056,2025-01-23 09:37:38,332222,____________,861647050645056"
"861647050638291,2025-01-23 10:08:45,332222,____________,861647050638291"
"866094052826753,2025-12-08 23:41:19,003333,____________,866094052826753"
"866094052800774,2025-12-08 23:33:32,003000,____________,866094052800774"
"864162047503753,2025-12-08 23:57:20,000000,____________,GX-NN-T-ZCTX-1004031"
"866094058467008,2025-12-09 00:00:07,002000,____________,GX-NN-T-ZCTX-000940"
"861647050642467,2025-12-08 23:43:02,303333,____________,SX-BJ-T-ZCTX-000145"
"861410049507659,2025-12-08 23:45:41,002222222,____________,861410049507659"
"861410049561771,2024-07-21 21:10:11,233222,____________,SX-BJ-T-ZCTX-000104"
"866094052833858,2023-03-27 16:54:28,222222,____________,866094052833858"
"868681049142449,2023-08-13 19:59:27,332222,____________,868681049142449"
"861647050639976,2025-12-08 23:40:06,000330,____________,861647050639976"
"866094058454402,2025-01-14 01:36:43,333333,____________,866094058454402"
"866094052793987,2025-06-05 09:32:08,333333,____________,866094052793987"
"866094052824220,2025-12-08 23:55:34,002222222,____________,866094052824220"
"860374056903469,2025-12-08 23:35:13,003333,____________,860374056903469"
"860374056961178,2025-12-08 23:40:03,003333,____________,860374056961178"
"866094052833825,2025-12-08 23:35:57,003303,____________,866094052833825"
"866094058454030,2025-12-08 23:54:44,002222222,____________,866094058454030"
"866094052764665,2025-12-08 22:57:41,002222222,____________,866094052764665"
"866094052833676,2025-12-08 23:48:29,002222222,____________,866094052833676"
"866094052815657,2025-12-08 23:54:43,002222222,____________,866094052815657"
"866094052821150,2025-12-08 23:34:08,002222222,____________,866094052821150"
"866094052833718,2025-12-08 23:45:56,002222222,____________,866094052833718"
"861647050642152,2025-12-08 23:36:16,002222222,____________,861647050642152"
"866094058455086,2025-06-29 14:39:07,332222,____________,866094058455086"
"866094052828452,2024-09-02 11:40:17,333333,____________,866094052828452"
"861410049561607,2025-12-08 23:35:36,002222222,____________,861410049561607"
"861410049558058,2025-12-08 23:43:40,002222222,____________,861410049558058"
"861647050501580,2025-12-08 23:33:37,000033222,____________,861647050501580"
"861410049506651,2025-12-08 23:44:46,002222222,____________,861410049506651"
"866094058466984,2025-12-08 23:45:14,002222222,____________,866094058466984"
"866094058459898,2025-12-08 23:36:21,002222222,____________,866094058459898"
"866094058466786,2025-12-08 11:44:23,332222222,____________,866094058466786"
"861410049560310,2025-12-08 23:52:34,002222222,____________,GX-NN-T-ZCTX-1005028"
"861410049560138,2025-12-08 23:26:08,002222222,____________,861410049560138"
"861410049506339,2025-12-08 23:40:15,002222222,____________,861410049506339"
"861410049558959,2025-12-08 23:56:24,002222222,____________,861410049558959"
"861410049519753,2025-12-08 23:40:09,002222222,____________,861410049519753"
"866094052815798,2025-12-08 23:45:16,002222222,____________,866094052815798"
"866094058467693,2025-12-08 23:38:03,002222222,____________,866094058467693"
"860374057007583,2025-12-08 23:16:26,002222222,____________,860374057007583"
"861410049560179,2025-12-08 12:48:48,332222222,____________,GX-HZ-T-ZCTX-000024"
"868681049166463,2025-12-08 23:44:49,002222222,____________,868681049166463"
"868681049168428,2025-12-08 23:45:06,002222222,____________,868681049168428"
"866094052830052,2025-12-08 23:33:04,002222222,____________,866094052830052"
"861410049557035,2025-12-08 23:55:36,002222222,____________,861410049557035"
"861410049559460,2025-12-08 23:50:54,002222222,____________,861410049559460"
"866094052733009,2025-12-08 23:59:13,002222222,____________,866094052733009"
"868681049165192,2025-12-08 12:28:18,332222222,____________,868681049165192"
"860374056997412,2023-03-24 13:25:57,333333,____________,860374056997412"
"866094052793979,2023-03-24 13:12:49,222222,____________,866094052793979"
"860123055684392,2023-04-23 00:11:19,333333,____________,860123055684392"
"861410049523557,2025-12-08 23:48:30,002222222,____________,861410049523557"
"861410049557993,2025-12-08 23:34:20,002222222,____________,861410049557993"
"861410049559247,2025-12-08 23:54:18,002222222,____________,861410049559247"
"866094052826498,2025-12-08 23:51:22,002222222,____________,866094052826498"
"861410049507766,2025-12-08 23:46:23,002222222,____________,861410049507766"
"860374056977588,2023-08-06 13:34:34,332222222,____________,860374056977588"
"861410049521833,2025-05-14 07:49:59,322222,____________,861410049521833"
"868681049137258,2025-12-08 23:55:07,002222222,____________,868681049137258"
"861410049558298,2025-12-09 00:00:17,002222222,____________,861410049558298"
"860374057098608,2025-12-08 23:51:14,002222222,____________,860374057098608"
"861410049506545,2025-12-08 23:49:59,002222222,____________,861410049506545"
"861410049558496,2025-12-09 00:00:43,002222222,____________,861410049558496"
"861410049506966,2025-12-08 23:51:50,002222222,____________,861410049506966"
"860374057005520,2025-12-08 23:55:25,002222222,____________,860374057005520"
"866732055356423,2025-12-08 23:43:40,002222222,____________,866732055356423"
"860374057013029,2025-12-08 23:37:27,002222222,____________,860374057013029"
"866094058466430,2025-12-09 00:01:02,002222222,____________,866094058466430"
"866732055479159,2025-12-08 23:58:53,002222222,____________,866732055479159"
"866094052819030,2025-12-08 23:46:53,002222222,____________,866094052819030"
"866071056826070,2025-12-08 23:43:36,000000222,____________,866071056826070"
"861647050643051,2025-12-08 23:47:23,000033222,____________,SX-XA-T-ZCTX-000684"
"866071056769478,2025-12-08 23:55:57,002222222,____________,866071056769478"
"861647050640818,2025-12-08 23:56:08,002222222,____________,861647050640818"
"866094052864655,2025-12-08 23:07:34,003300,____________,GX-LZ-T-ZCTX-000368"
"866094052833692,2025-12-09 00:01:03,003333,____________,866094052833692"
"866094052827173,2025-12-08 23:57:19,002222222,____________,866094052827173"
"866094052794811,2025-12-08 23:12:45,002222222,____________,866094052794811"
"866094058459740,2025-12-08 22:52:01,002222222,____________,866094058459740"
"866094052766884,2025-12-08 23:35:46,002222222,____________,866094052766884"
"868681049167073,2025-12-08 23:39:59,002222222,____________,868681049167073"
"866094058449337,2025-12-08 23:11:14,002222222,____________,866094058449337"
"866094058467453,2024-03-04 12:12:26,323222,____________,866094058467453"
"866094052830516,2025-12-03 22:54:46,333333,____________,866094052830516"
"866094052833197,2025-12-08 23:23:05,002222222,____________,866094052833197"
"866094058454600,2025-12-08 23:38:35,002222222,____________,866094058454600"
"866094052766363,2025-12-08 23:56:46,002222222,____________,866094052766363"
"866094052824212,2025-12-08 23:39:35,002222222,____________,866094052824212"
"868681049091489,2025-12-08 23:42:04,020222,____________,868681049091489"
"861647050640107,2025-12-08 23:45:10,003030,____________,GX-WZ-T-ZCTX-000387"
"866094052833148,2025-12-08 23:50:17,003000,____________,866094052833148"
"861647050639869,2025-12-08 23:52:24,000322,____________,GX-WZ-T-ZCTX-000386"
"861647050642509,2025-06-19 17:05:48,333333,____________,861647050642509"
"861647050640230,2023-09-23 21:07:14,332222222,____________,861647050640230"
"861647050641865,2023-04-11 19:37:54,333333333,,861647050641865"
"860374056962432,2023-03-17 14:39:07,222222,____________,860374056962432"
"860374057088393,2025-12-08 23:44:13,002222222,____________,GX-WZ-T-ZCTX-000389"
"866094052830748,2025-01-11 11:41:29,332222222,____________,866094052830748"
"860374057097162,2025-12-08 23:42:25,002222222,____________,GX-WZ-T-ZCTX-000392"
"860374057099259,2025-12-08 23:45:24,002222222,____________,GX-WZ-T-ZCTX-000393"
"868681049091091,2025-12-08 23:54:15,002222222,____________,GX-WZ-T-ZCTX-000391"
"860374056953274,2025-12-08 23:41:08,002222222,____________,GX-WZ-T-ZCTX-000388"
"860374056941691,2025-12-08 23:42:32,002222222,____________,GX-LZ-T-ZCTX-000525"
"860374056991712,2025-12-08 23:48:18,000000,____________,GX-WZ-T-ZCTX-000384"
"866094058468873,2025-12-09 00:00:11,003333,____________,GX-WZ-T-ZCTX-000385"
"866094058454261,2025-12-08 23:35:31,003000,____________,866094058454261"
"861647050642400,2023-03-20 17:19:55,333333,____________,861647050642400"
"860123055696628,2025-12-08 23:37:02,000322,__________,860123055696628"
"861647050640164,2025-12-08 23:08:48,003303,______(__)____,861647050640164"
"861647050641899,2025-12-08 12:03:42,003322,____________,861647050641899"
"866094052830607,2025-12-08 23:52:39,002222222,____________,GX-LZ-T-ZCTX-1003049"
"868681049146416,2025-12-08 23:33:54,002222222,____________,868681049146416"
"866094052858467,2025-12-08 23:48:45,022222,__________,866094052858467"
"866094052794365,2025-06-10 15:19:58,323222,____________,866094052794365"
"866094058464799,2025-05-26 14:39:39,323222,____________,866094058464799"
"860123055504657,2025-12-08 23:42:21,020222,____________,860123055504657"
"866094052861099,2025-12-08 23:39:44,003333,____________,GX-NN-T-ZCTX-000928"
"866094052828270,2025-09-14 23:50:34,333333,____________,866094052828270"
"860123055730138,2024-04-25 16:50:33,333333,____________,860123055730138"
"861647050641725,2025-12-09 00:01:25,020222,____________,861647050641725"
"866094052861644,2025-12-08 23:52:17,003333,____________,866094052861644"
"860123055700495,2025-12-08 23:42:29,003333,____________,860123055700495"
"866094052769912,2025-12-08 23:37:44,003333,____________,866094052769912"
"866094058442696,2025-12-08 23:51:17,002222222,____________,GX-LZ-T-ZCTX-1003047"
"866094058465010,2025-12-08 23:59:29,000000,____________,866094058465010"
"861647050501689,2025-12-08 23:58:07,303330,____________,861647050501689"
"868681049155797,2025-12-08 23:34:20,002222222,____________,GX-LZ-T-ZCTX-1003045"
"866094052798051,2025-12-08 23:33:49,002222222,____________,GX-LZ-T-ZCTX-1003044"
"868681049136557,2025-12-08 23:56:53,002222222,____________,GX-LZ-T-ZCTX-1003043"
"866094058454733,2025-12-09 00:01:47,002222222,____________,GX-LZ-T-ZCTX-1003042"
"866094052815640,2025-12-08 23:58:25,002222222,____________,GX-LZ-T-ZCTX-1003041"
"866094058469269,2025-12-08 23:38:14,002222222,____________,GX-LZ-T-ZCTX-1003040"
"866094058450590,2025-12-08 23:35:04,002222222,____________,GX-NN-T-ZCTX-1005134"
"868681043894953,2025-12-08 23:54:53,002222222,____________,GX-NN-T-ZCTX-1005133"
"868681049090481,2025-12-08 23:57:43,002222222,____________,GX-NN-T-ZCTX-1005031"
"866094058450467,2025-12-08 23:40:56,002222222,____________,GX-NN-T-ZCTX-1005030"
"860123055506694,2025-12-08 23:34:52,003333,____________,860123055506694"
"861647050641931,2025-12-08 23:51:45,003333,____________,861647050641931"
"860374057091074,2025-12-09 00:02:11,002222222,____________,GX-WZ-T-ZCTX-1003037"
"868681049161183,2025-12-08 23:37:48,002222222,____________,GX-WZ-T-ZCTX-1003041"
"868681043912318,2025-12-08 23:38:41,002222222,____________,GX-WZ-T-ZCTX-1003040"
"866094052830045,2025-12-08 23:56:27,002222222,____________,GX-WZ-T-ZCTX-1003039"
"866094058517570,2025-12-08 23:49:16,002222222,____________,GX-WZ-T-ZCTX-1003038"
"860374056966219,2025-12-08 23:34:12,002222222,____________,GX-WZ-T-ZCTX-1003036"
"866094052832090,2025-12-09 00:01:26,002222222,____________,GX-WZ-T-ZCTX-1003035"
"866094052833155,2025-12-08 23:40:02,002222222,____________,GX-WZ-T-ZCTX-1003034"
"861647050639968,2025-12-08 23:35:48,000000,____________,SX-XA-T-ZCTX-000323"
"861647050640081,2025-12-08 12:19:06,333222,____________,SX-XA-T-ZCTX-000659"
"860374059996353,2024-03-08 13:51:37,333322,____________,86037459996353"
"866094052851728,2025-12-09 00:01:40,003303,____________,GX-NN-T-ZCTX-000732"
"866094058459682,2025-12-09 00:02:07,002222222,____________,GX-NN-T-ZCTX-000977"
"868681049138363,2025-12-08 23:38:02,002222222,____________,GX-NN-T-ZCTX-000976"
"866732055356068,2025-12-08 23:49:47,002222222,____________,GX-NN-T-ZCTX-000974"
"866094052824113,2025-12-08 23:53:27,002222222,____________,GX-NN-T-ZCTX-000973"
"866094052818875,2025-12-08 23:58:19,002222222,____________,GX-NN-T-ZCTX-000971"
"866094052815418,2025-12-08 23:40:50,002222222,____________,GX-NN-T-ZCTX-000972"
"866094052830037,2025-12-08 12:24:54,333333,____________,SX-XA-T-ZCTX-000229"
"866094058468337,2025-12-08 23:37:14,020222,____________,GX-NN-T-ZCTX-1005039"
"868681049096058,2025-12-08 12:19:48,003222,____________,SX-XY-T-ZCTX-000022"
"866094052833833,2025-12-08 23:43:23,002222222,____________,GX-NN-T-ZCTX-000817"
"861647050643812,2025-12-08 23:54:58,003003,____________,GX-NN-T-ZCTX-000770"
"866094052830086,2025-12-08 12:34:58,000000,____________,GX-HZ-T-ZCTX-003002"
"866094058448263,2024-01-03 07:31:52,333333,____________,SX-XY-T-ZCTX-000025"
"861647050784780,2024-01-28 15:19:17,332222222,____________,861647050784780 "
"861647050640990,2025-12-09 00:01:01,003332,______(__)____,861647050640990"
"866094052815665,2025-12-08 23:33:25,002222222,____________,GX-NN-T-ZCTX-000980"
"866094052797400,2025-12-08 23:52:54,002222222,____________,GX-NN-T-ZCTX-000982"
"866094052743529,2025-12-08 23:56:32,002222222,____________,GX-NN-T-ZCTX-000981"
"860374056949306,2025-12-08 23:39:01,002222222,____________,860374056949306"
"866094052827652,2025-12-08 23:36:02,002222222,____________,GX-WZ-T-ZCTX-1003033"
"860374056975905,2025-12-08 23:43:54,002222222,____________,GX-WZ-T-ZCTX-1003032"
"866094052824063,2025-12-08 23:58:17,002222222,____________,GX-WZ-T-ZCTX-1003031"
"860374056950346,2025-12-08 23:35:08,002222222,____________,GX-WZ-T-ZCTX-1003030"
"866094052802788,2025-12-08 23:57:56,002222222,____________,GX-WZ-T-ZCTX-1003054"
"866094058468931,2024-06-07 15:51:39,332222,____________,GX-NN-T-ZCTX-001145"
"861647050642095,2025-09-10 11:05:44,333223,____________,861647050642095"
"866094052826464,2024-04-13 00:32:44,333332,____________,GX-NN-T-ZCTX-003017"
"866094058454428,2025-12-08 23:43:39,003333,____________,GX-NN-T-ZCTX-003001"
"860123055572340,2024-12-29 21:23:03,333222,__________,860123055572340"
"868681049140294,2025-12-08 23:50:20,002222222,____________,868681049140294"
"866094058455110,2025-12-08 23:43:13,002222222,____________,866094058455110"
"866094052815426,2024-04-06 06:43:55,322222,____________,866094052815426"
"868681049092917,2025-12-08 23:34:15,002222222,____________,GX-NN-T-ZCTX-1005038"
"860374057063776,2025-12-08 23:34:02,002222222,____________,GX-NN-T-ZCTX-1005037"
"860374056981044,2025-12-08 23:51:48,002222222,____________,GX-NN-T-ZCTX-1005035"
"860374056972043,2025-12-08 23:56:59,002222222,____________,GX-NN-T-ZCTX-1005034"
"866094052794159,2025-12-08 23:40:28,002222222,____________,GX-NN-T-ZCTX-1005033"
"860374057020677,2025-12-09 00:01:53,002222222,____________,GX-NN-T-ZCTX-1005032"
"866094052829955,2025-12-08 23:39:00,002222222,____________,GX-NN-T-ZCTX-1005026"
"860123055582711,2025-12-08 23:53:46,002222222,____________,GX-NN-T-ZCTX-1005024"
"860374056991431,2025-12-09 00:02:17,002222222,____________,GX-NN-T-ZCTX-1005023"
"866094052732720,2025-12-09 00:01:45,002222222,____________,GX-NN-T-ZCTX-1005022"
"866094052830532,2025-12-09 00:01:50,002222222,____________,GX-NN-T-ZCTX-1005020"
"860123055695174,2025-12-08 23:48:11,002222222,____________,GX-NN-T-ZCTX-1005019"
"866094052826654,2025-12-08 23:51:24,002222222,____________,GX-NN-T-ZCTX-1005017"
"861647050640917,2025-12-04 13:18:54,333333,____________,861647050640917"
"864162047526747,2025-12-08 23:39:18,003333,____________,864162047526747"
"866094052824188,2025-12-08 23:50:00,002222222,____________,GX-NN-T-ZCTX-1005016"
"866094052815491,2025-12-08 23:48:22,002222222,____________,GX-NN-T-ZCTX-1005015"
"866094052797327,2025-12-08 23:37:07,002222222,____________,GX-NN-T-ZCTX-1005014"
"866732055373147,2025-12-08 23:43:11,002222222,____________,GX-NN-T-ZCTX-1005013"
"866094052730039,2025-12-08 23:36:05,002222222,____________,GX-NN-T-ZCTX-1005012"
"860374056958661,2025-12-08 23:38:55,002222222,____________,GX-NN-T-ZCTX-1005011"
"866094052815566,2025-12-08 21:59:31,002222222,____________,GX-NN-T-ZCTX-1005010"
"868681049092909,2025-12-08 23:33:48,002222222,____________,GX-NN-T-ZCTX-1005009"
"866094052819071,2025-12-08 23:50:33,002222222,____________,GX-NN-T-ZCTX-1005008"
"866071056859048,2025-12-08 23:45:01,000000,____________,866071056859048"
"866732051344076,2025-12-08 23:58:52,003303,____________,866732051344076"
"861647050639604,2025-12-09 00:01:34,003000,____________,861647050639604"
"866071056888716,2025-12-08 23:57:40,003333,____________,866071056888716"
"868681049133505,2025-12-08 23:32:39,002222222,____________,GX-NN-T-ZCTX-1005005"
"866094052797152,2025-12-08 23:47:07,002222222,____________,GX-NN-T-ZCTX-1005004"
"860374056971821,2025-12-08 23:42:28,002222222,____________,GX-NN-T-ZCTX-1005003"
"866094052804966,2025-12-08 23:45:24,002222222,____________,GX-NN-T-ZCTX-1005002"
"866094052793680,2025-12-08 23:50:48,002222222,____________,GX-NN-T-ZCTX-1005001"
"866094058450772,2025-12-08 23:59:01,002222222,____________,GX-NN-T-ZCTX-1005000"
"866094052797442,2025-12-08 23:48:30,002222222,____________,GX-NN-T-ZCTX-1004999"
"860374056998220,2025-12-08 23:54:36,002222222,____________,860374056998220"
"860374059995827,2023-03-13 14:28:11,323222,____________,860374059995827"
"866094052827223,2023-03-03 09:59:45,222222,______(__)____,SX-HZ-T-SSFX-000008"
"866094052823966,2023-03-03 09:49:41,222222,____________,GX-WZ-T-ZCTX-1003026"
"866094052823818,2023-10-14 15:33:39,333333,____________,GX-NN-T-ZCTX-1004047"
"866094058450483,2025-12-08 23:37:32,002222222,____________,GX-WZ-T-ZCTX-1003053"
"866094052830730,2025-12-08 23:49:35,002222222,____________,866094052830730"
"860374056950585,2025-12-08 23:34:38,002222222,____________,GX-WZ-T-ZCTX-1003052"
"866094052833742,2025-12-08 23:34:30,002222222,____________,GX-WZ-T-ZCTX-1003051"
"866094052820897,2025-12-08 23:35:36,002222222,____________,866094052820897"
"868681043912151,2025-12-09 00:00:09,002222222,____________,868681043912151"
"866094052832165,2025-12-08 23:38:02,002222222,____________,866094052832165"
"866094052826936,2024-08-11 18:23:25,332222,____________,866094052826936"
"886094052826522,2025-12-08 12:09:07,002222,____________,886094052826522"
"860374056965914,2025-12-08 12:27:01,002222222,____________,860374056965914"
"860374056940750,2025-12-08 12:41:03,002222222,____________,860374056940750"
"866094052827132,2025-12-08 12:37:20,002222222,____________,866094052827132"
"866094058477528,2025-12-09 00:02:17,000000,____________,GX-LZ-T-ZCTX-000021"
"866094058454410,2025-12-08 23:37:05,003000,______(__)____,SX-XA-T-SSFX-000117"
"868681049141466,2025-12-08 12:02:33,333333,____________,SX-XA-T-ZCTX-000648"
"860374056963471,2025-12-08 23:47:30,002222222,____________,860374056963471"
"866094052826431,2025-12-08 12:46:49,002222222,____________,866094052826431"
"860374056981366,2025-12-08 12:47:15,002222222,____________,860374056981366"
"866094052827322,2025-12-08 12:07:05,002222222,____________,866094052827322"
"860374056942566,2025-12-08 12:19:19,002222222,____________,860374056942566"
"868681049168683,2025-12-08 12:40:26,002222222,____________,868681049168683"
"866094052797426,2025-12-08 12:06:44,002222222,____________,866094052797426"
"866094052815509,2025-12-08 23:03:35,002222222,____________,866094052815509"
"866094058454535,2025-12-08 23:49:56,002222222,____________,866094058454535"
"866094058459880,2025-12-08 23:59:00,000000,____________,GX-NN-T-ZCTX-001282"
"866094052800121,2023-10-31 10:13:52,332222222,,866094052800121"
"861647050643614,2025-12-08 23:53:15,002222222,__________,861647050643614"
"865027052603120,2024-12-08 13:28:28,333333,____________,865027052603120"
"866094058449626,2025-12-08 12:07:22,002200,______(__)____,SX-HZ-T-SSFX-000003"
"866071056828092,2025-12-08 23:36:54,022222,____________,866071056828092"
"868681049096231,2025-12-09 00:02:22,003333,______(__)____,SX-HZ-T-SSFX-000028"
"866071056866589,2025-12-08 23:59:59,003222,____________,SX-BJ-T-ZCTX-000428"
"861647050643648,2025-12-08 23:47:54,000333,____________,SX-BJ-T-ZCTX-000427"
"868681049137480,2025-12-08 12:45:16,333333,______(__)____,SX-HZ-T-SSFX-000006"
"866094052793706,2023-02-26 10:44:47,222222,______(__)____,SX-HZ-T-SSFX-000022"
"866094052772544,2023-02-26 10:12:17,222222,______(__)____,SX-HZ-T-SSFX-000001"
"866071056762507,2025-12-08 23:41:26,000022,____________,866071056762507"
"866094052797483,2025-09-29 13:30:10,332333,______(__)____,SX-HZ-T-SSFX-000015"
"860123055497365,2025-12-08 23:43:43,000002,______(__)____,860123055497365"
"866094052802580,2025-12-08 23:42:24,000033,______(__)____,SX-HZ-T-SSFX-000013"
"868681049156571,2023-02-25 14:20:47,222222,______(__)____,SX-HZ-T-SSFX-000009"
"860374056906397,2025-12-08 23:49:27,003000,____________,860374056906397"
"866094052833031,2025-12-08 23:42:44,000200,____________,866094052833031"
"866094052832157,2025-09-05 15:41:05,333333,____________,866094052832157"
"860374056946278,2025-12-08 23:33:39,022222,____________,860374056946278"
"866094052794290,2025-12-08 12:27:41,022222,____________,866094052794290"
"866094052833866,2025-12-08 12:46:37,022222,____________,866094052833866"
"861647050646294,2024-10-07 16:20:53,332222,____________,GX-NN-T-ZCTX-001560"
"864162047527273,2023-02-24 14:19:19,323222,____________,864162047527273"
"866071056796042,2025-12-08 12:27:27,022222,____________,866071056796042"
"860374057082180,2025-12-08 23:40:35,003022,____________,860374057082180"
"865027052472534,2025-12-08 23:53:38,003030,____________,865027052472534"
"866094052797301,2025-12-08 23:57:48,003030,____________,866094052797301"
"866094052794761,2025-12-08 23:43:33,020222,____________,866094052794761"
"865027052632368,2025-12-08 23:37:11,022222,____________,865027052632368"
"866071056663192,2025-12-08 23:40:07,022222,____________,866071056663192"
"866094052826399,2023-10-14 06:33:43,222222,____________,GX-NN-T-ZCTX-000077"
"866071056899812,2023-02-23 14:34:13,333333,____________,866071056899812"
"866071056764404,2025-12-08 23:35:11,002230,____________,866071056764404"
"866094052793797,2025-12-09 00:02:05,000000,____________,GX-LZ-T-ZCTX-1004046"
"866071056725363,2025-12-08 23:46:38,003333,____________,GX-LZ-T-ZCTX-000459"
"868681049142316,2025-12-09 00:00:51,000333,____________,GX-NN-T-ZCTX-000956"
"866094052826340,2024-10-25 08:55:52,333332,____________,GX-NN-T-ZCTX-001319"
"866094058450293,2024-07-05 12:08:22,333333,____________,GX-NN-T-ZCTX-001286"
"866094052797269,2023-10-21 09:54:44,333333,____________,866094052797269"
"866094052798499,2024-07-17 22:54:26,333333,____________,866094052798499"
"866071056652419,2025-03-31 14:31:34,333333,____________,GX-LZ-T-ZCTX-000462"
"866094052800089,2025-12-08 23:38:47,003333,____________,GX-LZ-T-ZCTX-000152"
"861647050501762,2025-12-08 23:59:37,003000,____________,GX-LZ-T-ZCTX-000151"
"860374056978180,2025-05-19 00:58:23,333333,____________,860374056978180"
"866094052798523,2024-01-10 15:28:41,333333,____________,866094052798523"
"865027052433924,2025-12-08 23:41:31,002200,____________,865027052433924"
"861647050643566,2023-02-18 19:38:09,222222,______(__)____,861647050643566"
"861647050639588,2025-12-08 23:55:04,003300,____________,GX-NN-T-ZCTX-1004044"
"868681049165549,2025-12-08 23:34:40,000000,____________,JS-HA-T-ZC-000267"
"866094058471117,2025-12-09 00:02:29,003333,____________,JS-HA-T-ZC-000272"
"868681049139072,2025-12-08 23:57:29,000303,____________,JS-HA-T-ZC-000247"
"866094052827033,2025-12-08 23:40:10,000003,____________,JS-HA-T-ZC-000260"
"868681049136573,2025-12-08 23:35:21,003333,____________,JS-HA-T-ZC-000269"
"860123055496680,2025-12-08 23:36:32,003322,____________,860123055496680"
"861647050641774,2025-12-09 00:02:09,000000,____________,GX-NN-T-ZCTX-1004042"
"866071056661337,2025-12-09 00:00:36,000032,____________,866071056661337"
"861647050501663,2025-12-08 23:42:15,003300,____________,GX-NN-T-ZCTX-1004040"
"861647050638267,2025-12-08 23:58:51,002222222,____________,GX-WZ-T-ZCTX-1003017"
"866094058466737,2023-10-14 20:58:51,333222,____________,866094058466737"
"861647050639943,2025-12-08 23:43:24,002222222,____________,GX-WZ-T-ZCTX-1003028"
"861647050643572,2025-12-08 23:48:31,002222222,____________,GX-WZ-T-ZCTX-1003027"
"865027052401673,2025-12-08 23:36:22,002222222,____________,865027052401673"
"861647050639950,2025-12-08 23:58:45,003300,____________,GX-WZ-T-ZCTX-1003025"
"861647050643317,2025-12-08 23:42:18,003333,____________,GX-WZ-T-ZCTX-1003024"
"866094052793698,2025-12-08 23:54:44,003333,____________,JS-HA-T-ZC-000219"
"864162047823334,2025-12-08 23:56:46,000330,____________,GX-NN-T-ZCTX-1004038"
"861647050639729,2025-12-08 23:58:46,000000,____________,GX-NN-T-ZCTX-1004037"
"866071056798105,2024-04-18 08:36:42,333333,____________,866071056798105"
"866071056825148,2025-12-08 23:54:31,003022,____________,SX-XA-T-ZCTX-000631"
"861647050646617,2025-12-08 23:32:45,002222222,____________,GX-WZ-T-ZCTX-1003023"
"861647050784772,2025-12-08 23:42:42,002222222,____________,GX-NN-T-ZCTX-1004019"
"861647050644539,2025-12-08 23:52:59,002222222,____________,GX-NN-T-ZCTX-1004021"
"861647050501630,2025-12-08 23:42:45,002222222,____________,GX-NN-T-ZCTX-001326"
"861647050642871,2023-10-14 09:45:40,333333,____________,GX-NN-T-ZCTX-1004035"
"861647050640891,2025-12-08 23:47:10,003333,____________,GX-LZ-T-ZCTX-000468"
"861647050784707,2025-12-08 23:59:08,002222222,____________,GX-NN-T-ZCTX-1004034"
"861647050786629,2024-04-01 15:48:00,332222,____________,861647050786629"
"865027052603112,2025-12-08 23:37:24,002200,____________,SX-BJ-T-ZCTX-000209"
"866071056753787,2024-05-20 19:04:52,003333,____________,866071056753787"
"868681049090796,2025-12-08 23:35:43,000000,______(__)____,868681049090796"
"861647050639810,2025-12-08 12:35:46,333322,____________,GX-WZ-T-ZCTX-1003022"
"861647050639919,2023-04-24 19:38:04,333333,____________,SX-XA-T-ZCTX-000621"
"866071056780475,2025-12-08 23:45:06,000000222,____________,866071056780475"
"865027052380318,2025-12-08 12:13:52,322222,____________,865027052380318"
"861647050640214,2025-12-08 23:58:25,000030,____________,SX-XA-T-ZCTX-000444"
"861647050641857,2025-12-08 23:59:39,003333,____________,SX-XA-T-ZCTX-000440"
"861647050642228,2025-12-08 23:39:40,003333,______(__)____,SX-XA-T-SSFX-000077"
"864162047526739,2025-12-08 12:48:52,003322,____________,SX-XA-T-ZCTX-000101"
"866071056763133,2025-12-08 23:45:11,000032,____________,SX-XA-T-ZCTX-000395"
"866094052749294,2024-06-24 23:34:11,333333,____________, JS-HA-T-ZC-000251"
"866071056754736,2025-12-08 23:38:31,003332,____________,SX-XA-T-ZCTX-000396"
"860123055497662,2025-12-08 23:58:01,003333,____________,GX-NN-T-ZCTX-1004029"
"866071056827961,2025-12-09 00:00:37,003333,______(__)____,SX-XA-T-SSFX-000101"
"865027052458251,2025-12-09 00:00:57,000002,____________,865027052458251"
"865027052440606,2025-12-08 23:49:52,003333,____________,865027052440606"
"865027052400923,2024-07-17 01:25:08,332233,____________,865027052400923"
"861647050642814,2025-12-08 23:56:33,003333,____________,JS-HA-T-ZC-000207"
"866732051104207,2023-01-30 16:35:16,333333,____________,JS-HA-T-ZC-000273"
"861647050501721,2025-12-09 00:01:41,003330,____________,JS-HA-T-ZC-000206"
"861647050643358,2025-12-08 23:49:41,003330,____________,JS-HA-T-ZC-000194"
"860374056983255,2025-12-08 23:48:00,003030,____________,JS-HA-T-ZC-000209"
"866094052826613,2025-12-08 23:09:04,000000,____________,JS-HA-T-ZC-000259"
"866094058454444,2024-11-27 09:51:52,333333,____________,JS-HA-T-ZC-000201"
"866094058459641,2025-12-08 23:47:54,000003,____________,JS-HA-T-ZC-000215"
"866094052824055,2025-12-08 23:57:04,003333,____________,JS-HA-T-ZC-000258"
"866094052824261,2025-12-08 23:41:22,003333,____________,JS-HA-T-ZC-000242"
"866094058455078,2023-05-21 20:54:21,333333,____________,JS-HA-T-ZC-000253"
"866094052824139,2025-12-08 23:34:24,003003,____________,JS-HA-T-ZC-000208"
"866094052797335,2025-12-08 23:54:58,003303,____________,JS-HA-T-ZC-000245"
"866094052793888,2025-12-08 23:47:09,000033,____________,JS-HA-T-ZC-000202"
"866094052797236,2025-10-30 12:01:15,333333,____________,JS-HA-T-ZC-000252"
"866094052794753,2025-10-15 01:57:32,333333,____________,JS-HA-T-ZC-000223"
"865027052466858,2025-12-08 17:58:17,322222,____________,SX-BJ-T-ZCTX-000190"
"861647050639877,2025-12-08 23:55:51,003333,____________,861647050639877"
"866071056683067,2025-04-01 11:25:41,333333,____________,866071056683067"
"866094058454329,2025-12-08 23:46:16,003333,____________,JS-HA-T-ZC-000266"
"866094052821127,2025-03-12 13:58:30,333333,____________,JS-HA-T-ZC-000205"
"868681049148867,2025-08-09 08:20:01,333333,____________,JS-HA-T-ZC-000195"
"861647050643853,2025-12-08 23:50:53,003333,____________,GX-NN-T-ZCTX-1004026"
"861647050641360,2025-08-15 09:11:17,333333,____________,GX-NN-T-ZCTX-1004025"
"861647050643556,2025-12-08 12:14:09,003322,______(__)____,861647050643556"
"866094052827637,2023-02-15 16:27:05,333333,____________,866094052827637"
"860374057099283,2025-12-09 00:02:50,000030,____________,JS-HA-T-ZC-000243"
"865027052617195,2025-12-08 23:49:42,000300,____________,SX-BJ-T-ZCTX-000115"
"866094058454766,2025-12-08 23:44:13,000003,____________,JS-HA-T-ZC-000224"
"861647050642624,2025-12-08 15:27:13,000000,____________,SX-XA-T-ZCTX-000343"
"861647050641915,2025-12-08 12:34:51,000000,____________,SX-XA-T-ZCTX-000344"
"861647050641832,2025-12-08 23:33:31,003330,____________,JS-HA-T-ZC-000216"
"861647050642715,2025-12-08 23:41:37,003333,____________,JS-HA-T-ZC-000203"
"866071056732625,2025-12-08 23:56:51,003322,______(__)____,SX-SL-T-SSFX-000009"
"861647050643671,2025-12-08 23:38:02,000003,____________,JS-HA-T-ZC-000249"
"861647050639992,2025-12-08 23:58:29,003303,____________,JS-HA-T-ZC-000212"
"861647050642269,2023-06-29 19:11:56,333333,____________,JS-HA-T-ZC-000210"
"861647050641741,2025-12-08 23:51:31,003333,____________,JS-HA-T-ZC-000244"
"866094052800030,2025-12-08 23:41:10,003330,____________,JS-HA-T-ZC-000257"
"861647050643333,2023-03-11 10:44:20,333333,____________,JS-HA-T-ZC-000248"
"861647050640008,2025-12-08 23:34:18,003330,____________,JS-HA-T-ZC-000198"
"861647050642038,2025-12-08 23:34:28,000000,____________,JS-HA-T-ZC-000204"
"866094052799919,2025-12-08 23:57:12,020222,______(__)____,SX-SL-T-SSFX-000083"
"861647050641196,2025-12-08 23:52:09,000000,____________,JS-HA-T-ZC-000196"
"865027052640866,2025-12-09 00:00:54,000330,____________,JS-HA-T-ZC-000276"
"861647050640099,2025-12-08 23:51:03,003333,____________,GX-WZ-T-ZCTX-1003020"
"860123055505050,2025-12-08 23:37:01,003033,____________,GX-WZ-T-ZCTX-1003021"
"861647050736756,2025-12-08 23:55:56,002222222,____________,GX-WZ-T-ZCTX-1003019"
"861647050736798,2025-12-08 23:46:02,002222222,____________,GX-WZ-T-ZCTX-1003018"
"861647050737655,2025-12-08 23:57:44,002222222,____________,GX-WZ-T-ZCTX-1003016"
"861647050786421,2024-09-06 20:27:53,332222,____________,861647050786421"
"860123055489602,2025-04-11 12:32:41,333333,____________,GX-NN-T-ZCTX-000902"
"866071056796034,2025-12-08 23:55:19,003333,____________,866071056796034"
"861647050641808,2025-12-08 23:41:17,303330,____________,GX-NN-T-ZCTX-000953"
"866071056868809,2025-12-08 23:54:19,000002,____________,SX-XA-T-ZCTX-000584"
"866094052829914,2025-12-08 23:35:04,003000,____________,GX-NN-T-ZCTX-1004024"
"861647050643432,2025-12-08 23:59:39,003300,____________,GX-NN-T-ZCTX-1004023"
"861647050642426,2024-10-18 07:55:26,333333,____________,GX-NN-T-ZCTX-000870"
"865027052400907,2025-12-06 10:10:31,332233,____________,865027052400907"
"865027052547780,2025-07-12 18:43:14,332233,______(__)____,SX-AK-T-SSFX-000067"
"866071056728151,2025-06-27 15:22:02,332332,______(__)____,SX-AK-T-SSFX-000065"
"860123055604655,2025-12-08 23:46:53,022222,__________,860123055604655"
"861647050639778,2025-12-08 12:41:31,022222,____________,861647050639778"
"861647050639844,2025-12-08 23:56:24,000003,____________,861647050639844"
"861647050638101,2025-12-08 23:38:48,002222222,____________,GX-NN-T-ZCTX-001174"
"861647050641840,2025-12-08 23:47:49,000222,____________,SX-XA-T-ZCTX-000312"
"861647050801436,2024-04-17 18:44:12,322222,____________,861647050801436"
"861647050646450,2024-10-09 05:52:49,332222,____________,861647050646450"
"865027052288716,2025-12-08 23:55:04,302200,____________,SX-BJ-T-ZCTX-000425"
"864162047872778,2025-12-08 23:58:20,002222222,____________,GX-NN-T-ZCTX-1004017"
"861647050784541,2025-12-08 23:54:11,002222222,____________,GX-NN-T-ZCTX-1004020"
"866094052821952,2025-12-08 23:52:53,020222,____________,GX-NN-T-ZCTX-1004018"
"866094052821101,2025-12-08 23:53:08,020222,____________,GX-NN-T-ZCTX-1004016"
"866094052832918,2025-12-08 23:44:37,003332,____________,GX-WZ-T-ZCTX-1003014"
"861647050646872,2024-05-19 10:12:20,332222,____________,861647050646872"
"861647050736681,2024-08-18 08:51:40,332222,____________,GX-NN-T-ZCTX-1004012"
"860123055643570,2025-12-08 23:48:50,303332,__________,860123055643570"
"861647050639422,2025-12-08 23:41:35,002222222,__________,861647050639422"
"861647050642301,2025-12-08 23:45:59,002222222,__________,861647050642301"
"866094051380612,2025-10-23 00:13:26,333333,____________,GX-WZ-T-ZCTX-1003013"
"865027052444392,2025-12-08 23:54:37,000000,____________,SX-BJ-T-ZCTX-000136"
"864162047792125,2025-12-08 12:40:54,333322,____________,SX-XA-T-ZCTX-000693"
"861647050778667,2024-03-04 12:12:26,332222,____________,GX-NN-T-ZCTX-001328"
"865027052438881,2025-12-08 23:33:34,003000,____________,SX-XA-T-ZCTX-000637"
"864162047526754,2025-12-08 22:04:58,003000,____________,SX-XA-T-ZCTX-000638"
"865027052363709,2025-12-08 23:44:14,323222,____________,SX-BJ-T-ZCTX-000037"
"865027052303176,2025-12-08 23:57:05,323222,____________,SX-BJ-T-ZCTX-000035"
"861647050641543,2025-12-08 23:58:47,000000,____________,GX-NN-T-ZCTX-000769"
"865027052436356,2025-12-08 23:41:47,000022,____________,SX-BJ-T-ZCTX-000173"
"861647050642772,2025-12-08 23:54:24,003300,____________,GX-NN-T-ZCTX-000735"
"864162047669521,2025-09-23 10:50:26,332333,____________,864162047669521"
"861647050642566,2025-12-08 23:37:35,003030,____________,861647050642566"
"861647050642855,2025-12-08 23:36:08,003300,____________,861647050642855"
"860123055605702,2025-12-08 23:37:05,003300,_________,860123055605702"
"866094052622814,2024-05-02 07:45:16,333333,____________,866094052622814"
"861647050501598,2025-12-08 23:36:43,002222222,____________,861647050501598"
"861647050728860,2025-12-08 12:11:40,332222222,____________,GX-WZ-T-ZCTX-1003012"
"865027052308233,2025-12-08 23:47:04,002222222,____________,GX-WZ-T-ZCTX-1003011"
"865027052547418,2025-12-08 23:33:45,002222222,____________,GX-WZ-T-ZCTX-1003010"
"861647050641642,2025-03-31 14:36:52,332222222,____________,861647050641642"
"861647050643895,2025-12-08 23:32:50,002222222,____________,GX-WZ-T-ZCTX-1003008"
"865027052567879,2025-12-08 23:44:29,002222222,____________,GX-WZ-T-ZCTX-1003007"
"866071056780442,2025-12-08 23:46:37,003000,____________,SX-BJ-T-ZCTX-000074"
"866094052825995,2025-12-08 23:45:26,003330,____________,GX-WZ-T-ZCTX-1003006"
"864162047743995,2025-12-08 23:47:40,022222,____________,864162047743995"
"866094058417474,2025-12-08 23:55:11,000000,____________,GX-WZ-T-ZCTX-1003005"
"861647050642137,2025-12-08 23:40:49,003000,____________,GX-WZ-T-ZCTX-1003004"
"865027052417786,2025-12-08 23:39:42,003322,____________,SX-BJ-T-ZCTX-000178"
"865027052376966,2025-12-08 23:36:21,002300,____________,865027052376966"
"865027052459606,2025-12-08 23:56:24,000330,____________,SX-BJ-T-ZCTX-000010"
"866094052800048,2025-12-08 23:42:32,003330,____________,GX-WZ-T-ZCTX-1003003"
"861647050642087,2025-12-08 23:52:11,003003,____________,GX-WZ-T-ZCTX-003002"
"866094052792740,2023-02-22 17:28:21,332222222,____________,866094052792740"
"866094052861800,2025-12-08 23:07:40,020222,____________,866094052861800"
"866094052805328,2025-12-09 00:01:08,003000,____________,866094052805328"
"861647050642103,2025-12-08 23:55:22,000033,____________,GX-LZ-T-ZCTX-0003013"
"866071056683125,2025-12-08 23:34:30,000000,____________,SX-BJ-T-ZCTX-000093"
"865027052488142,2025-12-08 23:55:25,003000,____________,GX-LZ-T-ZCTX-0003012"
"861647050640248,2022-12-13 12:54:59,333332,______(__)____,SX-HZ-T-SSFX-000027"
"861647050643192,2025-12-08 23:33:36,003333,____________,SX-XY-T-ZCTX-000038"
"864162047827392,2025-12-08 23:41:23,000003,____________,SX-XA-T-SSFX-000080"
"865027052277966,2025-12-08 12:15:21,333322,____________,SX-BJ-T-ZCTX-000116"
"865027052567515,2025-12-08 23:55:45,003333,____________,SX-BJ-T-ZCTX-000112"
"866071056664513,2025-12-09 00:02:46,003333,____________,866071056664513"
"861647050642343,2025-12-08 23:36:42,022222222,____________,GX-NN-T-ZCTX-004000"
"860123055582059,2025-12-08 12:19:01,302023,____________,GX-BH-T-ZCTX-003000"
"866094052831860,2025-12-08 23:58:38,000322,____________,GX-WZ-T-ZCTX-003000"
"861647050643945,2025-12-08 23:48:32,002222222,____________,GX-HZ-T-ZCTX-003001"
"861647050736780,2025-12-08 23:48:12,002222222,____________,GX-HZ-T-ZCTX-003000"
"861647050641014,2025-12-08 23:46:55,003333,______(__)____,SX-XA-T-SSFX-000004"
"865027052452296,2025-12-08 23:55:46,000022,____________,SX-BJ-T-ZCTX-000151"
"861647050643754,2025-12-08 23:59:58,003333,____________,861647050643754"
"861647050641345,2025-12-08 23:11:58,003300,____________,GX-WZ-T-ZCTX-000383"
"866094052778319,2025-12-08 23:47:23,022222,____________,GX-WZ-T-ZCTX-000382"
"861647050640115,2025-12-08 23:59:44,002200,____________,SX-XA-T-ZCTX-000250"
"861647050641758,2025-06-23 12:01:52,333333,____________,SX-XA-T-ZCTX-000400"
"861647050643010,2025-12-08 12:47:53,022222,____________,861647050643010"
"861647050640016,2025-12-08 12:12:01,000333,____________,SX-XA-T-ZCTX-000362"
"861647050786827,2022-12-08 10:29:52,332222222,____________,861647050786827"
"865027052308258,2025-10-31 21:45:44,322222,____________,865027052308258"
"861647050658554,2022-12-12 17:21:49,332222222,____________,861647050658554"
"866094052810575,2025-09-13 11:17:13,333332,____________,866094052810575"
"861647050644034,2025-12-08 23:47:00,002222222,____________,GX-BH-T-ZCTX-000209"
"861647050641055,2025-12-08 23:51:28,002222222,____________,GX-BH-T-ZCTX-000208"
"866094052820665,2025-12-08 12:48:43,022222,____________,866094052820665"
"866071056803806,2025-12-08 12:34:32,022222,____________,866071056803806"
"866094052841026,2025-12-08 12:21:06,022222,____________,866094052841026"
"861647050641568,2025-03-16 07:41:03,333333,____________,GX-BH-T-ZCTX-000207"
"866094052826878,2025-12-08 23:41:17,000330,____________,GX-BH-T-ZCTX-000206"
"861647050641485,2025-12-09 00:01:56,000000,____________,SX-XA-T-ZCTX-000218"
"861647050786041,2025-12-08 23:59:11,002222222,____________,GX-LZ-T-ZCTX-1000526"
"861647050643093,2025-12-08 23:22:55,000000222,____________,SX-XA-T-ZCTX-000625"
"861410049560302,2025-12-08 23:34:14,202222,______(__)____,861410049560302"
"861647050511111,2022-12-02 14:43:35,222222,____________,861647050511111"
"861647050643937,2024-11-22 10:45:29,333333,____________,SX-XA-T-ZCTX-000583"
"866094052534365,2025-12-09 00:01:39,020222,____________,GX-NN-T-ZCTX-001138"
"861647050643259,2025-12-08 23:38:05,002222222,____________,GX-NN-T-ZCTX-001506"
"866094058461111,2022-11-29 15:44:41,222222,____________,866094058461111"
"866094052851934,2025-07-07 14:31:24,322222,____________,GX-NN-T-ZCTX-001216"
"861647050642145,2025-12-08 23:33:23,003333,____________,GX-LZ-T-ZCTX-0003011"
"861647050642632,2025-12-08 23:33:25,002222222,__________,861647050642632"
"861647050643911,2025-12-08 23:57:20,002222222,__________,861647050643911"
"861647050642798,2025-12-08 23:36:18,002222222,__________,861647050642798"
"861647050643416,2025-12-08 23:42:26,002222222,__________,861647050643416"
"861647050640222,2025-12-08 23:53:20,002222222,__________,861647050640222"
"865027052281893,2025-12-08 23:46:25,002222222,__________,865027052281893"
"861647050642285,2025-12-08 12:19:25,022222,____________,861647050642285"
"861647050641691,2025-01-23 10:10:52,332222,____________,GX-NN-T-ZCTX-000998"
"866094052830029,2025-01-23 09:42:44,323222,____________,GX-NN-T-ZCTX-000996"
"866094052785512,2025-12-09 00:00:07,020222,____________,866094052785512"
"866094052864341,2024-05-15 15:31:55,323222,____________,866094052864341"
"866094052824469,2025-12-08 23:39:45,003330,____________,SX-XA-T-ZCTX-000406"
"866094052800105,2025-12-08 23:42:17,000000,____________,866094052800105"
"866094052861784,2025-12-08 23:32:16,020222,____________,GX-NN-T-ZCTX-001044"
"860374059996072,2022-11-28 15:00:26,333333,____________,860374059996072"
"866732055479340,2025-12-08 23:48:11,002002,____________,GX-NN-T-ZCTX-003019"
"866071056780434,2025-12-08 23:52:09,002222222,____________,GX-NN-T-ZCTX-000524"
"866094058467065,2024-08-19 13:05:57,333333,____________,866094058467065"
"861647050642830,2025-12-08 23:44:24,002222222,____________,861647050642830"
"866094052832603,2025-06-10 16:22:50,333333,____________,GX-NN-T-ZCTX-003018"
"860575057963811,2025-12-08 23:55:34,000000,____________,GX-NN-T-ZCTX-003016"
"861410049560385,2024-05-02 15:29:36,233222,____________,861410049560385"
"861647050643234,2025-12-08 23:51:04,000000,____________,861647050643234"
"861647050641956,2025-12-08 23:48:58,000000,____________,861647050641956"
"861647050640172,2022-11-23 11:27:08,333333,____________,861647050640172"
"861647050501754,2025-12-08 23:37:55,000000,____________,861647050501754"
"861647050501671,2025-12-09 00:01:47,002222222,____________,GX-NN-T-ZCTX-003014"
"861647050642541,2025-12-08 23:37:24,002222222,____________,GX-NN-T-ZCTX-003013"
"865027052386932,2025-12-08 23:42:31,002222222,____________,GX-NN-T-ZCTX-003012"
"861647050640750,2025-12-09 00:02:15,000330,____________,JS-HA-T-ZC-000275"
"865027052380356,2025-12-08 23:42:30,022222,____________,SX-WN-T-ZCTX-000188"
"866094052834294,2025-12-08 23:39:05,000033,____________,GX-NN-T-ZCTX-000066"
"866732055372131,2025-12-08 23:39:33,002020,____________,GX-NN-T-ZCTX-003011"
"861647050643622,2025-12-08 23:47:54,002222222,____________,GX-NN-T-ZCTX-003010"
"864162047527331,2025-12-08 23:42:06,002222222,____________,GX-NN-T-ZCTX-003009"
"861647050640065,2025-12-08 12:37:56,332222222,____________,GX-NN-T-ZCTX-003008"
"861647050642673,2025-12-08 23:55:43,002222222,____________,GX-NN-T-ZCTX-003007"
"861647050639828,2025-12-08 23:53:28,002222222,____________,GX-LZ-T-ZCTX-0003010"
"866071056781515,2025-12-09 00:00:04,002222222,____________,GX-LZ-T-ZCTX-0003009"
"865027052589337,2025-12-08 23:45:17,002222222,____________,GX-NN-T-ZCTX-003006"
"861647050643580,2025-12-08 23:49:10,002222222,____________,GX-NN-T-ZCTX-003005"
"861647050643218,2025-12-08 23:42:12,002222222,____________,GX-NN-T-ZCTX-003004"
"865027052280168,2025-12-08 23:42:40,002222222,____________,GX-NN-T-ZCTX-003003"
"866094052800139,2025-12-08 23:41:13,002222222,____________,GX-LZ-T-ZCTX-0003008"
"861647050639786,2025-12-08 23:32:50,002222222,____________,GX-LZ-T-ZCTX-0003007"
"861647050641402,2025-12-08 23:54:01,002222222,____________,GX-LZ-T-ZCTX-0003006"
"861647050640073,2025-12-08 23:58:36,002222222,____________,GX-LZ-T-ZCTX-0003005"
"861647050642111,2025-12-08 23:47:24,002222222,____________,GX-LZ-T-ZCTX-0003004"
"861647050640040,2025-12-08 23:55:03,002222222,____________,GX-LZ-T-ZCTX-0003003"
"866094052800246,2025-12-08 23:41:25,002222222,____________,GX-LZ-T-ZCTX-0003002"
"861647050501556,2025-12-08 23:54:16,002222222,____________,GX-LZ-T-ZCTX-0003001"
"866732055355037,2025-12-08 23:50:19,000000,____________,GX-NN-T-ZCTX-003002"
"868681049133984,2025-12-08 12:05:02,322222,____________,868681049133984"
"860123055685431,2025-12-08 23:34:14,020222,____________,SX-XA-T-ZCTX-000051"
"866094052828643,2025-12-08 12:40:42,022222,____________,SX-BJ-T-ZCTX-000225"
"860123055506272,2025-12-09 00:01:47,003222,__________,860123055506272"
"866071056882057,2025-12-08 23:42:42,003330,____________,JS-HA-T-ZC-000274"
"860123055506256,2025-12-08 23:49:12,303333,__________,860123055506256"
"868681043904901,2022-11-16 09:33:16,222222,_________,GX-HC-T-ZYJ-000001"
"866094052553456,2025-12-08 23:56:20,003000,__________,866094052553456"
"861647050643499,2025-12-08 23:58:00,002222222,____________,GX-FCG-T-ZCTX-000115"
"866732055478656,2025-12-08 23:52:50,000000,____________,GX-FCG-T-ZCTX-000175"
"861647050643630,2025-12-08 23:58:14,002222222,____________,GX-FCG-T-ZCTX-003009"
"861647050641816,2025-12-08 23:36:29,002222222,____________,GX-FCG-T-ZCTX-003008"
"861647050639851,2024-07-04 13:09:35,332222222,____________,GX-FCG-T-ZCTX-000217"
"861647050639794,2025-12-08 12:48:39,002222,____________,GX-FCG-T-ZCTX-003007"
"864162047528420,2025-12-08 23:55:03,000022,____________,SX-XA-T-ZCTX-000294"
"866071056768850,2025-12-08 23:44:44,002222222,____________,GX-FCG-T-ZCTX-003006"
"865027052517320,2024-12-11 22:39:26,332222,____________,GX-FCG-T-ZCTX-003005"
"861647050643739,2025-12-08 23:52:10,002222222,____________,GX-FCG-T-ZCTX-003003"
"866094058471463,2025-12-08 19:33:01,000000,____________,GX-FCG-T-ZCTX-003002"
"866094058479300,2025-12-08 23:33:06,003333,____________,GX-FCG-T-ZCTX-003001"
"866071056764370,2025-12-09 00:02:19,002330,______(__)____,SX-XA-T-SSFX-000017"
"861647050641824,2025-12-08 23:35:57,000002,____________,GX-FCG-T-ZCTX-000318"
"861647050641949,2024-02-09 05:02:59,333333,____________,861647050641949"
"866094052828155,2022-11-09 16:48:12,222222,____________,866094052828155"
"861647050643176,2025-12-08 23:54:43,003222,____________,GX-LZ-T-ZCTX-0001506"
"861647050642129,2025-12-08 23:31:59,003333,____________,GX-NN-T-ZCTX-001330"
"861647050642079,2024-11-24 10:41:14,333333,____________,GX-NN-T-ZCTX-001340"
"866094052832710,2025-12-08 23:32:44,003333,____________,GX-NN-T-ZCTX-001342"
"865027052638555,2025-12-08 23:59:50,000000,____________,GX-NN-T-ZCTX-001500"
"861647050642327,2025-12-08 23:35:06,303333,____________,GX-NN-T-ZCTX-001502"
"860123055502255,2025-12-08 23:33:54,000333,____________,GX-NN-T-ZCTX-001334"
"861647050643713,2025-12-08 23:42:19,002222222,_________,GX-CZ-T-ZYJ-001186"
"865027052470975,2025-12-08 23:54:12,002222222,_________,GX-CZ-T-ZYJ-001189"
"865027052454813,2025-12-08 23:59:06,002222222,_________,GX-CZ-T-ZYJ-001188"
"861647050642897,2025-12-08 12:47:20,333322,_________,GX-CZ-T-ZYJ-001185"
"861647050501564,2025-12-09 00:00:05,303030,_________,GX-CZ-T-ZYJ-000185"
"861647050641980,2025-12-09 00:00:17,003300,_________,GX-CZ-T-ZYJ-000184"
"861647050638283,2024-09-13 10:10:15,332222,____________,861647050638283"
"861647050501739,2025-12-08 23:51:35,003000,____________,SX-BJ-T-ZCTX-000014"
"861647050641386,2025-12-08 23:44:13,000220,____________,SX-BJ-T-ZCTX-000208"
"861647050501549,2025-12-09 00:02:42,003030,____________,SX-BJ-T-ZCTX-000210"
"866094052800113,2025-12-08 23:37:09,003330,____________,SX-BJ-T-ZCTX-000226"
"861647050639661,2025-12-08 23:41:08,003000,____________,SX-BJ-T-ZCTX-000213"
"861647050501622,2025-11-07 08:08:18,333333,____________,SX-BJ-T-ZCTX-000044"
"866071056781531,2025-12-08 23:58:12,303333,____________,SX-BJ-T-ZCTX-000333"
"861647050641154,2025-12-08 23:52:38,003333,______(__)____,SX-XA-T-SSFX-000066"
"866094052770753,2024-06-19 19:34:05,333333,____________,GX-WZ-T-ZCTX-000368"
"865027052668040,2025-12-09 00:02:46,000000,____________,SX-BJ-T-ZCTX-000211"
"865027052652440,2025-12-08 23:36:23,002222222,____________,SX-TC-T-ZCTX-000058"
"865027052544100,2025-12-08 23:52:53,002222222,____________,SX-TC-T-ZCTX-000054"
"865027052313860,2025-12-08 23:34:30,002222222,____________,SX-TC-T-ZCTX-000056"
"865027052345078,2025-12-08 23:47:43,002222222,____________,SX-TC-T-ZCTX-000062"
"865027052603757,2025-12-08 23:40:27,002222222,____________,SX-TC-T-ZCTX-000059"
"865027052443105,2025-12-08 23:44:53,002222222,____________,SX-TC-T-ZCTX-000057"
"865027052469944,2025-12-08 23:39:23,002222222,____________,SX-TC-T-ZCTX-000063"
"865027052420939,2025-12-08 23:46:28,002222222,____________,SX-TC-T-ZCTX-000055"
"865027052522189,2025-12-08 23:38:48,002222222,____________,SX-TC-T-ZCTX-000061"
"865027052290423,2025-12-08 23:57:18,002222222,____________,SX-TC-T-ZCTX-000060"
"861647050643374,2025-12-08 23:35:06,000003,____________,GX-NN-T-ZCTX-001505"
"861647050639901,2025-06-23 23:45:13,000223,____________,SX-XA-T-ZCTX-000430"
"865027052569230,2025-12-08 23:47:43,003300,____________,SX-BJ-T-ZCTX-000134"
"861647050642202,2025-12-09 00:02:10,000030,____________,GX-NN-T-ZCTX-001504"
"861647050501606,2025-07-30 12:11:12,333333,____________,SX-BJ-T-ZCTX-000001"
"861647050641469,2025-12-08 23:59:36,003330,____________,GX-NN-T-ZCTX-002556"
"861647050642046,2025-12-08 23:59:33,003330,____________,GX-NN-T-ZCTX-002555"
"861647050642026,2023-10-14 10:09:42,222222,____________,861647050642026"
"866094052827504,2025-12-08 23:39:32,000000,____________,GX-WZ-T-ZCTX-000367"
"866094052831712,2024-06-04 01:30:21,333333,____________,866094052831712"
"865027052654891,2022-11-01 16:50:49,333333,____________,865027052654891"
"865027052470785,2023-12-08 09:33:29,333333,____________,865027052470785"
"865027052361729,2023-09-28 15:21:16,332233,____________,test729"
"866094052792823,2025-12-08 12:36:41,322222,____________,SX-BJ-T-ZCTX-000227"
"866094052826068,2025-12-08 23:34:27,303333,____________,GX-WZ-T-ZCTX-00054"
"861647050736442,2025-12-08 23:50:38,002222222,____________,GX-BH-T-ZCTX-000205"
"861647050783352,2025-12-08 23:03:15,002222222,____________,GX-BH-T-ZCTX-000204"
"861647050638440,2025-07-16 12:19:39,332222,____________,GX-BH-T-ZCTX-000203"
"861647050642368,2025-12-08 23:32:47,303333,____________,GX-BH-T-ZCTX-000202"
"868681049140393,2025-12-09 00:02:38,000222,____________,SX-XA-T-ZCTX-000010"
"868681043921798,2025-12-08 23:48:46,000000,____________,SX-XA-T-ZCTX-000003"
"861647050642970,2025-12-08 23:42:54,003322,____________,SX-BJ-T-ZCTX-000073"
"865027052420764,2025-12-08 23:40:52,000000,____________,SX-BJ-T-ZCTX-000424"
"861647050643770,2025-12-08 23:53:28,000000,____________,SX-BJ-T-ZCTX-000423"
"866094052832926,2023-10-12 07:45:28,333333,,866094052832926"
"865027052272777,2025-12-08 23:58:43,003333,______(__)____,SX-XA-T-SSFX-000075"
"861647050640834,2025-12-08 23:58:30,003333,____________,SX-BJ-T-ZCTX-000071"
"861647050642525,2025-12-08 23:58:08,003333,____________,GX-BH-T-ZCTX-000201"
"861647050643390,2025-12-08 23:44:26,303300,____________,SX-XA-T-ZCTX-000104"
"861647050502998,2022-10-28 11:20:56,333333,____________,______1"
"861647050502997,2022-10-28 11:20:21,333333,____________,______1"
"861647050643515,2024-10-08 08:55:45,332222222,____________,861647050643515"
"861647050639802,2024-10-24 13:47:59,332222222,____________,861647050639802"
"865027052507446,2024-07-20 11:52:16,332222222,____________,865027052507446"
"861647050642004,2025-03-12 07:45:27,332222222,____________,861647050642004"
"861647050642012,2023-07-27 10:06:16,332222,____________,861647050642012"
"866094052800071,2025-12-08 23:54:51,002220222,____________,SX-XA-T-ZCTX-000674"
"866094052826738,2025-12-09 00:02:02,003030,____________,GX-LZ-T-ZCTX-0001504"
"866094052799927,2025-12-09 00:00:18,000030,____________,SX-XA-T-ZCTX-000666"
"864162047527505,2025-12-08 23:55:31,000033,____________,SX-XA-T-ZCTX-000298"
"864162047765113,2025-09-04 12:07:29,333333,____________,SX-XA-T-ZCTX-001328"
"864162047527760,2025-12-08 23:47:54,003222,____________,SX-XA-T-ZCTX-000259"
"865027052308266,2025-12-08 23:56:33,003000,____________,SX-XA-T-ZCTX-000009"
"865027072303184,2022-10-26 09:50:42,322222,____________,865027072303184"
"861647050641923,2025-12-08 23:53:15,000000,____________,GX-NN-T-ZCTX-001501"
"861647050640131,2025-12-08 23:55:45,000000,____________,SX-BJ-T-ZCTX-000113"
"861647050641972,2025-12-08 23:35:48,303333,____________,861647050641972"
"861647050641030,2025-12-08 23:48:11,000000,____________,SX-BJ-T-ZCTX-000096"
"865027052443063,2025-12-08 23:52:19,002222222,____________,GX-LZ-T-ZCTX-000165"
"861410049559015,2025-11-25 14:58:49,232222,____________,SX-BJ-T-ZCTX-000095"
"861647050641501,2025-12-08 23:51:35,003333,____________,GX-LZ-T-ZCTX-000619"
"865027052421010,2022-10-21 17:19:17,333333,____________,865027052421010"
"865027052472518,2022-10-21 17:11:32,333333,____________,865027052472518"
"865027052401707,2022-10-21 17:11:38,333333,____________,865027052401707"
"865027052470371,2025-12-08 23:54:25,303330,____________,865027052470371"
"865027052597397,2024-05-26 23:30:01,333333,____________,865027052597397"
"865027052619407,2025-12-08 23:43:34,000333,____________,865027052619407"
"865027052350227,2022-10-21 17:06:48,333333,____________,865027052350227"
"865027052669444,2025-12-08 23:42:27,003330,____________,865027052669444"
"865027052350367,2025-12-08 23:37:01,003333,____________,865027052350367"
"865027052301105,2022-10-21 17:18:19,333333,____________,865027052301105"
"865027052420780,2025-04-29 20:29:02,333333,____________,865027052420780"
"865027052472450,2024-07-21 08:35:54,333333,____________,865027052472450"
"865027052450498,2022-10-21 17:09:54,333333,____________,865027052450498"
"865027052664924,2022-10-21 17:12:41,333333,____________,865027052664924"
"865027052550750,2025-12-08 23:56:35,003333,____________,865027052550750"
"861647050501648,2025-12-08 23:57:05,003333,____________,GX-LZ-T-ZCTX-000179"
"860123055497753,2025-12-08 23:34:10,003332,______(__)____,860123055497753"
"861647050639836,2025-12-08 23:42:06,303333,____________,GX-FCG-T-ZCTX-000172"
"866071056785540,2025-12-08 23:51:51,323222,____________,GX-NN-T-ZCTX-000519"
"861647050645148,2023-08-31 22:02:20,332222222,____________,861647050645148"
"861647050645478,2023-09-12 15:02:14,332222222,____________,861647050645478"
"861647050645965,2022-10-20 16:39:50,332222233,____________,861647050645965"
"861647050637962,2023-03-22 13:06:28,332222222,____________,861647050637962"
"865027052288757,2025-12-08 23:47:49,003003,_________,GX-BS-T-ZYJ-000034"
"865027052440937,2025-12-08 23:37:48,000000,____________,SX-XA-T-ZCTX-000619"
"866071056770799,2025-12-09 00:02:24,000000,____________,SX-XA-T-ZCTX-000665"
"861647050501705,2025-12-09 00:00:36,000000,____________,GX-LZ-T-ZCTX-000618"
"865027052486500,2025-12-08 23:58:06,003003,____________,GX-LZ-T-ZCTX-000617"
"861647050641782,2025-11-10 13:28:05,333333,____________,861647050641782"
"865027052308241,2024-04-01 14:15:48,003333,____________,865027052308241"
"861647050643291,2025-12-08 23:47:29,000032,____________,SX-XA-T-ZCTX-000672"
"861647050786074,2025-12-08 23:51:14,002222222,____________,GX-FCG-T-ZCTX-000273"
"860123055605652,2025-12-08 23:58:17,000033,____________,GX-NN-T-ZCTX-001333"
"865027052450738,2025-12-08 23:56:13,003330,____________,GX-NN-T-ZCTX-001332"
"866094052833262,2025-12-08 23:37:58,000333,____________,GX-LZ-T-ZCTX-000600"
"866094052771629,2024-09-26 13:49:48,333333,____________,866094052771629"
"865027052469316,2025-12-08 23:53:39,003303,____________,865027052469316"
"866071056899366,2025-12-08 23:57:51,020222,____________,GX-NN-T-ZCTX-000201"
"860123055688815,2023-03-18 08:48:08,333333,____________,JS-HA-T-ZC-000271"
"865027052473250,2025-12-08 23:51:19,000000,____________,865027052473250"
"860374059995439,2025-12-08 23:49:47,003333,____________,860374059995439"
"865027052471031,2025-12-08 23:42:37,003000,____________,865027052471031"
"865027052443089,2025-12-08 23:45:07,000003,____________,865027052443089"
"861647050642699,2025-12-08 23:35:56,020222,____________,GX-NN-T-ZCTX-000517"
"860123055686652,2025-12-08 23:54:01,020222,____________,GX-NN-T-ZCTX-000115"
"865027052472682,2025-12-08 23:59:04,003000,____________,SX-BJ-T-ZCTX-000420"
"866094052770654,2025-08-03 03:59:56,333333,____________,GX-LZ-T-ZCTX-000201"
"861647050642160,2025-12-09 00:01:06,002222222,____________,GX-LZ-T-ZCTX-000611"
"861647050641683,2025-12-09 00:00:57,002222222,____________,GX-LZ-T-ZCTX-000614"
"861647050642020,2025-12-08 23:59:07,002222222,____________,GX-BH-T-ZCTX-000080"
"865027052623060,2025-12-08 23:37:38,002222222,____________,GX-LZ-T-ZCTX-000613"
"868681049155789,2025-12-08 20:35:44,000000,____________,GX-LZ-T-ZCTX-000203"
"866094058479227,2025-12-08 20:35:30,000000,____________,GX-LZ-T-ZCTX-000203"
"861647050641600,2025-12-08 23:43:36,002222222,____________,GX-NN-T-ZCTX-001343"
"861647050641626,2025-12-08 23:37:02,002222222,____________,GX-NN-T-ZCTX-001344"
"861647050641584,2025-12-08 23:40:33,002222222,____________,GX-WZ-T-ZCTX-000365"
"861647050642483,2025-12-08 23:55:50,002222222,____________,GX-WZ-T-ZCTX-003001"
"861647050642657,2025-12-08 23:48:57,002222222,____________,GX-WZ-T-ZCTX-000363"
"861647050643838,2025-12-08 23:59:41,002222222,____________,GX-BH-T-ZCTX-000079"
"865027052582068,2025-12-08 23:51:28,002222222,____________,GX-WZ-T-ZCTX-000362"
"861647050641667,2025-12-08 23:47:23,002222222,____________,861647050641667"
"865027052439962,2025-12-08 12:42:34,332322,____________,SX-BJ-T-ZCTX-000419"
"866094052850928,2025-12-08 23:46:25,000000,____________,SX-BJ-T-ZCTX-000418"
"861647050643994,2025-12-08 23:47:33,002222222,____________,GX-WZ-T-ZCTX-000364"
"861647050643952,2025-12-08 23:34:49,002222222,____________,GX-WZ-T-ZCTX-00055"
"861647050642384,2025-12-08 23:54:06,002222222,____________,GX-WZ-T-ZCTX-00056"
"865027052331649,2025-12-08 23:57:17,000333,____________,SX-BJ-T-ZCTX-000417"
"861647050643655,2025-12-08 23:49:43,002222222,____________,GX-LZ-T-ZCTX-000610"
"861647050639646,2025-12-08 23:59:26,002222222,____________,GX-WZ-T-ZCTX-000366"
"866094051450308,2025-12-08 12:11:32,022222,____________,SX-WN-T-ZCTX-000200"
"866094058470127,2025-08-06 16:49:31,332222222,____________,866094058470127"
"860374059995512,2025-12-08 23:53:40,002222222,__________,860374059995512"
"860123055606726,2025-12-08 23:29:41,303333,____________,GX-NN-T-ZCTX-001331"
"860123055643562,2025-12-08 23:50:17,003300,____________,GX-NN-T-ZCTX-0001327"
"860123055694326,2025-12-08 23:36:48,003333,____________,GX-NN-T-ZCTX-000415"
"866094052792799,2025-12-08 23:36:05,003322,____________,SX-XA-T-ZCTX-000283"
"861647050640859,2025-12-08 23:50:41,000222,____________,SX-XA-T-ZCTX-000327"
"861647050640032,2025-12-08 23:55:22,000000,____________,SX-XA-T-ZCTX-000668"
"861647050501572,2025-12-09 00:00:03,000222,____________,SX-XA-T-ZCTX-000667"
"861647050643077,2025-12-08 23:42:40,003300,____________,SX-XA-T-ZCTX-000671"
"865027052472500,2025-12-08 23:46:07,003333,____________,SX-XA-T-ZCTX-000358"
"865027052439400,2025-12-08 23:59:25,003002,____________,SX-XA-T-ZCTX-000333"
"865027052439939,2025-12-08 23:55:56,000000,____________,865027052439939"
"861647050501205,2022-10-09 09:56:23,333332,____________,861647050501205"
"861410049558348,2025-12-08 23:48:12,202222,____________,SX-XA-T-ZCTX-000190"
"865027052320113,2025-12-08 23:48:56,003003,____________,SX-BJ-T-ZCTX-000164"
"865027052614697,2025-12-08 23:56:55,003322,____________,SX-BJ-T-ZCTX-000150"
"865027052469308,2025-12-08 23:40:36,003332,____________,SX-BJ-T-ZCTX-000212"
"865027052341622,2025-12-08 23:39:42,000003,____________,SX-BJ-T-ZCTX-000421"
"860123055606809,2025-12-08 23:41:11,020222,____________,GX-NN-T-ZCTX-000356"
"861647050639893,2025-12-08 23:51:59,000000222,____________,JS-HA-T-ZC-000268"
"860123055639859,2025-04-08 10:46:34,323222,____________,GX-BH-T-ZCTX-000158"
"860123055573421,2025-04-08 10:46:42,323222,____________,GX-BH-T-ZCTX-000157"
"860123055693989,2025-04-08 14:42:42,323222,____________,GX-BH-T-ZCTX-000156"
"860123055645021,2025-04-08 14:47:05,323222,____________,GX-BH-T-ZCTX-000155"
"860123055506637,2025-02-04 14:48:00,323222,____________,GX-BH-T-ZCTX-000154"
"860123055496581,2025-02-16 17:25:44,323222,____________,GX-BH-T-ZCTX-000153"
"860123055502313,2025-12-08 23:33:55,020222,____________,860123055502313"
"860123055504988,2025-12-08 23:38:42,020222,____________,GX-BH-T-ZCTX-000151"
"860123055589823,2025-06-30 11:05:41,323222,____________,GX-BH-T-ZCTX-000150"
"866094058466844,2025-12-08 23:59:10,003000,____________,GX-BH-T-ZCTX-000140"
"861647050637657,2025-12-08 23:50:24,002222222,____________,GX-NN-T-ZCTX-001325"
"861647050638010,2025-12-08 23:43:03,002222222,____________,GX-NN-T-ZCTX-001324"
"861647050736541,2025-12-08 23:51:55,002222222,____________,GX-NN-T-ZCTX-001323"
"866094058468618,2025-12-08 23:59:29,002222222,____________,GX-NN-T-ZCTX-001322"
"861647050778618,2025-12-08 23:38:58,002222222,____________,GX-NN-T-ZCTX-001321"
"866094058435963,2025-12-08 23:58:04,002222222,____________,GX-NN-T-ZCTX-001320"
"866094052801921,2025-12-08 23:37:06,020222,____________,GX-NN-T-ZCTX-001355"
"866094052829575,2025-10-22 23:17:59,333333,____________,866094052829575"
"866094052792674,2025-12-08 23:37:54,003322,____________,SX-XA-T-ZCTX-000281"
"866094052792724,2025-12-08 12:16:43,003300,____________,SX-YL-T-ZCTX-000045"
"866094052792732,2023-08-14 09:49:41,333332,____________,SX-XA-T-ZCTX-000153"
"860374059995660,2022-09-15 13:56:47,333333,____________,860374059995660"
"860374059994671,2025-12-08 23:34:37,003332,____________,SX-BJ-T-ZCTX-000207"
"860374059995072,2022-09-13 09:38:26,332222233,__________,860374059995072"
"861647050786447,2022-09-07 17:05:27,33333333,,861647050786447"
"860374059995017,2022-09-06 10:20:52,33333333,______(__)____,860374059995017"
"866094052792054,2022-09-07 13:24:31,33333333,______(__)____, 866094052792054"
"866094052800022,2022-09-06 11:43:32,33333333,,866094052800022"
"866094052449457,2022-09-07 17:09:25,333333,,866094052449457"
"860123055503600,2024-10-02 15:25:18,333333,____________,GX-NN-T-ZCTX-001309"
"866094052449432,2022-09-07 15:24:03,333333,,866094052449432"
"860374059995488,2022-11-15 14:11:34,32222222,____________,JS-NJ-001"
"860374056981440,2022-09-07 16:23:03,333333,__________,860374056981440"
"860374056991688,2022-09-07 13:37:56,333333,______(__)____,860374056991688"
"860374059995892,2022-09-07 15:22:12,33333333,__________,860374059995892"
"860374059995546,2022-09-06 10:02:50,33333333,__________,860374059995546"
"860374059995777,2022-09-07 16:18:39,33333333,__________,860374059995777"
"866094052792641,2025-12-09 00:02:39,003333,____________,SX-BJ-T-ZCTX-000206"
"860374056938176,2024-03-01 08:23:34,333333,____________,860374056938176"
"860123055605975,2023-06-20 14:31:43,332323,____________,AH-LA-T-ZCTX-000042"
"866094052864309,2025-12-08 23:53:08,003000,____________,GX-NN-T-ZCTX-001308"
"866094052857220,2025-12-08 23:48:52,000000,____________,GX-NN-T-ZCTX-001307"
"866094052792906,2025-12-08 23:33:37,003000,____________,SX-BJ-T-ZCTX-000205"
"866094052832835,2022-08-30 10:51:52,323222,____________,866094052832835"
"860374059995223,2022-08-28 15:16:54,332222233,__________,860374059995223"
"866094052792757,2025-12-08 23:54:55,323222,____________,SX-XA-T-ZCTX-000646"
"866094052792773,2025-12-08 22:59:37,323222,____________,SX-XA-T-ZCTX-000644"
"866094052791999,2025-10-01 00:43:39,323222,____________,SX-XA-T-ZCTX-000643"
"866094051469720,2025-12-08 23:52:49,003000,____________,GX-NN-T-ZCTX-000300"
"860374059995124,2022-08-25 11:16:01,332222233,__________,860374059995124"
"866094052797541,2022-08-25 11:06:21,332222233,__________,866094052797541"
"860374059995173,2022-08-25 11:00:03,332222233,__________,860374059995173"
"866094052797582,2022-08-25 10:40:48,332222233,__________,866094052797582"
"866094052792781,2022-08-25 10:29:34,332222233,__________,866094052792781"
"866094052792666,2022-08-25 10:39:48,332222233,__________,866094052792666"
"866094052792013,2022-08-25 10:18:02,332222233,__________,866094052792013"
"868681049090804,2025-12-08 23:43:59,002000,____________,GX-GL-T-ZCTX-000070"
"868681049133307,2025-12-08 23:42:13,000000,____________,GX-GL-T-ZCTX-000071"
"868681049142795,2024-03-09 13:27:06,332333,____________,868681049142795"
"860374059994382,2025-12-08 23:33:37,002222222,__________,860374059994382"
"866094052799877,2022-08-24 10:44:10,332222233,__________,866094052799877"
"868681049165291,2025-12-09 00:02:34,000000,____________,SX-BJ-T-ZCTX-000083"
"866094059996353,2022-08-24 10:35:12,332222233,__________,866094059996353"
"868681049142126,2025-11-15 04:35:45,333333,____________,SX-YL-T-ZCTX-000002"
"866094052792682,2025-12-08 23:52:59,303332,______(__)____,SX-XA-T-SSFX-000135"
"860374059995702,2022-08-20 15:46:51,332222233,__________,860374059995702"
"866094052799992,2022-11-11 09:24:58,332222233,__________, JS-WX-T-ZC-000476"
"866094052799844,2025-12-08 23:49:35,002222222,__________,866094052799844"
"866094052797723,2025-12-08 23:57:53,002222222,__________,866094052797723"
"866094052797533,2022-08-20 15:27:44,332222233,__________,866094052797533"
"860374059995579,2022-08-20 15:29:55,332222233,__________,860374059995579"
"866094052799828,2022-08-20 15:31:28,332222233,__________,866094052799828"
"866094052797699,2025-12-08 23:33:17,002222222,__________,866094052797699"
"866094052792609,2022-08-20 12:08:18,332222233,__________,866094052792609"
"866094052792591,2022-08-20 12:07:15,332222233,__________,866094052792591"
"866094052792625,2022-08-20 12:05:41,332222233,__________,866094052792625"
"866094052792815,2022-08-20 12:02:26,332222233,__________,866094052792815"
"866094052792716,2022-08-20 12:00:31,332222233,__________,866094052792716"
"866094052799984,2025-12-08 23:47:03,002222222,__________,866094052799984"
"860374059994358,2025-12-09 00:02:15,002222222,__________,860374059994358"
"860374059994424,2025-12-08 23:57:21,002222222,__________,860374059994424"
"860374059995744,2025-12-08 23:34:57,002222222,__________,860374059995744"
"866094052797517,2025-12-08 23:48:56,002222222,__________,866094052797517"
"860374059995231,2022-11-18 15:19:19,332222233,__________,860374059995231"
"860374059995587,2022-11-20 05:20:33,332222233,__________,860374059995587"
"860374059995074,2025-12-08 23:37:59,002222222,__________,860374059995074"
"860374059995611,2025-12-08 23:42:40,002222222,__________,860374059995611"
"866094052799968,2025-12-08 23:07:53,002222222,__________,866094052799968"
"866094052799901,2025-12-09 00:03:01,002222222,__________,866094052799901"
"860374059995496,2025-12-09 00:02:58,002222222,__________,860374059995496"
"860374059995082,2025-12-08 23:41:28,002222222,__________,860374059995082"
"860374059995694,2025-12-08 23:39:46,002222222,__________,860374059995694"
"866094052797590,2025-12-08 23:35:54,002222222,__________,866094052797590"
"866094052799810,2025-12-08 23:46:05,002222222,__________,866094052799810"
"866094052799935,2025-12-08 23:45:09,002222222,__________,866094052799935"
"866094052797731,2025-12-08 23:53:59,002222222,__________,866094052797731"
"860374059995629,2022-08-24 11:24:47,332222233,__________,860374059995629"
"866094052799869,2025-12-08 23:39:48,002222222,__________,866094052799869"
"866094052797707,2025-12-08 23:39:08,002222222,__________,866094052797707"
"860374059995058,2025-12-08 23:44:40,002222222,__________,860374059995058"
"866094052797574,2025-12-09 00:02:11,002222222,__________,866094052797574"
"860374059994580,2025-12-08 23:50:54,002222222,__________,860374059994580"
"860374059995769,2025-12-08 23:36:00,002222222,__________,860374059995769"
"866094052799836,2025-12-08 23:52:20,002222222,__________,866094052799836"
"860374059995520,2025-12-08 23:47:13,002222222,__________,860374059995520"
"866094051177265,2025-12-08 23:50:04,002222222,__________,866094051177265"
"866094052800006,2025-12-08 23:57:51,002222222,__________,866094052800006"
"860374059995025,2022-08-20 09:45:20,332222,__________,860374059995025"
"860374059995686,2025-12-08 23:37:01,002222222,__________,860374059995686"
"866094052800014,2022-11-20 05:36:58,332222233,__________,866094052800014"
"860374059995918,2022-11-20 05:32:04,332222233,__________,860374059995918"
"866094052799794,2025-12-08 23:44:43,002222222,__________,866094052799794"
"860374059995678,2022-08-20 09:39:27,332222233,__________,860374059995678"
"860374059995116,2025-12-08 23:50:41,002222222,__________,860374059995116"
"860374059995009,2025-12-08 23:40:42,002222222,__________,860374059995009"
"860374059995132,2025-12-08 15:05:58,002222222,__________,860374059995132"
"860374059995637,2025-12-08 23:49:10,002222222,__________,860374059995637"
"860374059995710,2022-11-11 09:24:59,332222233,__________, JS-WX-T-ZC-000477"
"860374059995652,2025-12-08 20:21:05,002222222,__________,860374059995652"
"860374059995645,2025-12-08 23:55:58,002222222,__________,860374059995645"
"866094052797566,2022-08-20 09:27:36,332222233,__________,866094052797566"
"860123055643638,2025-12-08 23:45:44,303322,__________,860123055643638"
"860123055502834,2025-12-08 23:36:37,003000,__________,860123055502834"
"861647050792825,2025-12-08 23:27:02,002222222,____________,GX-NN-T-ZCTX-001564"
"860123055504111,2025-12-08 23:34:28,003322,__________,860123055504111"
"860374056942657,2025-12-08 12:14:37,000000,______(__)____,SX-XA-T-SSFX-000134"
"866732055479233,2025-12-08 23:49:19,000002,____________,GX-WZ-T-ZCTX-00053"
"866094058477650,2025-12-08 23:50:42,000022,____________,GX-WZ-T-ZCTX-00052"
"861647050645742,2024-10-08 10:16:14,322222,____________,GX-NN-T-ZCTX-001316"
"861647050646070,2023-10-14 17:15:54,322222,____________,861647050646070"
"861647050637939,2023-11-17 15:27:55,322222,____________,GX-NN-T-ZCTX-001314"
"861647050785985,2024-10-08 09:59:41,322222,____________,GX-NN-T-ZCTX-001312"
"861647050784616,2024-10-08 09:45:36,322222,____________,GX-NN-T-ZCTX-001311"
"861647050778550,2025-12-08 23:52:38,002222222,____________,GX-WZ-T-ZCTX-000347"
"861410049544181,2024-09-23 10:38:18,233222,______(__)____,SX-XA-T-SSFX-000133"
"861410049502825,2025-12-08 23:19:50,200222,______(__)____,SX-XA-T-SSFX-000132"
"861410049519555,2025-12-08 12:39:52,200222,______(__)____,SX-XA-T-SSFX-000131"
"861410049523037,2025-12-08 23:52:30,200222,______(__)____,SX-XA-T-SSFX-000130"
"861647050778600,2025-09-22 12:10:45,322222,____________,GX-NN-T-ZCTX-001310"
"860374059996056,2025-07-27 10:06:07,332222222,__________,860374059996056"
"860374059995603,2024-05-19 15:43:08,332222222,__________,860374059995603"
"860374059996148,2025-12-08 23:39:52,002222222,__________,860374059996148"
"860374059994606,2025-12-08 23:33:59,002222222,__________,860374059994606"
"860374059994663,2022-10-14 09:57:42,332222233,__________,860374059994663"
"860374059994325,2025-12-08 23:38:35,002222222,__________,860374059995854"
"860374059995975,2025-12-08 19:48:10,002222222,__________,860374059995853"
"860374059994614,2025-12-08 23:19:49,002222222,__________,860374059995852"
"860374059994655,2023-03-11 09:04:41,332222222,__________,860374059995851"
"860374059994630,2025-12-04 13:53:38,332222222,__________,860374059995850"
"860374059996312,2025-12-08 23:47:14,002222222,__________,860374059995849"
"860374059995850,2025-12-08 23:40:34,002222222,__________,860374059995848"
"860374059994291,2025-12-08 23:51:43,002222222,__________,860374059995847"
"860374059995538,2025-12-08 23:46:24,002222222,__________,860374059995846"
"860374059994341,2025-12-08 23:58:25,002222222,__________,860374059995845"
"860374059995108,2025-12-08 23:42:09,002222222,__________,860374059995844"
"860374059995843,2025-12-08 23:51:27,002222222,__________,860374059995843"
"860374059995801,2025-12-08 23:52:59,002222222,__________,860374059996412"
"860374059996411,2025-12-08 23:34:35,002222222,__________,860374059996411"
"860374059994622,2025-12-08 23:39:45,002222222,__________,860374059995318"
"860374059994366,2025-12-08 23:48:34,002222222,__________,860374059995316"
"860374059995041,2025-12-08 23:39:49,002222222,__________,860374059995315"
"860374059995314,2025-12-08 23:43:05,002222222,__________,860374059995314"
"860374059995090,2023-08-20 19:20:59,332222222,__________,860374059995090"
"860374059996163,2025-12-08 23:45:44,002222222,__________,860374059996163"
"860374059994648,2025-12-08 23:51:00,002222222,__________,860374059994648"
"866071056780483,2025-12-09 00:01:26,002002,____________,GX-NN-T-ZCTX-001306"
"861647050736921,2024-03-04 12:12:26,332222,____________,GX-NN-T-ZCTX-001305"
"861647050792692,2024-03-04 12:12:26,332222,____________,861647050792692"
"860374059996098,2025-12-08 23:35:04,002222222,__________,860374059996098"
"860374059995876,2025-12-08 23:54:01,002222222,__________,860374059995876"
"860374059994481,2025-12-08 23:50:33,002222222,__________,860374059994481"
"860374059994283,2025-12-08 23:59:21,002222222,__________,860374059994283"
"860374059994572,2022-09-24 09:30:48,332222233,__________,860374059994572"
"866094052797558,2025-12-08 20:19:43,002222222,__________,866094052797558"
"860374059994788,2025-12-09 00:01:54,002222222,__________,860374059994788"
"860374059995983,2025-12-08 23:39:55,002222222,__________,860374059995983"
"860374059996114,2025-12-08 23:36:29,002222222,__________,860374059996114"
"860374059995884,2025-12-08 23:47:50,002222222,__________,860374059995884"
"860374059996189,2025-12-08 23:55:34,002222222,__________,860374059996189"
"860374059994523,2025-12-08 23:52:41,002222222,__________,860374059994523"
"860374059995033,2025-12-08 18:52:36,002222222,__________,860374059995033"
"860374059994374,2025-12-08 23:57:45,002222222,__________,860374059994374"
"860374059994515,2025-12-08 23:28:15,002222222,__________,860374059994515"
"866094052792005,2025-12-09 00:00:57,002222222,__________,866094052792005"
"860374059996015,2025-12-08 23:49:57,002222222,__________,860374059996015"
"860374059994739,2025-12-08 23:51:55,002222222,__________,860374059994739"
"860374059996221,2025-12-08 23:38:45,002222222,__________,860374059996221"
"860374059995991,2023-04-18 23:54:19,332222222,__________,860374059995991"
"860374059995272,2025-12-08 23:39:44,002222222,__________,860374059995272"
"860374059995934,2025-12-08 23:46:57,002222222,__________,860374059995934"
"860374059996254,2025-12-08 23:57:31,002222222,__________,860374059996254"
"860374059994309,2025-12-08 23:40:04,002222222,__________,860374059994309"
"860374059996023,2025-12-08 23:55:53,002222222,__________,860374059996023"
"860374059996031,2025-12-08 23:37:12,002222222,__________,860374059996031"
"860123055643505,2024-08-27 15:32:33,333333,__________,860123055643505"
"860374059995728,2025-12-08 23:50:01,002222222,__________,860374059995728"
"860374059996197,2025-12-08 23:45:30,002222222,__________,860374059996197"
"860374059996379,2025-04-04 10:09:15,332222222,__________,860374059996379"
"860374059995900,2025-12-08 23:50:20,002222222,__________,860374059995900"
"860374059996064,2025-12-08 23:38:44,002222222,__________,860374059996064"
"860374059995751,2025-12-08 23:35:46,002222222,__________,860374059995751"
"860374059996171,2025-12-08 23:46:45,002222222,__________,860374059996171"
"860374059996007,2025-12-08 23:33:56,002222222,__________,860374059996007"
"866094052792914,2025-12-08 23:49:58,000033,____________,SX-XA-T-ZCTX-000673"
"866094052792617,2025-12-09 00:01:45,000033,____________,SX-WN-T-ZCTX-000163"
"866094052792708,2025-12-08 23:38:48,000033,____________,SX-TC-T-ZCTX-000053"
"866094052792047,2022-08-09 16:57:36,333333,____________,866094052792047"
"860374059994754,2025-12-08 23:50:37,002222222,__________,860374059994754"
"866094052792765,2023-09-26 21:51:44,332233,____________,SX-XA-T-ZCTX-000414"
"866094052792690,2025-12-08 23:57:20,002230,____________,SX-XA-T-ZCTX-000337"
"860374059996205,2024-08-20 02:07:37,332222222,__________,860374059996205"
"860374059996262,2025-12-08 23:51:33,002222222,__________,860374059996262"
"860374059994457,2025-12-08 23:56:56,002222222,__________,860374059994457"
"860374059994408,2022-11-12 09:53:35,332222233,__________,860374059994408"
"860374059994556,2022-11-12 09:48:19,332222233,__________,860374059994556"
"860123055506744,2025-12-08 23:33:57,003222,__________,860123055506744"
"866094052792658,2025-12-08 12:14:01,000000,____________,SX-XA-T-ZCTX-000623"
"866094058471042,2025-12-08 23:41:10,000000,______(__)____,SX-XA-T-SSFX-000028"
"860374059996437,2024-07-24 14:40:53,332222222,__________,011"
"860374059996106,2024-07-24 13:49:44,332222222,__________,009"
"860374059994838,2024-07-24 14:06:13,332222222,__________,010"
"860374059995553,2025-12-08 23:36:31,002222222,__________,008"
"860374059994747,2024-02-04 12:11:21,332222222,__________,007 "
"860374059994473,2023-09-12 20:13:13,332222222,__________,006"
"860374059994465,2023-05-02 14:44:36,332222222,__________,005"
"860374059994507,2024-06-18 10:05:41,332222222,__________,004"
"860374059995868,2024-06-18 12:01:20,332222222,__________,003"
"860374059995298,2025-12-08 23:54:44,002222222,__________,002"
"860374059995942,2024-06-19 11:15:21,332222222,__________,001"
"866094058471984,2025-02-18 16:04:56,333323,____________,866094058471984"
"860374059994440,2025-12-08 23:53:19,002222222,__________,JS-WX-T-SW-000023"
"860374059994689,2025-12-09 00:02:25,002222222,__________,JS-WX-T-SW-000022"
"860374059996130,2025-12-08 23:59:54,002222222,__________,JS-WX-T-SW-000024"
"860374059996288,2025-12-08 23:39:24,002222222,__________,JS-WX-T-SW-000021"
"860374059994499,2025-12-08 22:16:27,002222222,__________,JS-WX-T-SW-000025"
"860374059996155,2025-12-08 23:35:53,002222222,__________,JS-WX-T-SW-000026"
"860374059995595,2025-12-09 00:00:04,002222222,__________,JS-WX-T-SW-000018"
"860374059994549,2024-07-24 14:06:57,332222222,__________,JS-WX-T-SW-000017"
"860374059995967,2025-12-08 23:41:47,002222222,__________,JS-WX-T-SW-000016"
"860374059995785,2024-07-24 14:07:43,332222222,__________,JS-WX-T-SW-000015"
"860374059996122,2025-12-08 23:50:11,002222222,__________,JS-WX-T-SW-000009"
"861647050736384,2025-06-12 23:20:04,322222,____________,GX-NN-T-ZCTX-001302"
"861647050655535,2025-12-09 00:01:39,022222222,____________,GX-NN-T-ZCTX-001301"
"861647050801154,2025-12-08 23:56:22,022222222,____________,GX-NN-T-ZCTX-001300"
"860374059995504,2025-12-08 23:34:03,002222222,__________,JS-WX-T-SW-000003"
"866094058471109,2025-12-09 00:00:39,000000,____________,SX-YL-T-ZCTX-000044"
"866094058417862,2025-12-08 23:35:43,000003,____________,SX-YL-T-ZCTX-000043"
"860123055495542,2025-12-08 23:47:18,000000,____________,SX-YL-T-ZCTX-000042"
"861647050784715,2025-12-08 23:58:18,002222222,____________,GX-WZ-T-ZCTX-00049"
"861647050792742,2025-12-08 23:58:07,002222222,____________,GX-WZ-T-ZCTX-00048"
"861647050645643,2025-12-08 12:13:03,002222222,____________,GX-WZ-T-ZCTX-00047"
"861647050735709,2025-12-08 23:55:13,022222222,____________,GX-NN-T-ZCTX-001352"
"861647050737291,2024-04-07 14:45:27,322222,____________,861647050737291"
"861647050800933,2025-03-17 14:47:20,332222,____________, GX-WZ-T-ZCTX-00046"
"861647050785936,2025-03-17 14:47:35,332222,____________, GX-WZ-T-ZCTX-00045"
"861647050792767,2025-03-17 14:47:23,332222,____________, GX-WZ-T-ZCTX-00044"
"861647050786173,2024-03-04 12:12:26,332222,____________,861647050786173"
"860374056926676,2024-03-20 11:13:39,332333,____________,860374056926676"
"861647050736558,2025-03-17 14:47:36,332222,____________,GX-WZ-T-ZCTX-00043"
"861410049507923,2025-12-08 23:35:01,200222,____________,SX-BJ-T-ZCTX-000413"
"861410049502833,2025-12-08 23:56:11,200222,____________,SX-BJ-T-ZCTX-000412"
"866094052864598,2025-08-20 22:34:10,333333,____________,GX-LZ-T-ZCTX-000566"
"861410049562217,2025-12-08 23:40:20,200222,____________,SX-BJ-T-ZCTX-000411"
"861410049560237,2025-12-08 23:53:59,200222,____________,SX-BJ-T-ZCTX-000410"
"861647050737473,2025-12-08 23:36:55,022222222,____________,GX-NN-T-ZCTX-001281"
"861647050778584,2025-08-12 12:12:29,322222,____________,GX-NN-T-ZCTX-001280"
"860123055502925,2025-12-08 23:56:48,000002,____________,GX-LZ-T-ZCTX-000564"
"861647050778642,2025-12-08 23:53:53,002222222,____________,GX-LZ-T-ZCTX-000539"
"866094052832892,2025-12-08 23:53:57,322222,____________,GX-NN-T-ZCTX-001277"
"866094052857170,2025-12-08 23:36:17,003333,____________,866094052857170"
"860123055507239,2025-12-08 23:39:49,003330,____________,860123055507239"
"861647050645841,2025-12-08 23:40:24,002222222,____________,GX-LZ-T-ZCTX-000562"
"861647050658851,2025-12-08 23:51:51,002222222,____________,GX-LZ-T-ZCTX-000561"
"861647050761960,2025-12-08 23:50:38,002222222,____________,GX-LZ-T-ZCTX-000560"
"861647050786280,2025-12-08 23:56:23,002222222,____________,GX-LZ-T-ZCTX-000559"
"861647050658836,2025-12-08 23:35:12,002222222,____________,GX-LZ-T-ZCTX-000558"
"861647050655410,2025-12-08 23:35:13,002222222,____________,GX-LZ-T-ZCTX-000557"
"861647050655493,2025-12-08 23:34:18,002222222,____________,GX-LZ-T-ZCTX-000543"
"861647050786215,2025-12-08 23:35:45,002222222,____________,GX-LZ-T-ZCTX-000556"
"861647050737002,2025-12-08 23:36:43,002222222,____________,GX-LZ-T-ZCTX-000555"
"861647050655592,2025-12-08 12:16:29,002222222,____________,GX-LZ-T-ZCTX-000554"
"861647050786199,2025-12-09 00:01:21,002222222,____________,GX-LZ-T-ZCTX-000553"
"861647050786314,2025-12-08 23:36:05,002222222,____________,GX-LZ-T-ZCTX-000552"
"861647050737457,2025-12-08 23:34:30,002222222,____________,GX-LZ-T-ZCTX-000551"
"861647050801139,2025-12-08 23:50:30,002222222,____________,GX-LZ-T-ZCTX-000550"
"861647050736988,2025-12-08 23:35:41,002222222,____________,GX-LZ-T-ZCTX-000549"
"861647050737143,2025-12-08 23:43:22,002222222,____________,GX-LZ-T-ZCTX-000548"
"861647050655436,2025-12-08 23:43:55,002222222,____________,GX-LZ-T-ZCTX-000547"
"861647050735303,2025-12-08 23:44:17,002222222,____________,GX-LZ-T-ZCTX-000546"
"861647050786330,2025-12-08 23:43:52,002222222,____________,GX-LZ-T-ZCTX-000545"
"861647050736962,2025-12-08 23:36:28,002222222,____________,GX-LZ-T-ZCTX-000544"
"860123055679392,2025-12-08 23:59:13,000000,____________,GX-NN-T-ZCTX-001275"
"866094052603822,2023-11-08 13:50:39,322222,______(__)____,SX-AK-T-SSFX-000063"
"866094051534283,2025-12-08 12:41:42,322222,____________,GX-NN-T-ZCTX-001274"
"866732055478664,2025-12-08 23:48:26,000000,____________, JS-HA-T-ZC-000261"
"860374056984477,2024-04-17 08:57:12,333332,____________,860374056984477"
"860123055504251,2025-12-08 23:33:53,000000,____________,GX-NN-T-ZCTX-001272"
"861647050638127,2025-12-08 12:27:24,322222222,____________, GX-NN-T-ZCTX-001271"
"866094058468923,2023-06-20 09:33:00,333333,____________,866094058468923"
"861647050792924,2025-12-08 23:38:11,002222222,____________,GX-LZ-T-ZCTX-000542"
"861647050736467,2025-12-08 23:43:46,002222222,____________,GX-LZ-T-ZCTX-000541"
"861647050646898,2025-12-08 23:32:56,002222222,____________,GX-LZ-T-ZCTX-000540"
"861647050778485,2025-12-08 23:43:48,002222222,____________,GX-LZ-T-ZCTX-000538"
"861647050644000,2025-12-08 23:48:45,002222222,____________,GX-LZ-T-ZCTX-000537"
"860374056941659,2024-12-10 10:20:50,333333,____________,SX-BJ-T-ZCTX-000408"
"866094058468972,2023-08-18 00:04:26,333333,____________,866094058468972"
"860123055497407,2024-03-23 13:51:44,333333,____________,860123055497407"
"861410049558090,2023-04-07 09:47:28,232222,____________,SX-YA-T-ZCTX-000212"
"861647050645346,2025-06-07 14:16:44,322222,____________,GX-NN-T-ZCTX-001269"
"866094052432396,2024-01-25 19:19:38,333333,____________,866094052432396"
"861647050793039,2025-12-08 12:18:46,002222222,____________,GX-HZ-T-ZCTX-000265"
"866094052622905,2025-12-08 21:27:53,020222,______(__)____,SX-XA-T-SSFX-000129"
"861410049543738,2025-12-08 23:41:06,200222,______(__)____,SX-XA-T-SSFX-000128"
"861410049558843,2025-12-08 12:16:43,200222,______(__)____,SX-XA-T-SSFX-000127"
"860374057094623,2025-12-08 12:14:26,000002,____________,GX-HZ-T-ZCTX-000264"
"860123055503436,2025-12-08 23:58:24,000000,____________,GX-LZ-T-ZCTX-000536"
"861647050712799,2025-12-08 23:55:20,002222222,____________, GX-LZ-T-ZCTX-000534"
"861410049560294,2024-05-21 12:15:17,232222,______(__)____,SX-AK-T-SSFX-000062"
"861410049506396,2025-06-22 23:27:20,232222,______(__)____,SX-AK-T-SSFX-000061"
"860374056973215,2023-08-06 19:03:31,333333,______(__)____,860374056973215"
"860123055679657,2025-02-14 17:14:43,333333,____________,860123055679657"
"860123055681661,2025-12-08 23:52:04,000003,____________,GX-WZ-T-ZCTX-00041"
"860123055495963,2025-12-08 23:32:43,000020,____________,GX-WZ-T-ZCTX-00040"
"860374056952748,2023-08-23 12:42:23,333333,____________,860374056952748"
"861410049561458,2025-12-08 22:56:37,202222,______(__)____,SX-AK-T-SSFX-000059"
"861647050712757,2025-12-08 23:58:08,002222222,____________,GX-LZ-T-ZCTX-000532"
"861647050792965,2025-12-08 23:58:30,002222222,____________,GX-LZ-T-ZCTX-000531"
"861647050637871,2025-12-09 00:00:45,002222222,____________,GX-LZ-T-ZCTX-000530"
"861647050793005,2025-12-08 23:57:41,002222222,____________,GX-LZ-T-ZCTX-000529"
"861410049522203,2025-12-08 22:55:41,202222,______(__)____,SX-AK-T-SSFX-000058"
"861647050778683,2025-12-08 23:35:26,002222222,____________,GX-LZ-T-ZCTX-000528"
"861647050638150,2025-12-08 23:57:48,002222222,____________,GX-LZ-T-ZCTX-000527"
"861647050655519,2025-12-08 23:33:03,002222222,____________,GX-LZ-T-ZCTX-000524"
"861647050655477,2025-12-09 00:00:41,002222222,____________,GX-LZ-T-ZCTX-000523"
"861410049507980,2025-12-08 23:30:42,202222,______(__)____,SX-AK-T-SSFX-000057"
"861647050644026,2025-12-08 23:42:47,002222222,____________,GX-LZ-T-ZCTX-000522"
"861647050778691,2025-12-08 23:54:10,002222222,____________,GX-LZ-T-ZCTX-000521"
"861647050646153,2025-12-08 23:54:27,002222222,____________,GX-LZ-T-ZCTX-000519"
"861647050645783,2025-12-08 23:56:09,002222222,____________,GX-LZ-T-ZCTX-000518"
"861647050786793,2025-12-08 23:58:15,002222222,____________,GX-LZ-T-ZCTX-000517"
"861647050784764,2025-12-08 23:59:28,002222222,____________,GX-LZ-T-ZCTX-000516"
"861647050644166,2025-12-08 23:58:11,002222222,____________,GX-LZ-T-ZCTX-000515"
"861647050644364,2025-12-08 23:59:01,002222222,____________,GX-LZ-T-ZCTX-000514"
"861647050645882,2025-12-08 23:57:50,002222222,____________,GX-LZ-T-ZCTX-000513"
"861647050784897,2025-12-09 00:01:19,002222222,____________,GX-LZ-T-ZCTX-000511"
"861647050644224,2025-12-09 00:00:56,002222222,____________,GX-LZ-T-ZCTX-000512"
"861647050786405,2025-12-08 12:26:01,332222222,____________,GX-LZ-T-ZCTX-000510"
"860374056930223,2024-10-29 02:04:56,333232,____________,GX-LZ-T-ZCTX-000508"
"861410049557712,2025-12-08 23:42:57,202222,______(__)____,SX-AK-T-SSFX-000056"
"860374057093641,2023-12-04 16:34:05,333333,____________,860374057093641"
"861410049560104,2022-07-07 14:00:13,232222,______(__)____,861410049560104"
"860374056935743,2024-08-14 00:02:01,332333,____________,860374056935743"
"861410049560526,2025-12-09 00:00:05,202222,______(__)____,SX-AK-T-SSFX-000054"
"861410049556979,2025-12-08 23:58:39,202222,______(__)____,SX-AK-T-SSFX-000053"
"861410049520124,2025-12-08 23:39:58,202222,______(__)____,SX-AK-T-SSFX-000052"
"866094058466521,2025-12-08 23:47:15,002020,____________,GX-NN-T-ZCTX-001268"
"861647050637996,2025-12-08 23:49:01,002222222,____________,GX-HZ-T-ZCTX-000263"
"866732055356373,2025-12-08 23:40:27,000000,____________,JS-HA-T-ZC-000256"
"860374057013201,2024-10-24 14:32:51,333332,____________,SX-BJ-T-ZCTX-000404"
"861410049559403,2023-04-07 09:46:27,232222,____________,SX-YA-T-ZCTX-000211"
"861647050737465,2025-12-08 23:52:08,002222222,____________,GX-HZ-T-ZCTX-000261"
"866094058466299,2025-12-08 23:51:09,002200,____________,GX-LZ-T-ZCTX-000506"
"866094058466968,2024-01-02 14:35:23,333333,______(__)____,SX-XA-T-SSFX-000102"
"866732055479209,2024-11-29 11:24:19,333333,____________,866732055479209"
"861647050637921,2023-07-14 05:08:23,332222222,____________, JS-WX-T-ZC-000475"
"861647050637590,2023-01-12 07:54:28,332222222,____________, JS-WX-T-ZC-000474"
"860123055581747,2025-06-12 11:18:34,333333,____________,GX-NN-T-ZCTX-001267"
"868681049142209,2025-12-09 00:01:40,202222,____________,SX-XY-T-ZCTX-000090"
"868681049140476,2024-11-21 15:34:04,323222,______(__)____,SX-XA-T-SSFX-000126"
"861410049561789,2023-07-25 14:14:15,233222,______(__)____,861410049561789"
"861410049557910,2025-12-08 23:33:37,200222,______(__)____,SX-XA-T-SSFX-000124"
"866732055478805,2025-05-26 14:38:04,332233,____________,AH-LA-T-ZCTX-000063"
"866732055372123,2025-12-08 23:41:50,000000,____________,JS-HA-T-ZC-000254"
"860123055572365,2024-08-30 17:15:37,333333,____________,GX-HZ-T-ZCTX-000259"
"860123055498223,2024-08-30 17:18:55,333333,____________,GX-HZ-T-ZCTX-000258"
"860123055695760,2024-08-30 17:10:51,333333,____________,GX-HZ-T-ZCTX-000256"
"860123055571102,2025-12-08 23:41:20,000303,____________,860123055571102"
"860123055571144,2025-12-08 23:32:47,000033,____________,GX-LZ-T-ZCTX-000505"
"861647050647052,2022-06-09 14:39:54,332222233,____________,JS-WX-T-ZC-000473"
"861647050786231,2022-09-26 14:31:38,332222233,____________,JS-WX-T-ZC-000472"
"861647050637889,2025-12-08 23:57:03,002222222,____________,GX-NN-T-ZCTX-001565"
"861647050736293,2025-12-08 23:57:18,002222222,____________,GX-NN-T-ZCTX-001563"
"861647050783337,2025-03-22 12:48:44,332222,____________,861647050783337"
"861647050792981,2025-12-08 23:58:29,002222222,____________,GX-NN-T-ZCTX-001562"
"860123055683964,2025-12-08 23:56:34,002200,____________,GX-NN-T-ZCTX-001559"
"861647050646096,2025-12-08 23:42:09,002222222,____________,GX-NN-T-ZCTX-001558"
"861647050778436,2023-10-14 05:49:41,332222,____________,861647050778436"
"861647050645940,2025-12-08 23:57:23,002222222,____________,GX-NN-T-ZCTX-001556"
"861647050783196,2025-12-09 00:00:32,002222222,____________,GX-NN-T-ZCTX-001555"
"861647050638051,2025-12-08 23:56:50,002222222,____________,GX-NN-T-ZCTX-001554"
"861647050737358,2025-08-12 12:13:34,332222,____________,GX-NN-T-ZCTX-001553"
"866094058471968,2025-07-16 12:40:42,333322,____________,GX-WZ-T-ZCTX-00039"
"860123055497522,2025-12-08 12:18:13,000022,____________,GX-WZ-T-ZCTX-00038"
"866094058471026,2023-06-21 08:51:21,333333,____________,GX-WZ-T-ZCTX-00037"
"860123055695661,2025-12-08 23:41:30,003332,____________,GX-WZ-T-ZCTX-000361"
"861647050646658,2025-12-09 00:00:55,002222222,____________, GX-NN-T-ZCTX-001552"
"861647050783154,2025-12-08 23:47:24,002222222,____________, GX-NN-T-ZCTX-001551"
"861647050735626,2025-12-08 23:47:24,002222222,____________, GX-NN-T-ZCTX-001550"
"861647050786132,2025-12-08 23:47:24,002222222,____________, GX-NN-T-ZCTX-001549"
"861647050646518,2023-05-25 09:02:23,332222,____________,861647050646518"
"866094058469988,2024-10-24 14:47:25,333333,____________,SX-BJ-T-ZCTX-000403"
"860123055502248,2024-01-22 15:23:42,333333,____________,GX-FCG-T-ZCTX-000232"
"860123055503634,2025-12-08 23:57:46,000000,____________,GX-FCG-T-ZCTX-000316"
"860123055695752,2025-12-08 23:47:20,003000,____________,GX-FCG-T-ZCTX-000315"
"860123055497738,2025-12-07 03:35:42,333333,____________,GXHZ-T-ZCTX-000255"
"861647050645601,2025-12-08 23:38:14,002222222,____________,GX-HZ-T-ZCTX-000254"
"861647050736863,2025-10-21 12:25:00,332222,____________,GXHZ-T-ZCTX-000253"
"861647050645486,2025-12-08 12:21:16,322222222,____________, GX-NN-T-ZCTX-001547"
"861647050658935,2025-12-08 23:51:55,002222222,____________,GXHZ-T-ZCTX-000252"
"861647050658679,2025-12-08 23:48:26,002222222,____________,GXHZ-T-ZCTX-000251"
"866094058477544,2025-02-18 14:44:53,333333,____________,SX-BJ-T-ZCTX-000402"
"861647050736848,2025-12-08 23:52:46,002222222,____________,GXHZ-T-ZCTX-000250"
"861647050655550,2025-12-08 23:48:51,002222222,____________,GXHZ-T-ZCTX-000249"
"861647050778360,2025-12-08 23:48:34,002222222,____________,GXHZ-T-ZCTX-000248"
"861647050778386,2025-12-08 23:49:20,002222222,____________,GXHZ-T-ZCTX-000247"
"861647050658612,2025-12-08 23:49:13,002222222,____________,GXHZ-T-ZCTX-000246"
"861647050778626,2025-12-08 23:49:22,002222222,____________,GXHZ-T-ZCTX-000245"
"861647050737127,2025-12-08 23:48:59,002222222,____________,GXHZ-T-ZCTX-000244"
"861647050736889,2025-12-08 23:49:37,002222222,____________,GXHZ-T-ZCTX-000243"
"861647050736905,2025-12-08 23:49:19,002222222,____________,GXHZ-T-ZCTX-000242"
"861647050736764,2025-12-08 23:48:57,002222222,____________,GX-HZ-T-ZCTX-000241"
"861647050778352,2025-12-08 23:50:13,002222222,____________,GXHZ-T-ZCTX-000240"
"861647050658513,2025-12-08 23:49:19,002222222,____________,GXHZ-T-ZCTX-000239"
"861647050737101,2025-12-08 23:48:45,002222222,____________,GXHZ-T-ZCTX-000238"
"860123055684582,2025-12-08 23:48:43,003333,____________,GX-LZ-T-ZCTX-000504"
"866732055356480,2025-04-19 07:18:12,333333,____________,866732055356480"
"866732055355003,2024-05-25 14:31:39,333333,____________,866732055355003"
"866732055356431,2025-04-19 06:45:57,333333,____________,866732055356431"
"860123055667934,2025-12-08 23:34:04,000000,____________,GX-FCG-T-ZCTX-000308"
"861647050658638,2025-12-08 23:48:49,002222222,____________,GXHZ-T-ZCTX-000237"
"861647050658596,2025-12-08 23:48:49,002222222,____________,GXHZ-T-ZCTX-000236"
"861647050658968,2025-12-08 23:48:29,002222222,____________,GXHZ-T-ZCTX-000235"
"861647050646039,2025-12-08 23:48:25,002222222,____________,GXHZ-T-ZCTX-000234"
"861647050658653,2025-12-08 23:41:34,002222222,____________,861647050658653"
"861647050646195,2025-12-08 23:41:44,002222222,____________,861647050646195"
"861647050645700,2025-12-08 23:49:40,002222222,____________,GXHZ-T-ZCTX-000231"
"861647050778501,2025-12-08 23:49:43,002222222,____________,GXHZ-T-ZCTX-000230"
"868681049156365,2025-12-08 23:33:33,000000,____________,868681049156365"
"866094058455987,2023-06-15 14:48:56,333333,____________,866094058455987"
"868681049165770,2025-11-08 13:13:26,333332,____________,GX-FCG-T-ZCTX-000305"
"866094052861081,2025-12-08 23:52:23,003333,____________,GXHZ-T-ZCTX-000229"
"860123055570849,2025-12-08 23:47:33,003333,____________,GXHZ-T-ZCTX-000228"
"860123055694284,2025-12-08 23:51:32,003333,____________,GXHZ-T-ZCTX-000227"
"866094052622962,2024-01-22 15:07:06,333333,____________,GX-FCG-T-ZCTX-000350"
"868681049166505,2025-12-09 00:02:15,202222,____________,SX-BJ-T-ZCTX-000087"
"861410049562613,2025-12-08 23:47:21,200222,____________,SX-BJ-T-ZCTX-0000301"
"860123055691348,2025-12-08 23:32:59,000000,______(__)____,SX-XA-T-SSFX-000439"
"866094058471240,2024-03-19 10:02:31,333333,______(__)____,866094058471240"
"868681049137712,2025-12-08 12:47:41,000000,____________,SX-XA-T-ZCTX-000016"
"860123055502305,2025-06-18 13:00:14,333333,____________,GX-FCG-T-ZCTX-000304"
"866094058431145,2025-12-08 23:55:16,000030,____________,SX-XA-T-ZCTX-0004401"
"860123055684566,2025-12-08 23:34:55,003322,____________,GX-FCG-T-ZCTX-000303"
"860123055502321,2025-07-24 11:38:08,333333,____________,GX-FCG-T-ZCTX-000302"
"866732055356076,2025-12-08 23:41:34,000000,____________,GXHZ-T-ZCTX-000226"
"866732055354980,2025-07-16 12:18:03,333333,____________,GXHZ-T-ZCTX-000225"
"866732055356050,2025-12-08 23:41:25,000000,____________,GXHZ-T-ZCTX-000224"
"866732055480702,2025-12-08 23:47:16,000000,____________,GXHZ-T-ZCTX-000223"
"866732055479217,2025-12-08 23:36:18,000000,____________,GXHZ-T-ZCTX-000221"
"866732055479290,2025-12-08 23:46:51,000000,____________,GXHZ-T-ZCTX-000222"
"866732055478789,2025-12-08 23:43:08,000000,____________,GXHZ-T-ZCTX-000220"
"866732055356316,2025-08-27 12:48:48,333333,____________,GXHZ-T-ZCTX-000219"
"861647050784657,2025-12-08 23:46:03,002222222,____________,GX-FCG-T-ZCTX-000301"
"861647050725767,2025-12-08 20:34:54,002222222,____________,GX-FCG-T-ZCTX-000300"
"861647050786785,2025-12-08 22:22:36,002222222,____________,GX-FCG-T-ZCTX-000299"
"866094052618275,2025-12-08 23:33:14,000000,____________,GX-LZ-T-ZCTX-000503"
"860123055684608,2025-12-08 23:47:00,003333,____________,GX-LZ-T-ZCTX-000502"
"866094058470028,2025-12-08 23:35:06,000222,____________,GXHZ-T-ZCTX-000218"
"861647050645767,2024-02-21 11:06:52,332222,____________,GX-NN-T-ZCTX-001048"
"860123055506454,2025-12-08 23:40:30,000022,__________,860123055506454"
"860123055685324,2024-10-21 16:09:50,333222,____________,860123055685324"
"860123055684541,2023-10-13 04:18:18,333333,____________,GX-NN-T-ZCTX-001243"
"860123055685233,2025-12-08 23:54:24,003300,____________,GX-NN-T-ZCTX-001242"
"866732055479308,2025-12-08 23:50:06,000000,______(__)____,SX-XA-T-SSFX-000437"
"861647050800958,2025-12-08 23:35:18,002222222,____________,GX-NN-T-ZCTX-001239"
"861647050786389,2025-12-08 23:53:14,002222222,____________,GX-NN-T-ZCTX-001238"
"861647050783253,2025-12-08 23:44:22,002222222,____________,GX-NN-T-ZCTX-001237"
"861647050784632,2025-12-08 23:38:24,002222222,____________,GX-NN-T-ZCTX-001236"
"866094058468790,2023-09-24 14:30:15,333322,____________,866094058468790"
"866732055480579,2025-01-13 10:06:41,333333,____________,GXHZ-T-ZCTX-000216"
"861410049519605,2023-12-08 21:16:18,232222,______(__)____,SX-AK-T-SSFX-000051"
"866732055480264,2025-12-08 23:34:22,000000,____________,GXHZ-T-ZCTX-000215"
"866732055373253,2025-12-08 23:35:12,000000,____________,GXHZ-T-ZCTX-000214"
"861410049502312,2023-05-19 08:05:19,232222,______(__)____,SX-AK-T-SSFX-000050"
"861647050646856,2025-06-12 12:21:01,322222,____________,GX-NN-T-ZCTX-001293"
"866094058455037,2025-12-09 00:02:15,002022,____________,GX-NN-T-ZCTX-001209"
"861647050793021,2022-05-10 09:49:28,332222233,____________,JS-WX-T-ZC-000471"
"861647050637863,2025-12-08 23:43:53,002222222,____________,JS-WX-T-ZC-000470"
"860123055699846,2025-12-08 23:35:46,000330,__________,860123055699846"
"866094058435880,2025-12-08 23:48:50,002222222,____________,JS-WX-T-ZC-000469"
"861647050792841,2025-11-08 10:46:03,332222,____________,GX-FCG-T-ZCTX-000297"
"861647050736814,2025-11-08 10:54:04,332222,____________,GX-FCG-T-ZCTX-000296"
"861647050778717,2025-11-08 10:53:53,332222,____________,GX-FCG-T-ZCTX-000295"
"861647050783477,2025-12-08 23:55:09,002222222,____________,GX-FCG-T-ZCTX-000294"
"861647050785944,2025-11-08 11:38:29,332222,____________,GX-FCG-T-ZCTX-000293"
"861647050801378,2025-11-13 12:24:23,332222,____________,GX-FCG-T-ZCTX-000292"
"861647050792916,2025-11-08 10:38:21,332222,____________,GX-FCG-T-ZCTX-000291"
"861647050786116,2025-11-08 10:23:00,332222,____________,GX-FCG-T-ZCTX-000290"
"861647050643929,2025-11-08 10:36:05,332222,____________,GX-FCG-T-ZCTX-000289"
"861647050646591,2025-11-13 12:23:15,332222,____________,GX-FCG-T-ZCTX-000288"
"861647050801329,2025-11-08 10:18:47,332222,____________,GX-FCG-T-ZCTX-000287"
"861647050783527,2025-11-08 10:18:28,332222,____________,GX-FCG-T-ZCTX-000286"
"861647050786082,2025-11-08 10:05:44,332222,____________,GX-FCG-T-ZCTX-000284"
"861647050736830,2025-11-08 09:27:07,332222,____________,GX-FCG-T-ZCTX-000283"
"861647050712872,2025-11-13 12:02:34,332222,____________,GX-FCG-T-ZCTX-000282"
"866732055479365,2025-12-08 23:45:26,000000,____________,GX-LZ-T-ZCTX-000500"
"866094058459237,2025-12-08 23:58:32,002222222,____________,JS-WX-T-ZC-000337"
"866094058458411,2025-12-08 23:53:09,002222222,____________,JS-WX-T-ZC-000281"
"866732055356308,2025-12-08 23:59:15,000020,____________,GX-LZ-T-ZCTX-000499"
"861410049544348,2023-01-13 08:28:26,232222,______(__)____,SX-AK-T-SSFX-000049"
"861647050786348,2022-11-09 18:02:38,332222233,____________,JS-WX-T-ZC-000302"
"861647050728688,2023-05-01 18:15:41,332222222,____________,JS-WX-T-ZC-00029201"
"866732055372115,2025-12-08 23:52:38,000000,____________,GX-LZ-T-ZCTX-000498"
"861647050801311,2025-12-08 23:52:48,002222222,____________,JS-WX-T-ZC-000275"
"861647050737176,2022-09-15 04:07:19,332222233,____________,JS-WX-T-ZC-000316"
"861647050783493,2022-04-28 11:29:16,332222233,____________,JS-WX-T-ZC-000284"
"861647050655279,2025-12-09 00:01:29,002222222,____________,JS-WX-T-ZC-000271"
"866094058471935,2023-01-30 06:57:41,333333,____________,SX-YL-T-ZCTX-000040"
"866094058466760,2023-12-28 12:22:54,333333,____________,SX-YL-T-ZCTX-000039"
"861647050784590,2025-08-12 12:14:58,322222,____________,861647050784590"
"861647050786744,2024-06-07 14:52:03,332222222,____________,GX-FCG-T-ZCTX-000280"
"861647050737580,2025-06-06 11:19:06,332222,____________,GX-FCG-T-ZCTX-000279"
"861647050645387,2025-06-06 11:24:00,332222,____________,861647050645387"
"861647050646559,2025-06-06 11:32:12,332222,____________,861647050646559"
"861647050778337,2025-06-06 11:14:59,332222,____________,861647050778337"
"861647050784673,2025-12-08 23:57:01,002222222,____________,JS-HA-T-ZC-000232"
"861647050793062,2025-12-08 23:57:25,002222222,____________,JS-HA-T-ZC-000229"
"861647050786256,2025-12-08 23:33:36,002222222,____________,JS-HA-T-ZC-000228"
"861647050638044,2025-12-08 23:44:27,002222222,____________,JS-HA-T-ZC-000227"
"866094058471091,2025-01-14 15:16:54,333333,____________,866094058471091"
"866094058466455,2024-04-13 21:29:58,332333,____________,866094058466455"
"861647050737531,2024-04-07 00:55:09,322222,____________,861647050737531"
"861647050793104,2024-07-31 13:26:54,332222,____________,861647050793104"
"861647050643705,2025-12-08 23:55:54,002222222,____________,GX-NN-T-ZCTX-000717"
"861647050647375,2022-06-22 11:06:34,332222233,____________,JS-WX-T-ZC-000445"
"861647050645395,2022-04-24 09:48:24,332222233,____________,JS-WX-T-ZC-000468"
"861647050645106,2022-08-29 14:04:26,332222233,____________,JS-WX-T-ZC-000467"
"861410049560245,2022-05-25 14:44:43,232222,____________,SX-YA-T-ZCTX-000108"
"861410049515579,2022-05-25 14:44:39,232222,____________,SX-YA-T-ZCTX-000107"
"861410049560716,2022-05-25 14:42:30,232222,____________,SX-YA-T-ZCTX-000109"
"861647050735741,2025-12-08 23:33:02,002222222,____________,GX-WZ-T-ZCTX-000360"
"866732055478821,2025-12-09 00:01:14,000000,____________,GX-WZ-T-ZCTX-000359"
"866732055478862,2024-01-17 23:18:28,333333,____________,866732055478862"
"866732055480280,2025-12-08 23:39:21,000000,____________,GX-WZ-T-ZCTX-000357"
"866732055479258,2025-12-08 12:08:07,000000,____________,GX-WZ-T-ZCTX-000356"
"861410049558835,2025-12-08 12:04:38,202222,____________,SX-YA-T-ZCTX-000100"
"866732055373212,2025-12-08 23:48:22,000000,____________,GX-NN-T-ZCTX-000672"
"866071056764446,2024-12-31 17:23:12,333333,____________,GX-NN-T-ZCTX-001288"
"866071056764388,2025-01-01 12:23:14,333333,____________,GX-NN-T-ZCTX-001285"
"861647050792775,2025-12-08 12:13:02,332222222,____________,GX-FCG-T-ZCTX-000275"
"861647050646732,2025-12-08 23:51:06,002222222,____________,GX-FCG-T-ZCTX-000274"
"861647050778477,2025-12-08 23:50:37,002222222,____________,GX-FCG-T-ZCTX-000272"
"861647050737267,2025-12-08 12:07:10,322222222,____________,861647050737267"
"861410049505950,2022-05-04 05:22:42,232222,____________,SX-YA-T-ZCTX-000209"
"861647050786124,2025-06-06 10:28:30,332222,____________,GX-FCG-T-ZCTX-000270"
"861647050783311,2025-06-06 10:56:57,332222,____________,861647050783311"
"861647050735600,2025-07-29 12:12:44,332222,____________,861647050735600"
"861647050645502,2024-11-14 15:11:13,332222222,____________,GX-FCG-T-ZCTX-000267"
"861647050784608,2025-12-08 23:56:30,002222222,____________,GX-FCG-T-ZCTX-000266"
"866732055479613,2025-12-08 23:49:43,002200,______(__)____,SX-AK-T-SSFX-000048"
"861647050737663,2025-12-08 23:11:19,002222222,____________,GX-FCG-T-ZCTX-000265"
"861647050655212,2025-12-08 23:41:36,002222222,____________,GX-FCG-T-ZCTX-000264"
"866732055479167,2024-04-25 10:36:23,333333,____________,866732055479167"
"861647050783113,2025-12-08 23:47:02,002222222,____________,GX-NN-T-ZCTX-00124"
"861647050786850,2025-12-08 23:47:09,002222222,____________,GX-NN-T-ZCTX-00123"
"861647050646526,2025-12-08 23:52:25,002222222,____________,GX-NN-T-ZCTX-00122"
"861647050736483,2025-12-08 23:54:14,002222222,____________,GX-NN-T-ZCTX-00121"
"868681049092073,2025-12-08 12:15:11,000000,____________,SX-YA-T-ZCTX-000197"
"861410049556920,2022-04-23 09:19:58,232222,____________,SX-YA-T-ZCTX-000208"
"860374057095265,2025-12-08 23:58:33,002020,____________,SX-XA-T-ZCTX-000664"
"861410049506974,2025-10-11 14:18:18,232222,____________,SX-YA-T-ZCTX-000207"
"861647050645270,2023-08-06 13:42:22,332222222,____________,JS-HA-T-ZC-000239"
"861410049557233,2025-06-23 12:30:05,233222,______(__)____,SX-XA-T-SSFX-000122"
"861410049557951,2023-04-04 18:47:08,232222,____________,SX-YA-T-ZCTX-000206"
"861410049506883,2025-12-08 12:42:37,200222,______(__)____,SX-XA-T-SSFX-000123"
"861410049517831,2025-06-23 12:06:26,233222,______(__)____,SX-XA-T-SSFX-000121"
"861647050645080,2022-10-08 10:52:25,332222233,____________,JS-WX-T-ZC-000466"
"861647050784574,2024-05-07 07:49:10,332222,____________,GX-FCG-T-ZCTX-000263"
"861647050644075,2024-05-07 07:49:14,332222,____________,GX-FCG-T-ZCTX-000262"
"861410049561235,2025-12-08 12:39:03,202222,____________,SX-YA-T-ZCTX-000205"
"861647050647250,2022-08-31 12:15:50,332222233,____________,JS-WX-T-ZC-000461"
"861647050637947,2023-08-30 18:30:29,332222222,____________,JS-WX-T-ZC-000465"
"860374057098111,2025-12-08 12:11:42,000000,____________,SX-YA-T-ZCTX-000196"
"866732055480298,2023-08-07 11:16:38,332333,______(__)____,866732055480298"
"861647050655295,2024-07-02 12:55:30,332222,____________,861647050655295"
"861647050737598,2024-05-29 11:15:35,332222,____________,GX-FCG-T-ZCTX-000260"
"861647050645213,2024-05-07 08:49:59,332222,____________,GX-FCG-T-ZCTX-000259"
"861647050645437,2023-12-25 07:51:33,332222222,____________,JS-WX-T-ZC-000464"
"861647050786561,2023-07-21 15:33:27,332222222,____________,JS-WX-T-ZC-000463"
"861647050647292,2023-06-22 16:29:18,332222222,____________,JS-WX-T-ZC-000462"
"861647050786371,2024-05-07 09:48:50,322222,____________,GX-FCG-T-ZCTX-000258"
"861647050737671,2025-12-08 23:43:22,002222222,____________,861647050737671"
"866732055356399,2023-08-01 16:16:04,332233,______(__)____,866732055356399"
"861647050778378,2024-05-25 14:19:41,332222,____________,GX-FCG-T-ZCTX-000249"
"861647050737119,2024-06-12 15:31:40,332222222,____________,GX-FCG-T-ZCTX-000256"
"861647050783295,2025-04-12 14:30:02,332222,____________,861647050783295"
"861647050800834,2024-05-07 13:48:59,332222,____________,861647050800834"
"861647050737424,2025-12-08 23:53:09,002222222,____________,GX-FCG-T-ZCTX-000253"
"861647050801212,2025-01-21 05:19:20,332222,____________,861647050801212"
"861647050786470,2024-06-09 06:47:19,332222,____________,861647050786470"
"861647050644406,2025-12-08 23:58:30,002222222,____________,GX-LZ-T-ZCTX-000488"
"861647050644281,2025-12-08 23:58:21,002222222,____________,GX-LZ-T-ZCTX-000497"
"861647050637558,2025-12-08 23:35:43,002222222,____________,GX-LZ-T-ZCTX-000496"
"861647050736426,2025-12-08 23:58:19,002222222,____________,GX-LZ-T-ZCTX-000495"
"861647050785951,2025-12-08 23:58:10,002222222,____________,GX-LZ-T-ZCTX-000494"
"861647050737275,2025-12-08 23:58:23,002222222,____________,GX-LZ-T-ZCTX-000493"
"861647050637392,2025-12-08 23:49:58,002222222,____________,GX-LZ-T-ZCTX-000492"
"866732055373089,2025-12-08 23:42:21,000002,____________,GX-WZ-T-ZCTX-000355"
"861647050638549,2024-04-01 09:52:51,332222,____________,861647050638549"
"861647050736301,2025-12-08 23:58:22,002222222,____________,GX-LZ-T-ZCTX-000490"
"861647050736434,2025-12-08 23:58:33,002222222,____________,GX-LZ-T-ZCTX-000489"
"861647050801170,2025-03-26 16:07:29,322222,____________,861647050801170"
"866732055479142,2025-06-11 19:17:20,333333,____________,SX-XA-T-ZCTX-000574"
"866094052534134,2025-12-09 00:01:17,003333,__________,866094052534134"
"861647050792676,2025-12-08 23:48:10,002222222,____________,GX-WZ-T-ZCTX-000354"
"861647050638309,2025-12-08 23:47:00,002222222,____________,GX-WZ-T-ZCTX-000353"
"861647050786298,2025-12-08 23:47:32,002222222,____________,GX-WZ-T-ZCTX-000352"
"861647050736806,2025-12-08 23:24:34,002222222,____________,GX-WZ-T-ZCTX-000351"
"861647050784665,2025-12-09 00:02:08,002222222,____________,GX-WZ-T-ZCTX-000350"
"861647050735683,2025-12-08 23:54:57,002222222,____________,GX-WZ-T-ZCTX-000349"
"861647050737515,2025-12-08 23:56:29,002222222,____________,GX-WZ-T-ZCTX-000348"
"861647050792668,2025-12-09 00:02:13,002222222,____________,GX-WZ-T-ZCTX-000346"
"861647050786454,2025-12-08 23:58:58,002222222,____________,GX-WZ-T-ZCTX-000345"
"861647050793054,2024-09-03 07:28:59,332222,____________,861647050793054"
"860123055679624,2023-07-05 07:02:17,332233,______(__)____,SX-AK-T-SSFX-000045"
"866732055478722,2025-12-08 23:37:10,000000,____________,GXHZ-T-ZCTX-000213"
"866732055372206,2025-12-08 23:36:02,000000,____________,GXHZ-T-ZCTX-000212"
"866732055372149,2025-12-08 23:54:10,000000,____________,GXHZ-T-ZCTX-000211"
"866732055479357,2025-05-29 11:05:49,332333,____________,GX-HZ-T-ZCTX-000210"
"866732055478870,2025-12-08 23:44:44,000030,____________,GX-HZ-T-ZCTX-000209"
"866094058463395,2025-12-08 23:36:26,002222222,____________,GX-HZ-T-ZCTX-000208"
"861647050655337,2025-12-08 23:43:49,002222222,____________,GX-HZ-T-ZCTX-000207"
"866094058400207,2025-12-08 23:46:42,002222222,____________,GX-HZ-T-ZCTX-000206"
"866094058458528,2025-12-08 23:55:27,002222222,____________,GX-HZ-T-ZCTX-000205"
"866732055356159,2025-11-04 12:38:51,333333,____________,GX-BH-T-ZCTX-000069"
"861647050737259,2025-12-08 23:40:29,022222222,____________,GX-LZ-T-ZCTX-000487"
"866732055373261,2025-12-08 23:56:53,000000,____________,GX-LZ-T-ZCTX-000486"
"866094052466956,2025-12-08 23:43:33,020222,____________,GX-BH-T-ZCTX-000050"
"866732055478888,2023-09-05 13:32:13,332333,____________,GX-BH-T-ZCTX-000016"
"861410049519704,2022-09-21 03:15:05,232222,______(__)____,861410049519704"
"866732055478763,2025-12-08 23:33:20,000022,____________,GX-LZ-T-ZCTX-000484"
"866732055479183,2025-12-08 12:34:50,303330,____________,GX-BH-T-ZCTX-000087"
"866732055479225,2025-11-04 12:31:46,333333,____________,866732055479225"
"861647050784517,2025-12-08 23:58:50,002222222,____________,GX-LZ-T-ZCTX-000485"
"866732055478797,2025-12-08 23:56:04,000000,____________,GX-WZ-T-ZCTX-000285"
"866732055373105,2025-12-08 23:45:06,000000,____________,GX-WZ-T-ZCTX-000284"
"866732055373097,2025-07-26 05:52:11,333333,____________,SX-XA-T-ZCTX-000432"
"866732055480322,2023-09-04 15:32:09,333333,____________,GX-BH-T-ZCTX-000055"
"866732055480314,2023-09-04 15:49:02,333323,____________,GX-BH-T-ZCTX-000056"
"866732055373121,2023-09-04 16:17:11,333333,____________,GX-BH-T-ZCTX-000058"
"866732055356332,2023-09-04 16:19:03,333333,____________,GX-BH-T-ZCTX-000057"
"866094058458734,2025-12-08 23:39:53,002222222,____________,JS-HA-T-ZC-000241"
"866094058469913,2025-12-08 23:53:51,002222222,____________,JS-HA-T-ZC-000240"
"860374056942533,2025-12-08 12:33:36,000202,____________,GX-LZ-T-ZCTX-000483"
"866732055356464,2025-12-08 23:20:17,002220,____________,GX-LZ-T-ZCTX-000480"
"866732055373287,2025-12-08 18:51:05,000022,____________,GX-LZ-T-ZCTX-000482"
"861647050736517,2025-12-08 23:43:28,022222222,____________,GX-NN-T-ZCTX-001225"
"866732055479175,2025-12-08 23:56:46,002200,____________,GX-NN-T-ZCTX-001224"
"866094058468881,2024-02-11 13:20:41,333322,____________,866094058468881"
"866732055372255,2025-12-08 23:58:30,000000,____________,GX-NN-T-ZCTX-001223"
"861647050638242,2024-04-13 08:59:06,322222,____________,861647050638242"
"861647050638192,2024-12-21 11:06:46,322222,____________,GX-NN-T-ZCTX-001221"
"861647050735428,2025-12-08 23:32:33,022222222,____________,GX-NN-T-ZCTX-001214"
"861647050645411,2023-03-18 18:06:08,332222222,____________,JS-HA-T-ZC-000238"
"861647050638069,2023-03-21 06:53:20,332222222,____________,JS-HA-T-ZC-000237"
"861647050645163,2022-10-06 08:50:50,332222233,____________,JS-HA-T-ZC-000236"
"861647050645288,2022-08-20 06:57:29,332222233,____________,JS-HA-T-ZC-000235"
"866732055373154,2025-12-08 23:38:56,002220,____________,SX-XA-T-ZCTX-000663"
"861647050646021,2025-12-08 23:59:11,002222222,____________,GX-NN-T-ZCTX-001210"
"866094052623135,2025-12-08 23:54:57,020222,____________,GX-GL-T-ZCTX-000049"
"866094058470085,2025-12-08 23:59:05,002222222,____________,GX-HZ-T-ZCTX-000204"
"861647050655238,2025-12-08 23:59:09,002222222,____________,GX-HZ-T-ZCTX-000203"
"861647050728845,2025-12-08 23:32:50,002222222,____________,GX-HZ-T-ZCTX-000202"
"861647050737242,2025-12-08 23:47:38,002222222,____________,GX-HZ-T-ZCTX-000201"
"866071056781523,2025-12-08 23:40:09,000000,____________,GX-NN-T-ZCTX-001208"
"866732055356365,2025-12-08 23:38:01,000000,____________,GX-NN-T-ZCTX-001207"
"861647050637731,2023-07-02 16:06:04,332222222,____________,JS-HA-T-ZC-000234"
"861647050647235,2023-07-25 04:41:50,332222222,____________,JS-HA-T-ZC-000233"
"861647050655196,2024-05-04 21:20:19,322222,____________,861647050655196"
"861647050793088,2025-12-08 23:57:44,002222222,____________,JS-HA-T-ZC-000231"
"861647050793120,2025-12-08 23:57:05,002222222,____________,JS-HA-T-ZC-000230"
"861647050647276,2023-05-19 15:38:29,332222222,____________,JS-HA-T-ZC-000226"
"861647050786165,2023-07-10 19:54:12,332222222,____________,JS-HA-T-ZC-000225"
"866732055372164,2025-12-08 23:32:18,000000,____________,GX-NN-T-ZCTX-001206"
"861647050647011,2024-03-30 21:07:13,332222,____________,861647050647011"
"861647050735642,2025-03-09 11:08:26,332222,____________,GX-NN-T-ZCTX-001204"
"861647050783378,2025-12-08 23:57:33,002222222,____________,GX-NN-T-ZCTX-001203"
"861647050778592,2025-12-09 00:01:04,002222222,____________,GX-NN-T-ZCTX-001202"
"860374057004234,2025-02-28 13:47:49,333223,____________,860374057004234"
"861647050736913,2025-12-08 23:46:34,002222222,____________,GX-HZ-T-ZCTX-000200"
"861647050735485,2025-12-08 23:32:56,002222222,____________,GX-HZ-T-ZCTX-000199"
"866094058469566,2025-12-08 23:57:59,002222222,____________,GX-HZ-T-ZCTX-000198"
"861647050792684,2025-12-08 23:57:08,002222222,____________,GX-HZ-T-ZCTX-000197"
"861647050725882,2025-12-09 00:00:22,002222222,____________,GX-HZ-T-ZCTX-000196"
"866094058469186,2025-12-08 23:48:45,002222222,____________,GX-HZ-T-ZCTX-000195"
"861647050737226,2025-12-08 23:48:29,002222222,____________,GX-HZ-T-ZCTX-000194"
"861647050736855,2025-12-08 23:39:13,002222222,____________,GX-HZ-T-ZCTX-000193"
"866094058470077,2025-12-08 23:59:47,002222222,____________,GX-HZ-T-ZCTX-000192"
"861647050735501,2025-12-08 23:44:13,002222222,____________,GX-HZ-T-ZCTX-000191"
"861647050728985,2025-12-08 23:48:34,002222222,____________,GX-HZ-T-ZCTX-000190"
"866094058458346,2025-12-08 23:35:56,002222222,____________,GX-HZ-T-ZCTX-000189"
"861647050734801,2025-12-08 23:31:29,002222222,____________,GX-HZ-T-ZCTX-000188"
"861647050728746,2025-12-08 23:49:15,002222222,____________,GX-HZ-T-ZCTX-000187"
"868681049141623,2025-12-08 23:27:12,002220,____________,GX-NN-T-ZCTX-000958"
"866732055356092,2025-12-08 23:58:30,000000,____________,GX-NN-T-ZCTX-001201"
"866732055355029,2025-12-08 23:54:38,000000,_________,GX-LB-T-ZYJ-000063"
"866732055356324,2025-12-08 12:45:30,000000,_________,GX-LB-T-ZYJ-000056"
"866732055354998,2025-12-08 23:49:27,000000,_________,GX-LB-T-ZYJ-000064"
"861647050637988,2023-01-31 11:55:39,332222222,____________,JS-WX-T-ZC-000460"
"861647050647136,2023-06-22 00:38:28,332222222,____________,JS-WX-T-ZC-000459"
"866732055373055,2025-12-08 12:07:14,000000,_________,GX-LB-T-ZYJ-000066"
"866732055356449,2025-12-08 12:45:03,000000,_________,GX-LB-T-ZYJ-000082"
"866732055356506,2025-12-08 23:59:17,000000,____________,866732055356506"
"866071056764347,2024-01-30 14:37:55,333333,_________,GX-CZ-T-ZYJ-000167"
"866732055479274,2025-12-08 23:57:54,000000,_________,GX-CZ-T-ZYJ-000160"
"866094058517562,2022-11-28 09:45:44,333332,_________,GX-CZ-T-ZYJ-000164"
"866732055373030,2025-12-08 23:48:55,000022,_________,GX-LB-T-ZYJ-000094"
"861647050737606,2025-12-08 23:39:56,002222222,____________,GX-HZ-T-ZCTX-000185"
"861647050737556,2025-12-09 00:02:05,002222222,____________,GX-HZ-T-ZCTX-000184"
"861647050728886,2025-12-08 23:45:47,002222222,____________,GX-HZ-T-ZCTX-000183"
"861647050728605,2025-12-08 12:33:47,332222222,____________,GX-HZ-T-ZCTX-000182"
"861647050729041,2025-12-08 23:33:56,002222222,____________,GX-HZ-T-ZCTX-000181"
"861647050728662,2025-12-09 00:01:17,002222222,____________,GX-HZ-T-ZCTX-000180"
"866732055373139,2025-09-22 12:32:44,333333,____________,GX-NN-T-ZCTX-001200"
"866732055479563,2025-09-17 12:48:57,333333,____________,GX-NN-T-ZCTX-001199"
"866732055479571,2025-09-17 12:47:09,333333,____________,GX-NN-T-ZCTX-001198"
"866732055355052,2025-05-13 13:00:04,333322,____________,GX-NN-T-ZCTX-001197"
"866732055479597,2025-12-08 23:53:32,000000,____________,GX-NN-T-ZCTX-001196"
"866732055478730,2025-12-08 23:43:03,000000,____________,GX-NN-T-ZCTX-001195"
"866732055373204,2025-12-08 23:33:27,000022,_________,GX-LB-T-ZYJ-000091"
"866732055373022,2025-12-08 23:54:16,000002,____________,GX-HZ-T-ZCTX-000179"
"866094058435666,2025-12-08 22:51:26,002222222,____________,GX-HZ-T-ZCTX-000178"
"861647050737481,2025-12-08 11:36:10,332222222,____________,GX-HZ-T-ZCTX-000177"
"861647050737093,2025-12-08 23:54:22,002222222,____________,GX-HZ-T-ZCTX-000176"
"866094058468824,2025-12-08 23:37:04,002222222,____________,GX-HZ-T-ZCTX-000175"
"861647050600499,2025-12-08 12:10:43,332222,____________,861647050600499"
"861647050737135,2025-12-08 23:55:27,002222222,____________,GX-HZ-T-ZCTX-000173"
"861647050735386,2025-12-08 12:30:32,332222,____________,861647050735386"
"866094058468840,2025-12-08 23:34:34,002222222,____________,GX-HZ-T-ZCTX-000171"
"866094058469129,2025-12-08 23:14:00,002222222,____________,GX-HZ-T-ZCTX-000170"
"861647050734694,2025-12-08 23:14:43,002222222,____________,GX-HZ-T-ZCTX-000169"
"861647050729033,2025-12-08 12:04:36,002222222,____________,GX-HZ-T-ZCTX-000168"
"861647050735345,2025-12-09 00:02:09,002222222,____________,GX-HZ-T-ZCTX-000167"
"866094058459062,2025-12-08 23:51:41,002222222,____________,GX-HZ6-T-ZCTX-000166"
"866094058469160,2025-12-09 00:00:15,002222222,____________,GX-HZ-T-ZCTX-000165"
"866732055478672,2025-12-08 23:54:00,003000,____________,GX-HZ-T-ZCTX-000164"
"861647050645262,2022-04-10 13:21:31,332222233,____________,JS-WX-T-ZC-000458"
"866094058458437,2023-07-14 07:33:09,332222222,____________,JS-WX-T-ZC-000457"
"866732055480777,2025-12-08 23:35:28,000000,____________,GX-HZ-T-ZCTX-000163"
"866732055479316,2025-12-05 10:41:25,333333,____________,GX-HZ-T-ZCTX-000092"
"866094052826944,2023-03-18 16:52:34,333333,____________,866094052826944"
"866732055356100,2025-12-08 23:39:56,000000,____________,GX-HZ-T-ZCTX-000162"
"866732055356357,2025-12-08 23:46:21,002000,____________,GX-HZ-T-ZCTX-000161"
"866732055479589,2025-03-18 17:23:05,333333,____________,GX-HZ-T-ZCTX-000160"
"861647050737564,2025-12-08 23:57:46,002222222,____________,GX-HZ-T-ZCTX-000159"
"866732055478771,2025-05-31 13:28:32,333333,____________,866732055478771"
"866732055526363,2025-12-08 23:37:34,002000,____________,GX-NN-T-ZCTX-001194"
"866732055373006,2023-09-12 08:25:04,333333,____________,866732055373006"
"861647050786538,2025-12-08 23:40:23,002222222,____________,GX-NN-T-ZCTX-001191"
"861647050728704,2024-04-13 20:45:16,322222,____________,861647050728704"
"861647050784525,2025-12-08 12:15:41,322222222,____________,GX-NN-T-ZCTX-001189"
"866094058469202,2025-12-09 00:00:21,002222222,____________,GX-HZ-T-ZCTX-000158"
"861647050792833,2023-06-04 12:08:25,332222222,____________,JS-WX-T-ZC-000433"
"861647050658752,2022-12-02 11:01:34,332222233,____________,JS-WX-T-ZC-000437"
"861647050658778,2024-05-15 22:45:41,332222222,____________,JS-WX-T-ZC-000436"
"861647050658539,2022-12-14 11:45:23,332222222,____________,JS-WX-T-ZC-000440"
"861647050658695,2023-10-25 08:34:34,332222222,____________,JS-WX-T-ZC-0003871"
"866094058458072,2025-12-08 23:50:23,002222222,____________,JS-WX-T-ZC-000456"
"866094058458296,2025-12-08 23:42:32,002222222,____________,JS-WX-T-ZC-000455"
"866094058458783,2025-12-08 23:45:03,002222222,____________,JS-WX-T-ZC-000454"
"866094058469517,2025-12-08 23:48:17,002222222,____________,JS-WX-T-ZC-000453"
"866094058451671,2025-12-08 23:54:26,002222222,____________,JS-WX-T-ZC-000452"
"866094058436094,2022-06-23 05:07:55,332222233,____________,JS-WX-T-ZC-000451"
"866094058469152,2025-12-08 23:51:42,002222222,____________,JS-WX-T-ZC-000450"
"866094058469541,2025-09-25 10:39:35,332222222,____________,JS-WX-T-ZC-000449"
"866094058458338,2022-04-08 16:06:57,332222233,____________,JS-WX-T-ZC-000448"
"866732055373071,2025-10-22 10:51:18,333333,____________,GX-HZ-T-ZCTX-000109"
"866094051397392,2025-10-22 10:24:34,333333,____________,GX-HZ-T-ZCTX-000109"
"866732055372198,2024-10-16 00:46:00,333333,____________,866732055372198"
"866732055480272,2023-12-20 16:30:26,332223,______(__)____,SX-AK-T-SSFX-000042"
"866094058466828,2025-01-03 17:20:02,333333,____________,JS-HA-T-ZC-000222"
"860575057965691,2025-12-08 23:40:17,000000,____________,GX-NN-T-ZCTX-001186"
"866732055356340,2025-12-08 23:56:06,000000,____________,GX-NN-T-ZCTX-001185"
"866732055372214,2025-12-08 23:59:35,000000,____________,GX-NN-T-ZCTX-001184"
"861647050784871,2025-12-08 23:57:03,002222222,____________,GX-NN-T-ZCTX-001183"
"861647050778394,2025-12-08 23:38:19,002222222,____________,GX-NN-T-ZCTX-001182"
"861647050642939,2025-12-08 23:53:55,002222222,____________,GX-NN-T-ZCTX-001181"
"866732055479324,2025-12-08 12:45:58,000000,____________,SX-WN-T-ZCTX-000187"
"861647050638143,2025-12-08 23:38:35,002222222,____________,GX-NN-T-ZCTX-001175"
"861647050646237,2025-12-08 23:55:36,002222222,____________,GX-NN-T-ZCTX-001178"
"866732055373162,2025-12-08 23:56:25,002000,____________,SX-WN-T-ZCTX-000186"
"861647050784533,2025-12-08 23:53:45,002222222,____________,GX-NN-T-ZCTX-001180"
"861647050646252,2025-12-08 23:53:30,002222222,____________,GX-NN-T-ZCTX-001179"
"861647050784624,2025-12-08 23:53:28,002222222,____________,GX-NN-T-ZCTX-001177"
"866732055372230,2025-12-08 23:38:18,000000,____________,GX-NN-T-ZCTX-001176"
"860123055643646,2025-07-15 23:03:59,323222,__________,860123055643646"
"866732055478755,2025-12-08 23:42:45,000000,____________,GX-NN-T-ZCTX-001173"
"866732055373014,2025-12-08 23:35:50,000000,____________,GX-NN-T-ZCTX-001172"
"861647050784947,2025-12-08 23:52:28,002222222,____________,GX-NN-T-ZCTX-001139"
"866732055373048,2025-12-08 23:34:43,000000,____________,GX-NN-T-ZCTX-001171"
"866732055372156,2025-12-09 00:01:48,000000,____________,GX-NN-T-ZCTX-001170"
"866732055372263,2025-08-12 12:06:24,333333,____________,GX-NN-T-ZCTX-001168"
"861647050786504,2025-12-08 23:52:19,002222222,____________,GX-NN-T-ZCTX-001164"
"860123055690258,2023-10-12 14:18:44,332322,____________,GX-NN-T-ZCTX-001163"
"866732055478706,2025-12-08 23:35:10,000000,____________,GX-NN-T-ZCTX-001162"
"866094052793748,2025-09-05 12:07:49,333332,____________,GX-NN-T-ZCTX-001161"
"868681049151028,2025-12-08 23:40:45,000000,____________,GX-NN-T-ZCTX-001160"
"861647050638168,2025-12-08 23:47:41,002222222,____________,GX-WZ-T-ZCTX-000340"
"861647050736731,2025-12-08 23:43:46,002222222,____________,GX-WZ-T-ZCTX-000339"
"861647050647078,2025-12-08 23:44:55,002222222,____________,GX-WZ-T-ZCTX-000338"
"861647050647151,2025-12-08 23:44:25,002222222,____________,GX-WZ-T-ZCTX-000337"
"861647050645320,2025-12-09 00:01:54,002222222,____________,GX-WZ-T-ZCTX-000336"
"861647050736269,2025-12-08 23:59:48,002222222,____________,GX-WZ-T-ZCTX-000335"
"861647050645452,2022-12-04 18:53:03,332222233,____________,JS-WX-T-ZC-000409"
"861647050645122,2025-12-09 00:00:45,002222222,____________,GX-WZ-T-ZCTX-000334"
"861647050784830,2025-04-28 04:59:36,332222,____________,GX-WZ-T-ZCTX-000333"
"861647050735725,2025-12-08 23:57:14,002222222,____________,GX-WZ-T-ZCTX-000332"
"861647050736491,2025-12-09 00:01:57,002222222,____________,GX-WZ-T-ZCTX-000331"
"861647050643804,2024-06-08 09:10:08,332222,____________,861647050643804"
"861647050645544,2024-06-08 05:48:57,332222,____________,861647050645544"
"861647050801238,2024-06-08 10:03:36,332222,____________,GX-WZ-T-ZCTX-000328"
"861647050786801,2024-06-08 09:34:55,332222,____________,GX-WZ-T-ZCTX-000327"
"860374057018283,2025-12-08 23:35:09,002002,____________,SX-XY-T-ZCTX-000083 "
"861647050801295,2024-06-08 10:44:58,332222,____________,GX-WZ-T-ZCTX-000326"
"861647050736376,2024-06-08 10:44:22,332222,____________,GX-WZ-T-ZCTX-000325"
"860374056997388,2023-08-05 15:59:49,333322,______(__)____,860374056997388"
"861647050645254,2024-06-08 11:21:24,332222,____________,GX-WZ-T-ZCTX-000324"
"861647050638085,2024-06-08 11:25:02,332222,____________,GX-WZ-T-ZCTX-000323"
"861647050736327,2025-12-08 23:49:05,002222222,____________,861647050736327"
"861647050801402,2024-06-08 15:12:11,332222,____________,GX-WZ-T-ZCTX-000321"
"861647050734678,2025-12-08 12:48:17,002222,____________,GX-WZ-T-ZCTX-000320"
"861647050736947,2025-12-08 12:41:59,002222,____________,GX-WZ-T-ZCTX-000319"
"861647050728647,2023-09-01 05:08:57,332222222,____________,JS-WX-T-ZC-000405"
"861647050658893,2022-04-01 15:26:25,332222233,____________,test2"
"861647050786702,2022-04-01 15:20:20,332222233,____________,test1"
"861647050801097,2024-06-08 14:27:22,332222,____________,GX-WZ-T-ZCTX-000318"
"861647050736590,2024-06-08 14:27:40,332222,____________,GX-WZ-T-ZCTX-000317"
"861647050643663,2025-12-08 23:57:41,002222222,____________,GX-WZ-T-ZCTX-000314"
"866094058435989,2025-12-09 00:02:47,002222222,____________,JS-WX-T-ZC-000324"
"861647050737549,2025-12-08 23:32:36,002222222,____________,GX-HZ-T-ZCTX-000140"
"861647050645627,2025-12-08 23:39:05,002222222,____________,GX-WZ-T-ZCTX-000316"
"861647050801055,2025-12-08 23:51:01,002222222,____________,GX-WZ-T-ZCTX-000315"
"861647050735295,2025-12-08 23:58:09,002222222,____________,GX-WZ-T-ZCTX-000312"
"861647050801394,2025-12-08 12:26:46,332222,____________,GX-WZ-T-ZCTX-000311"
"861647050647094,2025-12-08 23:55:48,002222222,____________,GX-WZ-T-ZCTX-000306"
"861647050646997,2025-12-08 23:55:08,002222222,____________,GX-WZ-T-ZCTX-000303"
"861647050645569,2025-04-14 16:15:48,332222,____________,GX-WZ-T-ZCTX-000302"
"861647050645379,2025-12-08 23:44:51,002222222,____________,GX-WZ-T-ZCTX-000301"
"861647050645197,2025-12-08 23:41:41,002222222,____________,GX-WZ-T-ZCTX-000300"
"861647050736632,2025-12-08 23:39:26,002222222,____________,GX-WZ-T-ZCTX-000299"
"861647050736509,2025-12-08 23:52:26,002222222,____________,GX-WZ-T-ZCTX-000298"
"861647050645312,2025-12-08 23:41:39,002222222,____________,GX-WZ-T-ZCTX-000297"
"861647050792718,2025-12-08 12:24:56,332222222,____________,GX-WZ-T-ZCTX-000296"
"861647050737390,2025-12-08 23:41:39,002222222,____________,GX-WZ-T-ZCTX-000295"
"861647050646971,2025-12-08 23:51:43,002222222,____________,GX-WZ-T-ZCTX-000313"
"861647050801253,2025-12-09 00:02:09,002222222,____________,GX-WZ-T-ZCTX-000310"
"861647050736616,2025-03-01 18:06:09,332222,____________,GX-WZ-T-ZCTX-000309"
"861647050645445,2025-12-09 00:01:00,002222222,____________,GX-WZ-T-ZCTX-000308"
"861647050646914,2025-12-08 12:39:33,002222222,____________,GX-WZ-T-ZCTX-000307"
"861647050645585,2025-12-08 23:51:10,002222222,____________,GX-WZ-T-ZCTX-000305"
"861647050655394,2025-12-08 23:57:07,002222222,____________,GX-WZ-T-ZCTX-000304"
"861647050735469,2025-12-08 23:44:11,002222222,____________,861647050735469"
"861647050638317,2025-12-08 23:59:47,002222222,____________,861647050638317"
"861647050793112,2025-12-08 23:51:50,002222222,____________,GX-WZ-T-ZCTX-000294"
"861647050801345,2025-12-08 23:47:33,002222222,____________,GX-WZ-T-ZCTX-000293"
"861647050645536,2025-12-08 23:51:08,002222222,____________,861647050645536"
"861647050658570,2025-12-08 23:39:41,002222222,____________,861647050658570"
"861647050792817,2025-12-08 23:34:40,002222222,____________,861647050792817"
"861647050786751,2025-12-09 00:01:57,002222222,____________,GX-HZ-T-ZCTX-000142"
"861647050786678,2025-12-09 00:02:12,002222222,____________,GX-HZ-T-ZCTX-000141"
"861647050737648,2025-12-08 23:39:35,002222222,____________,GX-HZ-T-ZCTX-000149"
"861647050728720,2024-07-06 16:29:11,332222,____________,GX-HZ-T-ZCTX-000148"
"861647050729025,2025-12-08 23:53:14,002222222,____________,GX-HZ-T-ZCTX-000147"
"866094058435732,2025-12-08 23:34:37,002222222,____________,GX-HZ-T-ZCTX-000146"
"861647050655154,2025-12-08 23:26:49,002222222,____________,GX-HZ-T-ZCTX-000145"
"861647050655170,2025-12-08 23:51:52,002222222,____________,GX-HZ-T-ZCTX-000144"
"861647050728944,2025-12-09 00:00:12,002222222,____________,GX-HZ-T-ZCTX-000143"
"861647050786736,2025-12-08 23:43:01,002222222,____________,GX-HZ-T-ZCTX-000153"
"861647050786512,2025-12-08 23:32:42,002222222,____________,GX-HZ-T-ZCTX-000152"
"861647050786108,2025-12-08 23:44:58,002222222,____________,GX-HZ-T-ZCTX-000151"
"861647050729009,2025-12-08 23:52:46,002222222,____________,GX-HZ-T-ZCTX-000150"
"861647050786728,2025-12-08 23:53:37,002222222,____________,GX-HZ-T-ZCTX-000157"
"861647050642913,2025-12-08 23:51:35,002222222,____________,GX-HZ-T-ZCTX-000156"
"861647050778519,2025-12-08 23:35:17,002222222,____________,GX-HZ-T-ZCTX-000154"
"861647050728621,2025-12-08 23:51:34,002222222,____________,GX-HZ-T-ZCTX-000139"
"861647050737523,2025-12-08 23:53:43,002222222,____________,GX-HZ-T-ZCTX-000138"
"861647050737200,2025-12-08 23:51:57,002222222,____________,GX-HZ-T-ZCTX-000137"
"861647050736871,2025-12-08 12:45:49,002222222,____________,GX-HZ-T-ZCTX-000136"
"861647050728902,2023-07-16 12:22:39,332222,____________,861647050728902"
"861647050737689,2025-12-08 23:52:44,002222222,____________,GX-HZ-T-ZCTX-000134"
"861647050737010,2025-12-08 23:53:10,002222222,____________,GX-HZ-T-ZCTX-000133"
"861647050655311,2025-12-08 23:51:45,002222222,____________,GX-HZ-T-ZCTX-000132"
"861647050647219,2023-05-20 04:12:24,332222222,____________,JS-WX-T-ZC-000447"
"861647050778311,2025-12-08 23:54:01,002222222,____________,GX-FCG-T-ZCTX-000248"
"861647050735667,2025-12-08 23:44:14,002222222,____________,GX-FCG-T-ZCTX-000247"
"861647050658711,2025-12-08 12:36:49,332222222,____________,GX-FCG-T-ZCTX-000246"
"861647050792700,2025-12-08 23:31:20,002222222,____________,GX-FCG-T-ZCTX-000245"
"861647050644521,2023-10-13 10:03:26,332222,____________,861647050644521"
"861647050736368,2025-01-01 09:53:57,332222,____________,GX-NN-T-ZCTX-001157"
"861647050786306,2024-12-05 09:56:22,332222,____________,GX-NN-T-ZCTX-001155"
"861647050638028,2024-09-07 16:54:16,332222,____________,861647050638028"
"861647050645221,2024-03-04 12:21:49,332222,____________,861647050645221"
"861647050712930,2024-12-16 14:22:17,332222,____________,GX-NN-T-ZCTX-001150"
"861647050786819,2025-01-01 16:07:30,332222,____________,GX-NN-T-ZCTX-001149"
"861647050645726,2024-08-20 05:22:09,332222,____________,861647050645726"
"861647050644307,2024-11-09 10:51:43,332222,____________,GX-NN-T-ZCTX-001146"
"866094052432172,2025-12-08 23:34:30,000000,____________,SX-XY-T-ZCTX-000082"
"868681049092933,2025-12-08 23:58:31,002202,______(__)____,SX-AK-T-SSFX-000040"
"861647050646989,2025-12-08 23:12:00,002222222,____________,GX-NN-T-ZCTX-001005"
"861647050637491,2025-12-08 23:47:29,002222222,____________,GX-NN-T-ZCTX-001140"
"866094058469574,2024-08-15 06:01:22,332222,____________,866094058469574"
"861647050645429,2025-12-08 23:57:23,002222222,____________,GX-NN-T-ZCTX-001104"
"861647050778659,2025-12-08 23:59:24,002222222,____________,GX-NN-T-ZCTX-001103"
"861647050645510,2025-12-08 23:57:23,002222222,____________,GX-NN-T-ZCTX-001102"
"861647050647029,2025-12-08 23:58:03,002222222,____________,GX-NN-T-ZCTX-001101"
"861647050783238,2024-02-23 11:01:50,332222,____________,861647050783238"
"861647050638275,2025-12-08 23:57:20,002222222,____________,GX-NN-T-ZCTX-001099"
"861647050737408,2025-12-08 23:57:32,002222222,____________,GX-NN-T-ZCTX-001098"
"866094058400348,2025-12-08 23:57:16,002222222,____________,GX-NN-T-ZCTX-001097"
"866094058469137,2025-08-26 12:28:27,332222,____________,GX-NN-T-ZCTX-001096"
"861647050646435,2025-12-08 23:57:41,002222222,____________,GX-NN-T-ZCTX-001095"
"861647050786835,2025-12-08 23:59:41,002222222,____________,GX-NN-T-ZCTX-001094"
"861647050737184,2025-12-08 23:57:23,002222222,____________,GX-NN-T-ZCTX-001093"
"861647050643861,2025-12-08 23:36:09,002222222,____________,GX-NN-T-ZCTX-001092"
"861647050644349,2024-03-28 05:42:55,332222,____________,861647050644349"
"861647050643762,2025-12-08 23:57:33,002222222,____________,GX-NN-T-ZCTX-001090"
"861647050638036,2025-12-08 23:58:24,002222222,____________,GX-NN-T-ZCTX-001089"
"861647050644463,2025-12-08 23:58:07,002222222,____________,GX-NN-T-ZCTX-001088"
"861647050638077,2025-12-08 23:58:45,002222222,____________,GX-NN-T-ZCTX-001087"
"861647050784822,2025-12-08 23:57:22,002222222,____________,GX-NN-T-ZCTX-001086"
"861647050637632,2025-12-08 23:57:55,002222222,____________,GX-NN-T-ZCTX-001085"
"861647050638234,2025-12-08 23:58:43,002222222,____________,GX-NN-T-ZCTX-001084"
"861647050643846,2025-12-08 23:58:19,002222222,____________,GX-NN-T-ZCTX-001083"
"861647050712773,2025-12-08 23:58:02,002222222,____________,GX-NN-T-ZCTX-001082"
"861647050637913,2025-12-08 23:58:25,002222222,____________,GX-NN-T-ZCTX-001081"
"861647050786553,2025-12-08 23:32:18,002222222,____________,GX-NN-T-ZCTX-001080"
"861647050736723,2025-12-08 23:32:27,002222222,____________,GX-NN-T-ZCTX-001079"
"861647050646013,2025-12-08 23:59:56,002222222,____________,GX-NN-T-ZCTX-001078"
"866094058469178,2025-12-08 23:57:58,002222222,____________,GX-NN-T-ZCTX-001077"
"861647050637814,2025-12-08 23:59:11,002222222,____________,GX-NN-T-ZCTX-001076"
"861647050786272,2025-12-08 12:31:50,332222222,____________,GX-NN-T-ZCTX-001075"
"861647050638382,2025-12-08 23:57:59,002222222,____________,GX-NN-T-ZCTX-001074"
"861647050646633,2025-12-08 23:59:27,002222222,____________,GX-NN-T-ZCTX-001073"
"861647050713672,2025-12-08 23:49:45,002222222,____________,GX-NN-T-ZCTX-001072"
"861647050647318,2025-12-08 23:58:22,002222222,____________,GX-NN-T-ZCTX-001071"
"861647050786777,2025-12-08 23:46:36,002222222,____________,GX-NN-T-ZCTX-001070"
"861647050734793,2025-12-08 23:58:10,002222222,____________,GX-NN-T-ZCTX-001069"
"861647050786595,2025-12-08 23:52:46,002222222,____________,GX-NN-T-ZCTX-001068"
"861647050778410,2025-12-08 23:52:56,002222222,____________,GX-NN-T-ZCTX-001067"
"861647050736319,2025-12-08 23:58:32,002222222,____________,GX-NN-T-ZCTX-001066"
"861647050786157,2025-12-08 23:58:08,002222222,____________,GX-NN-T-ZCTX-001065"
"861647050637418,2025-12-08 23:58:06,002222222,____________,GX-NN-T-ZCTX-001064"
"861647050638135,2025-12-08 23:58:22,002222222,____________,GX-NN-T-ZCTX-001063"
"861647050786520,2025-12-08 23:58:45,002222222,____________,GX-NN-T-ZCTX-001062"
"861647050778451,2025-08-26 12:03:03,332222,____________,GX-NN-T-ZCTX-001061"
"861647050792726,2024-02-21 13:50:18,332222,____________,GX-NN-T-ZCTX-001060"
"861647050559117,2024-02-21 14:12:14,332222,____________,GX-NN-T-ZCTX-001059"
"861647050644042,2023-10-12 10:58:43,332222,____________,GX-NN-T-ZCTX-001058"
"861647050645239,2023-10-12 17:48:40,332222,____________,GX-NN-T-ZCTX-001057"
"861647050783410,2024-02-21 14:32:27,332222,____________,GX-NN-T-ZCTX-001056"
"861647050792866,2024-08-18 09:45:01,332222,____________,GX-NN-T-ZCTX-001055"
"861647050645114,2024-02-21 12:39:28,332222,____________,GX-NN-T-ZCTX-001054"
"861647050784905,2024-02-21 12:38:33,332222,____________,GX-NN-T-ZCTX-001053"
"861647050786611,2023-11-03 15:53:42,332222,____________,GX-NN-T-ZCTX-001052"
"861647050645130,2023-11-03 15:40:13,332222,____________,GX-NN-T-ZCTX-001051"
"861647050786769,2023-10-12 15:26:47,332222,____________,GX-NN-T-ZCTX-001050"
"861647050786645,2024-02-21 13:09:09,332222,____________,GX-NN-T-ZCTX-001049"
"861647050786488,2024-02-21 11:06:05,332222,____________,GX-NN-T-ZCTX-001047"
"861647050784806,2023-10-12 18:23:55,332222,____________,GX-NN-T-ZCTX-001046"
"861647050778576,2024-02-21 10:38:50,332222,____________,GX-NN-T-ZCTX-001045"
"861647050785977,2025-12-08 23:33:16,002222222,____________,GX-NN-T-ZCTX-001043"
"861647050646377,2025-12-09 00:02:11,002222222,____________,GX-NN-T-ZCTX-001042"
"861647050637616,2024-12-02 09:09:09,332222,____________,GX-NN-T-ZCTX-001041"
"861647050646799,2025-12-08 23:49:16,002222222,____________,GX-NN-T-ZCTX-001038"
"861647050637798,2025-12-08 23:53:33,002222222,____________,GX-NN-T-ZCTX-001037"
"861647050637905,2025-12-08 23:38:49,002222222,____________,GX-NN-T-ZCTX-001036"
"861647050737333,2025-12-08 23:35:27,002222222,____________,GX-NN-T-ZCTX-001034"
"861647050646179,2025-12-08 23:37:24,002222222,____________,GX-NN-T-ZCTX-001033"
"861647050645064,2025-12-08 23:40:47,002222222,____________,GX-NN-T-ZCTX-001032"
"861647050646831,2025-12-08 23:58:55,002222222,____________,GX-NN-T-ZCTX-001031"
"861647050784566,2025-12-08 23:03:45,002222222,____________,GX-NN-T-ZCTX-001030"
"861647050737317,2025-12-08 23:47:22,002222222,____________,GX-NN-T-ZCTX-001029"
"861647050646138,2025-12-08 23:47:13,002222222,____________,GX-NN-T-ZCTX-001028"
"861647050737069,2025-12-08 23:57:11,002222222,____________,GX-NN-T-ZCTX-001027"
"861647050784855,2025-12-08 23:50:22,002222222,____________,GX-NN-T-ZCTX-001025"
"861647050778709,2025-12-08 23:50:01,002222222,____________,GX-NN-T-ZCTX-001024"
"861647050737218,2025-12-08 23:43:04,002222222,____________,GX-NN-T-ZCTX-001023"
"861647050645098,2025-12-08 23:57:00,002222222,____________,GX-NN-T-ZCTX-001022"
"861647050786207,2025-05-21 05:28:32,332222,____________,861647050786207"
"861647050646716,2024-03-06 22:19:49,332222,____________,861647050646716"
"861647050736400,2025-09-22 12:28:35,332222,____________,GX-NN-T-ZCTX-001019"
"861647050736335,2025-09-17 11:16:39,332222,____________,GX-NN-T-ZCTX-001018"
"861647050712898,2025-09-17 10:45:54,332222,____________,GX-NN-T-ZCTX-001017"
"861647050638093,2024-03-07 09:56:46,332222,____________,861647050638093"
"861647050644422,2024-04-28 08:39:01,332222,____________,861647050644422"
"861647050783212,2025-09-22 12:23:21,332222,____________,GX-NN-T-ZCTX-001014"
"861647050786264,2025-09-22 12:17:12,332222,____________,GX-NN-T-ZCTX-001013"
"861647050637699,2025-09-17 12:20:46,332222,____________,GX-NN-T-ZCTX-001012"
"861647050646393,2025-09-17 12:30:15,332222,____________,GX-NN-T-ZCTX-001011"
"861647050645304,2025-09-17 12:46:42,332222,____________,GX-NN-T-ZCTX-001010"
"861647050801428,2025-09-17 12:03:45,332222,____________,GX-NN-T-ZCTX-001009"
"861647050784863,2024-12-27 15:58:49,332222,____________,GX-NN-T-ZCTX-001008"
"861647050646674,2025-06-26 01:37:21,332222,____________,GX-NN-T-ZCTX-001007"
"861647050646773,2025-01-22 22:43:58,332222,____________,GX-NN-T-ZCTX-001004"
"861647050644547,2025-01-23 09:44:40,332222,____________,GX-NN-T-ZCTX-001003"
"861647050637772,2025-01-23 10:11:14,332222,____________,GX-NN-T-ZCTX-001001"
"861647050784921,2025-01-22 12:17:59,332222,____________,GX-NN-T-ZCTX-001000"
"861647050712914,2024-10-26 19:03:25,332222,____________,GX-NN-T-ZCTX-000999"
"861647050784962,2025-01-23 10:29:48,332222,____________,GX-NN-T-ZCTX-000997"
"861647050786017,2025-01-23 10:35:24,332222,____________,GX-NN-T-ZCTX-000995"
"861647050646336,2025-03-24 14:25:21,332222,____________,GX-NN-T-ZCTX-000994"
"861647050637434,2025-03-24 14:19:40,332222,____________,GX-NN-T-ZCTX-000993"
"861647050784848,2024-04-22 05:46:12,332222,____________,861647050784848"
"861647050638408,2023-08-29 22:27:31,332222,____________,861647050638408"
"861647050786397,2025-01-22 22:42:26,332222,____________,GX-NN-T-ZCTX-000990"
"861647050801113,2025-01-23 09:37:56,332222,____________,GX-NN-T-ZCTX-000988"
"861647050644323,2025-01-23 09:27:28,332222,____________,GX-NN-T-ZCTX-000986"
"861647050735360,2025-12-08 23:46:11,002222222,____________,GX-NN-T-ZCTX-000983"
"861647050646575,2025-12-08 12:44:23,332222222,____________,GX-NN-T-ZCTX-000979"
"861647050786603,2025-12-08 23:54:26,002222222,____________,GX-NN-T-ZCTX-000978"
"861647050783451,2025-12-08 23:52:43,002222222,____________,GX-NN-T-ZCTX-000970"
"861647050784814,2024-09-29 15:44:44,332222222,____________,GX-NN-T-ZCTX-000969"
"861647050784939,2024-09-29 15:32:40,332222222,____________,GX-NN-T-ZCTX-000968"
"861647050638507,2025-12-08 23:52:04,002222222,____________,GX-NN-T-ZCTX-000967"
"861647050713680,2025-12-08 23:50:01,002222222,____________,GX-NN-T-ZCTX-000966"
"866094058469533,2025-12-08 23:38:09,002222222,____________,GX-NN-T-ZCTX-000965"
"861647050645528,2025-12-09 00:01:32,002222222,____________,GX-NN-T-ZCTX-000964"
"866094058400025,2023-08-20 01:10:50,332222222,____________,JS-WX-T-ZC-000446"
"861647050645825,2022-11-30 15:02:51,332222233,____________,JS-WX-T-ZC-000444"
"861647050647110,2022-03-30 09:07:29,332222233,____________,JS-WX-T-ZC-000443"
"861647050645353,2025-12-08 23:43:59,002222222,____________,GX-FCG-T-ZCTX-000244"
"861647050644208,2025-08-27 12:11:47,332222,____________,GX-FCG-T-ZCTX-000243"
"861647050736251,2025-12-08 23:45:59,002222222,____________,GX-FCG-T-ZCTX-000242"
"861647050792759,2025-12-08 23:49:34,002222222,____________,GX-FCG-T-ZCTX-000241"
"861647050736574,2025-12-08 23:50:05,002222222,____________,GX-FCG-T-ZCTX-000240"
"861647050736657,2025-12-08 23:50:45,002222222,____________,GX-FCG-T-ZCTX-000239"
"861647050736699,2025-12-08 23:52:17,002222222,____________,GX-FCG-T-ZCTX-000238"
"861647050784889,2025-12-08 23:55:47,002222222,____________,GX-FCG-T-ZCTX-000237"
"861647050638226,2025-12-08 23:54:13,002222222,____________,GX-FCG-T-ZCTX-000236"
"861647050643689,2025-08-27 12:28:06,332222,____________,GX-FCG-T-ZCTX-000235"
"861647050778493,2025-12-08 23:48:56,002222222,____________,GX-FCG-T-ZCTX-000234"
"861647050735402,2025-12-08 23:51:04,002222222,____________,GX-FCG-T-ZCTX-000233"
"861647050735444,2025-12-08 23:48:29,002222222,____________,GX-WZ-T-ZCTX-000287"
"860123055496078,2025-12-08 23:44:37,000000,____________,GX-NN-T-ZCTX-000963"
"866094058471190,2025-12-08 23:40:19,002022,____________,GX-WZ-T-ZCTX-000286"
"866094058477601,2025-12-08 23:43:03,000000,____________,SX-XY-T-ZCTX-000055"
"860123055690837,2025-12-08 23:34:30,000200,____________,SX-XY-T-ZCTX-000033"
"866094058466398,2025-12-08 23:55:39,000000,____________,SX-WN-T-ZCTX-000185"
"866094058462751,2025-12-09 00:01:38,002222222,____________,JS-WX-T-ZC-000442"
"866094058458387,2025-12-08 23:38:10,002222222,____________,JS-WX-T-ZC-000441"
"868681043915188,2025-12-08 23:58:16,000000,______(__)____,SX-XA-T-SSFX-000120"
"866094052800782,2025-07-01 11:17:19,323222,____________,866094052800782"
"866094058471307,2025-12-08 12:25:55,000200,____________,GX-NN-T-ZCTX-000962"
"866094058469970,2024-08-11 06:33:56,332322,____________,AH-LA-T-ZCTX-000009"
"868681049091604,2025-12-08 12:39:14,000000,____________,SX-YA-T-ZCTX-000114"
"860123055694763,2024-09-27 11:32:23,333333,____________,860123055694763"
"866094058467677,2025-12-08 23:34:21,000022,____________,GX-HZ-T-ZCTX-000131"
"866094058466133,2023-12-30 17:47:09,332333,______(__)____,866094058466133"
"866094058471174,2024-06-28 12:03:58,333333,______(__)____,866094058471174"
"861410049558793,2023-08-14 21:44:42,232222,____________,SX-YA-T-ZCTX-000204"
"866094058471083,2024-04-30 02:54:23,333333,____________,866094058471083"
"866094058470705,2025-12-08 23:45:40,000000,____________,GX-NN-T-ZCTX-000959"
"861410049557654,2025-12-08 23:50:24,200222,____________,SX-YA-T-ZCTX-000141"
"861410049520223,2025-12-08 23:57:23,200222,____________,SX-YA-T-ZCTX-000103"
"861410049503732,2025-12-08 12:31:34,202222,____________,SX-YA-T-ZCTX-000201"
"861410049520173,2025-12-08 23:57:30,202222,____________,861410049520173"
"861410049558512,2025-12-08 12:01:57,202222,____________,SX-YA-T-ZCTX-000202"
"866094058466406,2022-11-04 13:58:40,333333,____________,JS-HA-T-ZC-000218"
"860123055525090,2023-08-04 16:20:51,333323,______(__)____,860123055525090"
"866094058458544,2022-12-15 09:35:10,332222222,____________,JS-WX-T-ZC-000439"
"866094058435948,2022-12-15 10:14:01,332222222,____________,JS-WX-T-ZC-000438"
"866094058458148,2025-12-08 23:54:29,002222222,____________,JS-WX-T-ZC-000435"
"866094058458742,2022-04-22 17:22:07,332222233,____________,JS-WX-T-ZC-000434"
"866094058462512,2022-12-15 11:42:44,332222222,____________,JS-WX-T-ZC-000432"
"866094058435898,2025-12-08 23:54:11,002222222,____________,JS-WX-T-ZC-000431"
"866094058462520,2025-09-28 14:55:51,332222222,____________,JS-WX-T-ZC-000430"
"866094058468626,2025-12-08 23:34:34,002222222,____________,JS-WX-T-ZC-000429"
"866094058470101,2025-12-08 23:33:50,002222222,____________,JS-WX-T-ZC-000428"
"861410049560260,2025-12-08 23:42:29,202222,______(__)____,SX-AK-T-SSFX-000038"
"866094052864804,2025-12-09 00:00:55,020222,____________,866094052864804"
"868681049167214,2025-12-08 12:31:18,000000,____________,SX-WN-T-ZCTX-000184"
"861410049558983,2025-12-08 23:40:24,202222,______(__)____,SX-AK-T-SSFX-000037 "
"866094058458155,2025-12-08 23:42:48,002222222,____________,JS-WX-T-ZC-000426"
"860374056979865,2025-01-13 19:33:22,333333,____________,GX-LZ-T-ZCTX-000477"
"860374057087544,2024-05-20 16:17:46,333333,____________,860374057087544"
"866094052826928,2024-07-05 13:14:26,333333,____________,866094052826928"
"866094058466927,2024-10-10 00:18:00,333333,____________,GX-NN-T-ZCTX-000952"
"866094058469863,2025-12-08 23:41:35,002222222,____________,JS-WX-T-ZC-000425"
"866094058468774,2025-12-08 23:45:32,002222222,____________,JS-WX-T-ZC-000424"
"866094058436037,2025-12-08 23:46:15,002222222,____________,JS-WX-T-ZC-000423"
"866094058400330,2025-12-08 23:54:35,002222222,____________,JS-WX-T-ZC-000422"
"866094058435518,2025-12-08 23:50:30,002222222,____________,JS-WX-T-ZC-000421"
"866094058435708,2025-05-13 09:04:38,332222222,____________,JS-WX-T-ZC-000420"
"866094058459252,2025-12-08 23:46:16,002222222,____________,JS-WX-T-ZC-000419"
"866094058469301,2025-12-08 23:55:12,002222222,____________,JS-WX-T-ZC-000418"
"866094058458775,2024-07-02 09:28:32,332222222,____________,JS-WX-T-ZC-000417"
"866094058435781,2025-12-08 23:51:16,002222222,____________,JS-WX-T-ZC-000416"
"866094052829617,2025-12-08 18:50:57,022222,____________,SX-WN-T-ZCTX-000183"
"866094058466182,2025-12-08 23:37:40,000000,____________,GX-NN-T-ZCTX-000950"
"860123055498447,2025-12-08 23:42:09,000000,____________,SX-XA-T-ZCTX-000454"
"861410049558942,2025-12-08 23:54:56,200222,____________,SX-BJ-T-ZCTX-000198"
"861410049561185,2025-12-08 23:33:38,200222,____________,SX-BJ-T-ZCTX-000197"
"866094058462793,2025-12-08 23:44:58,002222222,____________,JS-WX-T-ZC-000415"
"866094058468600,2025-12-08 23:42:18,002222222,____________,JS-WX-T-ZC-000414"
"866094058459013,2025-12-08 23:50:36,002222222,____________,JS-WX-T-ZC-000413"
"866094058469947,2025-06-15 18:03:56,332222222,____________,JS-WX-T-ZC-000412"
"866094058462538,2025-12-08 23:41:52,002222222,____________,JS-WX-T-ZC-000411"
"866094058435906,2025-12-08 23:47:26,002222222,____________,JS-WX-T-ZC-000410"
"866094058468550,2025-05-25 21:42:14,332222222,____________,JS-WX-T-ZC-000408"
"866094058400272,2024-03-08 09:36:04,332222222,____________,JS-WX-T-ZC-000407"
"866094058435955,2025-12-08 23:45:22,002222222,____________,JS-WX-T-ZC-000406"
"866094058458320,2025-12-08 23:52:19,002222222,____________,JS-WX-T-ZC-000404"
"866094058468782,2025-12-08 23:50:34,002222222,____________,JS-WX-T-ZC-000403"
"866094058468543,2025-12-08 23:55:16,002222222,____________,JS-WX-T-ZC-000402"
"866094058468584,2025-12-08 23:50:00,002222222,____________,JS-WX-T-ZC-000401"
"866094058459153,2025-12-08 23:43:44,002222222,____________,JS-WX-T-ZC-000400"
"866094058458395,2025-12-08 23:43:04,002222222,____________,JS-WX-T-ZC-000399"
"866094058451648,2025-12-08 23:35:12,002222222,____________,JS-WX-T-ZC-000398"
"866094058459203,2025-12-08 23:37:49,002222222,____________,JS-WX-T-ZC-000397"
"866094058462595,2025-12-08 23:49:12,002222222,____________,JS-WX-T-ZC-000396"
"866094058468857,2025-12-08 23:44:53,002222222,____________,JS-WX-T-ZC-000395"
"866094058468816,2025-12-08 23:54:52,002222222,____________,JS-WX-T-ZC-000394"
"866094058435914,2025-12-08 23:45:02,002222222,____________,JS-WX-T-ZC-000393"
"866094058451606,2025-04-23 14:56:56,332222222,____________,JS-WX-T-ZC-000392"
"866094058459070,2025-12-09 00:02:54,002222222,____________,JS-WX-T-ZC-000391"
"866094058469228,2025-12-08 23:54:52,002222222,____________,JS-WX-T-ZC-000390"
"866094058462587,2025-12-08 23:55:45,002222222,____________,JS-WX-T-ZC-000389"
"866094058462785,2025-12-08 23:57:27,002222222,____________,JS-WX-T-ZC-000388"
"866094058469889,2025-12-08 23:55:14,002222222,____________,JS-WX-T-ZC-000387"
"866094058435799,2025-12-09 00:02:42,002222222,____________,JS-WX-T-ZC-000385"
"866094058469145,2025-12-08 23:51:40,002222222,____________,JS-WX-T-ZC-000384"
"866094058458452,2025-12-08 23:42:47,002222222,____________,JS-WX-T-ZC-000383"
"866094058458171,2025-12-09 00:02:44,002222222,____________,JS-WX-T-ZC-000382"
"866094058470143,2025-12-08 23:48:21,002222222,____________,JS-WX-T-ZC-000381"
"866094058459161,2025-12-08 23:55:42,002222222,____________,JS-WX-T-ZC-000380"
"866094058400181,2024-09-17 06:49:01,332222222,____________,JS-WX-T-ZC-000379"
"866094058468808,2025-12-08 17:58:13,002222222,____________,JS-WX-T-ZC-000378"
"866094058469897,2025-12-08 23:53:39,002222222,____________,JS-WX-T-ZC-000377"
"866094058462769,2025-12-08 23:37:17,002222222,____________,JS-WX-T-ZC-000376"
"866094058466547,2023-08-06 10:04:55,333333,______(__)____,866094058466547"
"866094058462819,2025-12-08 23:46:14,002222222,____________,JS-WX-T-ZC-000375"
"866094058470168,2025-12-08 23:44:34,002222222,____________,JS-WX-T-ZC-000374"
"866094058435641,2025-12-08 23:41:06,002222222,____________,JS-WX-T-ZC-000373"
"866094058469509,2025-12-08 23:53:06,002222222,____________,JS-WX-T-ZC-000372"
"866094058458924,2025-12-08 23:37:40,002222222,____________,JS-WX-T-ZC-000371"
"866094058458957,2025-12-08 23:40:38,002222222,____________,JS-WX-T-ZC-000370"
"866094058462868,2025-12-08 23:56:52,002222222,____________,JS-WX-T-ZC-000369"
"866094058459104,2025-12-08 23:34:54,002222222,____________,JS-WX-T-ZC-000368"
"866094058469723,2025-12-08 23:57:01,002222222,____________,JS-WX-T-ZC-000367"
"866094058462611,2024-09-14 16:58:01,332222222,____________,JS-WX-T-ZC-000366"
"866094058458692,2025-12-08 23:51:18,002222222,____________,JS-WX-T-ZC-000365"
"866094058458932,2025-12-08 23:42:56,002222222,____________,JS-WX-T-ZC-000364"
"866094058435716,2025-12-08 23:34:49,002222222,____________,JS-WX-T-ZC-000363"
"866094058451598,2022-03-03 15:07:18,332222233,____________,JS-WX-T-ZC-000362"
"866094058435658,2025-12-08 23:33:48,002222222,____________,JS-WX-T-ZC-000361"
"866094058470184,2025-12-09 00:03:03,002222222,____________,JS-WX-T-ZC-000360"
"866094058462801,2025-12-08 23:55:33,002222222,____________,JS-WX-T-ZC-000359"
"866094058458460,2025-12-08 23:56:48,002222222,____________,JS-WX-T-ZC-000358"
"866094058458510,2022-11-21 13:35:11,332222233,____________,JS-WX-T-ZC-000357"
"866094058469491,2025-12-08 23:44:28,002222222,____________,JS-WX-T-ZC-000356"
"866094058469319,2025-12-08 23:38:30,002222222,____________,JS-WX-T-ZC-000355"
"866094058459120,2025-12-08 23:50:00,002222222,____________,JS-WX-T-ZC-000354"
"866094058435930,2025-12-08 23:39:42,002222222,____________,JS-WX-T-ZC-000353"
"866094058469293,2025-12-08 23:39:00,002222222,____________,JS-WX-T-ZC-000352"
"866094058469822,2025-12-08 23:41:24,002222222,____________,JS-WX-T-ZC-000351"
"866094058470150,2025-12-08 23:59:57,002222222,____________,JS-WX-T-ZC-000350"
"866094058458940,2025-12-08 23:55:04,002222222,____________,JS-WX-T-ZC-000349"
"866094058458478,2025-12-08 23:53:41,002222222,____________,JS-WX-T-ZC-000348"
"866094058469830,2025-12-08 23:57:50,002222222,____________,JS-WX-T-ZC-000347"
"866094058469483,2025-12-09 00:00:12,002222222,____________,JS-WX-T-ZC-000346"
"866094058469525,2025-12-08 23:06:37,002222222,____________,JS-WX-T-ZC-000345"
"866094058469194,2022-03-03 15:06:45,332222233,____________,JS-WX-T-ZC-000344"
"866094058469475,2025-12-09 00:00:25,002222222,____________,JS-WX-T-ZC-000343"
"866094058400306,2025-12-08 23:54:57,002222222,____________,JS-WX-T-ZC-000342"
"866094058462827,2025-12-08 23:40:56,002222222,____________,JS-WX-T-ZC-000341"
"866094058458767,2024-03-01 17:57:10,332222222,____________,JS-WX-T-ZC-000340"
"866094058468592,2023-04-25 09:07:18,332222222,____________,JS-WX-T-ZC-000339"
"866094058459187,2025-12-09 00:01:26,002222222,____________,JS-WX-T-ZC-000338"
"866094058469780,2025-10-25 03:08:00,332222222,____________,JS-WX-T-ZC-000336"
"866094058458676,2025-12-08 23:43:30,002222222,____________,JS-WX-T-ZC-000335"
"866094058462843,2025-12-08 23:37:57,002222222,____________,JS-WX-T-ZC-000334"
"866094058468568,2025-12-08 23:55:19,002222222,____________,JS-WX-T-ZC-000333"
"866094058469855,2025-12-08 23:42:45,002222222,____________,JS-WX-T-ZC-000332"
"866094058400165,2025-12-08 23:38:51,002222222,____________,JS-WX-T-ZC-000331"
"866094058458494,2025-08-24 09:16:19,332222222,____________,JS-WX-T-ZC-000330"
"866094058436029,2025-12-08 23:57:37,002222222,____________,JS-WX-T-ZC-000329"
"866094058435864,2024-06-21 14:49:52,332222222,____________,JS-WX-T-ZC-000328"
"866094058458965,2025-12-08 23:51:13,002222222,____________,JS-WX-T-ZC-000327"
"866094058435992,2022-03-03 15:06:12,332222233,____________,JS-WX-T-ZC-000326"
"866094058470119,2025-04-02 12:48:46,332222222,____________,JS-WX-T-ZC-000325"
"866094058453628,2025-12-08 23:51:17,002222222,____________,JS-WX-T-ZC-000323"
"866094058435823,2025-12-08 23:44:51,002222222,____________,JS-WX-T-ZC-000322"
"866094058458353,2025-12-08 23:52:15,002222222,____________,JS-WX-T-ZC-000321"
"866094058400017,2025-12-08 23:47:03,002222222,____________,JS-WX-T-ZC-000320"
"866094058458379,2025-12-08 23:58:13,002222222,____________,JS-WX-T-ZC-000319"
"866094058458809,2025-12-08 23:38:42,002222222,____________,JS-WX-T-ZC-000318"
"866094058453578,2025-12-08 23:45:13,002222222,____________,JS-WX-T-ZC-000317"
"866094058400132,2025-12-08 23:38:19,002222222,____________,JS-WX-T-ZC-000315"
"866094058435807,2025-11-15 15:19:10,332222222,____________,JS-WX-T-ZC-000314"
"866094058435765,2025-12-08 23:40:06,002222222,____________,JS-WX-T-ZC-000313"
"866094058435724,2025-12-08 23:59:46,002222222,____________,JS-WX-T-ZC-000312"
"866094058459021,2025-12-08 23:50:52,002222222,____________,JS-WX-T-ZC-000311"
"866094058400124,2025-12-08 23:39:02,002222222,____________,JS-WX-T-ZC-000310"
"866094058462835,2025-12-08 23:34:45,002222222,____________,JS-WX-T-ZC-000309"
"866094058462553,2025-12-08 23:33:43,002222222,____________,JS-WX-T-ZC-000308"
"866094058458429,2025-12-08 23:42:24,002222222,____________,JS-WX-T-ZC-000307"
"866094058468576,2025-12-08 23:51:28,002222222,____________,JS-WX-T-ZC-000306"
"866094058469905,2025-09-17 06:05:09,332222222,____________,JS-WX-T-ZC-000305"
"866094058469871,2022-08-05 11:32:27,332222233,____________,JS-WX-T-ZC-000304"
"866094058400173,2025-12-08 23:52:59,002222222,____________,JS-WX-T-ZC-000303"
"866094058436086,2023-08-14 14:20:53,332222222,____________,JS-WX-T-ZC-000301"
"866094058469848,2023-08-14 14:25:13,332222222,____________,JS-WX-T-ZC-000300"
"866094058468535,2025-12-08 23:56:44,002222222,____________,JS-WX-T-ZC-000299"
"866094058462884,2022-12-13 11:52:55,332222222,____________,JS-WX-T-ZC-000298"
"866094058400157,2025-12-08 23:53:10,002222222,____________,JS-WX-T-ZC-000297"
"866094058435757,2025-12-08 23:59:15,002222222,____________,JS-WX-T-ZC-000296"
"866094058458361,2025-02-15 09:18:26,332222222,____________,JS-WX-T-ZC-000295"
"866094058435740,2024-12-05 14:27:15,332222222,____________,JS-WX-T-ZC-000294"
"866094058435773,2024-12-05 14:44:51,332222222,____________,JS-WX-T-ZC-000293"
"866094058458098,2025-11-06 16:17:11,332222222,____________,JS-WX-T-ZC-000291"
"866094058458726,2024-12-05 14:52:34,332222222,____________,JS-WX-T-ZC-000290"
"866094058469210,2025-12-08 23:39:30,002222222,____________,JS-WX-T-ZC-000289"
"866094058435849,2025-12-08 23:49:24,002222222,____________,JS-WX-T-ZC-000288"
"866094058458700,2025-12-08 23:33:17,002222222,____________,JS-WX-T-ZC-000287"
"866094058458106,2025-12-08 23:36:49,002222222,____________,JS-WX-T-ZC-000286"
"866094058470093,2025-12-08 23:45:14,002222222,____________,JS-WX-T-ZC-000285"
"866094058470176,2025-12-08 23:55:14,002222222,____________,JS-WX-T-ZC-000283"
"866094058458684,2025-12-08 23:45:52,002222222,____________,JS-WX-T-ZC-000282"
"866094058469756,2025-12-08 23:41:12,002222222,____________,JS-WX-T-ZC-000280"
"866094058462546,2025-11-10 14:07:31,332222222,____________,JS-WX-T-ZC-000279"
"866094058435682,2025-12-08 23:35:14,002222222,____________,JS-WX-T-ZC-000278"
"866094058458114,2022-09-22 22:51:54,332222233,____________,JS-WX-T-ZC-000277"
"866094058435674,2025-12-08 23:53:20,002222222,____________,JS-WX-T-ZC-000276"
"866094058462561,2023-08-11 08:42:18,332222222,____________,JS-WX-T-ZC-000274"
"866094058458403,2023-06-10 14:31:14,332222222,____________,JS-WX-T-ZC-000273"
"866094058458718,2025-10-03 10:20:52,332222222,____________,JS-WX-T-ZC-000272"
"866094058458536,2025-12-08 23:46:10,002222222,____________,JS-WX-T-ZC-000270"
"866094058459179,2025-12-09 00:01:36,002222222,____________,JS-WX-T-ZC-000269"
"866094058462850,2025-05-15 17:24:28,332222222,____________,JS-WX-T-ZC-000268"
"866094058469814,2025-10-02 14:27:22,332222222,____________,JS-WX-T-ZC-000267"
"866094058459229,2022-11-01 20:17:36,332222233,____________,JS-WX-T-ZC-000266"
"866094058458130,2023-04-23 20:58:09,332222222,____________,JS-WX-T-ZC-000265"
"866094058458502,2023-01-03 18:29:15,332222222,____________,JS-WX-T-ZC-000264"
"866094058400058,2022-10-24 11:56:56,332222233,____________,JS-WX-T-ZC-000263"
"866094058458163,2022-08-20 04:23:55,332222233,____________,JS-WX-T-ZC-000262"
"866094058458189,2022-11-03 00:02:29,332222233,____________,JS-WX-T-ZC-000261"
"866094058458486,2023-05-15 01:30:05,332222222,____________,JS-WX-T-ZC-000260"
"866094058400231,2023-07-20 08:19:19,332222222,____________,JS-WX-T-ZC-000259"
"866094058400223,2024-08-27 01:00:03,332222222,____________,JS-WX-T-ZC-000258"
"866094058458122,2023-06-17 19:55:31,332222222,____________,JS-WX-T-ZC-000257"
"866094058459005,2022-08-18 00:42:17,332222233,____________,JS-WX-T-ZC-000256"
"866094058458999,2023-05-09 13:27:50,332222222,____________,JS-WX-T-ZC-000255"
"866094058400215,2023-08-14 09:04:09,332222222,____________,JS-WX-T-ZC-000254"
"866094058459211,2025-12-06 06:36:52,332222222,____________,JS-WX-T-ZC-000253"
"866094058458981,2025-12-08 23:57:16,002222222,____________,JS-WX-T-ZC-000252"
"866094058400041,2022-11-29 03:25:59,332222233,____________,JS-WX-T-ZC-000251"
"866094058400090,2024-12-08 09:04:02,332333,____________,86609405840009086609"
"866094058466158,2025-01-09 15:02:01,333333,____________,GX-LZ-T-ZCTX-000029"
"860123055638224,2023-07-29 17:48:56,332223,______(__)____,860123055638224"
"868681049091018,2023-07-29 17:50:45,332223,______(__)____,868681049091018"
"866094058466950,2025-01-09 15:19:37,333323,____________,GX-LZ-T-ZCTX-000069"
"866094058388204,2025-03-24 10:16:09,332333,____________,866094058388204"
"866094058470762,2025-01-09 15:19:52,333333,____________,GX-LZ-T-ZCTX-000070"
"866094058466174,2025-12-08 12:48:06,000000,____________,GX-LZ-T-ZCTX-000473"
"866094058467685,2025-12-08 12:48:46,000000,____________,GX-LZ-T-ZCTX-000472"
"866094058467289,2025-12-08 12:20:02,002002,____________,GX-LZ-T-ZCTX-001471"
"860374056966888,2024-10-03 05:18:19,332233,____________,860374056966888"
"866094058470630,2025-06-14 19:03:21,332233,____________,SX-XA-T-ZCTX-000452"
"868681049091703,2025-12-08 12:20:46,000000,______(__)____,SX-XA-T-SSFX-000023"
"866094058470788,2025-12-08 23:49:16,002222,____________,SX-XY-T-ZCTX-000081"
"866094052778343,2025-09-29 14:00:59,333323,____________,SX-XA-T-ZCTX-000662"
"866094058440799,2025-09-29 14:03:40,333333,____________,SX-XA-T-ZCTX-000661"
"866094058466471,2025-12-08 23:53:11,000022,____________,SX-XA-T-ZCTX-000660"
"866094052603988,2025-12-08 23:43:19,020222,____________,AH-WH-T-ZC-000004"
"860123055681695,2025-12-08 22:19:18,000020,______(__)____,SX-XA-T-SSFX-000118"
"866094058471158,2025-10-31 13:24:31,333333,______(__)____,SX-XA-T-SSFX-000119"
"868681049136524,2022-12-25 13:30:56,233222,,test"
"860123055681240,2025-12-08 23:34:43,000000,____________,JS-HA-T-ZC-000213"
"866094058470697,2023-10-21 17:00:48,333333,____________,SX-BJ-T-ZCTX-000196"
"860123055694730,2025-12-08 23:43:53,003000,____________,SX-BJ-T-ZCTX-000195"
"860123055605843,2025-12-08 23:40:44,020222,____________,GX-NN-T-ZCTX-000949"
"860123055696149,2025-12-08 23:57:57,020222,____________,GX-NN-T-ZCTX-000948"
"860123055502966,2025-12-08 23:40:01,020222,____________,GX-NN-T-ZCTX-000947"
"860123055503105,2025-12-08 23:42:06,020222,____________,GX-NN-T-ZCTX-000946"
"860123055683758,2025-12-08 23:41:02,020222,____________,GX-NN-T-ZCTX-000945"
"860123055605736,2025-12-09 00:00:38,020222,____________,GX-NN-T-ZCTX-000944"
"860123055503949,2025-12-08 23:41:15,020222,____________,GX-NN-T-ZCTX-000943"
"866094058454436,2025-12-08 23:35:26,002200,____________,GX-NN-T-ZCTX-000833"
"866094051362172,2025-12-08 23:34:00,002200,____________,GX-NN-T-ZCTX-000833"
"866094058471299,2024-03-17 14:02:57,332223,____________,866094058471299"
"866094051398432,2025-12-08 23:54:09,020222,____________,GX-WZ-T-ZCTX-000264"
"866094058421633,2025-12-08 23:42:36,002200,____________,GX-NN-T-ZCTX-000942"
"860123055504509,2025-12-08 23:43:05,002200,____________,GX-NN-T-ZCTX-000942"
"866094052860927,2025-12-08 23:49:28,020222,____________,GX-LZ-T-ZCTX-000481"
"866094052801442,2025-12-08 23:46:55,020222,____________,GX-LZ-T-ZCTX-000621"
"860123055691314,2024-07-23 23:27:22,333333,____________,860123055691314"
"866094051520332,2025-12-08 23:40:06,020222,____________,GX-WZ-T-ZCTX-000158"
"866094058466570,2025-12-08 23:35:07,000000,____________,GX-WZ-T-ZCTX-000283"
"866094058471976,2025-05-12 13:00:04,333333,____________,GX-WZ-T-ZCTX-000281"
"860374056944927,2025-12-08 23:32:51,000000,____________,SX-YL-T-ZCTX-000038"
"860123055497886,2025-11-28 15:39:54,332332,____________,GX-LZ-T-ZCTX-000474"
"866094058466380,2025-12-08 23:57:23,000000,____________,AH-LA-T-ZCTX-000062"
"866094058466919,2025-12-08 12:28:56,002002,____________,GX-LZ-T-ZCTX-001467"
"866094058471018,2025-02-21 12:32:44,333333,____________,866094058471018"
"866094052826332,2025-12-08 23:41:44,000222,____________,GX-NN-T-ZCTX-000941"
"860123055497415,2025-02-21 13:16:08,333333,____________,SX-BJ-T-ZCTX-000187"
"866094058471000,2025-02-28 11:47:15,333333,____________,SX-BJ-T-ZCTX-000193"
"866094058466588,2025-12-08 23:45:38,002000,____________,AH-LA-T-ZCTX-000061"
"866094052850365,2025-11-02 04:03:54,323222,_________,JS-WX-T-ZYJ-000093"
"866094052850845,2023-08-01 13:16:18,323222,_________,JS-WX-T-ZYJ-000092"
"866094052824279,2025-12-08 23:47:11,020222,_________,JS-WX-T-ZYJ-000091"
"866094052861016,2025-12-08 23:03:21,020222,_________,JS-WX-T-ZYJ-000090"
"866094052850464,2025-12-08 23:33:32,020222,_________,JS-WX-T-ZYJ-000089"
"866094052800816,2025-12-08 23:34:28,020222,_________,JS-WX-T-ZYJ-000088"
"866094052852312,2025-12-08 23:35:10,020222,_________,JS-WX-T-ZYJ-000087"
"866094052856933,2025-12-08 23:34:05,020222,_________,JS-WX-T-ZYJ-000086"
"866094052850894,2025-12-08 23:04:45,020222,_________,JS-WX-T-ZYJ-000085"
"866094052856834,2025-12-08 23:56:41,020222,_________,JS-WX-T-ZYJ-000084"
"866094052829609,2025-12-09 00:01:35,020222,_________,JS-WX-T-ZYJ-000083"
"866094052850688,2025-12-08 23:57:12,020222,_________,JS-WX-T-ZYJ-000082"
"866094052863293,2025-12-08 23:49:57,020222,_________,JS-WX-T-ZYJ-000081"
"866094052831183,2025-12-09 00:01:39,020222,_________,JS-WX-T-ZYJ-000080"
"866094052845084,2025-12-08 23:50:14,020222,_________,JS-WX-T-ZYJ-000079"
"866094052852171,2025-12-08 23:55:40,020222,_________,JS-WX-T-ZYJ-000078"
"866094052846454,2025-12-09 00:01:15,020222,_________,JS-WX-T-ZYJ-000077"
"866094052831225,2025-12-08 23:35:06,020222,_________,JS-WX-T-ZYJ-000076"
"866094052852346,2025-12-08 23:56:44,020222,_________,JS-WX-T-ZYJ-000075"
"866094052823495,2025-12-09 00:02:30,323222,_________,JS-WX-T-ZYJ-000074"
"866094052849961,2025-12-08 23:56:42,020222,_________,JS-WX-T-ZYJ-000073"
"866094052863376,2025-12-08 23:54:59,020222,_________,JS-WX-T-ZYJ-000072"
"866094052829583,2025-12-09 00:01:36,020222,_________,JS-WX-T-ZYJ-000071"
"866094052828635,2025-12-08 23:40:00,020222,_________,JS-WX-T-ZYJ-000070"
"866094052857386,2025-12-09 00:02:39,020222,_________,JS-WX-T-ZYJ-000069"
"866094052850456,2022-06-07 10:43:35,323222,_________,JS-WX-T-ZYJ-000068"
"866094052852205,2025-12-08 23:34:00,020222,_________,JS-WX-T-ZYJ-000067"
"866094052828403,2025-12-09 00:01:44,020222,_________,JS-WX-T-ZYJ-000066"
"866094052850027,2025-12-08 23:58:23,020222,_________,JS-WX-T-ZYJ-000065"
"866094052851082,2025-12-08 23:33:12,020222,_________,JS-WX-T-ZYJ-000064"
"866094052850530,2025-12-08 23:54:58,020222,_________,JS-WX-T-ZYJ-000063"
"866094052850019,2025-12-09 00:00:06,020222,_________,JS-WX-T-ZYJ-000062"
"866094052850852,2025-12-08 23:48:28,020222,_________,JS-WX-T-ZYJ-000061"
"866094058477585,2025-12-09 00:01:58,002200,____________,AH-LA-T-ZCTX-000060"
"866094058470721,2025-09-02 12:49:21,333333,____________,GX-BH-T-ZCTX-000139"
"866094052815293,2025-05-15 08:20:46,333333,____________,866094052815293"
"861410049515587,2025-12-08 23:37:45,200222,______(__)____,SX-HZ-T-SSFX-000029"
"866094052851033,2025-12-08 23:44:14,020222,____________,GX-LZ-T-ZCTX-003473"
"866094052861263,2025-12-08 23:42:52,020222,____________,GX-LZ-T-ZCTX-003472"
"866094052852130,2025-12-08 23:14:00,020222,____________,GX-LZ-T-ZCTX-000471"
"866094052850068,2025-12-08 23:44:01,022222,____________,GX-LZ-T-ZCTX-000470"
"866094052801731,2025-12-08 23:43:30,020222,____________,GX-LZ-T-ZCTX-000469"
"866094052828734,2025-12-08 23:44:40,020222,____________,GX-LZ-T-ZCTX-003468"
"866094052820673,2025-12-08 23:43:41,022222,____________,GX-LZ-T-ZCTX-000467"
"860123055606742,2025-05-31 00:01:22,323222,____________,GX-NN-T-ZCTX-000673"
"866094058466869,2025-04-14 07:29:45,332333,____________,866094058466869"
"860123055679731,2025-12-08 23:52:04,002330,____________,GX-BH-T-ZCTX-000138"
"866094058470770,2025-12-09 00:02:50,000000,____________,AH-LA-T-ZCTX-000059"
"866094058466513,2025-12-08 12:41:51,000002,____________,GX-HZ-T-ZCTX-000130"
"860123055500168,2025-12-09 00:01:19,020222,____________,GX-NN-T-ZCTX-000853"
"860123055684178,2025-12-08 23:58:42,020222,____________,GX-NN-T-ZCTX-000846"
"860123055582299,2025-12-08 23:49:54,002000,____________,GX-NN-T-ZCTX-000909"
"860123055700537,2025-11-24 12:04:58,323222,____________,GX-NN-T-ZCTX-000667"
"866094058470580,2024-10-01 13:55:05,333333,____________,866094058470580"
"860123055505696,2025-12-08 23:50:23,020222,____________,GX-NN-T-ZCTX-000593"
"866094058471356,2025-12-09 00:02:11,002000,____________,AH-LA-T-ZCTX-000058"
"866094058466885,2022-11-17 11:32:51,332333,____________,AH-LA-T-ZCTX-000057"
"866094052863723,2025-12-08 12:47:04,323222,____________,GX-BH-T-ZCTX-000145"
"860123055503048,2025-12-08 23:44:48,323222,____________,GX-NN-T-ZCTX-000694"
"866094058477569,2024-07-01 10:02:19,332333,____________,866094058477569"
"866094058389087,2024-08-08 08:32:05,332333,____________,866094058389087"
"866094058466364,2025-12-08 23:39:18,002200,____________,AH-LA-T-ZCTX-000054"
"866094058466190,2024-09-16 05:37:14,332332,____________,AH-LA-T-ZCTX-000056"
"866094058477734,2024-02-02 09:58:05,332233,____________,AH-LA-T-ZCTX-000055"
"860123055692353,2025-12-08 23:42:52,000000,____________,GX-NN-T-ZCTX-000929"
"866094058467941,2025-06-18 13:00:14,333333,____________,GX-WZ-T-ZCTX-000282"
"860123055497076,2024-12-05 09:28:09,323222,____________,GX-NN-T-ZCTX-000927"
"866094058471794,2025-12-08 23:55:23,022222,____________,GX-NN-T-ZCTX-000931"
"866094058443124,2025-12-08 23:49:44,022222,____________,GX-NN-T-ZCTX-000935"
"860123055605314,2025-12-08 23:47:37,020222,____________,GX-NN-T-ZCTX-000939"
"860123055606031,2025-12-08 23:47:01,020222,____________,860123055606031"
"860123055502057,2025-12-08 23:38:51,022222,____________,860123055502057"
"860123055504186,2025-12-08 23:52:05,022222,____________,860123055504186"
"866094052820020,2025-12-08 23:56:53,020222,____________,866094052820020"
"860123055489586,2025-12-08 23:43:03,020222,____________,860123055489586"
"860123055729460,2025-12-08 23:52:10,020222,____________,860123055729460"
"866094058457942,2025-12-08 23:58:42,020222,____________,866094058457942"
"866094058421690,2024-04-02 15:36:25,323222,____________,866094058421690"
"866094058417409,2024-09-07 02:50:59,323222,____________,GX-NN-T-ZCTX-000924"
"866094058471778,2025-12-08 23:54:46,020222,____________,866094058471778"
"866094058468378,2024-12-05 08:42:30,323222,____________,GX-NN-T-ZCTX-000922"
"866094058466877,2025-12-08 23:33:57,000000,____________,GX-LZ-T-ZCTX-000466"
"866094058470614,2024-09-25 05:03:54,333333,____________,GX-NN-T-ZCTX-000921"
"866094058467057,2024-12-23 09:31:59,333333,____________,GX-NN-T-ZCTX-000916"
"860123055581218,2024-12-23 09:33:41,333333,____________,GX-NN-T-ZCTX-000915"
"860123055690936,2025-06-25 12:19:36,333333,____________,GX-LZ-T-ZCTX-000465"
"866094058466711,2025-06-26 11:49:20,333333,____________,GX-LZ-T-ZCTX-000464"
"866094058400421,2024-12-20 06:03:03,332223,____________,GX-HZ-T-ZCTX-000129"
"866094058466141,2024-05-21 14:41:08,333333,____________,866094058466141"
"866094058421492,2024-12-23 09:31:22,333333,____________,GX-NN-T-ZCTX-000918"
"866094058429578,2025-12-08 23:49:10,000000,____________,GX-HZ-T-ZCTX-000128"
"866094058470606,2025-12-08 23:34:09,000000,____________,GX-HZ-T-ZCTX-000127"
"866094052832470,2025-12-08 23:43:21,003300,____________,GX-NN-T-ZCTX-000891"
"860123055532799,2025-12-08 23:33:55,000000,____________,GX-LZ-T-ZCTX-000463"
"866094058477742,2025-12-09 00:01:05,000000,____________,GX-LZ-T-ZCTX-000460"
"866094058466539,2024-01-10 10:05:50,333323,____________,866094058466539"
"866094058451002,2025-12-08 23:35:09,000000,____________,GX-NN-T-ZCTX-000908"
"866094058466851,2025-12-09 00:00:29,002300,____________,GX-LZ-T-ZCTX-000458"
"866094052820574,2025-12-08 23:41:54,020222,____________,GX-NN-T-ZCTX-003911"
"866094058466166,2025-09-09 13:33:25,332333,____________,866094058466166"
"860123055503725,2025-12-08 23:54:10,002333,____________,860123055503725"
"860123055694102,2025-12-08 23:43:58,003332,____________,860123055694102"
"866094058469996,2025-12-08 23:34:43,002000,____________,AH-LA-T-ZCTX-000053"
"860123055605991,2025-12-08 23:45:47,020222,____________,GX-NN-T-ZCTX-003909"
"866094052820640,2025-12-08 23:56:55,020222,____________,GX-NN-T-ZCTX-003908"
"866094052861024,2025-12-09 00:02:22,020222,____________,JS-WX-T-ZC-000250"
"866094058467040,2025-12-08 23:59:38,002000,____________,AH-LA-T-ZCTX-000052"
"860123055502693,2025-12-08 23:52:11,020222,____________,GX-BH-T-ZCTX-000142"
"860123055503022,2025-12-08 23:57:53,020222,____________,GX-BH-T-ZCTX-000141"
"866094058467727,2023-12-06 02:01:40,333333,____________,866094058467727"
"860123055497209,2025-02-13 15:38:54,333333,____________,860123055497209"
"866094058471075,2024-02-16 15:15:47,333333,____________,866094058471075"
"866094058477551,2024-06-05 20:20:14,333333,____________,866094058477551"
"866094058466208,2024-12-14 12:30:14,333332,____________,GX-WZ-T-ZCTX-000278"
"866094058467024,2023-08-09 00:18:21,333332,____________,866094058467024"
"866094058471166,2024-05-31 09:01:36,333322,____________,866094058471166"
"866094058466901,2024-05-20 08:31:01,333333,____________,866094058466901"
"866094058477510,2025-12-08 23:02:22,002022,____________,GX-LZ-T-ZCTX-000456"
"866094052850290,2025-12-08 23:50:48,020222,____________,JS-WX-T-ZC-000249"
"866094052850332,2025-12-08 23:52:29,020222,____________,JS-WX-T-ZC-000248"
"866094058471257,2025-12-08 23:45:01,000000,____________,BJ-T-JSZC-000001"
"866094058477643,2025-12-08 23:33:32,000000,____________,GX-WZ-T-ZCTX-000258"
"860123055692403,2025-12-08 23:44:51,000022,____________,GX-LZ-T-ZCTX-000455"
"866094052800394,2025-12-08 23:56:13,003333,____________,GX-NN-T-ZCTX-000906"
"866094058454675,2024-09-25 06:24:35,333323,____________,866094058454675"
"866094052845118,2024-07-01 10:31:44,333323,____________,866094052845118"
"860123055690365,2025-02-12 08:19:35,333333,____________,GX-NN-T-ZCTX-000903"
"866094058467909,2025-02-12 08:21:21,333333,____________,GX-NN-T-ZCTX-000900"
"860123055494776,2025-12-08 12:28:30,000000,____________,GX-LZ-T-ZCTX-000454"
"860123055582695,2025-12-08 12:20:33,000000,____________,860123055582695"
"866094058477593,2025-12-08 23:32:54,000200,____________,GX-BH-T-ZCTX-000137"
"866094058470689,2025-12-08 23:51:35,000000,____________,GX-BH-T-ZCTX-000136"
"866094058470036,2025-12-08 23:51:10,000000,____________,GX-BH-T-ZCTX-000135"
"860123055691710,2025-12-08 23:53:26,000000,____________,GX-BH-T-ZCTX-000134"
"860123055751274,2025-09-02 12:46:32,333333,____________,GX-BH-T-ZCTX-000133"
"866094052824956,2025-12-09 00:01:21,003300,____________,GX-NN-T-ZCTX-000898"
"860123055497373,2025-09-22 12:12:10,333333,____________,GX-NN-T-ZCTX-000897"
"866094052828098,2025-09-22 12:46:10,333333,____________,GX-NN-T-ZCTX-000897"
"860123055700636,2025-12-08 23:50:45,020222,____________,GX-NN-T-ZCTX-000896"
"860123055489511,2025-12-08 23:41:17,020222,____________,GX-NN-T-ZCTX-000895"
"860123055700529,2025-12-08 23:49:00,020222,____________,GX-NN-T-ZCTX-000894"
"860123055503857,2025-12-08 23:07:09,020222,____________,GX-NN-T-ZCTX-000893"
"860123055694664,2025-12-08 23:07:11,020222,____________,GX-NN-T-ZCTX-000892"
"866094058470002,2024-08-18 15:33:12,333333,____________,866094058470002"
"866094058454824,2024-03-11 00:40:13,333333,____________,866094058454824"
"866094058457850,2024-04-02 14:48:58,332223,____________,GX-NN-T-ZCTX-000889"
"860123055505860,2025-12-08 23:29:27,002223,____________,GX-NN-T-ZCTX-000889"
"860123055684228,2024-10-12 23:39:35,333333,____________,GX-LZ-T-ZCTX-000453"
"866094058471315,2025-06-18 13:00:14,333333,____________,GX-LZ-T-ZCTX-000452"
"868681049090614,2025-12-08 23:56:11,002232,____________,SX-AK-T-ZCTX-000036"
"868681049096009,2025-12-08 23:50:52,003222,____________,SX-AK-T-ZCTX-000035"
"861410049558231,2025-12-08 12:44:10,202222,____________,SX-YA-T-ZCTX-000200"
"866094052552961,2025-12-08 23:46:00,022222,______(__)____,SX-SL-T-SSFX-0000114"
"866094052766710,2025-12-09 00:01:57,020222,______(__)____,SX-SL-T-SSFX-0000112"
"866094052768591,2025-12-08 23:34:51,020222,______(__)____,SX-SL-T-SSFX-0000113"
"866094052831209,2025-12-09 00:01:43,020222,______(__)____,SX-SL-T-SSFX-0000110"
"866094052857154,2025-12-08 23:53:13,020222,______(__)____,SX-SL-T-SSFX-0000111"
"866094052831894,2025-12-08 23:47:24,000020,____________,GX-NN-T-ZCTX-000888"
"860374057095745,2022-07-19 10:26:04,333333,____________,SX-YL-T-ZCTX-000037"
"866094052844137,2025-12-08 23:44:27,020222,______(__)____,SX-SL-T-SSFX-0000109"
"866094052845225,2025-12-08 23:50:58,020222,______(__)____,SX-SL-T-SSFX-0000108"
"866094058477767,2025-12-08 23:59:11,003333,____________,GX-NN-T-ZCTX-000887"
"866094052849912,2025-12-08 23:38:34,020222,______(__)____,SX-SL-T-SSFX-0000107"
"866094052858400,2025-12-08 23:54:52,020222,______(__)____,SX-SL-T-SSFX-0000106"
"866094058466497,2025-12-09 00:01:38,000000,____________,GX-WZ-T-ZCTX-000246"
"860123055751340,2025-12-08 23:59:15,000222,____________,GX-WZ-T-ZCTX-000249"
"866094052856974,2025-12-08 23:54:08,020222,______(__)____,SX-SL-T-SSFX-0000104"
"866094052823461,2025-12-08 23:54:10,020222,______(__)____,SX-SL-T-SSFX-0000105"
"866094058477536,2025-08-07 12:40:40,332332,____________,GX-WZ-T-ZCTX-000252"
"860123055502438,2025-12-08 23:39:58,323222,____________,GX-WZ-T-ZCTX-000261"
"860123055502404,2025-12-08 23:39:35,020222,____________,GX-WZ-T-ZCTX-000260"
"860123055499064,2025-12-08 23:45:48,002000,____________,GX-WZ-T-ZCTX-000255"
"866094058161338,2025-12-08 23:47:46,000000,____________,GX-WZ-T-ZCTX-000254"
"866094058477700,2025-08-07 12:30:29,332333,____________,GX-WZ-T-ZCTX-000256"
"866094058421682,2025-08-07 12:42:58,333332,____________,GX-WZ-T-ZCTX-000253"
"866094058471125,2025-08-07 12:36:03,333332,____________,GX-WZ-T-ZCTX-000251"
"860123055695182,2025-08-07 12:18:32,332333,____________,GX-WZ-T-ZCTX-000250"
"860123055502867,2025-12-08 23:39:41,020222,____________,860123055502867"
"866094058454352,2025-08-18 15:32:27,333333,____________,866094058454352"
"866094052828494,2025-12-08 23:45:29,022222,____________,SX-WN-T-ZCTX-000182"
"866094052616022,2025-12-08 12:09:39,322222,____________,SX-WN-T-ZCTX-000181"
"860123055502297,2025-12-08 23:59:19,020222,____________,JS-WX-T-ZC-000247"
"866094052830003,2025-12-08 23:56:15,020222,____________,GX-NN-T-ZCTX-000618"
"866094052849854,2025-10-18 08:50:16,323222,____________,GX-NN-T-ZCTX-000336"
"861410049560617,2025-12-08 12:31:34,202222,____________,SX-YA-T-ZCTX-000194"
"860123055497712,2025-12-09 00:02:25,020222,____________,JS-WX-T-ZC-000246"
"866094052851066,2025-12-08 23:48:54,020222,____________,JS-WX-T-ZC-000245"
"866094052850993,2025-12-08 23:49:51,020222,____________,JS-WX-T-ZC-000244"
"866094052861248,2025-12-08 23:50:17,020222,____________,JS-WX-T-ZC-000243"
"866094052850753,2025-12-08 23:41:37,020222,____________,JS-WX-T-ZC-000242"
"866094052824444,2025-12-08 23:56:45,020222,____________,JS-WX-T-ZC-000241"
"866094052534647,2025-12-08 23:33:21,020222,__________,866094052534647"
"866094058466729,2023-10-12 11:59:59,333333,____________,866094058466729"
"860123055604515,2025-12-09 00:00:52,003333,____________,GX-NN-T-ZCTX-000884"
"861410049522997,2025-05-22 12:32:28,233222,____________,SX-XA-T-ZCTX-000289"
"860123055581135,2023-10-11 18:30:55,333333,____________,860123055581135"
"860123055504384,2023-08-29 15:50:41,333333,____________,860123055504384"
"868681049140633,2025-04-21 12:36:58,332333,____________,SX-XA-T-ZCTX-000169"
"860123055496391,2025-12-08 23:46:58,020222,____________,JS-WX-T-ZC-000233"
"860123055502271,2022-11-07 15:08:37,323222,____________,JS-WX-T-ZC-000240"
"860123055606791,2025-12-08 23:46:28,323222,____________,JS-WX-T-ZC-000239"
"860123055683741,2025-12-08 23:37:33,020222,____________,JS-WX-T-ZC-000238"
"860123055496409,2025-12-08 23:36:58,020222,____________,JS-WX-T-ZC-000237"
"860123055688203,2025-12-08 23:55:28,020222,____________,JS-WX-T-ZC-000236"
"860123055503097,2025-12-08 23:46:28,323222,____________,JS-WX-T-ZC-000235"
"860123055497357,2025-12-08 23:43:53,020222,____________,JS-WX-T-ZC-000234"
"860123055679442,2025-12-08 23:33:32,020222,____________,JS-WX-T-ZC-000232"
"860123055502289,2025-12-08 23:33:03,020222,____________,JS-WX-T-ZC-000231"
"860123055475973,2025-12-09 00:02:39,020222,____________,JS-WX-T-ZC-000230"
"860123055504533,2025-12-08 23:58:31,020222,____________,860123055504533"
"860123055695703,2025-12-08 23:33:10,020222,____________,860123055695703"
"860123055504756,2025-12-08 23:46:43,020222,____________,860123055504756"
"860123055503550,2025-12-08 23:56:46,020222,____________,GX-WZ-T-ZCTX-000272"
"860123055477987,2025-03-12 15:04:39,323222,____________,GX-WZ-T-ZCTX-000271"
"860123055503766,2025-12-08 23:33:43,020222,____________,860123055503766"
"860123055694144,2025-12-08 23:36:58,020222,____________,860123055694144"
"860123055495526,2024-12-05 15:44:17,333333,____________,860123055495526"
"866094058477676,2023-10-11 23:11:41,332232,____________,GX-NN-T-ZCTX-000878"
"860123055503790,2025-12-08 23:49:19,020222,____________,JS-WX-T-ZC-000229"
"866094052831092,2025-12-08 23:42:12,020222,____________,JS-WX-T-ZC-000228"
"860123055692825,2024-10-22 15:02:59,333333,____________,SX-BJ-T-ZCTX-000186"
"866094052861297,2025-12-08 23:45:48,020222,____________,JS-WX-T-ZC-000227"
"860123055496458,2025-12-08 23:39:35,020222,____________,JS-WX-T-ZC-000226"
"860123055694094,2025-12-08 23:43:37,020222,____________,JS-WX-T-ZC-000225"
"866094052851157,2025-12-09 00:02:27,020222,____________,JS-WX-T-ZC-000224"
"860123055681364,2025-06-11 09:35:54,332333,____________,GX-NN-T-ZCTX-000882"
"860123055502420,2024-11-18 09:31:35,332333,____________,GX-NN-T-ZCTX-000882"
"866094058470713,2025-05-13 15:34:32,333222,____________,866094058470713"
"860123055571524,2025-12-08 23:58:10,003222,____________,GX-WZ-T-ZCTX-000267"
"868681049156118,2025-12-08 23:39:05,000022,____________,SX-XA-T-ZCTX-000220 "
"866094052850399,2025-12-08 19:22:21,020222,____________,JS-WX-T-ZC-000223"
"866094052850522,2024-08-06 14:13:13,323222,____________,JS-WX-T-ZC-000222"
"860123055495955,2024-02-22 00:19:46,333333,____________,860123055495955"
"866094058442704,2025-12-08 23:50:05,003222,____________,866094058442704"
"860123055503576,2025-12-08 23:32:36,003222,____________,GX-WZ-T-ZCTX-000266"
"861410049560591,2025-07-16 12:30:31,232222,____________,SX-XA-T-ZCTX-000651"
"860123055496243,2025-12-08 23:38:26,020222,____________,JS-WX-T-ZC-000221"
"860123055678741,2025-12-08 23:34:41,020222,____________,JS-WX-T-ZC-000220"
"860123055700461,2025-12-08 23:55:15,020222,____________,JS-WX-T-ZC-000219"
"860123055503931,2025-12-09 00:00:19,020222,____________,JS-WX-T-ZC-000218"
"860123055700651,2025-12-08 23:57:33,323222,____________,JS-WX-T-ZC-000217"
"860123055678857,2025-12-08 23:09:41,020222,____________,JS-WX-T-ZC-000216"
"860123055503675,2025-12-08 23:33:11,020222,____________,JS-WX-T-ZC-000215"
"860123055502263,2025-12-08 23:20:02,020222,____________,JS-WX-T-ZC-000214"
"866094058477635,2025-03-26 13:26:13,333333,____________,SX-XA-T-ZCTX-000285 "
"866094052850084,2025-12-08 23:44:41,020222,____________,JS-WX-T-ZC-000213"
"860123055697360,2025-12-08 23:45:15,020222,____________,JS-WX-T-ZC-000212"
"860123055496847,2025-12-08 23:42:31,020222,____________,GX-NN-T-ZCTX-000881"
"860123055504970,2025-12-08 23:38:27,020222,____________,GX-NN-T-ZCTX-000880"
"860123055606718,2025-12-08 23:45:03,020222,____________,GX-NN-T-ZCTX-000879"
"860123055473036,2025-12-08 23:57:32,020222,____________,JS-WX-T-ZC-000211"
"860123055497761,2025-06-25 10:37:15,323222,____________,JS-WX-T-ZC-000210"
"866094052831076,2025-06-25 10:38:54,323222,____________,JS-WX-T-ZC-000209"
"860123055505852,2025-12-08 23:46:02,020222,____________,JS-WX-T-ZC-000208"
"866094052850936,2025-12-08 23:46:03,020222,____________,JS-WX-T-ZC-000207"
"860123055496250,2025-06-25 15:21:23,323222,____________,JS-WX-T-ZC-000206"
"860123055496318,2025-12-08 23:47:28,020222,____________,JS-WX-T-ZC-000205"
"860123055503527,2025-12-08 23:45:42,020222,____________,JS-WX-T-ZC-000204"
"860123055505019,2025-12-09 00:01:52,323222,____________,JS-WX-T-ZC-000203"
"860123055503626,2025-12-08 23:46:20,020222,____________,JS-WX-T-ZC-000202"
"860123055506058,2025-12-08 23:59:59,020222,____________,JS-WX-T-ZC-000201"
"860123055505548,2025-12-08 23:47:06,020222,____________,JS-WX-T-ZC-000200"
"860123055497928,2025-12-08 23:45:35,020222,____________,JS-WX-T-ZC-000199"
"860123055505308,2025-06-26 08:49:33,323222,____________,JS-WX-T-ZC-000198"
"860123055700685,2025-12-08 23:42:17,000022,____________,GX-LZ-T-ZCTX-000451"
"860123055605678,2025-12-09 00:01:44,003333,____________,860123055605678"
"860123055690910,2023-05-15 14:37:26,333333,____________,860123055690910"
"866094052763444,2025-12-08 12:42:59,022222,____________,SX-WN-T-ZCTX-000180"
"866094052752629,2025-12-08 12:47:37,022222,____________,SX-WN-T-ZCTX-000179"
"866094058467016,2025-04-22 09:31:59,332233,____________,GX-LZ-T-ZCTX-000448"
"860123055502701,2025-12-08 23:41:55,003333,____________,860123055502701"
"860123055525355,2025-12-09 00:00:50,002000,____________,SX-XA-T-ZCTX-000656 "
"860123055606692,2025-12-08 12:22:33,020222,____________,GX-NN-T-ZCTX-000875"
"860123055550437,2025-12-08 23:57:26,020222,____________,GX-NN-T-ZCTX-000874"
"860123055507007,2025-12-08 21:14:47,020222,____________,GX-NN-T-ZCTX-000873"
"860123055502982,2025-12-08 23:49:24,020222,____________,GX-NN-T-ZCTX-000872"
"860123055751290,2024-12-05 15:29:04,333333,____________,860123055751290"
"866094058477577,2025-03-06 04:02:16,333332,____________,SX-XA-T-ZCTX-000655"
"868681049140005,2025-12-08 23:58:25,022222,______(__)____,SX-AK-T-ZCTX-000033"
"868681049091935,2025-12-08 23:54:53,322222,______(__)____,SX-AK-T-ZCTX-000032"
"868681049134875,2025-12-09 00:00:11,322222,______(__)____,SX-AK-T-ZCTX-000031"
"860374056978842,2023-09-05 01:49:56,333333,____________,860374056978842"
"866094058471273,2025-12-08 12:20:04,002200,____________,GX-NN-T-ZCTX-000871"
"866094052459712,2025-07-31 21:42:25,323222,____________,AH-LA-T-ZCTX-000049"
"861410049557522,2025-12-08 12:32:11,202222,____________,SX-YA-T-ZCTX-000199"
"861410049556763,2025-12-08 23:56:30,202222,____________,SX-YA-T-ZCTX-000198"
"860123055497894,2025-09-04 21:51:06,323222,____________,AH-LA-T-ZCTX-000050"
"866094052864093,2024-07-16 18:55:01,323222,____________,AH-WH-T-ZC-000003"
"860123055685449,2024-11-28 15:41:23,323222,____________,AH-WH-T-ZC-000002"
"860123055502800,2025-12-09 00:01:24,002200,__________,860123055502800"
"866094052766736,2025-12-08 23:56:07,020222,__________,866094052766736"
"860123055605280,2025-12-08 12:25:02,332233,____________,GX-NN-T-ZCTX-000871"
"866094058466745,2025-12-08 23:38:24,000000,____________,GX-NN-T-ZCTX-000234"
"860123055605132,2025-12-08 23:38:19,020222,__________,860123055605132"
"866094058466554,2025-10-14 12:22:49,333333,____________,866094058466554"
"860123055700560,2025-12-08 23:38:13,003332,__________,860123055700560"
"860123055504046,2025-12-08 23:54:05,003302,__________,860123055504046"
"866094058421476,2024-05-30 17:33:28,333333,____________,866094058421476"
"860123055498264,2025-12-08 23:39:00,003000,__________,860123055498264"
"866094052823503,2025-12-08 23:57:15,020222,__________,866094052823503"
"866094058466802,2025-10-14 12:48:38,333333,____________,866094058466802"
"860123055694235,2025-12-08 23:56:13,003000,____________,GX-NN-T-ZCTX-000307"
"860123055489552,2025-12-08 19:53:30,003302,__________,860123055489552"
"860123055606502,2025-12-08 23:56:16,000000,__________,860123055606502"
"860123055643497,2025-12-08 19:53:26,003303,__________,860123055643497"
"860123055498157,2025-12-08 20:02:24,003333,__________,860123055498157"
"866094051520191,2025-12-08 23:39:23,003302,____________,GX-NN-T-ZCTX-000305"
"860123055498066,2025-12-08 21:07:22,000000,__________,860123055498066"
"860123055679426,2025-12-08 23:34:25,003002,____________,GX-NN-T-ZCTX-000046"
"860123055497563,2025-12-09 00:01:51,000020,____________,GX-NN-T-ZCTX-000413"
"866094058471364,2025-12-08 23:34:12,002020,____________,GX-WZ-T-ZCTX-000265"
"860123055503592,2025-12-08 23:50:56,002020,____________,GX-WZ-T-ZCTX-000265"
"866094058466125,2025-12-08 23:37:31,000030,____________,SX-WN-T-ZCTX-000176"
"866094058471232,2025-12-08 23:39:00,000000,____________,SX-WN-T-ZCTX-000177"
"860123055476146,2025-12-08 23:54:16,020222,____________,GX-WZ-T-ZCTX-000263"
"866094052850316,2025-12-08 23:56:11,020222,____________,JS-WX-T-ZC-000197"
"860123055503907,2025-12-08 23:54:07,000032,__________,860123055503907"
"860123055605876,2025-12-08 23:53:50,020222,__________,860123055605876"
"860123055571995,2025-12-08 23:41:48,020222,__________,860123055571995"
"860123055505290,2025-12-08 23:34:07,020222,__________,860123055505290"
"860123055500291,2025-12-08 23:57:46,020222,__________,860123055500291"
"860123055604911,2025-12-08 23:55:04,020222,__________,860123055604911"
"860123055503865,2025-12-08 23:41:11,020222,__________,860123055503865"
"860123055606239,2025-12-09 00:01:22,020222,__________,860123055606239"
"860123055572845,2025-12-09 00:01:31,020222,__________,860123055572845"
"860123055503089,2025-12-08 23:48:21,020222,__________,860123055503089"
"860123055501034,2025-12-08 23:37:22,020222,__________,860123055501034"
"866094058399896,2025-03-04 15:20:38,333333,____________,866094058399896"
"860123055503824,2025-12-08 23:59:57,020222,__________,860123055503824"
"860123055506991,2025-12-08 23:43:46,020222,__________,860123055506991"
"860123055504640,2025-12-08 23:51:50,020222,__________,860123055504640"
"860123055700487,2025-12-08 23:53:10,020222,__________,860123055700487"
"860123055503295,2025-12-08 23:36:34,020222,__________,860123055503295"
"860123055504202,2025-12-08 23:52:57,020222,__________,860123055504202"
"860123055502735,2025-12-09 00:01:28,003322,__________,860123055502735"
"860123055503998,2025-12-08 23:48:53,020222,__________,860123055503998"
"860374056947193,2025-12-08 12:27:24,000002,____________,SX-WN-T-ZCTX-000210"
"866094058471034,2025-12-04 16:18:09,333333,____________,SX-WN-T-ZCTX-000175"
"860123055504582,2025-12-08 23:44:14,020222,____________,JS-WX-T-ZC-000196"
"860123055506892,2025-12-09 00:02:03,020222,____________,JS-WX-T-ZC-000195"
"860123055606221,2025-12-08 23:45:14,323222,____________,JS-WX-T-ZC-000194"
"860123055503147,2025-12-08 23:52:00,020222,____________,JS-WX-T-ZC-000193"
"866094058467032,2025-06-25 12:45:30,333333,____________,SX-WN-T-ZCTX-000174"
"866094058466489,2025-03-28 15:47:35,333332,____________,GX-WZ-T-ZCTX-000262"
"860123055751308,2025-03-28 15:57:09,333332,____________,GX-WZ-T-ZCTX-000262"
"860123055689607,2025-12-08 22:08:27,000330,____________,GX-LZ-T-ZCTX-000447"
"860123055606734,2025-12-08 23:13:50,000300,____________,GX-LZ-T-ZCTX-000446"
"860123055503360,2025-12-08 23:56:10,003330,____________,GX-LZ-T-ZCTX-000440"
"860123055504368,2025-12-08 20:07:12,020222,____________,GX-LZ-T-ZCTX-000445"
"860123055729510,2025-12-08 22:15:27,003300,____________,GX-LZ-T-ZCTX-000444"
"860123055495922,2023-12-14 13:15:38,333333,,GX-LZ-T-ZCTX-000443"
"860123055605710,2025-12-08 23:31:51,000000,____________,GX-LZ-T-ZCTX-000443"
"860123055735756,2025-12-08 12:23:40,000030,____________,GX-LZ-T-ZCTX-000442"
"860123055605306,2025-12-08 22:07:32,020222,____________,GX-LZ-T-ZCTX-000441"
"860123055506967,2025-12-08 23:19:16,303332,____________,GX-LZ-T-ZCTX-000439"
"860374056949785,2024-03-30 07:28:28,332233,____________,AH-LA-T-ZCTX-000047"
"860123055475940,2025-12-08 23:41:44,000002,____________,GX-WZ-T-ZCTX-000259"
"860123055606270,2025-12-08 23:41:31,000000,____________,GX-WZ-T-ZCTX-000258"
"866094058471224,2025-10-21 12:16:32,332332,____________,866094058471224"
"866094052851280,2025-07-12 08:46:04,323222,____________,AH-LA-T-ZCTX-000046"
"866094052850258,2025-12-08 23:41:49,020222,____________,AH-LA-T-ZCTX-000045"
"860123055503964,2025-12-08 23:48:12,020222,____________,GX-NN-T-ZCTX-000861"
"860123055729478,2025-12-08 23:39:27,020222,____________,GX-NN-T-ZCTX-000860"
"860123055730146,2025-12-08 23:57:46,020222,____________,GX-NN-T-ZCTX-000859"
"860123055688286,2025-05-26 14:58:43,323222,____________,GX-NN-T-ZCTX-000858"
"860123055730096,2025-12-08 23:45:54,020222,____________,GX-NN-T-ZCTX-000857"
"860123055730153,2025-12-08 23:48:09,020222,____________,GX-NN-T-ZCTX-000856"
"860123055573264,2025-12-08 23:50:13,020222,____________,GX-NN-T-ZCTX-000855"
"860123055489495,2025-12-08 23:56:01,020222,____________,GX-NN-T-ZCTX-000854"
"860123055504863,2025-12-08 23:56:34,020222,____________,GX-NN-T-ZCTX-000852"
"860123055729650,2025-12-09 00:00:55,020222,____________,GX-NN-T-ZCTX-000851"
"860123055571870,2025-12-08 23:58:42,020222,____________,GX-NN-T-ZCTX-000850"
"860123055683493,2025-12-08 23:49:27,020222,____________,GX-NN-T-ZCTX-000849"
"860123055507155,2025-12-08 23:34:36,020222,____________,GX-NN-T-ZCTX-000848"
"860123055700552,2025-12-08 23:40:55,020222,____________,GX-NN-T-ZCTX-000847"
"860123055730112,2025-12-08 23:58:44,020222,____________,GX-NN-T-ZCTX-000845"
"860123055507064,2025-12-08 23:57:27,020222,____________,GX-NN-T-ZCTX-000844"
"860123055729056,2025-12-08 23:42:29,020222,____________,GX-LZ-T-ZCTX-000133"
"866094058479193,2025-12-08 23:47:03,000000,____________,GX-NN-T-ZCTX-000063"
"866094052863343,2025-12-08 23:49:11,020222,____________,JS-WX-T-ZC-000192"
"866094052861271,2025-12-08 23:38:12,020222,____________,SX-TC-T-ZCTX-000051"
"866094052850498,2025-12-08 23:39:02,020222,____________,SX-TC-T-ZCTX-000050"
"860123055503451,2025-07-06 06:28:53,333333,__________,860123055503451"
"860123055503352,2025-12-08 23:36:33,000300,__________,860123055503352"
"860123055571425,2025-12-08 23:57:33,003330,__________,860123055571425"
"860123055605157,2025-12-08 23:57:35,000000,__________,860123055605157"
"860123055504079,2025-12-08 23:55:29,000330,__________,860123055504079"
"860123055502214,2025-12-09 00:01:01,002200,__________,860123055502214"
"860123055606700,2025-12-09 00:01:53,000322,__________,860123055606700"
"860123055606288,2025-12-08 23:39:49,003322,__________,860123055606288"
"860123055684202,2025-12-08 23:36:39,020222,____________,GX-NN-T-ZCTX-000843"
"860123055505316,2025-12-08 23:35:13,020222,____________,GX-NN-T-ZCTX-000842"
"860123055504004,2025-12-08 23:35:10,000300,__________,860123055504004"
"860123055605181,2025-12-08 23:50:06,000333,__________,860123055605181"
"860123055503402,2025-12-08 23:53:22,000033,__________,860123055503402"
"860123055504103,2025-12-08 23:42:22,003030,__________,860123055504103"
"860123055606759,2025-12-09 00:00:10,003333,__________,860123055606759"
"860123055503394,2025-12-08 23:56:32,020222,__________,860123055503394"
"860123055571482,2025-12-08 23:51:14,020222,__________,860123055571482"
"860123055503204,2025-12-08 23:34:40,003322,__________,860123055503204"
"860123055489594,2025-12-08 23:44:23,000300,__________,860123055489594"
"860123055688237,2025-12-08 23:35:25,000330,____________,GX-NN-T-ZCTX-000841"
"861410049520330,2025-12-08 23:16:05,202222,____________,SX-XA-T-ZCTX-000204"
"860374056965153,2025-12-08 23:57:46,002220,____________,SX-XA-T-ZCTX-000348"
"860123055689904,2025-06-11 15:45:56,333333,____________,GX-NN-T-ZCTX-000838"
"860123055503980,2025-12-08 23:50:38,000030,____________,GX-NN-T-ZCTX-000837"
"860123055683501,2025-12-08 23:52:00,000330,____________,GX-NN-T-ZCTX-000836"
"860123055730120,2025-12-08 23:43:12,003333,____________,GX-NN-T-ZCTX-000835"
"860123055550585,2025-09-28 09:57:48,333333,____________,GX-NN-T-ZCTX-000834"
"860123055729395,2025-12-08 23:50:31,020222,__________,860123055729395"
"860123055503808,2025-12-08 23:50:06,020222,__________,860123055503808"
"860123055504061,2025-12-08 23:42:21,020222,__________,860123055504061"
"860123055503428,2025-12-08 23:53:38,020222,__________,860123055503428"
"860123055605330,2025-12-08 23:58:09,020222,__________,860123055605330"
"860123055686033,2025-12-08 23:59:31,020222,__________,860123055686033"
"860123055571383,2025-12-08 23:33:36,020222,__________,860123055571383"
"860123055504137,2025-12-08 23:36:37,020222,__________,860123055504137"
"860123055606684,2025-12-08 23:34:08,020222,__________,860123055606684"
"860123055503113,2025-12-08 23:48:59,020222,__________,860123055503113"
"860374056954835,2024-03-05 10:14:13,333333,____________,860374056954835"
"860123055700388,2025-12-08 23:53:09,003022,__________,860123055700388"
"860123055686116,2025-12-08 23:54:27,003002,__________,860123055686116"
"860123055571276,2025-12-08 23:48:13,303332,__________,860123055571276"
"860123055500929,2025-12-08 23:46:01,000000,__________,860123055500929"
"860123055700610,2025-12-08 23:54:25,020222,__________,860123055700610"
"860123055503816,2025-12-08 23:59:28,020222,__________,860123055503816"
"860123055605207,2025-12-08 23:58:14,020222,__________,860123055605207"
"866094052831050,2025-12-08 23:46:00,020222,____________,AH-LA-T-ZCTX-000044"
"860123055504095,2025-12-08 23:57:43,000022,__________,860123055504095"
"860123055606775,2025-07-15 07:24:18,333322,__________,860123055606775"
"860123055685985,2025-07-15 11:20:22,333322,__________,860123055685985"
"860123055503006,2025-12-08 23:45:26,000033,__________,860123055503006"
"860123055605165,2024-03-29 23:25:39,333332,__________,860123055605165"
"860123055605215,2025-12-08 23:41:41,000000,__________,860123055605215"
"860123055498405,2023-05-23 11:18:33,333223,____________,JS-HA-T-ZC-000199"
"860123055504806,2023-08-26 09:22:16,333332,__________,860123055504806"
"860123055503519,2024-01-16 14:12:10,323222,__________,860123055503519"
"860123055606023,2024-01-16 14:30:41,323222,__________,860123055606023"
"860123055605199,2024-01-16 11:11:59,323222,__________,860123055605199"
"860374057043695,2024-10-05 22:47:02,333333,____________,860374057043695"
"860123055700693,2024-01-30 09:06:45,322222,__________,860123055700693"
"860123055683196,2024-01-30 08:41:58,323222,__________,860123055683196"
"860123055571177,2024-01-16 14:13:05,323222,__________,860123055571177"
"860123055700420,2024-01-16 14:12:06,323222,__________,860123055700420"
"860123055605900,2024-01-16 14:12:03,323222,__________,860123055605900"
"860123055575103,2023-08-19 20:22:03,323222,__________,860123055575103"
"860123055500978,2024-01-30 09:54:28,323222,__________,860123055500978"
"860123055606148,2024-01-30 10:12:00,323222,__________,860123055606148"
"860123055504087,2024-01-30 10:12:07,323222,__________,860123055504087"
"860123055504558,2024-01-30 10:11:52,323222,__________,860123055504558"
"860123055571342,2025-12-08 23:48:26,020222,__________,860123055571342"
"860123055606601,2025-12-09 00:02:10,020222,__________,860123055606601"
"860123055504400,2025-12-08 23:52:42,003030,__________,860123055504400"
"860123055700479,2025-12-08 23:58:23,000033,__________,860123055700479"
"866094052849946,2025-12-08 23:40:09,003000,__________,866094052849946"
"860123055502917,2025-12-08 20:45:31,003333,__________,860123055502917"
"860123055683246,2025-12-08 20:42:28,003333,__________,860123055683246"
"860123055503444,2025-12-08 20:42:30,003333,__________,860123055503444"
"860123055682941,2025-03-03 07:59:46,333333,__________,860123055682941"
"868681049091166,2025-08-04 07:28:47,323222,____________,SX-AK-T-ZCTX-000030"
"866094052861289,2025-12-08 23:36:54,020222,____________,JS-WX-T-ZC-000191"
"866094052830987,2025-12-08 23:55:36,020222,____________,JS-WX-T-ZC-000190"
"866094052849995,2025-12-08 23:53:25,020222,____________,JS-WX-T-ZC-000189"
"866094052824600,2025-12-08 23:59:46,020222,____________,JS-WX-T-ZC-000188"
"866094052830888,2025-12-08 23:57:57,020222,____________,JS-WX-T-ZC-000187"
"866094052861222,2025-12-08 23:51:08,020222,____________,JS-WX-T-ZC-000186"
"866094052863954,2025-12-09 00:01:14,020222,____________,JS-WX-T-ZC-000185"
"866094052830904,2025-12-09 00:00:41,020222,____________,JS-WX-T-ZC-000184"
"866094052851207,2025-12-08 23:49:07,020222,____________,JS-WX-T-ZC-000183"
"866094052831027,2025-12-08 23:48:32,020222,____________,JS-WX-T-ZC-000182"
"866094052849847,2024-03-22 18:53:05,323222,____________,JS-WX-T-ZC-000181"
"866094052851231,2025-12-08 23:59:44,020222,____________,JS-WX-T-ZC-000180"
"866094052820863,2025-12-08 23:54:52,000022,____________,866094052820863"
"866094052862238,2025-08-07 12:12:17,332333,____________,GX-WZ-T-ZCTX-000256"
"866094052851496,2025-12-08 23:47:28,020222,____________,JS-WX-T-ZC-000179"
"866094052862295,2025-12-08 23:46:54,020222,____________,JS-WX-T-ZC-000178"
"860374056959370,2024-08-03 04:26:25,333333,____________,860374056959370"
"866094052850282,2025-12-08 23:47:06,323222,____________,JS-WX-T-ZC-000177"
"866094052827124,2025-12-08 23:32:30,002000,____________,GX-WZ-T-ZCTX-000255"
"866094052850217,2025-12-08 23:53:11,020222,____________,""JS-WX-T-ZC-000176"
"866094052850571,2025-12-08 23:57:15,020222,____________,""JS-WX-T-ZC-000175"
"866094052864085,2025-12-08 23:48:46,020222,____________,""JS-WX-T-ZC-000174"
"866094052851389,2025-12-08 23:49:58,020222,____________,""JS-WX-T-ZC-000173"
"866094052861305,2025-12-08 23:49:26,020222,____________,""JS-WX-T-ZC-000172"
"866094052851322,2024-10-02 15:53:28,323222,____________,""JS-WX-T-ZC-000171"
"866094052850779,2025-12-08 23:48:00,020222,____________,""JS-WX-T-ZC-000170"
"866094052849979,2025-10-28 14:47:38,323222,____________,AH-WH-T-ZC-000001"
"866094052862303,2025-12-08 23:32:24,000000,____________,GX-WZ-T-ZCTX-000254"
"860374057002162,2025-12-08 17:00:18,000022,____________,SX-BJ-T-ZCTX-000174"
"866094052851637,2025-08-07 12:02:38,333332,____________,GX-WZ-T-ZCTX-000253"
"866094052820806,2025-08-07 12:40:36,332332,____________,GX-WZ-T-ZCTX-000252"
"866094052801665,2025-08-07 12:16:42,333332,____________,GX-WZ-T-ZCTX-000251"
"866094052729411,2025-08-07 12:12:01,332333,____________,GX-WZ-T-ZCTX-000250"
"861410049561045,2025-12-08 12:02:34,022222,____________,SX-WN-T-ZCTX-000173"
"861410049561326,2025-12-08 12:41:10,022222,____________,SX-WN-T-ZCTX-000169"
"861410049561086,2025-12-08 12:41:29,022222,____________,SX-WN-T-ZCTX-000002"
"860374057019638,2023-12-25 18:00:37,332233,____________,SX-XA-T-ZCTX-000654"
"868681049141052,2025-12-08 23:57:34,000200,____________,SX-XA-T-ZCTX-000653"
"868681049134818,2025-12-08 23:54:23,323222,____________,GX-BH-T-ZCTX-000129"
"868681049131988,2025-12-08 12:04:08,000000,____________,SX-XA-T-ZCTX-000652"
"868681049090929,2025-12-08 23:45:38,323222,____________,868681049090929"
"868681049088956,2025-12-08 23:43:00,020222,____________,GX-BH-T-ZCTX-000130"
"868681049091067,2025-12-09 00:00:28,323222,____________,GX-BH-T-ZCTX-000128"
"866094052851645,2025-12-09 00:01:08,000222,____________,GX-WZ-T-ZCTX-000249"
"866094052810088,2025-12-08 23:40:52,003222,____________,GX-WZ-T-ZCTX-000248"
"866094052820764,2025-12-08 23:40:49,000000,____________,GX-WZ-T-ZCTX-000247"
"866094052820699,2025-12-08 23:32:29,000000,____________,GX-WZ-T-ZCTX-000246"
"868681049091182,2025-12-08 23:37:33,020222,____________,GX-BH-T-ZCTX-000127"
"868681049140328,2025-07-16 12:10:50,323222,____________,GX-BH-T-ZCTX-000126"
"866094052809403,2025-12-08 23:56:13,020222,____________,GX-BH-T-ZCTX-000125"
"868681049095993,2025-12-08 23:37:34,020222,____________,GX-BH-T-ZCTX-000124"
"868681049091968,2025-12-08 23:33:14,020222,____________,GX-BH-T-ZCTX-000123"
"866094052622889,2025-12-08 12:41:22,022222,____________,SX-WN-T-ZCTX-000172"
"866094052864390,2025-12-08 23:45:41,020222,____________,GX-WZ-T-ZCTX-000245"
"866094052828726,2025-12-08 23:53:30,020222,____________,GX-WZ-T-ZCTX-000244"
"866094052865033,2025-12-08 23:42:25,020222,____________,GX-WZ-T-ZCTX-000243"
"866094052861776,2025-12-08 23:42:06,020222,____________,GX-WZ-T-ZCTX-000242"
"866094052861818,2025-12-08 23:53:47,020222,____________,GX-WZ-T-ZCTX-000241"
"866094052861065,2025-12-08 23:41:33,020222,____________,GX-WZ-T-ZCTX-000240"
"861410049506057,2025-12-08 12:47:01,022222,____________,SX-WN-T-ZCTX-000171"
"861410049520215,2025-12-08 12:33:22,022222,____________,SX-WN-T-ZCTX-000170"
"860374057082156,2025-12-08 12:05:06,000220,____________,SX-WN-T-ZCTX-000168"
"860374057044529,2023-07-22 12:53:45,333332,____________,860374057044529"
"868681049090887,2025-08-19 11:21:00,323222,____________,GX-BH-T-ZCTX-000115"
"868681049091307,2025-08-19 11:18:16,323222,____________,GX-BH-T-ZCTX-000122"
"868681049093246,2025-08-19 11:49:22,323222,____________,GX-BH-T-ZCTX-000121"
"866094052447725,2025-08-19 12:02:07,323222,____________,GX-BH-T-ZCTX-000120"
"868681049167230,2025-12-08 23:46:49,020222,____________,868681049167230"
"868681049134057,2025-08-19 11:19:02,323222,____________,GX-BH-T-ZCTX-000118"
"866094052534241,2025-08-19 11:31:33,323222,____________,GX-BH-T-ZCTX-000117"
"866094051542682,2025-08-19 11:28:06,323222,____________,GX-BH-T-ZCTX-000116"
"866094052828247,2025-12-08 23:42:15,020222,____________,GX-WZ-T-ZCTX-000239"
"866094052864119,2025-12-08 23:33:14,020222,____________,GX-WZ-T-ZCTX-000238"
"866094052829864,2025-12-08 23:32:33,020222,____________,GX-WZ-T-ZCTX-000237"
"866094052820814,2025-12-08 23:49:46,020222,____________,GX-WZ-T-ZCTX-000236"
"866094052795388,2025-06-06 13:00:14,333333,____________,GX-NN-T-ZCTX-000288"
"860374056963711,2025-12-08 12:48:38,000000,____________,SX-YA-T-ZCTX-000190"
"866094052864408,2025-12-08 23:43:33,020222,____________,GX-WZ-T-ZCTX-000235"
"860374057050328,2025-09-19 19:01:57,332333,____________,SX-XA-T-ZCTX-000650"
"866094058451143,2025-12-08 23:40:32,000000,____________,GX-NN-T-ZCTX-000065"
"866094052864325,2025-12-08 23:46:50,020222,____________,GX-NN-T-ZCTX-000818"
"866094052864531,2025-12-08 23:53:58,020222,____________,GX-NN-T-ZCTX-000816"
"866094052851850,2025-12-08 23:45:38,020222,____________,GX-NN-T-ZCTX-000815"
"866094052820939,2025-12-08 23:56:04,020222,____________,GX-NN-T-ZCTX-000814"
"866094052864283,2025-12-08 23:58:35,323222,____________,GX-NN-T-ZCTX-000813"
"866094052829807,2025-10-14 12:36:58,323222,____________,GX-NN-T-ZCTX-000812"
"866094052862212,2025-12-08 23:48:52,020222,____________,GX-NN-T-ZCTX-000811"
"866094052819972,2025-12-08 23:43:02,020222,____________,GX-NN-T-ZCTX-000810"
"866094052753858,2025-12-08 23:56:35,020222,____________,GX-NN-T-ZCTX-000809"
"866094052828619,2025-12-08 23:42:10,020222,____________,GX-NN-T-ZCTX-000808"
"866094052851686,2025-12-08 23:42:29,020222,____________,GX-NN-T-ZCTX-000807"
"866094052862279,2025-12-08 23:44:09,020222,____________,GX-NN-T-ZCTX-000806"
"866094052802820,2025-12-08 23:35:52,323222,____________,GX-NN-T-ZCTX-000805"
"866094052856958,2025-12-08 23:36:08,020222,____________,GX-NN-T-ZCTX-000804"
"860374056950544,2025-03-10 14:56:56,333333,____________,860374056950544"
"860374056929712,2023-07-22 14:46:16,333333,____________,860374056929712"
"868681049167016,2025-12-08 23:33:38,002332,____________,SX-AK-T-ZCTX-000029"
"861410049537276,2025-12-09 00:02:21,200222,____________,SX-BJ-T-ZCTX-000168"
"861410049544215,2025-12-08 23:38:47,200222,____________,SX-BJ-T-ZCTX-000167"
"861410049502742,2025-12-08 23:46:58,200222,____________,SX-BJ-T-ZCTX-000166"
"868681049091786,2025-12-08 23:40:27,000033,____________,SX-AK-T-ZCTX-000028"
"860374057087916,2025-02-06 13:56:34,333333,____________,SX-BJ-T-ZCTX-000165"
"860374057011270,2025-12-08 12:35:52,000000,____________,SX-YA-T-ZCTX-000189"
"860374056960287,2025-12-08 12:19:06,000000,____________,SX-YA-T-ZCTX-000187"
"860374056916651,2025-12-08 12:05:54,000000,____________,SX-YA-T-ZCTX-000186"
"866094052819998,2025-08-26 12:44:49,323222,____________,866094052819998"
"860374057021055,2023-10-24 00:51:14,332223,____________,860374057021055"
"866094052832561,2022-11-19 08:34:15,332223,____________,GX-NN-T-ZCTX-000320"
"866094058454543,2022-11-19 08:33:45,332223,____________,GX-NN-T-ZCTX-000320"
"866094058455144,2025-03-01 18:10:26,332223,____________,866094058455144"
"866094052820608,2025-12-08 23:51:47,002220,____________,GX-NN-T-ZCTX-000800"
"866094052823545,2025-12-08 23:57:28,022222,____________,SX-WN-T-ZCTX-000167 "
"866094058466349,2025-12-09 00:02:35,002220,____________,AH-LA-T-ZCTX-000043"
"860374056952672,2023-08-17 03:22:09,333333,____________,860374056952672"
"860374057097907,2024-12-05 14:05:54,333332,____________,860374057097907"
"866094052800717,2025-12-08 23:02:26,020222,____________,GX-LZ-T-ZCTX-000436"
"866094058417391,2025-12-09 00:02:05,020222,____________,GX-LZ-T-ZCTX-000435"
"866094052852155,2025-12-09 00:02:05,020222,____________,GX-LZ-T-ZCTX-000434"
"867726030054839,2025-12-09 00:01:56,020222,____________,GX-LZ-T-ZCTX-000433"
"866094052831001,2025-12-08 23:40:14,020222,____________,GX-LZ-T-ZCTX-000432"
"866094052829658,2025-12-09 00:01:56,020222,____________,GX-LZ-T-ZCTX-000431"
"866094052850472,2025-12-08 23:32:25,020222,____________,GX-LZ-T-ZCTX-000430"
"866094052858244,2025-12-08 23:32:32,020222,____________,GX-LZ-T-ZCTX-000429"
"860374057082917,2022-09-19 03:00:25,332232,____________,GX-NN-T-ZCTX-000615"
"866094058449402,2025-12-08 23:34:08,000000,____________,GX-NN-T-ZCTX-000582"
"866094058450384,2025-12-08 23:33:53,000000,____________,GX-LZ-T-ZCTX-000428"
"866094052833239,2025-12-08 23:33:58,000000,____________,GX-LZ-T-ZCTX-000428"
"868681049090820,2025-12-09 00:02:16,003333,____________,SX-AK-T-ZCTX-000027"
"866094052819956,2025-12-08 23:50:41,020222,____________,GX-NN-T-ZCTX-000592"
"866094051430623,2025-12-09 00:02:13,020222,____________,GX-FCG-T-ZCTX-000231"
"866094052822646,2025-12-09 00:01:59,020222,____________,GX-FCG-T-ZCTX-000230"
"866094051355044,2025-12-08 12:24:54,323222,____________,GX-FCG-T-ZCTX-000229"
"866094052788011,2025-12-08 23:45:42,020222,____________,GX-FCG-T-ZCTX-000228"
"866094058459989,2025-12-08 23:52:43,000000,____________,GX-LZ-T-ZCTX-000427"
"866094052799455,2025-12-08 23:33:33,000000,____________,GX-LZ-T-ZCTX-000427"
"866094058449907,2023-07-14 11:32:03,333333,,GX-LZ-T-ZCTX-000426"
"866094052864580,2025-12-08 23:54:54,000000,____________,GX-LZ-T-ZCTX-000426"
"868681049135450,2025-09-20 08:53:46,333333,____________,SX-AK-T-ZCTX-000026"
"866094058450517,2022-12-08 02:52:28,333333,____________,866094058450517"
"866094058449899,2025-08-27 12:07:12,333223,____________,GX-FCG-T-ZCTX-000226"
"860374056935198,2025-02-21 10:42:24,333333,____________,SX-BJ-T-ZCTX-000161"
"866094058459963,2025-08-12 17:06:18,333333,____________,GX-FCG-T-ZCTX-000224"
"866094052729619,2025-12-08 23:41:17,020222,____________,GX-NN-T-ZCTX-000560"
"861410049507097,2025-12-08 23:44:43,202222,____________,SX-BJ-T-ZCTX-000160"
"866094052809296,2025-12-08 23:55:53,020222,____________,GX-LZ-T-ZCTX-000421"
"866094052828031,2025-12-08 23:41:53,020222,____________,GX-FCG-T-ZCTX-000223"
"866094052828536,2025-12-08 23:41:52,020222,____________,GX-FCG-T-ZCTX-000222"
"866094052801103,2025-12-08 23:54:54,020222,____________,GX-LZ-T-ZCTX-000425"
"866094052802069,2025-12-08 23:55:01,020222,____________,GX-LZ-T-ZCTX-000424"
"866094052802861,2025-12-08 23:41:15,020222,____________,GX-LZ-T-ZCTX-000423"
"866094052820590,2025-12-08 23:54:32,020222,____________,GX-LZ-T-ZCTX-000422"
"866094052828544,2025-12-08 23:56:53,020222,____________,GX-LZ-T-ZCTX-000420"
"866094052771033,2024-10-28 10:02:04,323222,____________,866094052771033"
"866094052829963,2025-12-08 23:34:00,020222,____________,866094052829963"
"866094052856966,2025-12-09 00:00:10,020222,____________,GX-NN-T-ZCTX-000054"
"866094052773187,2024-05-07 17:17:41,323222,____________,GX-FCG-T-ZCTX-000218"
"866094052855802,2025-12-08 23:39:02,020222,____________,GX-FCG-T-ZCTX-000216"
"866094052773443,2025-04-18 13:54:57,323222,____________,GX-FCG-T-ZCTX-000215"
"866094052828502,2025-12-08 23:43:05,022222,____________,GX-FCG-T-ZCTX-000214"
"866094052851835,2025-12-08 23:53:37,003333,____________,GX-LZ-T-ZCTX-000419"
"866094052864630,2025-12-08 23:42:32,000000,____________,GX-LZ-T-ZCTX-000418"
"866094052828791,2025-12-08 23:32:18,020222,____________,866094052828791"
"866094052851538,2025-12-08 23:43:29,020222,____________,866094052851538"
"866094052829815,2025-12-08 23:40:30,020222,____________,GX-FCG-T-ZCTX-000211"
"866094052851629,2025-12-08 12:30:44,322222,____________,866094052851629"
"866094052432313,2025-04-21 14:03:18,333333,____________,866094052432313"
"866094058455177,2024-05-08 00:46:20,333333,____________,866094058455177"
"866094052829922,2025-12-08 12:49:43,022222,____________,866094052829922"
"866094052829633,2025-12-09 00:01:44,022222,____________,866094052829633"
"866094058454618,2025-12-08 23:33:00,000000,____________,GX-LZ-T-ZCTX-000417"
"866094052802853,2025-12-08 23:35:07,000000,____________,GX-LZ-T-ZCTX-000417"
"866094052829971,2025-12-08 23:46:14,022222,____________,866094052829971"
"866094052857196,2025-12-08 23:43:35,020222,____________,GX-FCG-T-ZCTX-000206"
"866094052829567,2025-12-08 23:47:18,022222,____________,866094052829567"
"866094052771769,2025-12-08 23:55:10,022222,____________,866094052771769"
"860374056991233,2025-01-07 08:33:34,333332,____________,SX-BJ-T-ZCTX-000159"
"866094052447527,2023-07-25 15:22:23,332323,____________,AH-LA-T-ZCTX-000041"
"866094052851298,2024-11-14 14:57:53,323222,____________,SX-XA-T-ZCTX-000647"
"866094052830870,2025-12-08 23:50:20,020222,____________,SX-XA-T-ZCTX-000642"
"866094052829906,2025-12-09 00:01:31,022222,____________,GX-NN-T-ZCTX-001188"
"866094052829930,2025-12-08 23:56:41,022222,____________,866094052829930"
"866094052829948,2025-12-08 23:50:22,022222,____________,866094052829948"
"866094052829989,2025-12-08 23:42:51,323222,____________,866094052829989"
"866094052830896,2025-12-08 23:39:23,020222,____________,SX-XA-T-ZCTX-000645"
"866094052856081,2025-12-08 23:35:10,020222,____________,SX-XA-T-ZCTX-000640 "
"866094052844160,2025-12-09 00:01:11,020222,____________,SX-XA-T-ZCTX-000641"
"866094052821986,2025-12-08 23:52:57,022222,____________,GX-NN-T-ZCTX-000351"
"866094051528327,2025-03-07 04:04:39,323222,____________,GX-NN-T-ZCTX-000799"
"866094051459192,2025-12-08 23:44:37,020222,____________,GX-NN-T-ZCTX-000798"
"866094058455607,2025-12-08 12:48:27,000000,____________,GX-FCG-T-ZCTX-000199"
"866094058517497,2025-12-08 12:29:51,000020,____________,GX-FCG-T-ZCTX-000198"
"866094052829799,2025-02-22 05:40:17,323222,____________,GX-NN-T-ZCTX-000797"
"868681049134321,2025-06-09 11:01:24,323222,____________,GX-NN-T-ZCTX-000796"
"866094052851819,2025-02-20 04:50:24,323222,____________,GX-NN-T-ZCTX-000795"
"866094052864564,2025-12-08 23:47:26,020222,____________,GX-NN-T-ZCTX-000794"
"866094052862196,2025-03-22 07:39:29,323222,____________,GX-NN-T-ZCTX-000793"
"866094052763501,2025-02-20 04:43:55,323222,____________,GX-NN-T-ZCTX-000791"
"866094052820707,2025-03-23 12:51:34,323222,____________,GX-NN-T-ZCTX-000788"
"866094052801889,2025-12-08 23:53:44,003322,____________,GX-NN-T-ZCTX-000738"
"866094052862261,2025-12-08 23:54:19,000303,____________,GX-NN-T-ZCTX-000737"
"866094052862220,2025-12-08 23:53:56,002330,____________,GX-NN-T-ZCTX-000736"
"866094058455722,2025-12-08 12:29:54,000000,____________,GX-FCG-T-ZCTX-000197"
"866094052857261,2025-12-08 23:45:43,020222,____________,GX-NN-T-ZCTX-000787"
"866094052820566,2025-12-08 23:44:30,020222,____________,GX-NN-T-ZCTX-000786"
"866094051533988,2025-12-08 23:46:10,020222,____________,GX-NN-T-ZCTX-000785"
"866094051542807,2025-12-08 23:44:31,020222,____________,GX-NN-T-ZCTX-000784"
"866094058450848,2025-12-08 17:53:13,002200,____________,GX-NN-T-ZCTX-000460"
"866094051542989,2025-03-12 05:13:04,323222,____________,GX-NN-T-ZCTX-000783"
"866094051528319,2025-02-20 04:43:06,323222,____________,GX-NN-T-ZCTX-000782"
"866094052829856,2025-03-10 05:53:19,323222,____________,GX-NN-T-ZCTX-000781"
"866094052864382,2025-12-08 23:44:53,020222,____________,GX-NN-T-ZCTX-000780"
"866094058454683,2023-10-12 00:14:34,333333,____________,866094058454683"
"866094052802747,2025-12-08 12:09:26,323222,____________,GX-NN-T-ZCTX-000779"
"866094052780687,2025-12-08 23:44:32,020222,____________,GX-NN-T-ZCTX-000778"
"866094052797012,2025-12-08 23:44:49,020222,____________,GX-NN-T-ZCTX-000777"
"866094052864267,2025-12-08 23:51:05,020222,____________,GX-NN-T-ZCTX-000776"
"866094058383130,2025-12-08 23:54:09,020222,____________,GX-NN-T-ZCTX-000775"
"866094052864291,2025-12-08 23:54:39,020222,____________,GX-NN-T-ZCTX-000774"
"866094051542641,2025-06-09 11:09:42,323222,____________,GX-NN-T-ZCTX-000772"
"866094051542534,2025-06-26 17:21:01,323222,____________,GX-NN-T-ZCTX-000773"
"866094051541858,2025-02-14 03:05:06,323222,____________,GX-NN-T-ZCTX-000771"
"866094052831993,2025-12-08 12:01:50,000020,____________,GX-FCG-T-ZCTX-000196"
"866094058450582,2025-12-08 12:13:52,000000,____________,GX-FCG-T-ZCTX-000195"
"866094052431802,2023-11-16 03:38:50,332322,____________,AH-LA-T-ZCTX-000040"
"866094052851108,2025-12-08 23:40:53,020222,____________,SX-XY-T-ZCTX-000080"
"866094052850191,2025-12-08 12:05:31,323222,____________,SX-XY-T-ZCTX-000079"
"860374056977364,2025-12-08 23:32:51,000022,______(__)____,SX-SL-T-SSFX-000098"
"866094052830615,2025-12-08 23:34:59,020222,____________,GX-FCG-T-ZCTX-000167"
"866094058450525,2025-12-08 23:32:29,000000,____________,GX-FCG-T-ZCTX-000194"
"866094052861198,2023-07-26 18:32:10,323222,____________,AH-LA-T-ZCTX-000039"
"866094052862204,2025-11-11 13:44:29,333333,____________,866094052862204"
"866094052801079,2025-12-08 23:54:55,003333,____________,GX-NN-T-ZCTX-000739"
"866094052851678,2025-07-23 10:26:25,333333,____________,866094052851678"
"866094052820681,2025-12-08 23:37:47,003030,____________,GX-NN-T-ZCTX-000768"
"866094058455748,2025-12-08 23:36:03,000000,____________,GX-NN-T-ZCTX-000438"
"860374057092163,2023-07-17 10:50:00,332333,____________,860374057092163"
"866094052830946,2025-12-08 15:40:32,020222,____________,JS-WX-T-ZC-000169"
"866094052851264,2025-12-08 21:28:17,020222,____________,JS-WX-T-ZC-000168"
"866094052861321,2025-12-08 23:39:35,020222,____________,JS-WX-T-ZC-000167"
"866094052850373,2025-07-11 11:30:12,323222,____________,JS-WX-T-ZC-000166"
"866094052863707,2025-12-08 23:33:46,323222,____________,JS-WX-T-ZC-000165"
"866094052850167,2024-09-22 12:59:56,323222,____________,JS-WX-T-ZC-000164"
"866094052850381,2025-12-08 23:44:58,323222,____________,JS-WX-T-ZC-000163"
"866094052831043,2025-12-08 23:57:42,020222,____________,JS-WX-T-ZC-000162"
"866094052851116,2023-07-20 04:22:38,323222,____________,JS-WX-T-ZC-000161"
"866094052850597,2025-12-08 23:36:01,020222,____________,JS-WX-T-ZC-000160"
"866094052831191,2025-12-08 23:47:23,020222,____________,JS-WX-T-ZC-000159"
"866094052850001,2025-12-08 23:58:25,020222,____________,JS-WX-T-ZC-000158"
"866094052850548,2025-12-08 23:41:03,020222,____________,JS-WX-T-ZC-000157"
"866094052850589,2025-12-08 23:26:38,020222,____________,JS-WX-T-ZC-000156"
"866094052852148,2022-08-11 14:31:53,323222,____________,JS-WX-T-ZC-000155"
"866094052850175,2025-06-18 13:53:36,323222,____________,JS-WX-T-ZC-000154"
"866094058455714,2025-01-15 19:23:07,332233,____________,866094058455714"
"866094052820798,2025-12-08 23:38:40,002230,____________,GX-NN-T-ZCTX-000767"
"866094051542666,2025-07-30 12:15:51,323222,____________,GX-NN-T-ZCTX-000766"
"866094051541841,2025-10-21 12:24:02,323222,____________,GX-NN-T-ZCTX-000765"
"866094051520258,2025-12-08 23:36:31,020222,____________,GX-NN-T-ZCTX-000764"
"866094058477791,2025-12-08 23:38:22,020222,____________,GX-NN-T-ZCTX-000763"
"866094051542443,2025-12-08 23:37:47,020222,____________,GX-NN-T-ZCTX-000762"
"866094051542518,2025-05-05 23:09:57,323222,____________,GX-NN-T-ZCTX-000761"
"866094051534168,2025-12-08 23:36:09,020222,____________,GX-NN-T-ZCTX-000760"
"866094052820822,2025-12-08 23:36:31,020222,____________,GX-NN-T-ZCTX-000759"
"866094052828221,2025-12-08 23:37:11,020222,____________,GX-NN-T-ZCTX-000758"
"866094051528285,2025-12-09 00:01:11,020222,____________,GX-NN-T-ZCTX-000757"
"866094051520126,2025-12-09 00:01:18,020222,____________,GX-NN-T-ZCTX-000756"
"866094051542856,2025-12-09 00:00:37,020222,____________,GX-NN-T-ZCTX-000755"
"866094051534028,2025-12-08 23:59:42,020222,____________,GX-NN-T-ZCTX-000754"
"866094051528350,2025-12-09 00:01:30,020222,____________,GX-NN-T-ZCTX-000753"
"866094051534101,2025-12-09 00:00:28,020222,____________,GX-NN-T-ZCTX-000752"
"866094058449667,2025-08-13 08:12:41,333333,____________,GX-FCG-T-ZCTX-000193"
"866094058466331,2024-02-01 20:42:49,333333,____________,AH-LA-T-ZCTX-000038"
"860374056976507,2024-02-01 15:28:15,333333,____________,AH-LA-T-ZCTX-000037"
"866094052851744,2025-12-08 23:47:03,020222,____________,GX-NN-T-ZCTX-000751"
"866094052864622,2025-12-08 23:47:03,020222,____________,GX-NN-T-ZCTX-000750"
"866094052850266,2025-12-08 23:44:59,020222,____________,JS-WX-T-ZC-000153"
"866094052829625,2023-08-26 01:28:01,323222,____________,SX-YL-T-ZCTX-000036"
"866094052766744,2024-03-19 18:41:19,323222,____________,SX-YL-T-ZCTX-000035"
"866094052753973,2023-09-13 06:42:41,323222,____________,SX-YL-T-ZCTX-000034"
"866094052858582,2023-10-13 03:39:38,323222,____________,SX-YL-T-ZCTX-000033"
"866094052827017,2023-03-14 16:35:01,333333,____________,866094052827017"
"866094058455656,2025-08-12 14:38:31,333333,____________,GX-FCG-T-ZCTX-000189"
"866094052824089,2022-12-18 07:30:14,333333,____________,866094052824089"
"866094051408462,2025-12-08 23:44:41,020222,____________,GX-FCG-T-ZCTX-000187"
"868681049091240,2025-12-08 12:11:33,020222,____________,868681049091240"
"866094058395969,2025-12-08 23:57:55,020222,____________,GX-FCG-T-ZCTX-000181"
"860374057086728,2025-02-21 14:14:26,333333,____________,SX-BJ-T-ZCTX-000156"
"866094058471612,2025-12-08 23:53:38,020222,____________,GX-FCG-T-ZCTX-000186"
"866094058467842,2025-12-08 23:53:39,020222,____________,GX-FCG-T-ZCTX-000185"
"866094058465028,2025-12-08 23:53:43,020222,____________,GX-FCG-T-ZCTX-000184"
"866094058471521,2025-12-08 23:48:31,020222,____________,GX-FCG-T-ZCTX-000166"
"866094058464740,2025-12-08 23:51:47,020222,____________,866094058464740"
"866094058457546,2025-12-08 23:53:31,020222,____________,GX-FCG-T-ZCTX-000182"
"866094051542948,2025-12-08 23:53:50,020222,____________,GX-FCG-T-ZCTX-000180"
"866094058450400,2025-12-08 23:35:16,000000,____________,GX-FCG-T-ZCTX-000174"
"866094058456019,2025-12-08 23:50:42,000000,____________,GX-FCG-T-ZCTX-000179"
"866094058455946,2023-08-06 20:12:34,333333,____________,866094058455946"
"866094058450285,2022-11-22 00:41:12,333333,____________,866094058450285"
"866094058449618,2024-10-24 10:33:44,333333,____________,866094058449618"
"866094058517018,2022-12-12 11:01:52,333333,____________,866094068517018"
"866094058450491,2023-10-18 04:32:32,333333,____________,866094058450491"
"861410049557241,2025-12-08 23:58:16,200222,____________,SX-BJ-T-ZCTX-000100"
"866094052449416,2024-05-08 16:37:52,333333,____________,866094052449416"
"866094052861131,2024-10-28 09:08:11,323222,____________,JS-WX-T-ZC-000152"
"860374056969379,2025-02-18 15:03:37,333333,____________,860374056969379"
"866094058471513,2025-12-08 23:45:02,020222,____________,GX-FCG-T-ZCTX-000170"
"866094058467891,2025-01-08 10:20:02,323222,____________,GX-FCG-T-ZCTX-000169"
"866094052826084,2025-12-08 23:45:55,020222,____________,GX-FCG-T-ZCTX-000165"
"866094051459143,2025-12-08 23:46:26,020222,____________,GX-FCG-T-ZCTX-000164"
"866094052802119,2025-12-08 23:42:32,020222,____________,GX-FCG-T-ZCTX-000163"
"866094052821259,2025-10-28 12:47:05,323222,____________,GX-NN-T-ZCTX-000475"
"866094052852114,2025-12-08 23:45:18,020222,____________,JS-WX-T-ZC-000150"
"866094052863319,2025-12-08 23:42:45,020222,____________,JS-WX-T-ZC-000149"
"866094052861149,2025-12-08 23:42:54,020222,____________,JS-WX-T-ZC-000148"
"866094052824436,2021-10-18 12:53:10,323222,____________,JS-WX-T-ZC-000147"
"866094052863368,2025-12-08 23:49:39,323222,____________,JS-WX-T-ZC-000146"
"866094052861180,2025-12-08 23:51:03,020222,____________,JS-WX-T-ZC-000145"
"866094052850449,2025-12-09 00:00:09,020222,____________,JS-WX-T-ZC-000144"
"866094052861172,2025-12-08 23:39:20,020222,____________,JS-WX-T-ZC-000143"
"866094052850829,2025-12-08 23:49:31,020222,____________,JS-WX-T-ZC-000142"
"866094052850647,2025-12-08 23:58:57,020222,____________,JS-WX-T-ZC-000141"
"866094052861115,2025-12-08 23:56:20,020222,____________,JS-WX-T-ZC-000140"
"866094052851058,2025-12-08 23:40:17,020222,____________,JS-WX-T-ZC-000139"
"866094052850639,2025-12-08 23:50:22,020222,____________,JS-WX-T-ZC-000138"
"866094052831019,2025-12-08 23:46:24,020222,____________,JS-WX-T-ZC-000137"
"866094052852262,2025-12-08 23:58:56,020222,____________,JS-WX-T-ZC-000136"
"866094052851454,2025-12-05 20:58:25,323222,____________,JS-WX-T-ZC-000135"
"866094052850654,2025-12-08 23:50:07,020222,____________,JS-WX-T-ZC-000134"
"866094052861230,2025-12-08 23:46:37,020222,____________,JS-WX-T-ZC-000133"
"866094052851256,2025-12-08 23:34:25,020222,____________,JS-WX-T-ZC-000132"
"866094052850514,2025-12-08 23:57:10,020222,____________,JS-WX-T-ZC-000131"
"866094052850621,2025-12-08 23:59:41,020222,____________,JS-WX-T-ZC-000130"
"866094052850886,2025-12-08 14:18:14,020222,____________,JS-WX-T-ZC-000129"
"866094052861123,2025-12-08 23:58:06,020222,____________,JS-WX-T-ZC-000128"
"866094052861339,2025-12-08 20:34:45,020222,____________,JS-WX-T-ZC-000127"
"866094052830961,2025-12-08 23:57:41,020222,____________,JS-WX-T-ZC-000126"
"866094052852338,2024-02-19 21:51:23,323222,____________,JS-WX-T-ZC-000125"
"866094052850357,2025-12-08 23:49:06,020222,____________,JS-WX-T-ZC-000124"
"866094052852320,2025-11-28 10:25:09,323222,____________,JS-WX-T-ZC-000123"
"866094058469251,2025-02-28 12:11:53,332233,____________,SX-BJ-T-ZCTX-000125"
"866094052799547,2024-10-12 20:14:39,333333,____________,GX-NN-T-ZCTX-000734"
"866094052851751,2025-12-08 23:54:17,000333,____________,GX-NN-T-ZCTX-000733"
"866094052820723,2025-12-09 00:01:32,003303,____________,GX-NN-T-ZCTX-000731"
"866094052845068,2021-12-02 11:56:18,333333,__________,866094052845068"
"866094052831175,2021-12-02 11:56:18,333333,__________,866094052831175"
"866094052849896,2021-09-30 11:59:17,333333,__________,866094052849896"
"861410049519597,2025-12-08 23:36:46,200222,____________,SX-BJ-T-ZCTX-000066 "
"866094052820913,2025-12-08 23:38:08,003302,____________,GX-FCG-T-ZCTX-000162"
"866094058455672,2024-11-18 03:02:46,332333,____________,GX-FCG-T-ZCTX-000161"
"866094052819501,2025-12-08 23:38:08,002030,____________,GX-FCG-T-ZCTX-000160"
"861410049506073,2025-07-26 19:56:29,233222,____________,861410049506073"
"860374056988742,2025-12-08 23:51:08,000000,______(__)____,SX-XA-T-SSFX-000018"
"860374057096461,2024-05-24 14:26:59,333333,____________,860374057096461"
"866094052623119,2025-12-08 23:56:18,020222,__________,866094052623119"
"866094052851603,2025-12-08 23:17:58,020222,__________,866094052851603"
"866094052820962,2023-10-20 11:10:18,333222,____________,866094052820962"
"866094058417375,2021-12-02 17:05:58,323222,____________,GX-FCG-T-ZCTX-000159"
"866094058471836,2025-12-08 23:53:58,020222,____________,GX-FCG-T-ZCTX-000158"
"866094058471760,2025-12-08 23:59:19,020222,____________,GX-FCG-T-ZCTX-000157"
"860374056988809,2025-12-08 21:14:21,002000,______(__)____,SX-XA-T-SSFX-000115"
"860374056958703,2025-12-09 00:02:06,002000,______(__)____,SX-XA-T-SSFX-000016"
"860374056972761,2025-12-08 21:14:18,002000,______(__)____,SX-XA-T-SSFX-000116"
"868681049137829,2025-12-08 23:50:10,002220,______(__)____,SX-XA-T-SSFX-000114"
"866094052831878,2025-12-08 23:59:24,003333,____________,GX-FCG-T-ZCTX-000156"
"866094052823958,2023-10-11 23:24:20,333333,____________,GX-NN-T-ZCTX-000729"
"866094052864481,2025-06-06 13:00:14,333333,____________,GX-NN-T-ZCTX-000729"
"866094052766447,2023-10-11 21:52:33,333333,____________,GX-NN-T-ZCTX-000728"
"866094052851769,2025-06-07 13:00:14,333333,____________,GX-NN-T-ZCTX-000728"
"866094052828676,2025-12-08 23:55:57,020222,__________,866094052828676"
"866094052857022,2025-12-08 23:56:19,020222,__________,866094052857022"
"866094052828387,2025-12-08 23:56:41,020222,__________,866094052828387"
"866094052748072,2025-12-08 23:53:47,020222,__________,866094052748072"
"866094052859531,2025-12-08 23:53:47,020222,__________,866094052859531"
"866094052831142,2025-12-08 23:53:44,020222,__________,866094052831142"
"866094052857212,2025-12-08 23:07:05,000233,____________,GX-FCG-T-ZCTX-000155"
"866094052807753,2025-12-08 23:48:58,020222,__________,866094052807753"
"866094052857162,2025-12-08 23:49:17,020222,__________,866094052857162"
"866094052850613,2025-12-08 23:46:55,020222,____________,JS-WX-T-ZC-000122"
"866094052850878,2025-12-08 23:51:11,020222,____________,JS-WX-T-ZC-000121"
"866094052850423,2021-09-29 10:47:53,323222,____________,JS-WX-T-ZC-000120"
"866094052864010,2025-12-08 23:54:23,020222,____________,JS-WX-T-ZC-000119"
"866094052824287,2022-07-13 08:43:40,323222,____________,JS-WX-T-ZC-000118"
"866094052850431,2025-12-08 21:29:49,323222,____________,JS-WX-T-ZC-000117"
"866094052850811,2025-12-08 23:57:15,020222,____________,JS-WX-T-ZC-000116"
"866094052850662,2021-09-29 11:47:44,323222,____________,JS-WX-T-ZC-000115"
"866094052850605,2025-12-08 23:58:13,020222,____________,JS-WX-T-ZC-000114"
"866094052851488,2025-12-08 23:58:50,020222,____________,JS-WX-T-ZC-000113"
"866094052850225,2025-12-08 23:37:33,020222,____________,JS-WX-T-ZC-000112"
"866094052851371,2025-12-08 23:58:30,020222,____________,JS-WX-T-ZC-000111"
"866094052861156,2025-12-08 23:52:59,020222,____________,JS-WX-T-ZC-000110"
"866094052851041,2025-12-08 23:39:45,020222,____________,JS-WX-T-ZC-000109"
"866094052850340,2025-12-08 23:45:51,020222,____________,JS-WX-T-ZC-000108"
"866094052824410,2025-12-08 23:35:58,020222,____________,JS-WX-T-ZC-000107"
"866094052863335,2025-12-08 23:39:33,020222,____________,JS-WX-T-ZC-000106"
"866094052861164,2025-12-08 23:59:12,020222,____________,JS-WX-T-ZC-000105"
"866094052824493,2021-10-22 22:23:18,323222,____________,JS-WX-T-ZC-000104"
"866094052852122,2025-12-08 23:58:22,020222,____________,JS-WX-T-ZC-000103"
"866094052533755,2025-12-08 23:35:34,020222,__________,866094052533755"
"866094052525025,2025-12-08 23:36:23,020222,__________,866094052525025"
"866094052623028,2025-12-08 23:55:54,020222,__________,866094052623028"
"866094052524705,2025-12-09 00:00:07,020222,__________,866094052524705"
"866094052534555,2025-12-09 00:00:18,020222,__________,866094052534555"
"866094052623101,2025-12-09 00:00:32,020222,__________,866094052623101"
"866094052623002,2025-12-08 23:35:34,020222,__________,866094052623002"
"866094052823537,2025-12-08 23:45:04,002233,__________,866094052823537"
"866094052533748,2025-12-08 23:43:25,003322,__________,866094052533748"
"866094058471745,2025-12-08 23:42:01,020222,____________,GX-FCG-T-ZCTX-000154"
"866094058417383,2025-12-08 23:42:11,323222,____________,GX-FCG-T-ZCTX-000153"
"866094058417367,2025-12-08 23:41:32,020222,____________,GX-FCG-T-ZCTX-000152"
"866094058417581,2025-12-08 23:42:12,020222,____________,GX-FCG-T-ZCTX-000151"
"866094058467461,2025-12-08 23:41:47,020222,____________,GX-FCG-T-ZCTX-000150"
"866094052819808,2025-12-08 23:59:01,323222,____________,GX-NN-T-ZCTX-000727"
"866094058417466,2025-12-08 23:55:20,020222,____________,GX-NN-T-ZCTX-000726"
"866094058471802,2025-12-08 23:54:22,020222,____________,GX-NN-T-ZCTX-000725"
"866094058443108,2025-12-08 23:54:28,020222,____________,GX-NN-T-ZCTX-000724"
"866094058417599,2025-12-08 23:55:10,020222,____________,GX-NN-T-ZCTX-000723"
"866094058479458,2025-12-08 23:54:49,020222,____________,GX-NN-T-ZCTX-000722"
"866094051521603,2025-06-03 09:40:07,323222,____________,GX-NN-T-ZCTX-000721"
"866094058417607,2025-12-08 23:55:14,020222,____________,GX-NN-T-ZCTX-000720"
"866094058471414,2025-12-08 23:32:31,020222,____________,GX-NN-T-ZCTX-000719"
"866094058417508,2025-12-08 23:34:45,020222,____________,GX-NN-T-ZCTX-000718"
"866094058421500,2024-04-01 08:50:02,323222,____________,866094058421500"
"866094058395563,2025-12-08 23:53:59,020222,____________,GX-NN-T-ZCTX-000716"
"866094052820921,2025-12-08 23:56:53,020222,____________,GX-NN-T-ZCTX-000715"
"866094052851520,2025-12-09 00:01:02,020222,____________,GX-NN-T-ZCTX-000714"
"866094052822000,2025-12-09 00:00:10,020222,____________,GX-NN-T-ZCTX-000713"
"866094052826381,2025-12-08 23:54:47,020222,____________,GX-NN-T-ZCTX-000712"
"866094052851959,2025-12-08 23:55:36,020222,____________,GX-NN-T-ZCTX-000711"
"866094052801558,2025-12-08 23:43:12,020222,____________,GX-NN-T-ZCTX-000710"
"866094052802556,2025-12-08 23:54:53,020222,____________,GX-NN-T-ZCTX-000709"
"866094052821069,2025-02-20 13:50:06,323222,____________,GX-NN-T-ZCTX-000708"
"866094052851900,2025-03-06 15:12:12,323222,____________,GX-NN-T-ZCTX-000707"
"861410049557126,2025-12-08 23:34:40,202222,____________,SX-BJ-T-ZCTX-000152"
"866094052851363,2025-12-08 23:59:25,020222,____________,JS-WX-T-ZC-000102"
"866094052850910,2025-12-08 23:16:02,323222,____________,JS-WX-T-ZC-000101"
"866094058465069,2025-12-08 23:41:42,020222,____________,GX-FCG-T-ZCTX-000149"
"866094058465481,2025-12-08 23:42:52,020222,____________,GX-FCG-T-ZCTX-000148"
"866094058467479,2025-12-08 23:42:09,020222,____________,GX-FCG-T-ZCTX-000147"
"866094058467511,2025-12-08 23:41:44,020222,____________,GX-FCG-T-ZCTX-000146"
"866094058471588,2025-12-08 23:39:46,020222,____________,GX-FCG-T-ZCTX-000145"
"866094058471570,2025-12-08 21:46:34,020222,____________,GX-FCG-T-ZCTX-000144"
"866094058465051,2025-12-08 12:01:49,020222,____________,GX-FCG-T-ZCTX-000143"
"866094058465143,2025-12-08 12:49:08,020222,____________,GX-FCG-T-ZCTX-000142"
"866094052850738,2025-12-08 23:47:18,020222,____________,JS-WX-T-ZC-000100"
"866094058343902,2025-12-08 23:33:43,000000,____________,SX-AK-T-ZCTX-000025"
"866094052506314,2025-12-09 00:02:05,000000,____________,SX-AK-T-ZCTX-000025"
"866094052849870,2025-12-08 23:47:24,020222,____________,JS-WX-T-ZC-000099"
"866094052850407,2022-09-20 14:12:09,323222,____________,JS-WX-T-ZC-000098"
"866094052863327,2025-12-08 23:50:27,020222,____________,JS-WX-T-ZC-000097"
"866094052851025,2025-12-08 23:50:00,020222,____________,JS-WX-T-ZC-000096"
"866094052861008,2025-12-08 23:52:23,020222,____________,JS-WX-T-ZC-000095"
"866094052850985,2023-04-13 17:45:47,323222,____________,JS-WX-T-ZC-000094"
"866094052852270,2023-09-15 02:14:45,323222,____________,JS-WX-T-ZC-000093"
"866094052851249,2025-12-08 23:45:24,020222,____________,JS-WX-T-ZC-000092"
"866094052850860,2025-12-08 22:55:43,020222,____________,JS-WX-T-ZC-000091"
"866094052850183,2023-05-31 07:16:53,323222,____________,JS-WX-T-ZC-000090"
"866094052850712,2023-06-25 14:01:56,323222,____________,JS-WX-T-ZC-000089"
"866094052860992,2022-09-20 14:10:59,323222,____________,JS-WX-T-ZC-000088"
"866094052850506,2025-12-08 23:52:15,020222,____________,JS-WX-T-ZC-000087"
"866094052850209,2025-12-08 23:47:58,020222,____________,JS-WX-T-ZC-000086"
"866094052850837,2025-12-08 23:43:48,020222,____________,JS-WX-T-ZC-000085"
"866094052824485,2022-12-15 14:05:25,323222,____________,JS-WX-T-ZC-000084"
"866094052852304,2025-12-08 23:49:55,020222,____________,JS-WX-T-ZC-000083"
"866094052851215,2024-08-23 14:06:19,323222,____________,JS-WX-T-ZC-000082"
"866094052851421,2023-04-27 14:04:48,323222,____________,JS-WX-T-ZC-000081"
"866094052851173,2022-09-20 10:39:56,323222,____________,JS-WX-T-ZC-000080"
"866094052863699,2025-12-08 23:52:43,020222,____________,JS-WX-T-ZC-000079"
"866094052830938,2022-12-15 14:13:43,323222,____________,JS-WX-T-ZC-000078"
"866094052850134,2025-12-08 20:15:31,020222,____________,JS-WX-T-ZC-000077"
"866094051539787,2025-12-09 00:00:13,020222,____________,GX-NN-T-ZCTX-000706"
"866094051528301,2025-12-08 23:49:33,020222,____________,GX-NN-T-ZCTX-000705"
"866094051542633,2025-12-08 23:46:48,020222,____________,GX-NN-T-ZCTX-000704"
"866094051541932,2025-12-08 23:34:06,020222,____________,GX-NN-T-ZCTX-000703"
"866094052808215,2025-12-08 23:44:21,000032,__________,866094052808215"
"866094052832280,2024-07-12 14:32:26,333333,____________,GX-FCG-T-ZCTX-000141"
"866094052829823,2025-07-13 13:00:05,333333,____________,GX-FCG-T-ZCTX-000141"
"866094052820731,2025-11-20 16:23:11,332333,____________,GX-FCG-T-ZCTX-000140"
"866094052862246,2025-12-08 23:51:28,003222,____________,GX-NN-T-ZCTX-000702"
"866094052449390,2024-03-12 16:19:58,333222,____________,866094052449390"
"866094058417540,2025-12-08 12:06:53,020222,____________,GX-FCG-T-ZCTX-000139"
"866094058467537,2025-12-08 23:57:48,020222,____________,GX-FCG-T-ZCTX-000138"
"866094058467297,2025-12-08 23:40:59,020222,____________,GX-FCG-T-ZCTX-000137"
"866094058417565,2025-12-08 23:45:00,020222,____________,GX-FCG-T-ZCTX-000136"
"866094058471786,2025-12-08 23:32:40,020222,____________,GX-FCG-T-ZCTX-000135"
"866094058443090,2025-12-08 23:32:20,020222,____________,GX-FCG-T-ZCTX-000134"
"866094058479532,2025-12-08 23:32:31,020222,____________,GX-FCG-T-ZCTX-000133"
"866094052851561,2025-12-08 23:54:32,003333,____________,GX-NN-T-ZCTX-000899"
"866094058449592,2023-10-27 22:35:47,333333,,GX-FCG-T-ZCTX-000130"
"866094052851553,2025-12-08 23:32:37,000000,____________,GX-FCG-T-ZCTX-000130"
"866094058455615,2024-06-26 15:12:52,332333,____________,GX-NN-T-ZCTX-000700"
"866094052820715,2025-06-27 13:00:05,332333,____________,GX-NN-T-ZCTX-000700"
"866094052861750,2025-12-09 00:02:13,002000,____________,GX-NN-T-ZCTX-000699"
"866094052766603,2025-12-08 23:44:46,002330,____________,GX-NN-T-ZCTX-000698"
"866094052851512,2025-12-08 23:32:30,002333,____________,GX-NN-T-ZCTX-000697"
"866094058454501,2024-04-20 19:31:29,332333,____________,866094058454501"
"866094052821051,2025-03-30 05:14:05,332333,____________,GX-NN-T-ZCTX-000696"
"866094058455128,2025-12-08 23:35:57,002000,____________,GX-NN-T-ZCTX-000684"
"866094052864366,2025-12-08 23:48:17,020222,____________,GX-NN-T-ZCTX-000695"
"866094052799489,2025-12-08 23:52:56,020222,____________,GX-NN-T-ZCTX-000693"
"866094052851710,2025-05-28 15:25:12,323222,____________,GX-NN-T-ZCTX-000692"
"866094052851918,2025-05-28 15:46:52,323222,____________,GX-NN-T-ZCTX-000691"
"866094052766678,2025-12-08 23:42:22,020222,____________,GX-NN-T-ZCTX-000690"
"866094052864556,2025-12-09 00:02:06,020222,____________,GX-NN-T-ZCTX-000689"
"866094052799729,2025-12-09 00:02:05,020222,____________,GX-NN-T-ZCTX-000688"
"866094052864549,2025-12-08 23:35:48,020222,____________,GX-NN-T-ZCTX-000687"
"866094052766611,2025-12-08 23:48:42,020222,____________,GX-NN-T-ZCTX-000686"
"866094052851926,2025-12-08 23:49:53,020222,____________,GX-NN-T-ZCTX-000685"
"860374056942327,2025-12-09 00:02:15,000000,____________,AH-LA-T-ZCTX-000036"
"860374057063743,2024-11-17 22:39:47,333333,____________,AH-LA-T-ZCTX-000035"
"866094058471893,2023-10-30 09:04:03,332233,____________,AH-LA-T-ZCTX-000034"
"866094058449568,2025-12-08 23:32:45,002220,____________,GX-FCG-T-ZCTX-000129"
"866094052851868,2025-12-08 23:32:28,002220,____________,GX-FCG-T-ZCTX-000129"
"866094051459291,2025-12-08 23:59:33,002000,____________,GX-NN-T-ZCTX-000684"
"866094052534340,2025-12-08 23:52:50,000333,____________,SX-AK-T-ZCTX-000024"
"866094052431869,2025-12-08 23:33:06,000000,____________,SX-BJ-T-ZCTX-000084"
"866094051540850,2025-12-08 23:59:44,003302,____________,GX-NN-T-ZCTX-000683"
"868681049080656,2025-12-08 23:34:28,000000,____________,SX-XA-T-ZCTX-000639"
"866094052793896,2023-10-12 11:23:24,332223,____________,866094052793896"
"866094052851785,2025-12-08 23:37:49,003333,____________,866094052851785"
"866094058454527,2025-12-08 23:51:21,002020,____________,GX-LZ-T-ZCTX-000416"
"866094051542021,2025-12-09 00:01:50,002020,____________,GX-LZ-T-ZCTX-000416"
"866094058455557,2025-12-08 12:25:26,000000,____________,GX-LZ-T-ZCTX-000415"
"866094051541809,2025-12-08 12:44:22,332333,____________,GX-LZ-T-ZCTX-000415"
"860374056976861,2024-02-02 10:46:25,333323,____________,AH-LA-T-ZCTX-000033"
"860374057089482,2025-12-08 23:43:52,300000,____________,SX-XY-T-ZCTX-000078"
"866094052831902,2025-12-08 23:33:25,002200,____________,GX-LZ-T-ZCTX-000414"
"860374057017038,2025-12-08 12:29:36,000000,____________,SX-XY-T-ZCTX-000077"
"866094052447097,2025-12-07 17:57:32,000000,____________,SX-XY-T-ZCTX-000076"
"866094058471877,2025-12-08 12:15:45,000000,____________,SX-XY-T-ZCTX-000075"
"866094052823511,2025-12-08 23:38:49,000000,__________,866094052823511"
"866094052851165,2025-12-08 23:33:29,020222,____________,JS-WX-T-ZC-000076"
"866094052863301,2025-12-08 23:49:20,020222,____________,JS-WX-T-ZC-000075"
"866094052850043,2025-12-08 23:58:18,323222,____________,JS-WX-T-ZC-000074"
"866094052850308,2025-12-09 00:02:11,020222,____________,JS-WX-T-ZC-000073"
"860374057063784,2025-12-08 12:31:33,000000,____________,SX-XY-T-ZCTX-000074"
"866094058450756,2025-12-08 12:14:32,002202,____________,GX-LZ-T-ZCTX-000412"
"866094051540926,2025-12-08 12:45:51,002202,____________,GX-LZ-T-ZCTX-000412"
"866094052850795,2025-12-08 23:41:19,020222,____________,JS-WX-T-ZC-000072"
"866094052850746,2025-12-08 23:35:59,020222,____________,JS-WX-T-ZC-000071"
"866094052851074,2025-12-08 23:59:34,020222,____________,JS-WX-T-ZC-000070"
"866094052851355,2025-12-08 23:57:05,020222,____________,JS-WX-T-ZC-000069"
"866094052824428,2025-12-08 23:58:52,020222,____________,JS-WX-T-ZC-000068"
"866094052850118,2025-12-09 00:02:45,020222,____________,JS-WX-T-ZC-000067"
"866094052861206,2025-12-08 23:34:36,020222,____________,JS-WX-T-ZC-000066"
"860374056979303,2025-12-08 12:18:24,002200,____________,SX-XA-T-ZCTX-000636"
"860374056962234,2025-12-08 12:04:15,002000,____________,SX-XA-T-ZCTX-000635"
"866094052850092,2025-12-08 23:36:58,020222,____________,JS-WX-T-ZC-000065"
"866094052863384,2025-12-08 23:41:51,020222,____________,JS-WX-T-ZC-000064"
"866094052850696,2025-12-08 23:42:47,020222,____________,JS-WX-T-ZC-000063"
"866094052851330,2025-12-08 23:52:30,020222,____________,JS-WX-T-ZC-000062"
"866094058454758,2025-12-08 12:15:19,002020,____________,GX-LZ-T-ZCTX-000411"
"866094051540876,2025-12-08 12:27:23,002020,____________,GX-LZ-T-ZCTX-000411"
"860374057063891,2023-12-24 17:08:30,333333,____________,SX-XA-T-ZCTX-000634"
"866094052851090,2025-12-08 23:52:17,020222,____________,JS-WX-T-ZC-000061"
"866094052850050,2025-12-08 23:56:54,020222,____________,JS-WX-T-ZC-000060"
"866094052831068,2025-12-08 23:42:56,020222,____________,JS-WX-T-ZC-000059"
"866094052850787,2025-12-08 23:48:51,020222,____________,JS-WX-T-ZC-000058"
"866094052824451,2025-12-08 23:41:22,020222,____________,JS-WX-T-ZC-000057"
"860374056970708,2025-09-25 12:32:51,332322,____________,860374056970708"
"860374057075135,2025-12-08 12:09:11,000000,____________,SX-XY-T-ZCTX-000072"
"860374057097618,2025-12-08 23:49:57,002202,____________,SX-XY-T-ZCTX-000071"
"866094052851348,2025-12-08 23:58:03,020222,____________,JS-WX-T-ZC-000056"
"866094052861313,2025-12-08 23:45:28,020222,____________,JS-WX-T-ZC-000055"
"866094052845761,2025-12-08 23:43:52,020222,____________,JS-WX-T-ZC-000054"
"866094052851223,2025-12-08 23:55:26,020222,____________,JS-WX-T-ZC-000053"
"866094052850803,2025-12-08 23:57:38,020222,____________,JS-WX-T-ZC-000052"
"866094052850902,2025-12-08 23:53:51,020222,____________,JS-WX-T-ZC-000051"
"866094052849888,2025-12-08 23:36:00,020222,____________,JS-WX-T-ZC-000050"
"866094051534143,2025-12-08 12:35:22,002322,____________,GX-LZ-T-ZCTX-000410"
"866094058454659,2025-12-08 12:49:51,002200,____________,GX-LZ-T-ZCTX-000409"
"866094051540728,2025-12-08 12:25:54,002200,____________,GX-LZ-T-ZCTX-000409"
"866094052432297,2025-01-05 08:19:46,333333,____________,SX-YL-T-ZCTX-000032"
"866094052623887,2025-12-08 23:41:28,003332,__________,866094052623887"
"866094052844145,2025-12-08 23:53:51,020222,__________,866094052844145"
"866094058466307,2024-12-08 09:56:39,333333,____________,SX-YL-T-ZCTX-000031"
"860374056970534,2024-12-07 09:22:26,333333,____________,SX-YL-T-ZCTX-000030"
"866094052766702,2025-12-08 23:56:09,020222,____________,JS-WX-T-ZC-000049"
"860374056969015,2025-07-02 23:14:20,332333,____________,AH-LA-T-ZCTX-000032"
"866094051540793,2025-05-10 15:02:40,332232,____________,GX-NN-T-ZCTX-000679"
"866094058455623,2025-12-08 23:53:56,000000,____________,GX-NN-T-ZCTX-000681"
"866094051540710,2025-12-08 23:50:50,000000,____________,GX-NN-T-ZCTX-000681"
"866094051528368,2025-12-08 23:19:26,003000,____________,GX-NN-T-ZCTX-000680"
"866094052829591,2025-12-08 23:59:59,020222,____________,JS-WX-T-ZC-000048"
"866094052845035,2025-12-08 23:59:48,020222,____________,JS-WX-T-ZC-000047"
"866094052766769,2025-12-08 23:46:52,323222,____________,JS-WX-T-ZC-000046"
"866094052856990,2025-12-08 23:46:34,020222,____________,JS-WX-T-ZC-000045"
"866094052850977,2025-12-08 23:56:04,020222,____________,JS-WX-T-ZC-000044"
"866094052850159,2025-12-08 23:33:26,020222,____________,JS-WX-T-ZC-000043"
"866094052828742,2025-12-08 23:46:01,022222,____________,SX-WN-T-ZCTX-000165"
"866094052850969,2025-12-08 23:35:51,020222,____________,AH-LA-T-ZCTX-000031"
"861410049557563,2024-04-11 14:17:49,233222,____________,DGMXTJ-TEST"
"866094052850720,2025-12-09 00:00:07,020222,____________,JS-WX-T-ZC-000042"
"866094052850563,2025-12-08 23:39:36,020222,____________,JS-WX-T-ZC-000041"
"866094052863350,2025-12-08 23:35:33,020222,____________,JS-WX-T-ZC-000040"
"866094052824402,2025-12-08 23:39:10,020222,____________,JS-WX-T-ZC-000039"
"866094052851009,2025-11-25 16:46:04,323222,____________,JS-WX-T-ZC-000038"
"866094052864002,2025-12-08 23:46:20,020222,____________,JS-WX-T-ZC-000037"
"866094052850035,2024-07-28 08:49:31,323222,____________,JS-WX-T-ZC-000036"
"866094052844087,2025-12-08 23:57:03,020222,____________,JS-WX-T-ZC-000035"
"866094052850076,2025-12-08 23:42:21,020222,____________,JS-WX-T-ZC-000034"
"866094052863996,2025-12-08 23:52:05,020222,____________,JS-WX-T-ZC-000033"
"866094052824394,2025-12-08 23:50:58,020222,____________,JS-WX-T-ZC-000032"
"866094052856123,2025-12-08 23:59:31,020222,____________,JS-WX-T-ZC-000031"
"866094052850126,2025-12-09 00:00:38,020222,____________,JS-WX-T-ZC-000030"
"866094052830920,2025-12-08 23:50:39,020222,____________,JS-WX-T-ZC-000029"
"866094052862287,2025-12-08 23:38:59,020222,____________,JS-WX-T-ZC-000028"
"866094052850951,2025-12-08 23:34:51,020222,____________,JS-WX-T-ZC-000027"
"866094052856818,2024-01-10 13:05:17,323222,____________,JS-WX-T-ZC-000026"
"866094052851314,2025-12-08 23:43:54,020222,____________,JS-WX-T-ZC-000025"
"866094052851124,2025-12-08 23:59:06,020222,____________,JS-WX-T-ZC-000024"
"866094052851140,2025-12-08 23:51:39,020222,____________,JS-WX-T-ZC-000023"
"866094052851181,2025-12-08 23:37:58,020222,____________,JS-WX-T-ZC-000022"
"866094052851199,2025-12-08 23:50:53,020222,____________,JS-WX-T-ZC-000021"
"866094052851132,2025-12-08 23:55:22,020222,____________,JS-WX-T-ZC-000020"
"866094052861032,2025-12-09 00:01:04,020222,____________,JS-WX-T-ZC-000019"
"866094052849839,2025-12-09 00:02:18,020222,____________,JS-WX-T-ZC-000018"
"866094052861255,2025-12-08 23:46:39,020222,____________,JS-WX-T-ZC-000017"
"866094052850944,2025-12-08 23:58:31,020222,____________,JS-WX-T-ZC-000016"
"866094052432123,2025-12-08 12:48:38,000002,____________,SX-XA-T-ZCTX-000578"
"860374056949769,2024-12-19 10:22:06,333333,____________,860374056949769"
"860374057021410,2024-12-10 21:32:16,333333,____________,860374057021410"
"866094052828783,2025-12-08 23:33:22,020222,____________,JS-WX-T-ZC-000015"
"866094052857964,2025-12-08 23:37:48,323222,____________,JS-WX-T-ZC-000014"
"861410049502320,2025-12-08 23:33:20,200222,______(__)____,SX-SL-T-SSFX-000097"
"861410049523060,2025-12-08 12:46:09,200222,______(__)____,SX-SL-T-SSFX-000096"
"861410049507527,2025-12-08 12:38:30,200222,______(__)____,SX-SL-T-SSFX-000092"
"866094052432198,2025-12-09 00:02:29,000000,______(__)____,SX-SL-T-SSFX-000095"
"866094052831159,2025-12-08 23:43:05,020222,____________,JS-WX-T-ZC-000013"
"866094052861347,2024-09-20 14:31:55,323222,____________,JS-WX-T-ZC-000012"
"866094052766751,2025-12-08 23:48:13,020222,____________,JS-WX-T-ZC-000011"
"866094052857360,2025-12-08 23:56:15,020222,____________,JS-WX-T-ZC-000010"
"866094052850480,2025-12-08 23:58:54,020222,____________,JS-WX-T-ZC-000009"
"866094052830995,2025-12-08 23:36:42,020222,____________,JS-WX-T-ZC-000008"
"866094052856826,2025-12-08 23:33:19,020222,____________,JS-WX-T-ZC-000007"
"866094052858210,2025-12-08 23:36:47,020222,____________,JS-WX-T-ZC-000006"
"866094052844111,2025-12-08 23:52:40,020222,____________,JS-WX-T-ZC-000005"
"866094052766777,2025-12-09 00:02:12,020222,____________,JS-WX-T-ZC-000004"
"866094052845043,2023-08-14 19:09:30,323222,____________,JS-WX-T-ZC-000003"
"866094052823529,2025-12-09 00:02:39,020222,____________,JS-WX-T-ZC-000002"
"860374057021162,2025-12-09 00:02:09,000000,______(__)____,SX-SL-T-SSFX-000094"
"860374057092569,2023-12-07 13:19:42,332223,____________,860374057092569"
"866094052432339,2025-12-08 23:46:28,000000,____________,AH-LA-T-ZCTX-000030"
"866094052858368,2024-08-04 15:47:58,333333,__________,866094052858368"
"866094052856073,2025-12-08 23:39:09,003300,__________,866094052856073"
"866094052829880,2025-12-08 23:35:46,003333,__________,866094052829880"
"866094052849938,2025-12-09 00:00:08,000002,__________,866094052849938"
"861410049558504,2025-12-09 00:02:29,200222,____________,SX-XY-T-ZCTX-000070"
"860374056977786,2024-05-16 11:38:32,333333,____________,860374056977786"
"860374056999988,2025-12-08 23:50:49,002020,____________,SX-XA-T-ZCTX-000633"
"866094051540660,2025-12-08 23:53:56,002332,____________,GX-FCG-T-ZCTX-000128"
"860374057087890,2025-12-08 23:33:01,000022,____________,SX-WN-T-ZCTX-000164"
"860374056991175,2024-07-06 23:38:32,333323,____________,AH-LA-T-ZCTX-000029"
"866094058471885,2025-07-16 12:25:07,332233,____________,SX-XA-T-ZCTX-000137"
"866094052849714,2025-12-08 23:58:09,020222,______(__)____,SX-XA-T-SSFX-000113"
"866094052858285,2025-07-23 00:16:51,323222,______(__)____,SX-XA-T-SSFX-000112"
"866094052849722,2025-12-08 23:52:26,020222,______(__)____,SX-XA-T-SSFX-000107"
"866094052851595,2024-07-03 10:16:26,323222,______(__)____,866094052851595"
"866094052766694,2023-11-16 17:53:01,323222,______(__)____,866094052766694"
"866094052846447,2024-11-21 15:26:46,323222,______(__)____,SX-XA-T-SSFX-000110"
"866094052856149,2024-09-02 02:18:59,323222,______(__)____,866094052856149"
"866094052799620,2024-07-13 22:24:48,323222,______(__)____,866094052799620"
"866094052432149,2025-12-08 12:45:13,000022,______(__)____,SX-SL-T-SSFX-000093"
"860374057097873,2024-10-30 05:32:07,333322,____________,860374057097873"
"866094052851462,2025-12-08 23:37:53,000030,__________,866094052851462"
"866094052828767,2025-12-08 23:51:53,003302,__________,866094052828767"
"866094052845050,2024-07-19 09:06:15,333333,__________,866094052845050"
"866094052828593,2025-12-08 15:00:11,003333,__________,866094052828593"
"866094052828361,2025-12-08 23:50:44,003333,__________,866094052828361"
"866094052809080,2025-12-08 23:50:47,000022,__________,866094052809080"
"866094052845159,2025-12-08 23:45:42,003330,__________,866094052845159"
"866094052754831,2025-12-08 12:20:23,022222,____________,SX-WN-T-ZCTX-000162"
"866094052857006,2025-12-08 23:44:59,000222,__________,866094052857006"
"866094052856982,2025-10-18 11:47:35,333323,__________,866094052856982"
"868681049140211,2025-12-08 23:47:53,003333,____________,SX-AK-T-ZCTX-000023"
"866094052623283,2025-12-08 23:47:20,020222,__________,866094052623283"
"866094052623044,2025-12-08 23:52:37,020222,__________,866094052623044"
"866094052623085,2025-12-08 23:53:46,020222,__________,866094052623085"
"866094052623069,2025-12-08 23:54:35,020222,__________,866094052623069"
"866094052623903,2025-12-08 21:40:20,020222,__________,866094052623903"
"860374056997602,2025-12-08 12:31:01,000020,____________,SX-XA-T-ZCTX-000433"
"866094052618234,2024-07-31 23:19:47,323222,____________,SX-AK-T-ZCTX-000022"
"866094052534175,2025-08-28 19:22:23,323222,____________,SX-AK-T-ZCTX-000021"
"866094058472107,2025-12-08 23:35:06,000000,____________,SX-XY-T-ZCTX-000064"
"866094052431927,2025-12-08 12:31:23,000000,____________,SX-XY-T-ZCTX-000065"
"866094052849920,2025-12-08 12:23:09,323222,____________,SX-XY-T-ZCTX-000061"
"866094052828411,2025-12-08 23:44:57,020222,_________,JS-WX-T-ZYJ-000001"
"866094052858335,2025-12-08 23:41:07,020222,_________,JS-WX-T-ZYJ-000002"
"866094052753650,2025-12-08 23:51:48,020222,_________,JS-WX-T-ZYJ-000003"
"866094052857188,2025-12-08 23:42:21,323222,_________,JS-WX-T-ZYJ-000004"
"866094052806821,2025-12-08 23:47:05,020222,_________,JS-WX-T-ZYJ-000005"
"866094052845175,2025-12-08 23:37:38,020222,_________,JS-WX-T-ZYJ-000006"
"866094052851546,2025-12-08 23:51:30,020222,_________,JS-WX-T-ZYJ-000007"
"866094052851579,2025-12-08 23:45:01,020222,_________,JS-WX-T-ZYJ-000008"
"866094052858327,2025-12-08 23:41:33,020222,_________,JS-WX-T-ZYJ-000009"
"866094052828809,2025-12-08 23:48:30,020222,_________,JS-WX-T-ZYJ-000010"
"866094052857014,2025-12-08 23:39:23,020222,_________,JS-WX-T-ZYJ-000011"
"866094052823487,2025-12-08 23:33:52,020222,_________,JS-WX-T-ZYJ-000012"
"866094052856131,2025-12-08 23:34:51,020222,_________,JS-WX-T-ZYJ-000013"
"866094052769466,2025-12-08 23:52:20,020222,_________,JS-WX-T-ZYJ-000014"
"866094052844939,2025-12-08 23:52:29,020222,_________,JS-WX-T-ZYJ-000015"
"866094052763790,2025-12-08 23:42:52,020222,_________,JS-WX-T-ZYJ-000016"
"866094052784382,2025-12-08 18:45:42,020222,_________,JS-WX-T-ZYJ-000017"
"866094052828551,2025-12-08 23:33:54,020222,_________,JS-WX-T-ZYJ-000018"
"866094052828817,2025-12-08 23:45:21,020222,_________,JS-WX-T-ZYJ-000019"
"866094052766728,2025-12-08 23:33:11,020222,_________,JS-WX-T-ZYJ-000020"
"866094052828775,2025-12-09 00:00:55,020222,_________,JS-WX-T-ZYJ-000021"
"866094052804172,2025-12-09 00:00:12,020222,_________,JS-WX-T-ZYJ-000022"
"866094052856107,2025-12-08 23:54:59,020222,_________,JS-WX-T-ZYJ-000023"
"866094052828478,2025-12-08 23:39:46,020222,_________,JS-WX-T-ZYJ-000024"
"866094052851611,2025-12-08 23:41:28,020222,_________,JS-WX-T-ZYJ-000025"
"866094052858533,2025-12-08 23:58:37,020222,_________,JS-WX-T-ZYJ-000026"
"866094052753627,2025-12-08 23:55:17,020222,_________,JS-WX-T-ZYJ-000027"
"866094052856156,2025-12-08 23:40:45,020222,_________,JS-WX-T-ZYJ-000028"
"866094052858517,2025-12-08 23:50:05,020222,_________,JS-WX-T-ZYJ-000029"
"866094052801111,2025-12-08 23:47:41,020222,_________,JS-WX-T-ZYJ-000030"
"866094052828486,2025-12-08 23:57:53,020222,_________,JS-WX-T-ZYJ-000031"
"866094052829559,2025-12-08 23:50:44,020222,_________,JS-WX-T-ZYJ-000032"
"866094052858558,2025-12-09 00:00:11,020222,_________,JS-WX-T-ZYJ-000033"
"866094052763493,2025-12-08 12:16:07,323222,____________,SX-XY-T-ZCTX-000062"
"860374056941592,2025-12-08 12:30:31,000000,____________,SX-XY-T-ZCTX-000063"
"866094052742299,2025-12-09 00:01:22,020222,____________,SX-XY-T-ZCTX-000068"
"866094052828528,2025-12-08 23:46:40,020222,____________,SX-XY-T-ZCTX-000067"
"861410049557159,2025-12-08 23:47:39,200222,______(__)____,SX-SL-T-SSFX-000091"
"861410049557225,2025-12-08 23:43:43,200222,______(__)____,SX-SL-T-SSFX-000090"
"866094052797178,2025-05-10 15:05:41,332232,____________,GX-NN-T-ZCTX-000679"
"861410049558389,2025-12-08 23:56:19,200222,______(__)____,SX-SL-T-SSFX-000089"
"860374056954496,2025-12-08 12:10:20,000222,______(__)____,SX-SL-T-SSFX-000088"
"866094052858574,2025-12-08 23:37:01,003000,__________,866094052858574"
"866094052800568,2025-12-08 23:46:06,000000,__________,866094052800568"
"866094052844079,2025-12-08 23:37:31,000330,__________,866094052844079"
"866094052831217,2025-12-08 23:59:59,000022,__________,866094052831217"
"866094052851447,2025-12-08 23:51:03,003030,__________,866094052851447"
"866094052829898,2025-12-08 23:43:28,003333,__________,866094052829898"
"866094052829849,2021-08-24 10:36:16,333322,__________,866094052829849"
"866094052844186,2025-12-08 23:38:54,003330,__________,866094052844186"
"866094052828353,2025-12-09 00:02:38,000300,__________,866094052828353"
"866094052851405,2025-12-08 23:54:02,003033,__________,866094052851405"
"866094052447469,2025-09-28 12:32:02,333333,______(__)____,SX-XA-T-SSFX-000105"
"860374057099762,2025-09-28 12:17:51,333333,______(__)____,SX-XA-T-SSFX-000104"
"860374057090233,2024-07-16 13:32:19,332333,______(__)____,SX-XA-T-SSFX-000103"
"866094052851702,2025-12-08 23:45:47,003322,__________,866094052851702"
"866094052856180,2025-12-09 00:00:25,003332,__________,866094052856180"
"866094052828718,2025-12-08 23:32:58,000000,__________,866094052828718"
"866094052845134,2025-12-08 23:50:00,000000,__________,866094052845134"
"860374056985516,2025-02-18 16:15:48,333333,____________,860374056985516"
"866094051542252,2025-12-08 23:54:01,020222,____________,GX-NN-T-ZCTX-000575"
"866094051484836,2025-12-08 23:52:08,020222,____________,GX-NN-T-ZCTX-000572"
"866094058451119,2024-06-05 09:49:34,333333,____________,866094058451119"
"866094052770381,2025-12-08 23:51:52,000000,____________,GX-NN-T-ZCTX-000325"
"860374056948357,2025-12-09 00:02:13,002220,____________,SX-XA-T-ZCTX-000357"
"861410049523508,2025-12-08 23:52:43,202222,____________,SX-TC-T-ZCTX-000049"
"866094058454998,2025-01-28 17:34:19,332333,____________,866094058454998"
"861410049508228,2023-08-06 06:46:00,233222,____________,861410049508228"
"860374056958620,2024-05-09 14:42:26,333333,____________,860374056958620"
"860374056997024,2025-02-20 21:35:25,333333,______(__)____,SX-XA-T-SSFX-000098"
"860374057097428,2025-12-09 00:02:30,000000,______(__)____,SX-XA-T-SSFX-000097"
"860374056935826,2025-12-08 23:33:21,000000,______(__)____,SX-XA-T-SSFX-000096"
"866094052820558,2025-12-08 23:50:22,020222,____________,GX-NN-T-ZCTX-000678"
"866094052849904,2021-09-25 07:55:24,323222,_________,JS-WX-T-ZYJ-000034"
"866094058471604,2025-12-08 23:53:36,020222,____________,GX-LZ-T-ZCTX-000408"
"866094058471547,2025-12-08 23:53:40,020222,____________,GX-LZ-T-ZCTX-000407"
"866094052864473,2025-12-08 23:53:35,020222,____________,GX-LZ-T-ZCTX-000406"
"866094052832793,2025-12-08 23:53:37,020222,____________,GX-LZ-T-ZCTX-000405"
"866094052447535,2025-12-08 12:07:08,000000,____________,SX-XY-T-ZCTX-000060"
"866094052431935,2025-12-08 12:38:08,000000,____________,SX-XY-T-ZCTX-000059"
"866094052447428,2025-12-08 12:34:40,002002,____________,SX-XY-T-ZCTX-000058"
"860374056990854,2025-12-08 23:33:07,000000,____________,SX-XY-T-ZCTX-000057"
"860374056994526,2023-08-13 23:29:08,332333,____________,860374056994526"
"868681049092958,2025-12-08 23:44:36,000003,____________,SX-AK-T-ZCTX-000020"
"866094058467156,2025-12-08 23:51:10,003333,____________,GX-NN-T-ZCTX-000537"
"868681049140039,2025-12-08 23:58:19,003333,____________,SX-AK-T-ZCTX-000019"
"860374056975707,2024-12-18 11:19:40,333332,____________,SX-BJ-T-ZCTX-000139"
"866094058469285,2025-12-08 23:34:48,000000,______(__)____,SX-XA-T-SSFX-000069"
"860374057041780,2025-12-08 12:41:08,002220,______(__)____,SX-XA-T-SSFX-000090"
"866094052833080,2025-12-08 23:53:46,000003,____________,866094052833080"
"860374056969551,2024-03-31 12:10:58,333333,______(__)____,860374056969551"
"861410049559874,2025-12-08 12:21:20,202222,____________,SX-XA-T-ZCTX-000632"
"866094052534613,2025-12-08 09:51:33,002233,__________,866094052534613"
"866094052800725,2025-12-08 23:36:20,020222,____________,AH-LA-T-ZCTX-000027"
"866094052847551,2024-05-09 10:06:39,323222,____________,AH-LA-T-ZCTX-000026"
"866094052845100,2025-12-08 23:50:57,020222,____________,AH-LA-T-ZCTX-000025"
"866094052844178,2025-12-08 23:59:02,020222,____________,AH-LA-T-ZCTX-000024"
"866094052849862,2024-05-09 10:09:18,323222,____________,AH-LA-T-ZCTX-000023"
"866094052828437,2025-12-08 23:50:45,020222,____________,AH-LA-T-ZCTX-000022"
"866094052856842,2025-12-08 23:42:04,020222,____________,AH-LA-T-ZCTX-000021"
"866094052844129,2025-12-08 23:46:49,020222,____________,AH-LA-T-ZCTX-000020"
"866094052829872,2025-12-08 23:58:04,020222,____________,AH-LA-T-ZCTX-000019"
"866094052851736,2025-12-08 23:45:18,020222,____________,AH-LA-T-ZCTX-000018"
"866094052857337,2025-12-08 23:57:45,020222,____________,AH-LA-T-ZCTX-000017"
"866094052857303,2025-12-08 23:49:47,020222,____________,AH-LA-T-ZCTX-000016"
"866094052845092,2024-11-17 22:23:43,333333,____________,AH-LA-KC-ZC-000003"
"866094058459708,2025-12-09 00:01:22,002220,____________,GX-NN-T-ZCTX-000677"
"866094052831852,2025-12-09 00:01:04,002220,____________,GX-NN-T-ZCTX-000677"
"866094052447329,2025-12-08 23:46:05,000000,____________,SX-XY-T-ZCTX-000056"
"860374056947656,2025-05-27 12:29:33,332333,____________,SX-XY-T-ZCTX-000054"
"866094052447345,2024-09-19 12:36:58,333322,____________,866094052447345"
"866094052432016,2024-09-19 12:36:58,332333,____________,866094052432016"
"860374056956277,2025-03-02 01:35:54,332233,____________,SX-BJ-T-ZCTX-000031"
"861410049506115,2025-12-08 23:46:25,202222,____________,SX-BJ-T-ZCTX-000135"
"861410049560161,2025-12-08 23:38:36,200222,______(__)____,SX-XA-T-SSFX-000094"
"861410049507634,2025-12-08 23:50:14,200222,______(__)____,SX-XA-T-SSFX-000093"
"861410049519761,2025-07-18 18:11:55,233222,______(__)____,SX-XA-T-SSFX-000092"
"861410049559064,2025-07-21 14:00:55,233222,______(__)____,SX-XA-T-SSFX-000091"
"866094052861073,2025-04-26 18:33:26,323222,____________,GX-NN-T-ZCTX-000676"
"866094052864754,2025-03-27 10:43:32,323222,____________,866094052864754"
"866094052861677,2025-08-27 12:36:57,323222,____________,866094052861677"
"860374056935164,2025-12-09 00:02:46,000000,____________,SX-XY-T-ZCTX-000051"
"866094052431745,2025-12-08 23:39:02,000000,____________,SX-YL-T-ZCTX-000029"
"860374056959537,2025-12-08 23:58:03,002000,____________,SX-YL-T-ZCTX-000028"
"860374057090324,2025-12-08 23:33:14,000000,____________,SX-YL-T-ZCTX-000027"
"860374057094300,2025-12-08 23:51:53,000000,____________,SX-XY-T-ZCTX-000050"
"866094052431885,2024-05-27 12:09:58,333333,____________,866094052431885"
"866094058398955,2024-01-11 02:51:53,333333,____________,866094058398955"
"860374056900853,2025-02-22 13:05:26,332233,____________,AH-LA-T-ZCTX-000015"
"866094052505704,2025-02-22 13:05:02,332233,____________,AH-LA-KC-ZC-000004"
"861410049558306,2025-12-08 23:42:56,200222,____________,SX-TC-T-ZCTX-000048"
"860374056969734,2023-12-17 16:47:37,333332,____________,SX-TC-T-ZCTX-000047"
"866094052447360,2025-12-08 12:14:37,000022,______(__)____,SX-XA-T-SSFX-000086"
"860374057040550,2025-12-08 23:37:21,000022,______(__)____,SX-XA-T-SSFX-000085"
"866094052616006,2025-12-08 23:53:38,020222,____________,AH-LA-T-ZCTX-000014"
"866094052615842,2023-04-18 21:40:31,323222,____________,AH-LA-T-ZCTX-000012"
"866094052604937,2025-04-28 19:54:11,323222,____________,AH-LA-T-ZCTX-000011"
"866094052447444,2025-12-08 23:52:32,000000,______(__)____,SX-XA-T-SSFX-000084"
"860374057017152,2025-12-08 23:49:20,002000,______(__)____,SX-XA-T-SSFX-000083"
"866094052802598,2025-12-08 23:41:35,020222,____________,GX-NN-T-ZCTX-000671"
"866094052831910,2025-12-08 23:32:55,000000,____________,GX-NN-T-ZCTX-000672"
"860374057094029,2025-12-08 23:47:05,002020,____________,SX-XY-T-ZCTX-000047"
"866094058417425,2025-12-08 23:41:06,020222,____________,GX-NN-T-ZCTX-000561"
"866094052801384,2024-11-23 10:06:43,323222,____________,866094052801384"
"866094052864713,2025-12-08 23:41:49,020222,____________,GX-NN-T-ZCTX-000548"
"866094058457488,2025-12-08 23:56:59,020222,____________,GX-NN-T-ZCTX-000663"
"866094052861792,2025-12-08 23:41:23,020222,____________,GX-NN-T-ZCTX-000670"
"866094052820830,2025-11-04 12:16:05,323222,____________,GX-NN-T-ZCTX-000669"
"866094052820616,2025-11-04 12:14:04,323222,____________,GX-NN-T-ZCTX-000668"
"866094052864986,2025-12-08 23:41:26,020222,____________,GX-NN-T-ZCTX-000666"
"866094052863285,2025-12-08 23:41:27,020222,____________,GX-NN-T-ZCTX-000665"
"866094052820582,2025-12-08 23:41:27,020222,____________,GX-NN-T-ZCTX-000664"
"866094052864747,2025-12-08 23:37:08,323222,____________,866094052864747"
"866094052864739,2025-08-26 12:25:49,323222,____________,GX-NN-T-ZCTX-000661"
"866094052820624,2025-12-08 23:26:59,020222,____________,GX-NN-T-ZCTX-000660"
"866094052770670,2025-07-23 07:57:47,332323,____________,GX-NN-T-ZCTX-000655"
"866094052828304,2025-01-08 09:24:17,323222,____________,GX-NN-T-ZCTX-000659"
"866094052861743,2025-01-17 13:07:50,323222,____________,GX-NN-T-ZCTX-000658"
"861410049508038,2025-05-06 08:01:52,233222,____________,SX-XA-T-ZCTX-000593"
"866094052787310,2025-05-16 13:00:04,332322,____________,GX-NN-T-ZCTX-000657"
"861410049503799,2025-12-08 23:51:52,200222,____________,SX-XA-T-ZCTX-000392"
"860374056979410,2025-12-08 23:54:41,003300,____________,AH-LA-T-ZCTX-000010"
"866094052505720,2025-12-09 00:00:26,003330,____________,AH-LA-KC-ZC-000005"
"860374056989773,2023-08-16 14:26:15,333333,____________,860374056989773"
"861410049558314,2024-10-23 08:25:41,233222,____________,SX-XA-T-ZCTX-000322"
"860374056970765,2025-12-08 23:36:08,000000,____________,SX-XA-T-ZCTX-000628"
"860374056941709,2025-12-08 23:35:33,000000,____________,SX-XA-T-ZCTX-000627"
"866094052552946,2025-10-04 04:41:34,323222,_________,JS-WX-T-ZYJ-000035"
"866094052459860,2025-12-08 23:40:06,020222,_________,JS-WX-T-ZYJ-000036"
"866094052431752,2025-12-08 23:39:46,020222,_________,JS-WX-T-ZYJ-000037"
"866094052552987,2025-12-08 23:40:20,020222,_________,JS-WX-T-ZYJ-000038"
"866094052615925,2025-12-08 22:18:12,020222,_________,JS-WX-T-ZYJ-000039"
"866094052466816,2025-12-08 23:50:30,020222,_________,JS-WX-T-ZYJ-000040"
"866094052603954,2025-12-08 23:36:58,020222,_________,JS-WX-T-ZYJ-000041"
"866094052621105,2025-12-08 23:46:11,323222,_________,JS-WX-T-ZYJ-000042"
"866094052431737,2025-12-08 23:50:48,020222,_________,JS-WX-T-ZYJ-000043"
"866094052435696,2025-12-08 23:42:34,020222,_________,JS-WX-T-ZYJ-000044"
"866094052552722,2025-12-08 23:47:07,020222,_________,JS-WX-T-ZYJ-000045"
"866094052552540,2025-12-08 23:51:33,020222,_________,JS-WX-T-ZYJ-000046"
"866094052466774,2025-12-08 23:54:28,020222,_________,JS-WX-T-ZYJ-000047"
"866094052552532,2025-12-08 23:37:31,020222,_________,JS-WX-T-ZYJ-000048"
"866094052552904,2025-12-08 23:50:14,020222,_________,JS-WX-T-ZYJ-000049"
"866094052552565,2025-12-08 23:44:50,323222,_________,JS-WX-T-ZYJ-000050"
"861410049544140,2025-12-08 23:33:47,200222,____________,SX-XA-T-ZCTX-000439"
"868681049090309,2025-12-08 23:55:33,200222,____________,HN-CS-T-ZC-000003"
"868681049140245,2025-12-08 12:04:40,000022,____________,SX-XA-T-ZCTX-000626"
"860374057092270,2024-06-15 23:08:56,333332,____________,860374057092270"
"860374057045211,2025-12-08 23:53:15,000000,____________,SX-XY-T-ZCTX-000045"
"860374056961509,2025-12-08 23:55:24,000000,____________,SX-XY-T-ZCTX-000044"
"860374056963612,2024-10-10 12:36:58,333333,____________,860374056963612"
"860374057000174,2025-12-09 00:01:55,000000,____________,SX-YL-T-ZCTX-000026"
"860374057044313,2025-03-11 12:32:41,333333,______(__)____,SX-XA-T-SSFX-000082"
"866094052828163,2025-12-08 23:36:33,003333,____________,GX-LZ-T-ZCTX-000027"
"868681049091430,2025-12-08 23:57:17,020222,____________,GX-LZ-T-ZCTX-000404"
"868681049134859,2025-12-08 23:56:51,020222,____________,GX-LZ-T-ZCTX-000403"
"868681049139585,2025-12-08 23:51:52,020222,____________,GX-LZ-T-ZCTX-000402"
"868681049091117,2025-12-08 23:59:27,020222,____________,GX-LZ-T-ZCTX-000401"
"868681049140278,2025-12-08 12:12:21,323222,____________,GX-LZ-T-ZCTX-000400"
"868681049092115,2025-12-08 23:42:56,020222,____________,GX-LZ-T-ZCTX-000399"
"868681049092057,2025-12-08 12:17:54,323222,____________,GX-LZ-T-ZCTX-000398"
"860374056978792,2024-01-15 15:31:01,333333,______(__)____,SX-XA-T-SSFX-000079"
"860374057038034,2024-04-12 12:10:58,333333,______(__)____,SX-XA-T-SSFX-000081"
"868681049135195,2025-12-08 23:40:06,020222,____________,GX-LZ-T-ZCTX-000397"
"866094052534696,2025-12-08 23:45:56,003222,__________,866094052534696"
"866094052553548,2025-12-08 23:59:56,003322,__________,866094052553548"
"866094058450608,2025-10-25 11:12:17,332233,____________,866094058450608"
"866094052832033,2025-12-08 23:40:10,002230,____________,GX-LZ-T-ZCTX-000396"
"860374057090951,2025-12-08 23:51:09,000000,____________,SX-WN-T-ZCTX-000161"
"860374056956970,2025-12-08 23:37:44,002200,____________,SX-WN-T-ZCTX-000160"
"860374056935180,2025-12-08 23:51:02,000000,____________,SX-XY-T-ZCTX-000042"
"860374057090688,2024-09-15 02:30:45,333333,______(__)____,860374057090688"
"866094052603863,2025-12-08 23:45:56,000303,____________,SX-AK-T-ZCTX-000018"
"860374057099051,2025-12-09 00:02:08,000000,____________,SX-XY-T-ZCTX-000041"
"860374057063792,2022-10-28 17:50:27,333332,____________,SX-AK-T-ZCTX-000017"
"866094052431794,2022-10-28 17:32:46,333332,____________,SX-AK-T-ZCTX-000017"
"860374056961111,2025-12-08 23:33:08,000000,____________,SX-XY-T-ZCTX-000040"
"866094058450376,2025-11-04 12:29:20,332233,____________,GX-LZ-T-ZCTX-000395"
"866094052825953,2025-12-08 23:34:54,003330,____________,866094052825953"
"866094052534357,2025-12-08 23:37:19,000322,__________,866094052534357"
"860374056986936,2025-12-08 12:33:50,000000,____________,SX-XY-T-ZCTX-000039"
"866094052534639,2025-12-08 23:43:20,003003,__________,866094052534639"
"860374056950510,2025-12-08 12:11:29,000000,______(__)____,SX-XA-T-SSFX-000076"
"866094052534332,2025-12-09 00:01:26,003333,__________,866094052534332"
"860374057039412,2025-12-08 23:52:02,000000,____________,SX-XY-T-ZCTX-000037"
"866094052792104,2025-12-08 23:57:43,003322,__________,866094052792104"
"866094051542369,2025-12-08 23:56:27,020222,____________,GX-NN-T-ZCTX-000654"
"866094051540827,2025-12-08 23:33:28,020222,____________,GX-NN-T-ZCTX-000653"
"860374057050732,2025-07-16 12:16:03,332223,____________,SX-XY-T-ZCTX-000036"
"860374057083121,2024-03-25 14:02:50,333333,____________,860374057083121"
"860374057046177,2024-09-19 12:36:58,332223,____________,SX-XY-T-ZCTX-000034"
"860374056941402,2025-03-06 16:38:20,333333,____________,860374056941402"
"866094052534415,2025-12-09 00:01:56,003022,__________,866094052534415"
"866094052623127,2025-12-08 23:40:58,003332,__________,866094052623127"
"866094052623036,2025-12-08 23:40:06,003022,__________,866094052623036"
"866094052605074,2025-12-08 23:55:31,003333,____________,SX-AK-T-ZCTX-000016"
"866094058471950,2024-12-10 21:21:38,333333,______(__)____,SX-XA-T-SSFX-000074"
"860374056961780,2024-01-11 08:14:26,333333,______(__)____,860374056961780"
"860374057090977,2025-05-22 12:09:10,333333,______(__)____,SX-XA-T-SSFX-000072"
"866094052833247,2025-12-08 23:51:03,003030,____________,GX-NN-T-ZCTX-000652"
"860374057021337,2025-12-08 12:32:50,000022,____________,SX-XA-T-ZCTX-000428"
"860374056967555,2023-09-18 21:58:49,332333,____________,860374056967555"
"860374057022236,2023-12-19 22:04:40,333333,______(__)____,860374057022236"
"866094052864259,2025-10-14 12:05:48,323222,____________,GX-NN-T-ZCTX-000624"
"860374056944752,2025-02-21 13:49:17,333332,____________,SX-BJ-T-ZCTX-000132"
"860374057098558,2024-06-25 14:33:59,333332,______(__)____,SX-HZ-T-SSFX-000026"
"866094058450509,2024-01-19 13:05:18,333333,____________,GX-NN-T-ZCTX-000609"
"866094058450806,2025-12-08 23:32:46,000000,____________,GX-NN-T-ZCTX-000651"
"866094052770712,2025-12-09 00:01:26,000000,____________,GX-NN-T-ZCTX-000651"
"866094052831787,2024-06-04 08:37:48,333333,____________,866094052831787"
"866094052605058,2025-12-08 23:49:02,002333,____________,SX-AK-T-ZCTX-000015"
"866094052431729,2024-01-03 10:41:26,333333,______(__)____,SX-XA-T-SSFX-000070"
"866094058471562,2025-12-08 23:32:25,000000,____________,GX-NN-T-ZCTX-000649"
"866094058451010,2025-12-08 23:34:23,000000,____________,GX-NN-T-ZCTX-000649"
"866094058471620,2025-12-08 23:41:17,020222,____________,GX-NN-T-ZCTX-000515"
"866094052834088,2025-04-01 11:54:29,323222,____________,GX-NN-T-ZCTX-000521"
"866094058472073,2025-03-04 16:59:53,332332,____________,866094058472073"
"860374057098459,2025-01-13 15:22:56,333333,____________,SX-BJ-T-ZCTX-000129"
"860374057041293,2025-04-22 13:40:08,333333,____________,860374057041293"
"866094052533763,2025-12-08 23:55:27,000322,__________,866094052533763"
"866094052533722,2025-12-08 23:40:33,000022,__________,866094052533722"
"866094052622988,2025-12-08 23:48:38,000022,__________,866094052622988"
"861410049519803,2025-12-08 23:41:41,200222,______(__)____,SX-HZ-T-SSFX-000025"
"861410049519696,2025-07-08 05:08:03,233222,______(__)____,SX-HZ-T-SSFX-000024"
"866094058459872,2025-12-08 23:35:20,002202,____________,GX-NN-T-ZCTX-000647"
"866094052833015,2025-12-09 00:00:45,002202,____________,GX-NN-T-ZCTX-000647"
"868681049155169,2025-12-08 23:34:48,000220,____________,GX-LZ-T-ZCTX-000394"
"866094058338548,2025-12-08 23:59:41,000220,____________,GX-LZ-T-ZCTX-000394"
"860374057083279,2025-12-08 23:33:12,000000,____________,SX-XA-T-ZCTX-000622"
"866094052534449,2025-12-08 23:43:55,003322,__________,866094052534449"
"866094058455995,2024-06-30 09:40:38,333222,____________,GX-NN-T-ZCTX-000646"
"866094052864614,2024-06-30 09:36:38,333222,____________,GX-NN-T-ZCTX-000645"
"866094052533698,2025-12-08 23:51:11,003222,__________,866094052533698"
"866094052533714,2025-12-08 23:17:52,003332,__________,866094052533714"
"866094058454576,2023-10-12 03:28:06,332332,____________,866094058454576"
"866094058478013,2025-12-08 23:47:41,020222,____________,GX-NN-T-ZCTX-000281"
"866094058465937,2025-12-08 23:33:20,020222,____________,GX-NN-T-ZCTX-000489"
"866094052457195,2023-02-18 18:15:44,323222,____________,SX-YL-T-ZCTX-000023"
"866094052800626,2025-02-21 16:00:40,323222,____________,866094052800626"
"866094052534068,2024-08-19 03:00:58,323222,____________,SX-YL-T-ZCTX-000025"
"866094052434285,2022-09-12 15:29:24,323222,____________,SX-YL-T-ZCTX-000024"
"866094058466265,2025-12-09 00:01:10,020222,____________,GX-NN-T-ZCTX-000113"
"866094052820046,2025-12-08 23:32:59,020222,____________,866094052820046"
"866094058467230,2025-12-08 23:33:18,020222,____________,866094058467230"
"860374057097964,2025-12-08 23:34:42,000202,____________,SX-XA-T-ZCTX-000620"
"866094051293419,2025-12-08 23:34:46,020222,____________,866094051293419"
"866094052831829,2025-12-08 23:35:10,020222,____________,866094052831829"
"866094052826597,2025-12-08 23:50:37,020222,____________,866094052826597"
"866094058479524,2025-12-09 00:00:30,020222,_________,866094058479524"
"866094058467529,2025-06-04 09:57:16,323222,____________,GX-LZ-T-ZCTX-000386"
"866094058417359,2025-12-08 23:37:11,020222,____________,866094058417359"
"866094052834252,2025-12-08 23:33:42,020222,____________,866094052834252"
"866094052827421,2025-07-28 13:17:54,323222,____________,866094052827421"
"866094052826852,2025-12-08 23:42:32,020222,____________,866094052826852"
"866094052805344,2025-04-16 15:58:19,323222,____________,GX-LZ-T-ZCTX-000381"
"866094058471729,2025-12-08 23:41:51,020222,____________,866094058471729"
"866094058467248,2023-07-11 14:42:43,323222,____________,866094058467248"
"866094052827454,2025-12-08 23:40:22,020222,____________,866094052827454"
"866094052825961,2025-12-08 12:16:29,323222,____________,866094052825961"
"866094052831761,2025-12-08 23:36:05,020222,____________,866094052831761"
"866094058479490,2025-08-19 12:30:33,323222,____________,866094058479490"
"866094058467206,2025-12-08 23:48:02,020222,____________,GX-LZ-T-ZCTX-000373"
"866094058395852,2025-12-08 23:56:38,020222,____________,866094058395852"
"866094058443116,2025-07-10 12:05:46,323222,____________,866094058443116"
"866094058471737,2025-12-08 23:55:34,020222,____________,GX-LZ-T-ZCTX-000369"
"866094051492821,2025-12-08 23:41:23,020222,____________,GX-NN-T-ZCTX-000357"
"860374057095885,2025-12-08 23:58:19,002002,____________,SX-XA-T-ZCTX-000615"
"866094052616030,2025-12-08 12:16:49,323222,______(__)____,SX-SL-T-SSFX-000087"
"860374056930108,2025-12-08 12:07:18,000000,____________,SX-XA-T-ZCTX-000616"
"866094052864465,2025-12-08 23:39:39,020222,____________,GX-LZ-T-ZCTX-000336"
"866094052864606,2025-12-08 23:41:27,003330,____________,GX-LZ-T-ZCTX-000367"
"866094052534407,2025-12-08 23:36:05,003330,__________,866094052534407"
"866094052623762,2025-12-08 23:34:23,003000,__________,_______________"
"866094052851967,2025-12-08 23:44:06,000033,____________,GX-LZ-T-ZCTX-000366"
"866094052851777,2025-12-08 23:42:46,003330,____________,GX-LZ-T-ZCTX-000365"
"866094058454493,2023-12-04 13:32:59,333333,,GX-LZ-T-ZCTX-000364"
"866094052864796,2025-12-08 23:36:37,000333,____________,GX-LZ-T-ZCTX-000364"
"866094052851801,2024-08-08 16:11:00,333333,____________,866094052851801"
"866094052864820,2025-12-08 23:48:50,003330,____________,GX-LZ-T-ZCTX-000362"
"866094052851793,2025-12-08 23:34:17,003030,____________,GX-LZ-T-ZCTX-000361"
"866094052851983,2025-12-08 23:39:12,003033,____________,GX-LZ-T-ZCTX-000360"
"866094052851975,2025-12-08 23:42:16,000000,____________,GX-LZ-T-ZCTX-000359"
"866094052616097,2025-12-08 12:32:07,323222,______(__)____,SX-SL-T-SSFX-000086"
"866094052533961,2025-12-08 23:49:07,020222,______(__)____,SX-SL-T-SSFX-000085"
"866094052604010,2025-12-08 23:49:21,020222,______(__)____,SX-SL-T-SSFX-000084"
"866094052864671,2025-12-08 23:49:53,003000,____________,GX-LZ-T-ZCTX-000358"
"866094058454477,2025-10-10 15:08:15,333333,____________,GX-LZ-T-ZCTX-000357"
"866094052864663,2025-12-08 23:13:46,000000,____________,GX-LZ-T-ZCTX-000357"
"866094052821119,2025-01-02 11:53:07,323222,____________,GX-LZ-T-ZCTX-000356"
"866094058467107,2025-12-09 00:01:55,323222,____________,GX-LZ-T-ZCTX-000355"
"866094052861685,2025-12-08 23:34:07,020222,____________,GX-LZ-T-ZCTX-000354"
"866094052771645,2025-12-08 23:32:41,020222,____________,GX-LZ-T-ZCTX-000353"
"866094052860893,2025-12-08 23:33:53,020222,____________,GX-LZ-T-ZCTX-000352"
"866094052860877,2025-08-19 12:20:39,323222,____________,GX-LZ-T-ZCTX-000351"
"866094052809189,2025-03-04 15:21:00,323222,____________,866094052809189"
"866094052787435,2025-12-08 23:35:31,020222,____________,GX-LZ-T-ZCTX-000348"
"866094052831498,2025-12-08 23:41:10,020222,____________,GX-LZ-T-ZCTX-000347"
"866094052864721,2025-12-08 23:33:43,020222,____________,GX-LZ-T-ZCTX-000346"
"866094052831795,2025-12-08 23:34:04,020222,____________,GX-LZ-T-ZCTX-000345"
"866094052861669,2025-01-02 11:20:53,323222,____________,GX-LZ-T-ZCTX-000344"
"866094052802879,2025-12-08 23:32:42,020222,____________,GX-LZ-T-ZCTX-000343"
"866094052772122,2025-12-08 23:33:40,323222,____________,GX-LZ-T-ZCTX-000342"
"866094052864788,2025-12-08 23:34:00,020222,____________,GX-LZ-T-ZCTX-000341"
"866094052864770,2025-12-08 23:38:05,020222,____________,GX-LZ-T-ZCTX-000340"
"866094052432107,2025-06-22 12:48:08,332333,____________,SX-AK-T-ZCTX-000014"
"866094052533946,2025-12-08 23:45:16,002300,____________,SX-AK-T-ZCTX-000013"
"860374056969338,2025-12-08 23:38:19,000000,____________,SX-XY-T-ZCTX-000032"
"866094058468311,2025-12-08 23:45:23,020222,____________,GX-LZ-T-ZCTX-000339"
"866094052802739,2025-12-08 23:44:58,020222,____________,GX-LZ-T-ZCTX-000338"
"866094058370327,2025-05-20 03:04:11,333333,____________,866094058370327"
"866094052801459,2025-12-08 23:33:18,020222,____________,GX-LZ-T-ZCTX-000337"
"866094052809106,2025-12-08 23:33:52,020222,____________,GX-LZ-T-ZCTX-000335"
"866094052802697,2025-12-08 23:45:50,020222,____________,GX-LZ-T-ZCTX-000334"
"860374056944497,2024-10-28 08:47:21,333222,______(__)____,SX-HZ-T-SSFX-000023"
"866094052826605,2025-12-08 23:33:48,020222,____________,GX-LZ-T-ZCTX-000333"
"866094058479292,2025-12-08 23:43:52,020222,____________,GX-LZ-T-ZCTX-000332"
"866094052851694,2025-08-14 09:35:26,323222,____________,GX-LZ-T-ZCTX-000331"
"866094052851827,2025-08-27 12:24:29,323222,____________,GX-LZ-T-ZCTX-000330"
"866094052828148,2025-12-08 23:45:29,020222,____________,GX-LZ-T-ZCTX-000329"
"866094052821176,2024-09-28 06:40:23,323222,____________,GX-LZ-T-ZCTX-000328"
"866094052821184,2025-12-08 23:34:46,020222,____________,GX-LZ-T-ZCTX-000327"
"866094052832819,2025-12-08 21:35:39,020222,____________,GX-LZ-T-ZCTX-000326"
"866094052827918,2025-12-08 23:54:43,020222,____________,GX-NN-T-ZCTX-000644"
"866094052770720,2025-12-08 23:52:06,020222,____________,GX-NN-T-ZCTX-000643"
"866094052860885,2025-12-08 23:44:39,020222,____________,GX-NN-T-ZCTX-000642"
"866094052525108,2025-12-08 23:59:08,003022,__________,866094052525108"
"866094052534464,2025-12-08 23:57:54,000002,__________,866094052534464"
"866094052604911,2025-12-08 23:49:56,000022,__________,866094052604911"
"866094052534142,2025-12-08 23:51:38,020222,__________,866094052534142"
"860374057020610,2025-12-08 12:46:28,000000,____________,SX-WN-T-ZCTX-000157"
"860374056961608,2025-12-08 12:02:07,000000,____________,SX-WN-T-ZCTX-000156"
"866094052534399,2025-12-08 23:51:00,000000,__________,866094052534399"
"866094052623267,2025-11-28 10:14:35,333333,__________,866094052623267"
"866094052534597,2025-12-08 23:49:35,000002,__________,866094052534597"
"866094052534712,2025-12-09 00:02:46,020222,__________,866094052534712"
"866094052534654,2025-12-08 23:50:38,020222,__________,866094052534654"
"866094052534688,2025-12-08 23:51:22,020222,__________,866094052534688"
"866094052534670,2025-12-08 23:46:50,020222,__________,866094052534670"
"866094052533730,2025-01-05 08:58:03,322222,__________,866094052533730"
"866094052534506,2025-12-09 00:02:25,003330,__________,866094052534506"
"866094052524762,2025-12-09 00:02:02,000000,__________,866094052524762"
"866094052623929,2025-12-08 23:34:51,000003,__________,866094052623929"
"866094052534274,2025-12-08 23:34:50,003333,__________,866094052534274"
"860374056990466,2025-12-08 23:36:38,000000,______(__)____,SX-XA-T-SSFX-000065"
"866094052618358,2025-12-08 12:48:48,323222,____________,SX-AK-T-ZCTX-000012"
"866094052552821,2025-05-22 00:08:16,323222,____________,SX-AK-T-ZCTX-000011"
"866094052445554,2024-08-14 13:55:44,323222,____________,SX-AK-T-ZCTX-000010"
"866094052447386,2025-12-08 23:51:55,002000,____________,SX-YL-T-ZCTX-000022"
"866094052534167,2025-12-08 23:46:53,020222,__________,866094052534167"
"866094052534076,2025-12-08 23:48:15,020222,__________,866094052534076"
"866094052534217,2024-09-19 11:10:03,333333,__________,866094052534217"
"868681049090762,2025-12-08 23:47:14,000000,____________,SX-BJ-T-ZCTX-000128"
"866094052534316,2025-12-08 23:49:15,020222,__________,866094052534316"
"866094052534050,2025-07-26 19:58:38,333333,____________,SX-AK-T-ZCTX-000009"
"866094052432040,2025-12-08 12:48:17,323222,______(__)____,SX-SL-T-SSFX-000082"
"866094052466857,2025-12-08 23:33:34,020222,_________,JS-WX-T-ZYJ-000051"
"866094052552649,2025-12-08 23:47:04,020222,_________,JS-WX-T-ZYJ-000052"
"866094052552805,2025-12-08 23:52:33,020222,_________,JS-WX-T-ZYJ-000053"
"866094052434111,2024-11-15 05:16:34,323222,_________,JS-WX-T-ZYJ-000054"
"866094052616139,2025-07-15 19:08:11,323222,_________,JS-WX-T-ZYJ-000055"
"866094052622921,2025-07-30 21:30:58,323222,_________,JS-WX-T-ZYJ-000056"
"866094052466915,2025-12-08 23:55:45,323222,_________,JS-WX-T-ZYJ-000057"
"866094052506330,2025-12-08 23:34:26,000333,____________,SX-AK-T-ZCTX-000008"
"866094052534308,2025-12-08 23:35:04,002332,____________,SX-AK-T-ZCTX-000006"
"866094052432024,2025-12-05 08:10:00,333333,____________,866094052432024"
"866094052506272,2025-12-08 12:32:19,020222,______(__)____,SX-SL-T-SSFX-000081"
"866094052432065,2025-12-08 23:53:58,020222,______(__)____,SX-SL-T-SSFX-000080"
"866094052616212,2025-12-08 12:43:19,323222,______(__)____,SX-SL-T-SSFX-000079"
"866094052604036,2025-12-08 23:46:01,020222,______(__)____,SX-SL-T-SSFX-000078"
"860374057094706,2025-12-08 12:26:48,000000,____________,SX-XA-T-ZCTX-000614"
"866094058450764,2025-12-08 23:55:45,000000,____________,GX-NN-T-ZCTX-000638"
"866094052828130,2025-12-08 23:54:08,000000,____________,GX-NN-T-ZCTX-000638"
"866094052603970,2025-12-08 23:34:15,020222,_________,JS-WX-T-ZYJ-000058"
"866094052435670,2025-12-03 14:23:40,323222,_________,JS-WX-T-ZYJ-000059"
"866094052826001,2025-12-08 23:56:41,002202,____________,GX-NN-T-ZCTX-000637"
"866094052831738,2024-04-23 11:41:45,332323,____________,866094052831738"
"866094052832975,2025-12-08 22:50:01,003300,____________,GX-NN-T-ZCTX-000610"
"866094052828106,2025-12-08 23:50:07,003030,____________,GX-NN-T-ZCTX-000609"
"866094052832827,2025-12-08 23:38:29,000000,____________,GX-NN-T-ZCTX-000635"
"866094052861602,2025-12-08 23:46:56,020222,____________,GX-NN-T-ZCTX-000634"
"866094058465077,2025-05-22 10:45:50,323222,____________,GX-NN-T-ZCTX-000633"
"866094052828320,2025-12-08 23:57:03,020222,____________,GX-NN-T-ZCTX-000632"
"866094052804859,2025-12-08 23:56:55,020222,____________,GX-NN-T-ZCTX-000631"
"866094052864994,2025-12-08 23:40:14,020222,____________,GX-NN-T-ZCTX-000630"
"866094058417557,2025-12-08 23:40:15,020222,____________,GX-NN-T-ZCTX-000629"
"866094052821044,2025-12-08 23:39:30,020222,____________,GX-NN-T-ZCTX-000628"
"866094052861594,2025-05-22 09:07:29,323222,____________,866094052861594"
"866094052801541,2025-12-08 23:38:23,020222,____________,GX-NN-T-ZCTX-000626"
"866094052795214,2025-12-08 23:38:17,020222,____________,GX-NN-T-ZCTX-000625"
"866094052832801,2025-12-08 23:49:09,020222,____________,GX-NN-T-ZCTX-000623"
"866094058478047,2025-12-08 23:40:18,020222,____________,GX-NN-T-ZCTX-000622"
"866094058468345,2025-12-08 23:40:10,020222,____________,GX-NN-T-ZCTX-000621"
"866094052864523,2025-12-08 23:50:46,020222,____________,GX-NN-T-ZCTX-000603"
"866094052525066,2025-12-08 23:54:11,022222,__________,866094052525066"
"866094052791890,2025-12-08 23:59:43,003322,__________,866094052791890"
"866094052603996,2025-12-08 23:51:02,020222,______(__)____,SX-SL-T-SSFX-000077"
"866094052620966,2025-12-08 23:49:40,020222,______(__)____,SX-SL-T-SSFX-000075"
"866094052820848,2025-12-08 23:38:41,020222,____________,GX-LZ-T-ZCTX-000072"
"866094052604994,2025-12-08 23:29:57,020222,______(__)____,SX-SL-T-SSFX-000076"
"866094052824980,2025-12-08 23:34:05,000000,____________,GX-GL-T-ZCTX-000071"
"866094052864127,2025-12-08 23:59:00,002000,____________,GX-GL-T-ZCTX-000070"
"868681049167008,2025-12-08 23:47:16,020222,____________,GX-GL-T-ZCTX-000069"
"868681049091208,2025-12-08 23:47:22,020222,____________,GX-GL-T-ZCTX-000068"
"868681049142159,2025-12-08 23:48:02,020222,____________,GX-GL-T-ZCTX-000067"
"868681049091125,2025-12-08 23:48:14,020222,____________,GX-GL-T-ZCTX-000066"
"861410049561763,2025-12-08 20:39:19,202222,____________,SX-YA-T-ZCTX-000185"
"860374057022327,2025-12-08 12:07:25,000000,____________,SX-XY-T-ZCTX-000031"
"860374057098707,2025-12-08 23:35:05,000000,____________,SX-YL-T-ZCTX-000021"
"860374056980020,2024-01-03 10:27:52,333333,____________,SX-XA-T-ZCTX-000613"
"861410049561946,2025-05-22 12:19:14,233222,____________,SX-XA-T-ZCTX-000612"
"866094052524960,2025-12-08 23:59:50,020222,__________,866094052524960"
"866094052624380,2025-12-08 23:49:27,020222,__________,866094052624380"
"860374056949868,2025-11-16 16:08:09,333333,____________,SX-YL-T-ZCTX-000020"
"866094052447709,2025-12-09 00:02:16,020222,______(__)____,SX-SL-T-SSFX-000074"
"866094052605017,2025-12-08 23:55:43,020222,______(__)____,SX-SL-T-SSFX-000073"
"866094052459738,2025-12-09 00:00:32,020222,______(__)____,SX-SL-T-SSFX-000072"
"866094052620925,2025-12-08 23:51:47,020222,______(__)____,SX-SL-T-SSFX-000071"
"866094052616055,2025-12-08 23:34:06,020222,______(__)____,SX-SL-T-SSFX-000070"
"866094058454592,2024-09-02 09:22:17,333333,____________,866094058454592"
"866094058367570,2025-12-08 23:41:13,003330,____________,GX-NN-T-ZCTX-000620"
"866094052861651,2025-12-08 23:53:14,020222,____________,GX-NN-T-ZCTX-000619"
"866094052828114,2025-12-08 23:36:05,020222,____________,GX-NN-T-ZCTX-000617"
"866094052828122,2025-12-08 23:20:19,000000,____________,GX-GL-T-ZCTX-000014"
"866094052861735,2025-12-08 23:55:25,000002,____________,GX-GL-T-ZCTX-000013"
"866094052865017,2025-12-09 00:02:14,000000,____________,GX-GL-T-ZCTX-000011"
"866094052861719,2025-12-08 23:33:17,003332,____________,GX-GL-T-ZCTX-000043"
"866094052863277,2025-12-08 23:47:32,000000,____________,GX-GL-T-ZCTX-000065"
"868681049096348,2025-12-08 23:44:42,000000,____________,GX-GL-T-ZCTX-000065"
"860374056964180,2025-12-09 00:02:44,000000,______(__)____,SX-XA-T-SSFX-000022"
"866094052431844,2025-03-10 14:42:08,333333,____________,SX-BJ-T-ZCTX-000127"
"866094058479284,2025-12-08 23:58:40,000002,____________,GX-NN-T-ZCTX-000484"
"866094058450624,2025-12-08 23:37:08,000002,____________,GX-NN-T-ZCTX-000484"
"861410049520249,2023-04-07 09:42:23,233222,____________,SX-YA-T-ZCTX-000184"
"861410049502270,2025-12-08 23:40:21,202222,____________,SX-YA-T-ZCTX-000183"
"866094052861107,2025-12-08 12:16:20,333333,____________,GX-GL-T-ZCTX-000035"
"866094052861057,2025-12-08 23:58:53,000022,____________,GX-GL-T-ZCTX-000036"
"866094052861636,2025-12-08 12:34:42,333333,____________,GX-GL-T-ZCTX-000012"
"866094052618192,2025-12-08 23:46:31,020222,______(__)____,SX-SL-T-SSFX-000069"
"866094052431984,2025-12-08 12:12:10,323222,______(__)____,SX-SL-T-SSFX-000068"
"861410049562357,2025-12-08 12:38:05,200222,____________,SX-XA-T-ZCTX-000611"
"861410049562324,2025-12-08 23:42:56,200222,____________,SX-XA-T-ZCTX-000610"
"861410049562084,2025-12-08 23:46:29,200222,____________,SX-XA-T-ZCTX-000609"
"860374056958950,2025-12-08 12:35:30,002000,____________,SX-XA-T-ZCTX-000608"
"860374056964438,2025-12-08 12:08:17,000000,____________,SX-XA-T-ZCTX-000605"
"861410049557860,2025-12-08 12:35:29,200222,____________,SX-XA-T-ZCTX-000607"
"861410049560559,2025-12-08 12:24:57,203222,____________,SX-XA-T-ZCTX-000606"
"866094052827272,2025-12-08 17:42:08,000002,____________,GX-GL-T-ZCTX-000038"
"866094052819964,2025-12-08 23:52:59,000222,____________,GX-GL-T-ZCTX-000002"
"860374057082107,2025-12-08 23:35:35,000000,____________,SX-YL-T-ZCTX-000019"
"866094052431828,2025-12-09 00:02:44,000000,____________,SX-YL-T-ZCTX-000018"
"866094052447253,2025-12-08 08:59:54,000000,____________,SX-YL-T-ZCTX-000017"
"861410049560666,2024-09-19 12:36:58,232222,____________,SX-XY-T-ZCTX-000030"
"861410049508186,2025-07-16 12:24:42,232222,____________,SX-XY-T-ZCTX-000029"
"868681049091158,2025-12-08 23:40:53,020222,____________,GX-GL-T-ZCTX-000064"
"868681049092164,2025-12-08 23:54:42,020222,____________,GX-GL-T-ZCTX-000063"
"868681049140484,2025-12-08 23:55:54,020222,____________,GX-GL-T-ZCTX-000062"
"868681049091026,2025-12-07 18:40:51,323222,____________,GX-GL-T-ZCTX-000061"
"866094051507313,2025-12-08 23:38:57,020222,____________,GX-NN-T-ZCTX-000098"
"866094052533847,2025-12-08 23:40:55,020222,______(__)____,SX-SL-T-SSFX-000067"
"866094052605033,2025-12-08 23:41:16,020222,______(__)____,SX-SL-T-SSFX-000066"
"866094052833130,2025-07-16 12:45:28,323222,____________,GX-GL-T-ZCTX-000060"
"868681049135039,2025-12-08 23:34:28,020222,____________,GX-GL-T-ZCTX-000059"
"866094052864499,2025-12-08 23:36:14,020222,____________,GX-LZ-T-ZCTX-000016"
"866094052864515,2025-12-08 23:35:42,020222,____________,GX-LZ-T-ZCTX-000015"
"866094058454485,2025-12-08 23:50:58,002000,____________,GX-GL-T-ZCTX-000003"
"866094052801038,2025-12-09 00:02:15,002000,____________,GX-GL-T-ZCTX-000003"
"866094052828346,2025-12-08 23:39:43,322222,____________,GX-GL-T-ZCTX-000058"
"866094052864762,2025-12-08 12:32:06,000000,____________,GX-GL-T-ZCTX-000007"
"866094052864135,2023-05-25 09:00:43,333232,____________,GX-GL-T-ZCTX-000010"
"866094052603905,2025-12-08 23:41:51,002333,____________,SX-AK-T-ZCTX-000005"
"866094052616071,2025-07-18 21:49:04,323222,____________,SX-AK-T-ZCTX-000004"
"866094052459753,2025-12-08 23:57:58,020222,____________,SX-AK-T-ZCTX-000003"
"866094058465457,2025-12-08 22:49:19,000000,____________,GX-GL-T-ZCTX-000004"
"866094052828239,2025-12-08 22:48:56,000000,____________,GX-GL-T-ZCTX-000006"
"866094052861727,2025-12-08 22:48:59,000000,____________,GX-GL-T-ZCTX-000005"
"860374056961277,2025-12-08 12:25:31,000000,____________,SX-XA-T-ZCTX-000604"
"860374056944208,2025-12-08 12:11:55,000000,____________,SX-XA-T-ZCTX-000603"
"866094052820954,2025-12-08 23:53:11,003333,____________,GX-GL-T-ZCTX-000041"
"866094052820012,2025-12-08 23:55:15,303333,____________,GX-GL-T-ZCTX-000040"
"866094052828254,2025-12-08 23:59:17,003333,____________,GX-GL-T-ZCTX-000039"
"866094052861768,2025-12-08 23:54:46,003333,____________,GX-GL-T-ZCTX-000042"
"866094051507420,2025-12-08 23:41:42,323222,____________,GX-NN-T-ZCTX-000223"
"860374057091918,2024-10-11 16:12:08,333333,____________,AH-LA-T-ZCTX-000008"
"866094052603947,2024-10-11 16:28:06,333333,____________,AH-LA-KC-ZC-000007"
"860374057089870,2025-12-08 12:13:25,000002,____________,SX-XA-T-ZCTX-000602"
"860374056996885,2025-12-08 23:34:53,000000,____________,SX-XA-T-ZCTX-000601"
"860374056924341,2025-09-25 12:45:20,332233,____________,860374056924341"
"860374056935263,2025-12-08 12:11:00,002000,______(__)____,SX-XA-T-SSFX-000058"
"861410049562167,2025-06-16 16:35:23,233222,____________,SX-XA-T-ZCTX-000600"
"861410049503724,2024-12-02 06:23:22,233222,____________,SX-XA-T-ZCTX-000599"
"861410049520983,2024-07-26 10:45:14,233222,____________,861410049520983"
"861410049560203,2025-12-08 23:40:39,200222,____________,SX-XA-T-ZCTX-000597"
"861410049561847,2025-12-08 23:50:30,200222,____________,SX-XA-T-ZCTX-000596"
"861410049520090,2024-10-25 14:55:19,233222,____________,SX-XA-T-ZCTX-000595"
"861410049562373,2024-05-29 10:26:41,233222,____________,SX-XA-T-ZCTX-000594"
"861410049502817,2025-05-22 12:28:28,233222,____________,SX-XA-T-ZCTX-000592"
"861410049506669,2024-10-23 03:03:42,233222,____________,SX-XA-T-ZCTX-000591"
"861410049561797,2024-06-28 12:03:58,233222,____________,SX-XA-T-ZCTX-000590"
"861410049507998,2025-12-08 23:44:20,200222,____________,SX-XA-T-ZCTX-000589"
"861410049518987,2024-05-22 15:38:23,233222,____________,SX-XA-T-ZCTX-000588"
"861410049502684,2025-02-13 10:39:36,233222,____________,SX-XA-T-ZCTX-000587"
"866094052604978,2025-12-08 12:45:50,323222,______(__)____,SX-SL-T-SSFX-000060"
"866094051542385,2025-12-08 23:55:54,020222,____________,GX-NN-T-ZCTX-000222"
"866094051542427,2025-12-08 23:46:37,020222,____________,GX-NN-T-ZCTX-000221"
"866094051533996,2025-12-08 23:34:31,020222,____________,GX-NN-T-ZCTX-000220"
"866094051542377,2025-12-08 23:17:18,020222,____________,GX-NN-T-ZCTX-000219"
"866094051542302,2025-12-08 23:51:50,020222,____________,GX-NN-T-ZCTX-000218"
"866094051542393,2025-10-11 12:29:18,323222,____________,GX-NN-T-ZCTX-000217"
"866094051542351,2025-12-08 23:59:55,020222,____________,GX-NN-T-ZCTX-000216"
"866094052621188,2025-12-09 00:01:00,020222,______(__)____,SX-SL-T-SSFX-000062"
"866094052616154,2025-12-08 12:47:02,323222,______(__)____,SX-SL-T-SSFX-000061"
"866094058516994,2023-10-12 09:18:46,333222,____________,GX-NN-T-ZCTX-000616"
"866094052770704,2025-12-08 22:35:59,003322,____________,GX-NN-T-ZCTX-001215"
"866094052804883,2024-10-14 17:00:22,333333,____________,866094052804883"
"866094058457538,2025-12-08 23:40:10,020222,____________,GX-NN-T-ZCTX-000611"
"866094052834096,2025-12-08 23:38:33,003233,____________,GX-NN-T-ZCTX-000614"
"866094052827462,2025-12-08 23:38:37,003030,____________,GX-NN-T-ZCTX-000613"
"866094052861610,2025-12-08 23:49:15,020222,____________,GX-NN-T-ZCTX-000612"
"866094052615966,2025-12-08 12:15:34,323222,______(__)____,SX-SL-T-SSFX-000059"
"866094052459597,2025-12-09 00:02:35,020222,______(__)____,SX-SL-T-SSFX-000058"
"866094052618184,2025-12-08 23:42:09,020222,______(__)____,SX-SL-T-SSFX-000057"
"866094052459571,2025-12-08 12:40:16,323222,______(__)____,SX-SL-T-SSFX-000056"
"866094052506397,2025-12-09 00:01:58,020222,______(__)____,SX-SL-T-SSFX-000055"
"866094052604929,2025-12-08 23:35:09,020222,______(__)____,SX-SL-T-SSFX-000054"
"866094052466758,2025-12-08 23:38:50,020222,______(__)____,SX-SL-T-SSFX-000053"
"866094052603855,2025-12-08 23:51:38,020222,______(__)____,SX-SL-T-SSFX-000052"
"866094052435506,2025-12-08 12:29:42,323222,______(__)____,SX-SL-T-SSFX-000051"
"866094052623150,2025-12-08 22:44:19,020222,______(__)____,SX-SL-T-SSFX-000050"
"866094052552607,2025-12-08 23:39:07,020222,______(__)____,SX-SL-T-SSFX-000049"
"866094052459670,2025-12-08 23:39:52,020222,______(__)____,SX-SL-T-SSFX-000048"
"866094052615982,2025-08-13 09:34:09,323222,______(__)____,SX-SL-T-SSFX-000047"
"866094058449873,2025-12-08 23:52:59,000000,____________,GX-LZ-T-ZCTX-000325"
"866094052832736,2025-12-08 23:31:43,000000,____________,GX-LZ-T-ZCTX-000325"
"866094052603897,2025-07-25 23:26:02,323222,_________,JS-WX-T-ZYJ-000060"
"866094058456159,2023-07-24 07:20:22,332223,____________,866094052856159"
"866094058471471,2025-12-08 23:32:25,002223,____________,GX-LZ-T-ZCTX-000323"
"860374056962218,2023-09-02 23:10:35,333333,____________,860374056962218"
"861410049556730,2025-12-08 21:25:20,202222,______(__)____,SX-XA-T-SSFX-000063"
"860374056975780,2025-12-08 23:36:34,000000,____________,SX-YL-T-ZCTX-000014"
"868681049142720,2025-12-08 23:56:55,002000,____________,SX-YL-T-ZCTX-000016"
"860374057090118,2024-02-05 17:27:12,332333,____________,SX-YL-T-ZCTX-000015"
"860374056964578,2025-12-08 23:41:09,000000,____________,SX-YL-T-ZCTX-000012"
"868681049133133,2025-12-08 23:54:10,000000,____________,SX-YL-T-ZCTX-000011"
"866094052621261,2025-12-08 12:20:14,020222,______(__)____,SX-SL-T-SSFX-000046"
"866094052621147,2025-12-08 23:49:19,020222,______(__)____,SX-SL-T-SSFX-000045"
"866094052435449,2025-12-08 23:43:17,020222,______(__)____,SX-SL-T-SSFX-000044"
"866094052620867,2025-12-08 23:49:11,020222,______(__)____,SX-SL-T-SSFX-000043"
"866094052621287,2025-04-03 14:43:35,323222,______(__)____,SX-SL-T-SSFX-000042"
"866094052434129,2025-04-03 15:13:37,323222,______(__)____,SX-SL-T-SSFX-000041"
"866094052506256,2025-12-08 23:39:50,022222,____________,866094052506256"
"866094052434269,2025-09-17 23:48:12,323222,______(__)____,SX-SL-T-SSFX-000039"
"866094052435522,2025-12-08 23:49:18,020222,______(__)____,SX-SL-T-SSFX-000038"
"861410049561367,2025-12-09 00:01:13,200222,______(__)____,SX-XA-T-SSFX-000062"
"861410049507311,2025-12-09 00:02:27,200222,______(__)____,SX-XA-T-SSFX-000061"
"861410049558579,2025-12-08 23:53:13,200222,______(__)____,SX-XA-T-SSFX-000060"
"861410049561565,2025-05-22 12:16:47,233222,______(__)____,SX-XA-T-SSFX-000059"
"866094052864333,2025-12-08 12:26:29,022222,____________,GX-LZ-T-ZCTX-000322"
"866094052864317,2025-12-08 12:09:01,322222,____________,GX-LZ-T-ZCTX-000321"
"866094052828023,2025-12-08 23:49:40,003330,____________,GX-NN-T-ZCTX-000608"
"866094052804917,2025-12-08 23:51:11,003020,____________,GX-NN-T-ZCTX-000607"
"866094058454626,2024-10-26 18:23:32,333323,____________,866094058454626"
"866094052827496,2025-12-08 23:49:15,003300,____________,GX-NN-T-ZCTX-000606"
"866094052620883,2025-12-08 23:49:05,020222,______(__)____,SX-SL-T-SSFX-000037"
"866094052435654,2025-12-08 23:49:41,020222,______(__)____,SX-SL-T-SSFX-000036"
"866094052621006,2025-12-08 23:49:10,020222,______(__)____,SX-SL-T-SSFX-000035"
"866094052603871,2025-12-08 23:40:54,000300,____________,SX-AK-T-ZCTX-000002"
"866094052621246,2025-12-08 23:59:48,000300,____________,SX-AK-T-ZCTX-000001"
"866094052622848,2023-08-20 03:28:49,323222,____________,AH-LA-T-ZCTX-000007"
"860374056957895,2025-12-09 00:01:45,000000,____________,SX-YL-T-ZCTX-000010"
"860374056907148,2025-12-08 23:49:19,000000,____________,SX-YL-T-ZCTX-000008"
"868681049165747,2024-10-21 16:33:02,333333,____________,868681049165747"
"866094052447238,2024-09-17 05:20:17,333333,____________,866094052447238"
"868681049134701,2025-12-08 23:52:06,000000,____________,SX-YL-T-ZCTX-000006"
"868681049138058,2025-12-08 23:38:18,000000,____________,SX-YL-T-ZCTX-000005"
"866094052861628,2025-12-08 23:48:25,020222,____________,GX-NN-T-ZCTX-000605"
"866094052861701,2025-12-08 23:49:19,020222,____________,GX-NN-T-ZCTX-000604"
"866094051383616,2025-10-14 12:25:06,323222,____________,GX-NN-T-ZCTX-000602"
"866094058417334,2025-12-08 23:50:03,020222,____________,GX-NN-T-ZCTX-000601"
"866094051542708,2025-12-08 23:54:18,020222,____________,GX-NN-T-ZCTX-000600"
"866094051473797,2025-12-08 23:49:30,020222,____________,GX-NN-T-ZCTX-000599"
"866094058466323,2025-12-08 23:49:56,020222,____________,GX-NN-T-ZCTX-000598"
"866094058443157,2025-12-08 23:44:02,020222,____________,GX-NN-T-ZCTX-000597"
"866094058400702,2025-12-08 23:43:18,020222,____________,GX-NN-T-ZCTX-000596"
"866094052828262,2025-12-08 23:48:41,020222,____________,GX-NN-T-ZCTX-000595"
"866094052828171,2025-12-08 23:51:12,020222,____________,GX-NN-T-ZCTX-000594"
"860374057076893,2025-12-08 23:35:05,002220,____________,AH-LA-T-ZCTX-000006"
"860374057076869,2025-12-08 23:48:54,000000,____________,SX-XA-T-ZCTX-000586"
"860374057039156,2025-12-08 23:38:22,000000,____________,SX-YA-T-ZCTX-000182"
"860374056944943,2025-12-08 12:48:22,000000,____________,SX-XA-T-ZCTX-000585"
"860374057082024,2025-12-08 23:50:02,000000,____________,SX-YL-T-ZCTX-000004"
"860374056939943,2025-12-08 23:35:23,000000,____________,SX-YL-T-ZCTX-000003"
"868681049096280,2025-12-08 23:34:10,000000,____________,SX-XA-T-ZCTX-000582"
"866094052777162,2025-12-08 23:41:10,020222,____________,GX-LZ-T-ZCTX-000103"
"866094052787336,2025-12-09 00:01:31,020222,____________,GX-LZ-T-ZCTX-000097"
"866094052434145,2025-12-08 23:44:40,020222,______(__)____,SX-SL-T-SSFX-000034"
"866094052434244,2025-12-08 23:52:16,020222,______(__)____,SX-SL-T-SSFX-000033"
"866094052435464,2025-12-08 23:48:23,020222,______(__)____,SX-SL-T-SSFX-000032"
"866094052603830,2025-12-08 23:47:52,020222,______(__)____,SX-SL-T-SSFX-000029"
"866094052435563,2025-12-08 23:48:09,020222,______(__)____,SX-SL-T-SSFX-000028"
"866094052616196,2025-12-08 23:48:03,020222,______(__)____,SX-SL-T-SSFX-000027"
"866094052832488,2025-12-08 23:39:51,003333,____________,GX-NN-T-ZCTX-000591"
"866094058450855,2024-03-23 17:03:38,333333,____________,866094058450855"
"866094052833759,2025-12-08 23:42:59,003333,____________,GX-NN-T-ZCTX-000590"
"866094052795818,2025-12-08 23:32:21,022222,____________,GX-NN-T-ZCTX-000494"
"866094051467542,2025-12-08 23:38:24,020222,____________,GX-LZ-T-ZCTX-000118"
"866094052603921,2025-12-09 00:02:27,323222,______(__)____,SX-SL-T-SSFX-000026"
"866094052435548,2025-12-08 23:33:04,020222,______(__)____,SX-SL-T-SSFX-000025"
"866094052621022,2025-12-09 00:02:31,020222,______(__)____,SX-SL-T-SSFX-000024"
"866094052533920,2025-12-09 00:02:48,020222,______(__)____,SX-SL-T-SSFX-000023"
"866094052826555,2025-06-06 15:14:27,333333,____________,866094052826555"
"868681049134545,2021-07-23 09:29:21,332223,____________,868681049134545"
"860374057020214,2024-01-08 11:05:01,302220,____________,SX-XA-T-ZCTX-000580"
"866094058465986,2025-12-08 23:33:49,000000,____________,GX-NN-T-ZCTX-000587"
"866094058450822,2025-12-08 23:35:16,000000,____________,GX-NN-T-ZCTX-000587"
"866094051540686,2025-12-08 23:39:49,003003,____________,GX-NN-T-ZCTX-000585"
"866094058479235,2025-12-09 00:01:26,000330,____________,GX-NN-T-ZCTX-000586"
"861410049562555,2025-12-08 23:34:45,202222,____________,SX-XY-T-ZCTX-000027"
"866094052435589,2025-12-08 23:44:24,020222,______(__)____,SX-SL-T-SSFX-000100"
"866094052434202,2025-12-08 12:04:59,020222,______(__)____,SX-SL-T-SSFX-000099"
"860374056966177,2025-07-21 04:04:59,333333,______(__)____,SX-XA-T-SSFX-000057"
"866094052506413,2025-12-08 23:36:09,022222,______(__)____,SX-SL-T-SSFX-000022"
"866094052447113,2024-09-12 16:02:20,332233,____________,866094052447113"
"866094052506439,2025-12-08 23:35:16,022222,______(__)____,SX-SL-T-SSFX-000021"
"861410049561904,2023-12-31 13:35:44,233222,______(__)____,SX-HZ-T-SSFX-000021"
"860374056981895,2025-12-09 00:02:02,003033,______(__)____,SX-HZ-T-SSFX-000020"
"866094058471901,2024-04-14 09:51:01,332333,____________,SX-YL-T-ZCTX-000001"
"866094052506454,2025-12-08 23:51:03,022222,______(__)____,SX-SL-T-SSFX-000020"
"866094052834302,2025-12-08 23:39:17,003000,____________,GX-NN-T-ZCTX-000584"
"866094052506371,2025-12-08 23:56:35,020222,______(__)____,SX-SL-T-SSFX-000019"
"866094052435621,2025-12-08 12:13:58,323222,______(__)____,SX-SL-T-SSFX-000030"
"866094052435605,2025-12-08 23:56:55,020222,______(__)____,SX-SL-T-SSFX-000031"
"866094052826894,2025-12-08 23:51:32,003302,____________,GX-NN-T-ZCTX-000583"
"860374056934498,2025-12-08 19:24:32,002000,____________,SX-XA-T-ZCTX-000579"
"866094058448461,2025-12-08 12:44:22,000000,____________,SX-XA-T-ZCTX-000577"
"868681049096579,2025-12-08 23:45:36,000000,____________,SX-BJ-T-ZCTX-000123"
"866094052603939,2021-07-11 13:03:17,333332,____________,AH-LA-KC-ZC-000008"
"866094052791403,2025-12-08 23:33:05,003223,____________,GX-LZ-T-ZCTX-000229"
"866094058465507,2025-12-08 23:42:36,003333,____________,GX-LZ-T-ZCTX-000228"
"866094058471422,2025-12-08 23:37:48,020222,____________,GX-LZ-T-ZCTX-000241"
"866094052552789,2023-07-20 20:29:37,332333,____________,AH-LA-KC-ZC-000009"
"866094052534662,2025-12-08 23:49:04,000000,__________,866094052534662"
"860374057090357,2024-01-28 10:47:00,332333,____________,860374057090357"
"860374057098749,2024-08-14 12:35:13,333332,____________,SX-XA-T-ZCTX-000274"
"860374057099085,2025-12-08 12:29:25,000000,______(__)____,SX-SL-T-SSFX-000018"
"860374057038919,2025-02-21 09:31:32,333333,____________,SX-BJ-T-ZCTX-000122"
"860374057045807,2025-12-08 12:34:21,000002,______(__)____,SX-SL-T-SSFX-000017"
"866094058471638,2025-12-08 23:57:39,000330,____________,GX-NN-T-ZCTX-000580"
"866094052826563,2025-12-08 23:33:51,000000,____________,GX-NN-T-ZCTX-000582"
"866094058455631,2025-12-08 12:29:42,000000,____________,GX-NN-T-ZCTX-000581"
"866094052770688,2025-12-08 12:46:12,333333,____________,GX-NN-T-ZCTX-000581"
"860374056930850,2025-02-09 17:31:08,332332,______(__)____,SX-SL-T-SSFX-000016"
"866094058471489,2025-12-08 23:56:05,002033,____________,GX-NN-T-ZCTX-000579"
"866094058465044,2025-12-08 23:59:01,002323,____________,GX-LZ-T-ZCTX-000243"
"866094052819782,2025-06-15 03:22:49,333333,____________,GX-LZ-T-ZCTX-000242"
"866094058478088,2025-12-08 23:54:24,003300,____________,GX-NN-T-ZCTX-000578"
"866094058480241,2025-12-08 12:28:43,323222,____________,GX-LZ-T-ZCTX-000240"
"866094058471646,2025-12-08 23:40:29,002230,____________,GX-LZ-T-ZCTX-000239"
"866094058459971,2025-12-08 23:34:41,002200,____________,GX-LZ-T-ZCTX-000238"
"866094058477775,2025-12-09 00:01:17,002200,____________,GX-LZ-T-ZCTX-000238"
"860374056939349,2025-12-08 12:44:57,000000,____________,SX-XA-T-ZCTX-000573"
"866094058454063,2025-12-08 12:49:48,000022,____________,GX-NN-T-ZCTX-000577"
"866094058477759,2025-12-08 12:29:35,333322,____________,GX-NN-T-ZCTX-000577"
"866094058465499,2025-12-08 23:41:18,003333,____________,GX-LZ-T-ZCTX-000236"
"866094052819824,2025-12-08 23:59:02,003022,____________,GX-LZ-T-ZCTX-000235"
"866094052827587,2025-12-08 23:58:34,003300,____________,GX-LZ-T-ZCTX-000234"
"866094052787443,2025-07-10 12:07:37,323222,____________,GX-LZ-T-ZCTX-000233"
"866094052787831,2025-12-08 23:38:57,020222,____________,GX-LZ-T-ZCTX-000232"
"866094052449374,2025-12-08 23:34:46,000000,____________,AH-HF-T-ZC-000032"
"866094052466931,2025-12-08 23:33:59,000000,____________,AH-HF-T-ZC-000032"
"866094058478096,2024-11-03 17:30:17,323222,____________,866094058478096"
"866094052795107,2024-11-03 19:31:27,323222,____________,866094052795107"
"866094052622806,2025-12-08 23:34:11,002200,____________,AH-HF-T-ZC-000031"
"866094052432370,2025-05-22 12:44:12,333333,____________,SX-XA-T-ZCTX-000572"
"860374057039743,2025-12-08 23:36:57,002200,____________,AH-HF-T-ZC-000031"
"866094058423381,2025-12-08 23:33:52,000000,____________,AH-HF-T-ZC-000033"
"860374056903634,2025-09-26 05:22:40,333333,____________,SX-XA-T-ZCTX-000571"
"868681049140724,2024-09-19 12:36:58,333233,______(__)____,SX-XA-T-SSFX-000055"
"866094058467883,2025-12-08 23:50:01,020222,____________,GX-NN-T-ZCTX-000574"
"866094058450343,2023-07-07 13:32:03,332233,____________,866094058450343"
"866094058467131,2025-12-08 23:49:37,020222,____________,GX-NN-T-ZCTX-000573"
"866094058471554,2025-11-24 12:22:44,323222,____________,GX-NN-T-ZCTX-000571"
"866094051541510,2025-12-08 23:52:05,020222,____________,GX-NN-T-ZCTX-000570"
"861410049559171,2025-06-18 15:51:41,233222,______(__)____,SX-HZ-T-SSFX-000019"
"861410049507733,2025-12-08 23:36:37,200222,______(__)____,SX-HZ-T-SSFX-000018"
"868681043914033,2024-11-12 16:50:38,333333,____________,SX-XA-T-ZCTX-000569"
"860374057082990,2022-11-21 03:18:43,333333,____________,AH-HF-T-ZC-000030"
"866094052603913,2022-11-21 03:00:12,333333,____________,AH-HF-T-ZC-000030"
"866094058479276,2025-12-08 23:54:06,003333,____________,GX-LZ-T-ZCTX-000225"
"866094058477833,2025-12-08 23:55:17,003333,____________,GX-LZ-T-ZCTX-000224"
"866094052525082,2023-09-12 07:07:08,333322,__________,866094052525082"
"868681043944139,2025-12-08 23:35:31,000000,____________,SX-XA-T-ZCTX-000568"
"866094052795313,2025-12-09 00:00:00,003022,__________,866094052795313"
"866094058457553,2025-12-08 23:59:24,003333,____________,GX-LZ-T-ZCTX-000223"
"866094058459914,2023-12-25 09:50:34,333333,____________,GX-LZ-T-ZCTX-000222"
"866094052833221,2025-05-23 21:25:20,333333,____________,GX-LZ-T-ZCTX-000222"
"866094052819790,2025-12-08 23:59:22,003323,____________,GX-LZ-T-ZCTX-000221"
"866094052826571,2025-12-08 23:59:25,003323,____________,GX-LZ-T-ZCTX-000220"
"866094052524697,2025-12-08 23:34:54,020222,__________,866094052524697"
"866094058471851,2025-12-08 23:42:20,002200,____________,GX-NN-T-ZCTX-000569"
"866094052615867,2025-12-08 23:50:41,020222,____________,AH-LA-T-ZCTX-000004"
"866094052434186,2025-12-09 00:02:59,000000,____________,AH-HF-T-ZC-000033"
"861410049506917,2024-07-19 07:09:37,233222,______(__)____,SX-HZ-T-SSFX-000017"
"861410049559106,2024-10-11 03:23:35,233222,______(__)____,SX-HZ-T-SSFX-000016"
"868681049132317,2025-12-08 19:24:21,000000,____________,SX-XA-T-ZCTX-000566"
"860374056962994,2022-08-22 03:28:45,332333,____________,AH-HF-T-ZC-000029"
"866094052622756,2022-08-22 03:42:15,332333,____________,AH-HF-T-ZC-000029"
"860374056980863,2025-12-08 23:43:23,002000,____________,AH-HF-T-ZC-000028"
"866094052552094,2025-12-09 00:02:36,002000,____________,AH-HF-T-ZC-000028"
"868681043926805,2023-07-05 09:45:16,333333,____________,SX-XA-T-ZCTX-000565"
"866094052505688,2024-06-07 11:54:08,323222,____________,AH-LA-T-ZCTX-000003"
"866094052466790,2024-10-21 04:13:58,323222,____________,AH-LA-T-ZCTX-000002"
"866094052622863,2023-08-21 19:15:58,323222,____________,AH-LA-T-ZCTX-000001"
"866094058465135,2025-12-08 23:04:20,020222,____________,GX-NN-T-ZCTX-000568"
"866094058479441,2025-12-09 00:00:43,020222,____________,GX-NN-T-ZCTX-000567"
"866094058437415,2024-11-25 10:29:22,323222,____________,GX-NN-T-ZCTX-000566"
"866094058412160,2025-12-08 23:36:02,020222,____________,GX-NN-T-ZCTX-000565"
"866094058479508,2025-12-08 23:34:21,020222,____________,GX-NN-T-ZCTX-000564"
"866094058468980,2022-08-25 18:32:58,332332,____________,AH-HF-T-ZC-000027"
"866094058455524,2025-12-08 23:42:09,020222,____________,GX-NN-T-ZCTX-000563"
"866094058417532,2025-12-08 23:41:06,020222,____________,GX-NN-T-ZCTX-000562"
"866094058465036,2025-06-16 11:13:17,323222,____________,GX-NN-T-ZCTX-000558"
"866094058467305,2025-12-08 23:40:51,020222,____________,GX-NN-T-ZCTX-000556"
"866094058467545,2025-12-08 23:57:35,020222,____________,GX-NN-T-ZCTX-000555"
"866094058417417,2025-12-08 23:42:13,020222,____________,GX-NN-T-ZCTX-000554"
"866094058467263,2025-12-08 23:42:51,020222,____________,GX-NN-T-ZCTX-000553"
"866094058467487,2025-12-08 23:42:26,020222,____________,GX-NN-T-ZCTX-000552"
"868681049142332,2025-12-08 23:34:58,020222,____________,GX-NN-T-ZCTX-000551"
"866094058467495,2025-12-08 23:42:01,020222,____________,GX-NN-T-ZCTX-000550"
"866094058467503,2024-12-15 09:16:35,323222,____________,GX-NN-T-ZCTX-000549"
"866094058417524,2025-12-08 23:42:08,020222,____________,GX-NN-T-ZCTX-000547"
"866094058417342,2025-12-08 23:42:53,020222,____________,GX-NN-T-ZCTX-000546"
"860374056973868,2025-12-08 21:15:28,000002,______(__)____,SX-SL-T-SSFX-000015"
"860374057090225,2025-12-08 23:49:23,000000,______(__)____,SX-SL-T-SSFX-000014"
"868681049155805,2025-08-14 12:03:40,333333,____________,SX-XA-T-ZCTX-000564"
"866094058418258,2025-12-08 12:40:05,323222,____________,GX-NN-T-ZCTX-000545"
"866094058456001,2024-09-24 10:49:20,333333,____________,866094058456001"
"866094052832744,2025-12-08 23:53:27,003322,____________,GX-NN-T-ZCTX-000536"
"866094052771652,2024-07-23 11:39:36,333333,____________,GX-NN-T-ZCTX-000533"
"860374056973082,2025-12-08 12:28:23,000002,______(__)____,SX-SL-T-SSFX-000013"
"866094058466315,2025-12-08 23:54:59,020222,____________,GX-NN-T-ZCTX-000532"
"861410049557365,2025-12-08 12:44:10,200222,____________,SX-XA-T-ZCTX-000563"
"861410049557043,2025-12-08 23:34:50,200222,____________,SX-XA-T-ZCTX-000562"
"860374057061481,2025-12-08 23:52:00,000000,______(__)____,SX-HZ-T-SSFX-000014"
"861410049560187,2025-12-08 23:50:02,200222,____________,SX-XA-T-ZCTX-000561"
"861410049560625,2025-12-08 23:51:25,200222,____________,SX-XA-T-ZCTX-000560"
"860374056973090,2025-12-09 00:02:13,000002,______(__)____,SX-SL-T-SSFX-000012"
"860374056986597,2022-04-10 15:58:45,332333,____________,AH-HF-T-ZC-000026"
"866094052434103,2022-04-10 15:52:08,332333,____________,AH-HF-T-ZC-000026"
"860374056980582,2025-04-07 19:19:04,333333,____________,AH-HF-T-ZC-000025"
"866094052552623,2025-04-07 19:30:37,333333,____________,AH-HF-T-ZC-000025"
"861410049533010,2025-12-09 00:00:25,202222,______(__)____,SX-SL-T-SSFX-000010"
"860374056926734,2025-12-09 00:01:58,000002,______(__)____,SX-SL-T-SSFX-000011"
"868681043895067,2025-12-08 23:51:38,002000,____________,SX-XA-T-ZCTX-000559"
"866094052459472,2022-08-25 18:34:52,332332,____________,AH-HF-T-ZC-000027"
"860374057096222,2024-09-19 12:36:58,333333,____________,860374057096222"
"860374056958331,2024-10-22 15:17:59,333333,____________,SX-XA-T-ZCTX-000557"
"860374056949504,2021-04-22 13:58:41,333333,____________,ZJ-NB-T-ZC-000011"
"860374057095539,2022-01-16 13:32:56,333333,____________,860374057095539"
"868681043922242,2025-12-08 23:37:15,000000,____________,SX-XA-T-ZCTX-000355"
"866094052604028,2024-06-15 10:08:16,323222,____________,ZJ-NB-T-ZC-000012"
"860374056959156,2025-12-09 00:02:40,000000,____________,JS-TZ-T-ZC-000002"
"866094052459696,2025-12-09 00:01:31,000000,____________,JS-TZ-T-ZC-000002"
"866094052604002,2025-07-08 21:40:30,323222,____________,JS-TZ-T-ZC-000001"
"866094058472065,2022-07-07 16:56:18,333333,______(__)____,SX-HZ-T-SSFX-000012"
"860374057041400,2023-10-24 11:40:31,332333,______(__)____,SX-HZ-T-SSFX-000011"
"868681049147893,2025-12-08 12:19:13,002200,______(__)____,SX-XA-T-SSFX-000051"
"861410049523540,2025-12-08 12:07:05,202222,____________,SX-WN-T-ZCTX-000154"
"866094052834310,2025-12-08 23:39:16,003022,____________,GX-LZ-T-ZCTX-000219"
"866094052831779,2025-12-08 23:52:30,020222,____________,GX-LZ-T-ZCTX-000218"
"866094052824170,2025-12-08 23:52:29,020222,____________,GX-LZ-T-ZCTX-000217"
"868681049091463,2025-12-08 23:38:16,002202,____________,SX-XA-T-ZCTX-000451"
"860374056937301,2025-12-08 17:27:50,002200,____________,SX-XA-T-ZCTX-000450"
"866094052621089,2025-12-08 23:34:00,020222,____________,AH-HF-T-ZC-000024"
"866094052552888,2025-12-08 23:33:08,020222,____________,AH-HF-T-ZC-000023"
"866094052552581,2025-12-08 23:34:54,020222,____________,AH-HF-T-ZC-000022"
"860374057044396,2025-12-08 18:40:03,000000,____________,SX-XA-T-ZCTX-000448"
"866094052622749,2025-12-08 23:42:26,020222,____________,AH-HF-T-ZC-000021"
"866094052621055,2022-06-22 08:03:09,323222,____________,AH-HF-T-ZC-000020"
"866094052624406,2025-12-08 23:56:24,020222,__________,866094052624406"
"866094052623176,2025-12-08 12:25:25,322222,__________,866094052623176"
"866094052525041,2025-12-08 12:33:03,322222,__________,866094052525041"
"866094052522766,2025-12-08 23:45:11,000000,__________,866094052522766"
"866094052522634,2025-12-08 12:12:19,003333,__________,866094052522634"
"866094052534423,2025-11-21 18:01:22,333333,__________,866094052534423"
"866094052604846,2025-12-08 12:09:44,333333,__________,866094052604846"
"866094052604903,2025-12-09 00:02:05,003000,__________,866094052604903"
"866094052534373,2025-11-22 06:22:13,333333,__________,866094052534373"
"866094052623937,2025-12-09 00:02:30,003000,__________,866094052623937"
"866094052522576,2025-12-08 23:57:14,000000,__________,866094052522576"
"866094052623077,2025-12-08 23:19:46,000033,__________,866094052623077"
"866094052522733,2025-12-08 12:04:33,333333,__________,866094052522733"
"866094052623804,2025-12-09 00:01:47,003330,__________,866094052623804"
"866094052622996,2025-12-06 20:11:30,333333,__________,866094052622996"
"866094052623408,2025-12-08 23:36:20,000000,__________,866094052623408"
"866094052604861,2025-12-08 23:55:46,000000,__________,866094052604861"
"866094052623747,2025-12-09 00:01:02,000000,__________,866094052623747"
"866094052533854,2025-12-08 23:39:20,003000,__________,866094052533854"
"866094052534118,2025-08-09 16:46:39,323222,__________,866094052534118"
"866094052534290,2025-12-08 23:58:40,020222,__________,866094052534290"
"866094052623192,2025-12-08 12:32:12,323222,__________,866094052623192"
"866094052534258,2025-12-08 12:03:35,323222,__________,866094052534258"
"866094052534084,2025-12-08 12:03:46,323222,__________,866094052534084"
"866094052623242,2025-10-21 04:03:38,323222,__________,866094052623242"
"866094052534126,2025-12-08 23:37:19,020222,__________,866094052534126"
"866094052624364,2025-12-08 23:47:26,020222,__________,866094052624364"
"866094052534159,2025-12-08 12:33:32,323222,__________,866094052534159"
"866094052623325,2025-12-08 23:57:02,020222,__________,866094052623325"
"866094052623424,2025-12-08 12:34:16,323222,__________,866094052623424"
"866094052623721,2025-12-04 02:05:40,333333,__________,866094052623721"
"866094052522717,2025-12-08 12:21:34,333333,__________,866094052522717"
"866094052623051,2025-12-08 12:25:51,333333,__________,866094052623051"
"866094052623861,2025-12-08 12:43:03,333333,__________,866094052623861"
"866094052553290,2024-06-18 09:20:12,333333,__________,866094052553290"
"866094052525199,2025-12-08 23:59:24,303333,__________,866094052525199"
"866094052623366,2025-12-08 12:26:12,000003,__________,866094052623366"
"866094052623010,2025-12-08 23:51:19,000000,__________,866094052623010"
"866094052623457,2025-12-08 23:51:14,003333,__________,866094052623457"
"866094052534522,2025-11-30 01:19:29,333333,__________,866094052534522"
"861410049562241,2025-12-08 12:05:27,202222,____________,SX-WN-T-ZCTX-000153"
"866094052533888,2025-12-08 12:23:33,003333,__________,866094052533888"
"866094052623788,2025-12-08 23:38:52,303000,__________,866094052623788"
"866094052522675,2025-12-08 23:36:30,000003,__________,866094052522675"
"866094052623440,2025-12-08 23:35:35,000000,__________,866094052623440"
"866094052522592,2025-10-07 05:28:48,333333,__________,866094052522592"
"866094052525272,2025-10-06 18:35:28,333333,__________,866094052525272"
"866094052522691,2025-12-03 16:37:36,333333,__________,866094052522691"
"866094052522758,2025-12-08 12:02:25,333333,__________,866094052522758"
"866094052522618,2025-12-08 23:47:18,000000,__________,866094052522618"
"866094052466899,2022-06-22 08:03:11,323222,____________,AH-HF-T-ZC-000019"
"860374057084491,2025-12-08 12:32:26,000000,____________,SX-XA-T-ZCTX-000447"
"866094052623184,2025-12-09 00:01:30,003333,__________,866094052623184"
"861410049506594,2025-12-08 23:48:48,202222,____________,SX-WN-T-ZCTX-000152"
"866094052623218,2023-08-10 18:38:06,333333,__________,866094052623218"
"866094052623846,2025-12-09 00:02:04,000303,__________,866094052623846"
"868681049139932,2025-12-09 00:00:45,200222,____________,JS-HA-T-ZC-000191"
"861410049559395,2021-02-02 17:08:01,233222,____________,JS-HA-T-ZC-000190"
"861410049558736,2025-12-09 00:00:23,200222,____________,JS-HA-T-ZC-000189"
"861410049505877,2024-12-16 15:07:09,233222,____________,JS-HA-T-ZC-000188"
"861410049531378,2025-12-08 23:56:56,200222,____________,JS-HA-T-ZC-000187"
"861410049558819,2025-12-08 23:39:33,200222,____________,JS-HA-T-ZC-000186"
"861410049535072,2025-12-08 23:34:28,200222,____________,JS-HA-T-ZC-000185"
"861410049559155,2025-12-08 23:47:43,200222,____________,JS-HA-T-ZC-000184"
"861410049561227,2021-02-19 03:05:55,233222,____________,JS-HA-T-ZC-000183"
"861410049558488,2025-12-08 23:40:04,200222,____________,JS-HA-T-ZC-000182"
"861410049560278,2024-12-14 16:35:50,233222,____________,JS-HA-T-ZC-000181"
"861410049558124,2025-12-08 23:47:45,200222,____________,JS-HA-T-ZC-000180"
"861410049521858,2025-12-08 23:55:36,200222,____________,JS-HA-T-ZC-000179"
"861410049520637,2025-12-08 23:43:02,200222,____________,JS-HA-T-ZC-000178"
"861410049520678,2024-03-12 09:46:20,233222,____________,JS-HA-T-ZC-000177"
"861410049522963,2025-12-08 23:54:14,200222,____________,JS-HA-T-ZC-000176"
"861410049560153,2025-12-08 23:33:31,200222,____________,JS-HA-T-ZC-000175"
"861410049559908,2025-12-08 23:45:53,200222,____________,JS-HA-T-ZC-000174"
"861410049544231,2025-12-08 23:35:55,200222,____________,JS-HA-T-ZC-000173"
"861410049519670,2025-01-10 10:44:06,233222,____________,JS-HA-T-ZC-000172"
"861410049506735,2025-07-29 13:34:33,233222,____________,JS-HA-T-ZC-000171"
"861410049507329,2025-12-08 23:41:15,200222,____________,JS-HA-T-ZC-000170"
"861410049519902,2025-12-08 23:56:30,200222,____________,JS-HA-T-ZC-000169"
"861410049558710,2025-11-14 10:40:33,233222,____________,JS-HA-T-ZC-000168"
"861410049558330,2025-12-09 00:02:48,200222,____________,JS-HA-T-ZC-000167"
"861410049507691,2025-12-08 23:49:28,200222,____________,JS-HA-T-ZC-000166"
"861410049507006,2025-02-16 10:38:16,233222,____________,JS-HA-T-ZC-000165"
"861410049544124,2023-10-05 18:54:25,233222,____________,JS-HA-T-ZC-000164"
"861410049560070,2025-12-08 23:51:19,200222,____________,JS-HA-T-ZC-000163"
"861410049559882,2025-12-08 23:53:40,200222,____________,JS-HA-T-ZC-000162"
"861410049557407,2025-12-08 23:37:27,200222,____________,JS-HA-T-ZC-000161"
"861410049519746,2025-12-08 23:38:51,200222,____________,JS-HA-T-ZC-000160"
"861410049506248,2025-12-08 23:35:30,200222,____________,JS-HA-T-ZC-000159"
"861410049559445,2025-12-08 23:48:23,200222,____________,JS-HA-T-ZC-000158"
"861410049559304,2025-12-08 23:36:48,200222,____________,JS-HA-T-ZC-000157"
"861410049522948,2025-12-09 00:02:10,200222,____________,JS-HA-T-ZC-000156"
"861410049520280,2025-12-08 23:40:38,200222,____________,JS-HA-T-ZC-000155"
"860374057094482,2025-05-24 13:21:20,332233,____________,SX-BJ-T-ZCTX-000121"
"861410049557209,2025-12-08 23:53:01,200222,____________,JS-HA-T-ZC-000154"
"861410049508129,2025-12-08 23:37:24,200222,____________,JS-HA-T-ZC-000153"
"861410049556854,2025-12-08 23:59:28,200222,____________,JS-HA-T-ZC-000152"
"861410049522310,2025-12-08 23:37:59,200222,____________,JS-HA-T-ZC-000151"
"866094052623820,2025-12-08 23:36:23,000000,__________,866094052623820"
"866094058471869,2025-12-08 12:38:51,020222,____________,GX-LZ-T-ZCTX-000216"
"866094058417615,2025-12-08 12:48:52,323222,____________,GX-LZ-T-ZCTX-000215"
"866094052798481,2025-12-08 12:20:24,000000,____________,GX-LZ-T-ZCTX-000213"
"866094052828049,2025-12-08 12:15:24,000000,____________,GX-LZ-T-ZCTX-000213"
"866094058451077,2025-12-08 12:15:41,000000,____________,GX-LZ-T-ZCTX-000212"
"866094052833023,2025-12-08 12:30:13,000000,____________,GX-LZ-T-ZCTX-000212"
"866094058517521,2025-12-08 12:43:34,002002,____________,GX-LZ-T-ZCTX-000211"
"866094052825904,2025-12-08 12:39:56,002002,____________,GX-LZ-T-ZCTX-000211"
"861410049521841,2025-12-08 23:56:37,200222,____________,SX-BJ-T-ZCTX-000118"
"861410049507584,2025-12-08 23:34:46,200222,____________,SX-BJ-T-ZCTX-000117"
"861410049522179,2025-07-11 06:50:48,233222,____________,SX-XA-T-ZCTX-000446"
"866094051364046,2025-12-08 23:50:27,020222,____________,GX-FCG-T-ZCTX-000008"
"868681049156019,2024-09-19 12:36:58,333333,______(__)____,SX-XA-T-SSFX-000007"
"866094058416344,2023-10-19 11:06:30,333333,____________,866094058416344"
"868681049090408,2023-10-19 11:36:29,333333,____________,868681049090408"
"860374057082081,2024-05-30 01:20:15,333333,____________,860374057082081"
"861410049561334,2025-12-08 23:42:40,202222,____________,SX-WN-T-ZCTX-000151"
"861410049544314,2025-12-08 12:18:13,202222,____________,SX-WN-T-ZCTX-000150"
"861410049515595,2021-01-27 23:40:17,232222,____________,861410049515595"
"861410049560508,2025-06-25 12:41:10,232222,____________,SX-WN-T-ZCTX-000148"
"861410049506875,2021-01-27 23:38:19,232222,____________,SX-WN-T-ZCTX-000147"
"861410049503708,2025-12-08 12:40:28,202222,____________,SX-WN-T-ZCTX-000146"
"861410049562274,2025-12-08 12:42:46,202222,____________,SX-WN-T-ZCTX-000145"
"866094052788060,2025-12-08 23:36:18,020222,____________,GX-BH-T-ZCTX-0000048"
"866094052769896,2025-12-08 23:36:59,003333,____________,GX-NN-T-ZCTX-000531"
"866094052837008,2025-12-08 23:54:23,003333,____________,GX-NN-T-ZCTX-000530"
"866094058471711,2025-12-08 23:53:09,323222,____________,GX-NN-T-ZCTX-000528"
"866094058467859,2025-12-08 12:19:04,020222,____________,GX-NN-T-ZCTX-000527"
"866094058471596,2025-12-08 23:35:37,020222,____________,GX-NN-T-ZCTX-000526"
"866094058467867,2025-12-08 23:53:14,323222,____________,GX-NN-T-ZCTX-000525"
"866094058467792,2025-12-08 23:40:37,323222,____________,GX-NN-T-ZCTX-000523"
"866094052798689,2025-12-08 23:35:42,020222,____________,GX-NN-T-ZCTX-000522"
"866094052791635,2024-11-02 12:31:22,323222,____________,GX-NN-T-ZCTX-000520"
"866094051408058,2025-12-08 23:52:43,020222,____________,GX-NN-T-ZCTX-000518"
"866094058466257,2025-12-08 23:35:45,020222,____________,GX-NN-T-ZCTX-000516"
"866094052827561,2025-12-08 23:35:22,020222,____________,GX-NN-T-ZCTX-000514"
"866094051363949,2025-12-08 23:36:57,020222,____________,GX-NN-T-ZCTX-000512"
"866094051507503,2025-12-08 23:35:53,020222,____________,GX-NN-T-ZCTX-000511"
"866094052798507,2024-11-05 04:57:34,333333,____________,866094052798507"
"866094052825896,2025-12-08 23:47:43,003330,____________,GX-LZ-T-ZCTX-000210"
"866094052832983,2025-12-08 21:01:36,000000,____________,GX-LZ-T-ZCTX-000209"
"866094052832967,2025-12-08 23:42:58,000000,____________,GX-LZ-T-ZCTX-000208"
"861410049559536,2025-12-08 12:46:09,202222,____________,SX-XA-T-ZCTX-000438"
"866094052771678,2025-12-09 00:01:57,000322,____________,GX-LZ-T-ZCTX-000204"
"866094052832876,2025-12-09 00:00:50,000300,____________,GX-LZ-T-ZCTX-000196"
"860374056930769,2025-12-08 23:48:37,002200,____________,SX-XA-T-ZCTX-000426"
"868681043949997,2025-12-08 23:57:10,000000,____________,SX-XY-T-ZCTX-000026"
"866094052826167,2025-12-08 23:58:15,020222,_________,GX-BS-T-ZYJ-000027"
"866094051541627,2024-06-17 14:16:18,333333,_________,866094051541627"
"866094058417433,2025-12-08 23:42:33,022222,____________,GX-GL-T-ZCTX-000057"
"866094058450319,2025-03-02 17:58:26,333333,____________,866094058450319"
"866094052832900,2025-12-08 23:54:33,003333,____________,GX-LZ-T-ZCTX-000194"
"866094058517505,2025-12-08 23:36:43,000000,____________,866094058517505"
"866094058467081,2025-12-08 23:58:15,000000,____________,866094058467081"
"866094058449659,2023-07-07 13:14:25,333333,____________,866094058449659"
"866094052770662,2025-12-08 18:13:03,003333,____________,GX-LZ-T-ZCTX-000193"
"866094058455169,2024-04-03 07:19:40,333333,____________,866094058455169"
"866094052831720,2025-12-08 23:56:29,000300,____________,GX-LZ-T-ZCTX-000192"
"866094052832512,2025-12-08 23:37:13,020222,_________,GX-BS-T-ZYJ-000104"
"866094058451028,2025-12-08 23:53:04,002000,____________,GX-LZ-T-ZCTX-000185"
"866094052834260,2025-12-08 23:59:55,002000,____________,GX-LZ-T-ZCTX-000185"
"866094058417490,2025-12-08 18:02:03,000000,____________,GX-LZ-T-ZCTX-000184"
"866094052828072,2025-12-08 23:57:32,000000,____________,GX-LZ-T-ZCTX-000183"
"866094058454568,2025-07-18 10:59:12,333333,____________,866094058454568"
"866094058471752,2025-12-08 23:33:00,003000,____________,GX-LZ-T-ZCTX-000182"
"866094058517000,2025-07-18 11:15:46,333333,____________,866094058517000"
"866094052770647,2025-12-08 23:45:29,303333,____________,GX-LZ-T-ZCTX-000181"
"866094058449865,2025-08-18 10:40:34,333333,____________,866094058449865"
"866094052833122,2025-08-27 12:12:44,333333,____________,GX-LZ-T-ZCTX-000180"
"861410049515611,2025-12-08 23:38:38,200222,____________,SX-YA-T-ZCTX-000181"
"861410049503765,2025-12-08 23:56:20,200222,____________,SX-YA-T-ZCTX-000180"
"861410049507915,2025-12-08 16:27:03,200222,____________,SX-YA-T-ZCTX-000179"
"861410049558017,2025-12-09 00:02:47,200222,____________,SX-YA-T-ZCTX-000178"
"861410049558181,2024-10-29 12:36:58,233222,____________,861410049558181"
"861410049520710,2025-12-08 23:49:36,200222,____________,SX-TC-T-ZCTX-000045"
"861410049557191,2025-12-08 23:37:48,200222,____________,SX-TC-T-ZCTX-000044"
"866094051542757,2025-12-08 23:36:41,020222,_________,GX-BS-T-ZYJ-000102"
"866094052831886,2025-08-27 12:33:28,333233,_________,GX-BS-T-ZYJ-000072"
"861410049520181,2025-12-08 23:52:23,200222,____________,SX-TC-T-ZCTX-000043"
"861410049556797,2025-12-08 23:32:07,200222,____________,SX-TC-T-ZCTX-000042"
"861410049557977,2025-12-08 12:16:37,200222,____________,SX-TC-T-ZCTX-000041"
"861410049507360,2025-12-09 00:01:50,200222,____________,SX-TC-T-ZCTX-000040"
"861410049506826,2024-10-29 12:36:58,233222,____________,SX-TC-T-ZCTX-000039"
"861410049507287,2025-12-08 23:35:51,200222,____________,SX-TC-T-ZCTX-000038"
"866094058449857,2025-12-08 23:50:30,000000,____________,GX-LZ-T-ZCTX-000178"
"866094052825987,2025-12-09 00:00:16,000000,____________,GX-LZ-T-ZCTX-000178"
"866094058454782,2025-08-27 12:05:08,333332,____________,866094058454782"
"866094052804867,2025-12-08 23:52:15,003033,____________,GX-LZ-T-ZCTX-000177"
"866094052771686,2025-12-08 18:32:10,003330,____________,GX-LZ-T-ZCTX-000176"
"866094052826704,2025-12-08 18:32:09,000000,____________,GX-LZ-T-ZCTX-000175"
"861410049561243,2023-12-27 14:05:36,232222,______(__)____,SX-HZ-T-SSFX-000007"
"866094052832249,2025-12-08 23:42:25,020222,____________,GX-NN-T-ZCTX-000068"
"866094051510283,2025-12-08 23:40:24,020222,____________,GX-NN-T-ZCTX-000302"
"868681049156506,2025-12-08 23:57:27,000000,____________,SX-XA-T-ZCTX-000431"
"860374056907569,2025-06-23 12:36:42,333333,____________,SX-XA-T-ZCTX-000429"
"866094052790462,2025-12-08 23:42:27,000000,____________,GX-NN-T-ZCTX-000233"
"866094058457496,2025-12-08 23:45:36,020222,____________,GX-NN-T-ZCTX-000472"
"866094058468360,2025-12-08 23:42:11,020222,____________,GX-NN-T-ZCTX-000510"
"866094058466281,2025-12-08 23:52:00,020222,____________,GX-NN-T-ZCTX-000509"
"866094058477866,2025-12-08 23:34:00,020222,____________,GX-NN-T-ZCTX-000508"
"866094058467826,2025-12-08 23:34:32,020222,____________,GX-NN-T-ZCTX-000506"
"866094058471687,2025-12-08 23:33:44,020222,____________,GX-NN-T-ZCTX-000505"
"866094058471695,2025-12-08 23:37:25,020222,____________,GX-NN-T-ZCTX-000504"
"866094058477999,2025-12-08 23:34:19,020222,____________,GX-NN-T-ZCTX-000503"
"866094058471679,2025-12-08 23:51:10,020222,____________,GX-NN-T-ZCTX-000502"
"866094058471703,2025-12-08 23:48:57,020222,____________,GX-NN-T-ZCTX-000501"
"866094058471661,2025-12-08 23:32:48,020222,____________,GX-NN-T-ZCTX-000500"
"866094058468386,2025-12-08 23:35:11,020222,____________,GX-NN-T-ZCTX-000499"
"866094058477841,2025-12-08 23:38:15,020222,____________,GX-NN-T-ZCTX-000498"
"866094058472057,2025-12-08 23:32:52,020222,____________,GX-NN-T-ZCTX-000497"
"866094058468303,2025-12-08 23:37:32,020222,____________,GX-NN-T-ZCTX-000496"
"866094051542880,2025-12-08 23:48:17,020222,____________,GX-NN-T-ZCTX-000495"
"866094051360838,2025-12-08 23:32:44,020222,____________,GX-NN-T-ZCTX-000367"
"866094051500730,2023-10-11 14:10:40,323222,____________,866094051500730"
"866094051380323,2025-12-08 23:32:22,020222,____________,GX-NN-T-ZCTX-000373"
"866094051353510,2025-12-08 23:54:48,020222,____________,GX-NN-T-ZCTX-000374"
"866094051393086,2025-12-08 23:46:30,020222,____________,GX-NN-T-ZCTX-000376"
"866094052796717,2025-12-08 23:57:48,020222,____________,GX-NN-T-ZCTX-000178"
"866094058451218,2024-12-06 11:51:58,333333,____________,866094058451218"
"866094051473847,2025-12-08 23:51:11,020222,____________,GX-NN-T-ZCTX-000083"
"866094052791528,2025-12-09 00:00:48,020222,____________,GX-NN-T-ZCTX-000318"
"866094052770696,2025-12-08 23:53:16,003333,____________,GX-NN-T-ZCTX-000080"
"866094058449386,2024-03-12 09:53:17,333333,____________,866094058449386"
"866094058471539,2025-12-08 23:35:16,020222,____________,866094058471539"
"866094058471992,2025-12-08 23:17:34,020222,____________,866094058471992"
"866094058468329,2025-12-08 23:36:06,020222,_________,866094058468329"
"866094052832447,2025-12-08 23:40:47,000332,____________,GX-NN-T-ZCTX-000175"
"866094058467172,2025-12-08 23:36:24,323222,_________,GX-LB-T-ZYJ-000027"
"866094058454238,2024-10-14 13:03:03,333333,____________,866094058454238"
"866094052552664,2022-04-16 21:26:44,333333,____________,AH-HF-T-ZC-000001"
"861410049524423,2024-06-08 03:53:58,233222,______(__)____,SX-HZ-T-SSFX-000004"
"861410049519449,2025-12-08 23:37:46,202222,______(__)____,SX-SL-T-SSFX-000004"
"861410049558694,2025-12-08 23:33:59,202222,______(__)____,SX-SL-T-SSFX-000005"
"861410049561912,2025-12-09 00:01:25,202222,______(__)____,SX-SL-T-SSFX-000006"
"861410049507212,2025-12-08 19:49:30,202222,______(__)____,SX-SL-T-SSFX-000007"
"861410049502924,2025-12-08 23:55:40,202222,______(__)____,SX-HZ-T-SSFX-000002"
"861410049508145,2023-10-11 10:26:15,233222,______(__)____,SX-HZ-T-SSFX-000005"
"866094052795529,2025-12-08 23:58:04,000000,____________,GX-NN-T-ZCTX-000243"
"866094052796949,2025-12-08 23:58:07,003330,____________,GX-NN-T-ZCTX-000242"
"866094052800352,2025-12-08 23:57:29,303333,____________,GX-NN-T-ZCTX-000241"
"866094051540959,2025-12-08 23:58:10,003333,____________,GX-NN-T-ZCTX-000240"
"866094052797137,2025-11-04 00:36:45,333333,____________,GX-NN-T-ZCTX-000239"
"866094052794696,2025-12-08 23:47:40,000300,____________,GX-NN-T-ZCTX-000238"
"866094052795065,2025-12-08 23:57:26,000000,____________,GX-NN-T-ZCTX-000237"
"860374056949959,2025-05-22 12:11:54,332233,____________,860374056949959"
"866094058338621,2025-12-08 23:54:01,020222,_________,GX-CZ-T-ZYJ-000183"
"866094058467271,2025-12-08 23:53:11,020222,_________,GX-CZ-T-ZYJ-000182"
"866094058457504,2025-12-08 23:53:03,020222,_________,GX-CZ-T-ZYJ-000181"
"866094051452916,2025-12-08 23:33:41,020222,_________,GX-CZ-T-ZYJ-000180"
"866094051532477,2024-07-09 02:02:29,323222,_________,866094051532477"
"866094058454022,2025-07-16 12:18:13,333332,_________,866094058454022"
"866094058471810,2025-07-16 12:43:48,333332,_________,GX-CZ-T-ZYJ-000178"
"866094058451192,2025-12-08 12:49:17,000000,_________,GX-CZ-T-ZYJ-000177"
"866094058467164,2025-12-08 12:18:30,333333,_________,GX-CZ-T-ZYJ-000177"
"866094058451051,2025-12-08 12:08:35,000000,_________,GX-CZ-T-ZYJ-000176"
"866094058467438,2025-12-08 12:31:29,333333,_________,GX-CZ-T-ZYJ-000176"
"866094058464559,2025-12-08 23:59:19,000000,_________,GX-CZ-T-ZYJ-000172"
"866094058449428,2025-12-08 23:50:02,000000,_________,GX-CZ-T-ZYJ-000172"
"866094058479243,2025-12-08 23:54:09,020222,____________,GX-WZ-T-ZCTX-000232"
"866094058467834,2025-06-24 11:49:20,323222,____________,GX-WZ-T-ZCTX-000231"
"860374056924663,2024-12-09 00:46:29,332233,____________,SX-XA-T-ZCTX-000425"
"866094058479466,2025-12-08 23:54:08,020222,____________,GX-WZ-T-ZCTX-000233"
"866094052770738,2025-10-28 12:25:51,323222,____________,GX-NN-T-ZCTX-000493"
"866094052795016,2025-12-08 23:49:41,020222,____________,GX-NN-T-ZCTX-000492"
"866094058479250,2025-12-08 23:50:37,020222,____________,GX-NN-T-ZCTX-000491"
"866094051519755,2025-12-08 23:55:32,020222,____________,GX-NN-T-ZCTX-000490"
"866094051402515,2025-12-08 23:34:57,020222,____________,GX-NN-T-ZCTX-000488"
"866094051534606,2025-12-08 23:58:00,020222,____________,GX-NN-T-ZCTX-000487"
"866094051488761,2025-12-08 23:32:52,020222,____________,GX-NN-T-ZCTX-000486"
"866094058472008,2025-12-08 23:58:37,002223,____________,GX-NN-T-ZCTX-000483"
"866094052797160,2023-10-11 03:27:53,333332,____________,866094052797160"
"866094052805310,2025-12-08 23:48:51,000032,____________,GX-NN-T-ZCTX-000482"
"866094052827397,2025-05-29 09:26:43,333322,____________,GX-NN-T-ZCTX-000481"
"866094058457322,2025-12-08 23:50:38,020222,____________,GX-NN-T-ZCTX-000480"
"866094058464575,2025-12-08 23:51:45,020222,____________,GX-NN-T-ZCTX-000479"
"866094058443074,2025-12-08 23:50:48,020222,____________,GX-NN-T-ZCTX-000478"
"866094058478039,2024-04-08 08:39:49,323222,____________,866094058478039"
"866094058464971,2025-12-08 23:41:40,020222,____________,GX-NN-T-ZCTX-000474"
"866094058465879,2025-04-30 12:42:07,323222,____________,GX-NN-T-ZCTX-000471"
"866094058443082,2025-12-08 23:42:20,020222,____________,GX-NN-T-ZCTX-000470"
"866094058472040,2025-12-06 06:08:28,323222,____________,GX-NN-T-ZCTX-000469"
"866094058477817,2025-12-08 23:40:59,020222,____________,GX-NN-T-ZCTX-000468"
"866094058463957,2025-12-08 23:42:00,020222,____________,GX-NN-T-ZCTX-000467"
"866094052804842,2025-12-08 23:44:54,020222,____________,GX-NN-T-ZCTX-000466"
"866094052834104,2025-12-08 23:44:11,020222,____________,GX-NN-T-ZCTX-000465"
"866094052832041,2025-05-23 15:05:00,323222,____________,GX-NN-T-ZCTX-000464"
"866094052804834,2025-12-08 23:45:44,020222,____________,GX-NN-T-ZCTX-000463"
"860374056900861,2022-04-16 21:17:10,333333,____________,AH-HF-T-ZC-000001"
"866094052836877,2025-03-26 16:04:34,323222,_________,866094052836877"
"866094058464757,2025-06-10 10:24:02,323222,_________,866094058464757"
"866094052832991,2025-12-08 23:35:46,020222,_________,GX-LB-T-ZYJ-000103"
"866094058479219,2025-12-08 23:56:11,020222,_________,GX-LB-T-ZYJ-000102"
"866094051534085,2025-11-10 22:43:52,333332,____________,GX-LZ-T-ZCTX-000170"
"866094052797509,2024-02-29 23:30:18,333332,____________,866094052797509"
"866094052833072,2025-12-08 23:50:59,003002,____________,GX-LZ-T-ZCTX-000169"
"866094051358782,2025-12-08 23:37:40,020222,____________,GX-LZ-T-ZCTX-000168"
"866094051358345,2025-12-08 23:37:27,020222,____________,GX-LZ-T-ZCTX-000167"
"866094051413991,2025-12-08 23:35:33,020222,____________,GX-LZ-T-ZCTX-000166"
"866094052832702,2025-12-08 23:43:44,003332,____________,GX-LZ-T-ZCTX-000164"
"866094052797210,2024-01-30 15:36:05,333332,_________,GX-CZ-T-ZYJ-000171"
"866094052826902,2025-12-09 00:00:12,000002,_________,GX-CZ-T-ZYJ-000171"
"866094052815590,2024-01-30 15:26:52,333333,_________,GX-CZ-T-ZYJ-000170"
"866094052832868,2025-12-09 00:00:03,003333,_________,GX-CZ-T-ZYJ-000170"
"866094052795537,2025-12-08 23:30:08,000030,_________,GX-CZ-T-ZYJ-000169"
"866094052767098,2023-09-21 00:20:10,333333,_________,GX-CZ-T-ZYJ-000168"
"866094052795552,2025-12-09 00:00:17,003333,_________,GX-CZ-T-ZYJ-000168"
"866094052826092,2025-12-09 00:00:13,003003,_________,GX-CZ-T-ZYJ-000167"
"866094052798564,2024-11-20 09:28:16,333333,_________,866094052798564"
"866094052826308,2025-12-09 00:00:31,003333,_________,GX-CZ-T-ZYJ-000166"
"866094052795487,2025-12-09 00:00:31,000003,_________,GX-CZ-T-ZYJ-000165"
"866094052795206,2025-12-09 00:00:03,000032,_________,GX-CZ-T-ZYJ-000164"
"866094052826126,2025-12-09 00:00:23,002303,_________,GX-CZ-T-ZYJ-000163"
"866094052822513,2025-08-12 12:25:04,333333,____________,GX-NN-T-ZCTX-000003"
"861410049521023,2025-12-08 12:24:50,200222,____________,SX-YA-T-ZCTX-000173"
"861410049544157,2025-12-08 23:47:52,200222,____________,SX-YA-T-ZCTX-000172"
"861410049535106,2025-12-08 12:38:44,200222,____________,SX-YA-T-ZCTX-000171"
"861410049531311,2025-12-08 23:58:14,200222,____________,SX-YA-T-ZCTX-000170"
"861410049544264,2025-12-08 23:55:45,200222,____________,SX-YA-T-ZCTX-000169"
"861410049508194,2025-12-08 12:11:14,200222,____________,SX-YA-T-ZCTX-000168"
"866094052791874,2025-12-08 23:45:29,020222,_________,GX-CZ-T-ZYJ-000048"
"866094058417300,2023-06-11 14:22:28,323222,_________,GX-CZ-T-ZYJ-000049"
"866094052810310,2025-12-09 00:01:34,020222,_________,GX-CZ-T-ZYJ-000041"
"866094052821937,2025-12-08 23:56:02,323222,_________,GX-CZ-T-ZYJ-000042"
"866094052832058,2025-12-08 23:47:33,020222,____________,GX-NN-T-ZCTX-000279"
"866094052795784,2025-04-25 08:36:19,323222,____________,866094052795784"
"868681049152331,2025-12-08 23:41:47,303330,____________,GX-NN-T-ZCTX-000232"
"868681049134008,2023-09-08 05:01:56,323222,____________,AH-HF-T-ZC-000003"
"866094052621048,2023-08-25 14:25:01,323222,____________,AH-HF-T-ZC-000007"
"866094052621162,2024-08-11 17:22:29,323222,____________,AH-HF-T-ZC-000016"
"866094052552680,2024-06-14 16:55:31,323222,____________,AH-HF-T-ZC-000017"
"866094052533904,2021-08-05 13:08:38,323222,____________,AH-HF-T-ZC-000009"
"866094052622772,2024-08-12 22:23:25,323222,____________,AH-HF-T-ZC-000013"
"866094052622970,2023-08-10 15:28:02,323222,____________,AH-HF-T-ZC-000005"
"866094052622798,2024-07-30 15:54:24,323222,____________,AH-HF-T-ZC-000014"
"866094052431810,2022-10-18 23:49:19,323222,____________,AH-HF-T-ZC-000010"
"866094052552706,2023-07-13 06:52:53,323222,____________,AH-HF-T-ZC-000011"
"866094052620982,2023-07-29 12:24:39,323222,____________,AH-HF-T-ZC-000012"
"866094052622764,2022-11-16 11:44:45,323222,____________,AH-HF-T-ZC-000008"
"866094052622830,2024-08-10 16:27:38,323222,____________,AH-HF-T-ZC-000015"
"866094052431893,2023-07-01 10:12:12,323222,____________,AH-HF-T-ZC-000004"
"866094052533862,2023-06-06 17:24:38,323222,____________,AH-HF-T-ZC-000018"
"866094052431919,2025-05-22 18:52:40,323222,____________,AH-HF-T-ZC-000002"
"866094052431836,2021-04-22 13:57:47,333333,____________,ZJ-NB-T-ZC-000011"
"868681049142266,2022-09-13 16:57:49,323222,____________,AH-HF-T-ZC-000006"
"868681049138074,2025-12-08 23:34:36,002200,____________,SX-XA-T-ZCTX-000415"
"860374056943010,2025-12-08 23:51:32,002220,____________,SX-XA-T-ZCTX-000413"
"866094052832066,2025-12-08 23:41:34,020222,____________,GX-NN-T-ZCTX-000225"
"861410049557274,2025-12-09 00:00:44,200222,____________,SX-BJ-T-ZCTX-000111"
"861410049558926,2025-12-08 23:33:38,200222,____________,SX-BJ-T-ZCTX-000110"
"861410049522930,2025-12-08 12:26:41,200222,____________,SX-BJ-T-ZCTX-000109"
"861410049519837,2025-12-08 12:37:51,200222,____________,SX-BJ-T-ZCTX-000108"
"861410049503781,2025-12-08 23:40:17,200222,____________,SX-BJ-T-ZCTX-000107"
"861410049561615,2025-12-08 23:48:05,200222,____________,SX-BJ-T-ZCTX-000106"
"861410049506792,2025-12-08 23:38:11,200222,____________,SX-BJ-T-ZCTX-000105"
"866094051520118,2023-11-14 19:33:09,333332,____________,866094051520118"
"868681049091265,2024-05-10 00:54:35,333333,____________,868681049091265"
"866094051540736,2025-12-08 23:44:13,003330,____________,GX-LZ-T-ZCTX-000163"
"861410049520975,2025-12-08 23:47:38,200222,____________,SX-BJ-T-ZCTX-000102"
"861410049561706,2025-12-08 23:57:07,200222,____________,SX-BJ-T-ZCTX-000101"
"861410049520157,2025-12-08 12:22:22,200222,____________,SX-BJ-T-ZCTX-000099"
"868681049150459,2024-02-10 16:56:37,332233,____________,868681049150459"
"866094052791668,2025-04-16 15:13:05,332233,____________,866094052791668"
"868681049133703,2024-12-28 09:55:16,333332,____________,GX-NN-T-ZCTX-000461"
"866094052795420,2025-06-06 13:00:14,333332,____________,GX-NN-T-ZCTX-000461"
"866094052797061,2025-12-08 17:53:04,002200,____________,GX-NN-T-ZCTX-000460"
"868681049092578,2025-12-09 00:02:48,303003,____________,SX-XA-T-ZCTX-000248"
"866094052833734,2024-06-19 13:29:22,333333,____________,GX-LZ-T-ZCTX-000162"
"866094052832751,2024-12-15 00:19:32,333333,____________,866094052832751"
"866094052832785,2024-03-26 10:47:28,323222,____________,866094052832785"
"866094052834278,2025-12-08 23:53:57,020222,____________,GX-LZ-T-ZCTX-000160"
"860374056935149,2023-12-10 14:36:55,333333,____________,860374056935149"
"860374057010355,2025-03-02 13:23:07,333333,____________,SX-BJ-T-ZCTX-000097"
"868681049140237,2025-11-03 09:14:10,333333,____________,SX-XA-T-ZCTX-000139"
"860374056977224,2024-07-17 13:49:13,332333,____________,860374056977224"
"861410049519787,2024-11-22 11:16:05,233222,____________,SX-XA-T-ZCTX-000116"
"868681049133638,2025-12-08 12:25:05,002220,____________,SX-XA-T-ZCTX-000072"
"866094052832611,2025-12-08 23:56:12,020222,____________,GX-BH-T-ZCTX-000114"
"866094058464674,2025-12-08 23:55:55,020222,____________,GX-BH-T-ZCTX-000113"
"866094058417318,2025-12-08 23:59:26,020222,____________,GX-BH-T-ZCTX-000112"
"866094058454253,2023-10-10 09:34:42,333333,____________,866094058454253"
"866094052771702,2024-03-04 12:12:26,333333,____________,866094052771702"
"866094058477783,2025-12-08 23:58:53,020222,____________,GX-BH-T-ZCTX-000109"
"866094052837198,2025-12-09 00:01:51,020222,____________,GX-BH-T-ZCTX-000110"
"866094058479268,2024-03-04 12:12:26,323222,____________,866094058479268"
"866094058466273,2025-12-08 23:59:19,020222,____________,GX-BH-T-ZCTX-000107"
"866094058471455,2023-12-15 10:39:28,323222,____________,866094058471455"
"866094051490122,2025-12-08 23:36:04,020222,____________,GX-NN-T-ZCTX-000459"
"866094052771595,2025-12-08 23:57:45,020222,____________,GX-NN-T-ZCTX-000458"
"866094051383277,2025-12-08 23:37:31,323222,____________,GX-NN-T-ZCTX-000457"
"866094051497952,2025-12-08 23:58:47,020222,____________,GX-NN-T-ZCTX-000456"
"866094052825888,2025-12-08 23:57:24,020222,____________,GX-NN-T-ZCTX-000455"
"866094051467468,2025-12-08 23:38:03,020222,____________,GX-NN-T-ZCTX-000454"
"866094051541965,2025-12-08 23:57:35,020222,____________,GX-NN-T-ZCTX-000453"
"866094051370530,2025-12-08 23:49:24,020222,____________,GX-NN-T-ZCTX-000452"
"866094051515951,2025-12-08 23:44:58,020222,____________,GX-NN-T-ZCTX-000451"
"866094051520605,2025-12-08 23:34:26,020222,____________,GX-NN-T-ZCTX-000450"
"866094051536072,2025-12-08 23:49:58,020222,____________,GX-NN-T-ZCTX-000449"
"866094051446710,2025-12-08 23:52:10,020222,____________,GX-NN-T-ZCTX-000448"
"866094051539316,2024-03-10 10:46:56,323222,____________,866094051539316"
"866094051520852,2025-12-09 00:02:11,020222,____________,GX-NN-T-ZCTX-000446"
"868681049090184,2024-01-20 11:08:58,333333,____________,8686810149090184"
"866094058468170,2025-12-08 23:49:24,020222,____________,GX-BH-T-ZCTX-000105"
"866094058377595,2025-12-08 23:47:54,020222,____________,GX-BH-T-ZCTX-000104"
"866094058477858,2025-12-09 00:00:02,020222,____________,GX-BH-T-ZCTX-000101"
"866094052795834,2025-12-09 00:00:47,020222,____________,GX-BH-T-ZCTX-000100"
"861410049562514,2025-12-08 23:36:32,200222,____________,SX-XA-T-ZCTX-000411"
"861410049506867,2025-12-08 12:42:08,200222,____________,SX-XA-T-ZCTX-000410"
"861410049562662,2025-12-08 12:39:39,200222,____________,SX-XA-T-ZCTX-000409"
"866094052796725,2025-12-08 23:59:46,020222,____________,GX-BH-T-ZCTX-000099"
"866094052796022,2025-12-08 23:59:58,020222,____________,GX-BH-T-ZCTX-000098"
"866094058471398,2025-12-08 23:52:18,020222,____________,GX-BH-T-ZCTX-000097"
"866094051539910,2025-12-08 23:44:24,020222,____________,GX-WZ-T-ZCTX-000230"
"866094052834054,2025-12-08 23:43:21,020222,____________,GX-WZ-T-ZCTX-003229"
"861410049562621,2025-12-08 23:41:06,200222,____________,SX-XA-T-ZCTX-000408"
"861410049507139,2025-12-09 00:00:07,200222,____________,SX-XA-T-ZCTX-000407"
"868681049135088,2025-12-08 23:56:09,323222,_________,GX-BS-T-ZYJ-000114"
"868681049134115,2025-12-08 23:36:15,020222,_________,GX-BS-T-ZYJ-000113"
"866094058454345,2024-10-28 02:50:54,333333,____________,866094058454345"
"866094052833049,2025-12-08 23:59:48,000333,____________,GX-BH-T-ZCTX-000096"
"866094052834336,2025-12-08 23:59:42,000000,____________,GX-BH-T-ZCTX-000095"
"866094058454246,2025-07-16 12:49:18,333333,____________,GX-BH-T-ZCTX-000094"
"866094052832652,2025-04-14 15:54:48,333333,____________,GX-BH-T-ZCTX-000094"
"866094052826886,2025-12-08 23:48:27,003333,____________,GX-BH-T-ZCTX-000093"
"866094052796063,2025-02-19 02:37:41,323222,____________,866094052796063"
"866094058457470,2025-06-09 09:10:04,323222,____________,GX-NN-T-ZCTX-001015"
"868681049161738,2022-12-09 18:57:37,333333,____________,SX-BJ-T-ZCTX-000091"
"866094052832025,2025-12-08 21:07:13,003002,____________,GX-WZ-T-ZCTX-000228"
"866094052832546,2025-12-08 23:32:44,020222,_________,GX-BS-T-ZYJ-000067"
"866094051394159,2025-12-08 23:49:55,020222,____________,GX-WZ-T-ZCTX-000069"
"866094052827546,2025-12-08 23:51:00,020222,____________,GX-WZ-T-ZCTX-000066"
"866094052834039,2025-08-20 08:28:03,333333,____________,GX-NN-T-ZCTX-000445"
"866094052832769,2025-12-08 23:59:00,003300,____________,GX-NN-T-ZCTX-000444"
"866094052834047,2025-12-08 23:40:47,003333,____________,GX-NN-T-ZCTX-000443"
"866094052805419,2025-12-08 23:47:15,003000,____________,GX-NN-T-ZCTX-000442"
"866094052833056,2025-12-08 23:57:08,003333,____________,GX-NN-T-ZCTX-000441"
"866094052833635,2025-01-06 18:01:02,333323,____________,GX-NN-T-ZCTX-000440"
"866094052831837,2025-11-11 09:32:18,333333,____________,GX-NN-T-ZCTX-000439"
"866094052831944,2025-12-09 00:02:13,000000,____________,GX-NN-T-ZCTX-000438"
"866094052826142,2025-12-08 23:59:54,003333,____________,GX-LZ-T-ZCTX-000153"
"866094051542690,2025-12-08 23:33:32,003000,____________,GX-LZ-T-ZCTX-000145"
"866094052826159,2025-12-08 23:59:57,000000,____________,GX-LZ-T-ZCTX-000144"
"866094052804909,2025-12-08 12:38:32,020222,_________,GX-BS-T-ZYJ-000112"
"866094058478070,2025-12-08 23:37:09,020222,_________,GX-BS-T-ZYJ-000111"
"866094058478062,2025-12-08 23:37:23,020222,_________,GX-BS-T-ZYJ-000110"
"866094058478104,2025-12-08 23:36:26,020222,_________,GX-BS-T-ZYJ-000109"
"866094058472016,2025-12-08 12:11:31,323222,_________,GX-BS-T-ZYJ-000108"
"866094058465002,2025-08-27 16:08:55,323222,_________,GX-BS-T-ZYJ-000107"
"866094052832843,2025-12-08 23:37:18,020222,_________,GX-BS-T-ZYJ-000106"
"866094058478021,2025-12-08 23:36:47,020222,_________,GX-BS-T-ZYJ-000105"
"866094052834344,2024-06-24 13:21:58,323222,_________,866094052834344"
"866094052826175,2025-12-08 23:38:45,323222,_________,GX-BS-T-ZYJ-000101"
"866094052834062,2025-12-08 23:54:33,020222,_________,GX-BS-T-ZYJ-000100"
"866094052825862,2025-12-08 23:54:15,020222,_________,GX-BS-T-ZYJ-000099"
"866094052787674,2025-12-08 23:56:58,020222,____________,GX-WZ-T-ZCTX-000227"
"866094052766553,2025-03-20 13:48:24,333333,_________,866094052766553"
"866094052800196,2025-12-08 17:49:56,003333,_________,GX-CZ-T-ZYJ-000161"
"866094052800204,2025-12-09 00:01:23,000000,_________,GX-CZ-T-ZYJ-000160"
"866094052794803,2023-07-25 01:36:04,333333,_________,GX-CZ-T-ZYJ-000159"
"866094052795545,2024-07-17 16:26:32,333333,_________,866094052795545"
"861410049502288,2025-12-08 12:12:46,202222,____________,SX-WN-T-ZCTX-000144"
"861410049558322,2025-12-08 12:22:46,202222,____________,SX-WN-T-ZCTX-000143"
"866094052795503,2025-12-08 23:45:45,020222,_________,GX-CZ-T-ZYJ-000078"
"866094052827520,2024-12-17 11:15:22,323222,____________,GX-LZ-T-ZCTX-000159"
"866094052834237,2025-12-08 23:35:34,020222,____________,GX-LZ-T-ZCTX-000158"
"866094052834286,2024-12-17 11:29:50,323222,____________,GX-LZ-T-ZCTX-000157"
"866094052805401,2025-12-08 23:40:34,020222,____________,GX-LZ-T-ZCTX-000156"
"860374056945809,2025-12-08 23:51:17,002220,____________,SX-XA-T-ZCTX-000404"
"860374056932500,2025-12-08 23:43:12,000000,____________,SX-XA-T-ZCTX-000403"
"868681049161167,2025-12-08 23:36:16,002200,____________,SX-BJ-T-ZCTX-000090"
"861410049516908,2025-12-08 23:41:06,202222,____________,SX-TC-T-ZCTX-000037"
"868681049168642,2025-04-24 10:33:38,333333,____________,SX-BJ-T-ZCTX-000088"
"866094052815780,2024-10-21 12:36:58,333333,_________,866094052815780"
"866094052805385,2025-12-08 23:53:20,020222,_________,GX-BS-T-ZYJ-000052"
"868681049133786,2025-12-08 23:37:04,000002,____________,SX-XA-T-ZCTX-000402"
"866094052833783,2025-12-08 23:56:23,003322,____________,GX-WZ-T-ZCTX-000088"
"866094052825847,2025-12-08 12:25:52,323222,____________,GX-WZ-T-ZCTX-000084"
"866094052826019,2025-12-08 23:58:43,020222,____________,GX-WZ-T-ZCTX-000090"
"866094052831530,2025-12-09 00:01:05,020222,____________,GX-WZ-T-ZCTX-000052"
"866094051438816,2025-12-08 23:52:40,020222,____________,GX-WZ-T-ZCTX-000049"
"866094051357685,2025-12-08 23:52:25,020222,____________,GX-WZ-T-ZCTX-000047"
"861410049561276,2025-12-08 23:50:19,202222,____________,SX-YA-T-ZCTX-000167"
"866094052827777,2025-12-08 23:39:37,020222,____________,GX-LZ-T-ZCTX-000150"
"866094052815814,2024-07-26 19:30:27,333333,____________,866094052815814"
"866094051520159,2025-12-08 23:37:13,003333,____________,GX-WZ-T-ZCTX-000226"
"866094051520050,2025-12-08 23:37:21,003333,____________,GX-WZ-T-ZCTX-000225"
"866094052802754,2024-02-25 02:47:43,333333,____________,866094052802754"
"866094051520068,2025-12-08 23:37:18,003333,____________,GX-WZ-T-ZCTX-000224"
"866094051403935,2025-12-08 23:37:10,020222,____________,GX-WZ-T-ZCTX-000223"
"866094051542955,2025-07-07 11:22:59,323222,____________,GX-WZ-T-ZCTX-000222"
"866094052825839,2025-07-16 12:10:22,323222,____________,GX-WZ-T-ZCTX-000221"
"866094052798390,2025-08-22 12:04:59,323222,____________,GX-WZ-T-ZCTX-000220"
"866094051448401,2024-05-06 01:50:08,323222,____________,866094051448401"
"866094051502827,2025-12-08 23:37:10,020222,____________,GX-WZ-T-ZCTX-000218"
"866094052775919,2025-12-08 12:47:13,323222,____________,GX-WZ-T-ZCTX-000217"
"866094051540546,2025-12-08 23:37:14,020222,____________,GX-WZ-T-ZCTX-000216"
"866094052825854,2025-12-08 12:43:46,020222,____________,GX-WZ-T-ZCTX-000214"
"866094052827900,2025-12-08 23:37:10,020222,____________,GX-WZ-T-ZCTX-000213"
"866094051494157,2025-04-21 01:36:18,323222,____________,866094051494157"
"866094052827447,2025-12-08 23:48:04,020222,_________,GX-BS-T-ZYJ-000016"
"868681049096223,2025-12-08 23:35:39,020222,_________,GX-BS-T-ZYJ-000098"
"868681049092255,2025-12-08 23:49:21,020222,_________,GX-BS-T-ZYJ-000097"
"866094052819709,2025-12-08 23:23:49,020222,_________,GX-BS-T-ZYJ-000096"
"866094052782337,2025-12-08 23:55:52,020222,_________,GX-BS-T-ZYJ-000095"
"868681049140344,2025-12-08 23:36:05,020222,_________,GX-BS-T-ZYJ-000094"
"866094052832496,2025-12-08 23:54:57,020222,_________,GX-BS-T-ZYJ-000093"
"866094052788581,2025-12-08 23:57:59,020222,_________,GX-BS-T-ZYJ-000092"
"866094051540975,2025-12-08 23:34:11,303333,_________,GX-BS-T-ZYJ-000013"
"866094051508998,2025-07-16 12:38:16,323222,____________,GX-WZ-T-ZCTX-000208"
"866094051398127,2025-12-08 23:51:04,020222,____________,GX-WZ-T-ZCTX-000207"
"866094052782303,2025-12-08 23:33:36,020222,_________,GX-BS-T-ZYJ-000091"
"866094052822612,2025-12-08 23:33:53,020222,_________,GX-BS-T-ZYJ-000090"
"866094052782311,2025-12-08 23:34:38,020222,_________,GX-BS-T-ZYJ-000089"
"866094052831753,2025-12-08 23:44:30,020222,_________,GX-BS-T-ZYJ-000088"
"866094052833064,2025-12-09 00:02:14,020222,_________,GX-BS-T-ZYJ-000085"
"866094052836885,2025-12-08 23:41:17,323222,_________,GX-BS-T-ZYJ-000084"
"866094052828080,2025-12-08 23:58:22,323222,_________,GX-BS-T-ZYJ-000083"
"866094052805393,2025-12-08 23:45:41,020222,_________,GX-BS-T-ZYJ-000081"
"866094052795073,2025-12-08 23:43:25,020222,_________,GX-BS-T-ZYJ-000080"
"866094052832686,2025-12-08 23:41:05,020222,_________,GX-BS-T-ZYJ-000079"
"866094051541528,2025-12-08 23:36:33,020222,_________,GX-BS-T-ZYJ-000078"
"866094052819535,2025-12-08 23:50:09,020222,_________,GX-BS-T-ZYJ-000073"
"866094052795230,2025-12-08 23:40:23,020222,____________,GX-WZ-T-ZCTX-000095"
"866094051508766,2024-11-08 17:15:46,323222,____________,GX-FCG-T-ZCTX-000076"
"866094051509517,2024-11-08 16:57:46,323222,____________,GX-FCG-T-ZCTX-000075"
"866094052788086,2025-12-09 00:00:20,020222,_________,GX-BS-T-ZYJ-000076"
"868681049092008,2024-06-18 09:26:19,323222,_________,868681049092008"
"868681049134958,2025-12-08 23:57:22,020222,_________,GX-BS-T-ZYJ-000074"
"861410049559569,2025-12-08 23:57:04,200222,____________,SX-TC-T-ZCTX-000035"
"861410049559072,2024-01-16 14:59:35,233222,____________,861410049559072"
"861410049556870,2025-12-08 23:55:55,200222,____________,SX-TC-T-ZCTX-000033"
"861410049520231,2025-12-08 23:35:15,200222,____________,SX-TC-T-ZCTX-000032"
"861410049517823,2025-12-08 12:32:07,200222,____________,SX-TC-T-ZCTX-000031"
"861410049562134,2025-12-08 23:51:01,200222,____________,SX-TC-T-ZCTX-000029"
"861410049507907,2025-12-08 23:59:47,200222,____________,SX-TC-T-ZCTX-000027"
"861410049560054,2025-12-08 12:11:06,200222,____________,SX-TC-T-ZCTX-000026"
"861410049507683,2025-12-08 12:13:04,200222,____________,SX-TC-T-ZCTX-000025"
"861410049506370,2025-12-08 23:34:37,200222,____________,SX-TC-T-ZCTX-000024"
"866094052827538,2025-12-08 23:55:21,020222,____________,GX-WZ-T-ZCTX-000004"
"861410049516981,2025-12-08 23:54:42,200222,____________,SX-TC-T-ZCTX-000023"
"861410049556789,2025-12-09 00:01:38,200222,____________,SX-TC-T-ZCTX-000022"
"861410049556821,2025-10-09 16:11:44,233222,____________,SX-TC-T-ZCTX-000021"
"861410049519720,2025-12-08 23:42:51,200222,____________,SX-TC-T-ZCTX-000020"
"861410049558272,2024-10-29 12:36:58,233222,____________,861410049558272"
"860374056940057,2025-12-08 12:04:55,000000,____________,SX-XA-T-ZCTX-000401"
"866094058457314,2025-01-08 13:44:28,323222,____________,GX-FCG-T-ZCTX-000117"
"866094052836554,2025-12-08 23:51:58,002020,____________,GX-BH-T-ZCTX-000011"
"866094051508774,2025-12-08 23:42:03,003333,____________,GX-FCG-T-ZCTX-000071"
"866094051359400,2025-12-08 23:42:54,003333,____________,GX-FCG-T-ZCTX-000072"
"866094051470025,2025-12-08 23:53:33,003333,____________,GX-FCG-T-ZCTX-000087"
"866094052836257,2025-12-08 23:47:50,020222,_________,GX-LB-T-ZYJ-000101"
"866094052834807,2025-12-08 23:47:58,020222,_________,GX-LB-T-ZYJ-000100"
"866094051540801,2025-12-08 23:36:22,003322,____________,866094051540801"
"866094052837776,2025-12-08 16:14:40,000322,____________,866094052837776"
"866094051459259,2025-12-08 23:39:00,003300,____________,GX-LZ-T-ZCTX-000149"
"866094052795693,2025-12-08 23:41:47,000000,____________,GX-LZ-T-ZCTX-000148"
"866094052794886,2025-12-08 23:41:31,002300,____________,GX-LZ-T-ZCTX-000147"
"866094052827306,2025-01-09 14:50:15,333333,____________,GX-LZ-T-ZCTX-000146"
"868681049145210,2025-12-08 23:37:27,000002,____________,SX-XA-T-ZCTX-000399"
"868681049161084,2025-12-08 23:37:28,002220,____________,SX-XA-T-ZCTX-000398"
"868681049168170,2025-12-08 22:18:28,002000,____________,SX-XA-T-ZCTX-000397"
"866094052832587,2025-12-08 23:37:58,000300,____________,GX-NN-T-ZCTX-000414"
"866094051450548,2025-12-08 12:13:49,323222,____________,GX-GL-T-ZCTX-000056"
"866094051309454,2025-12-08 23:48:52,020222,____________,GX-GL-T-ZCTX-000055"
"866094051484604,2025-12-08 23:37:13,020222,____________,GX-GL-T-ZCTX-000054"
"866094051458319,2025-12-08 23:45:00,020222,____________,GX-GL-T-ZCTX-000053"
"866094052826134,2025-12-08 12:14:26,323222,____________,GX-GL-T-ZCTX-000052"
"866094051381594,2025-12-08 23:33:56,020222,____________,GX-GL-T-ZCTX-000051"
"866094051305411,2025-12-08 23:52:04,020222,____________,GX-GL-T-ZCTX-000050"
"866094051307730,2025-07-16 12:25:05,323222,____________,GX-GL-T-ZCTX-000048"
"866094052794878,2025-07-16 12:10:57,323222,____________,GX-GL-T-ZCTX-000047"
"866094051532428,2025-12-08 23:55:00,020222,____________,GX-GL-T-ZCTX-000046"
"866094051374011,2025-12-08 23:55:36,020222,____________,GX-GL-T-ZCTX-000045"
"866094051457147,2025-12-09 00:02:13,020222,____________,GX-LZ-T-ZCTX-000117"
"868681049146432,2025-12-08 12:06:41,000000,_________,GX-LB-T-ZYJ-000024"
"866094052827371,2024-11-20 13:28:16,333333,_________,866094052827371"
"866094052787823,2025-12-08 23:53:51,020222,_________,GX-LB-T-ZYJ-000099"
"866094052830011,2025-12-08 23:38:40,020222,_________,GX-LB-T-ZYJ-000098"
"866094052832629,2025-12-09 00:02:01,000020,____________,GX-NN-T-ZCTX-000413"
"866094052834245,2025-12-08 23:41:59,003300,____________,GX-NN-T-ZCTX-000412"
"866094052804941,2025-06-08 13:00:14,333333,____________,GX-FCG-T-ZCTX-000127"
"866094052826316,2022-09-29 10:01:37,333333,____________,GX-LZ-T-ZCTX-000143"
"866094051542823,2025-06-23 13:00:14,333333,____________,GX-LZ-T-ZCTX-000143"
"866094051540900,2025-12-08 23:49:03,003332,____________,GX-HZ-T-ZCTX-000009"
"860374057089961,2024-07-11 12:09:58,333333,______(__)____,860374057089961"
"861410049561557,2025-12-08 23:25:24,202222,____________,SX-BJ-T-ZCTX-000086"
"866094052826712,2024-03-14 09:11:57,333333,____________,866094052826712"
"866094052798234,2025-12-08 23:42:46,000330,____________,GX-HZ-T-ZCTX-000093"
"866094052832660,2025-12-08 23:52:46,020222,____________,GX-FCG-T-ZCTX-000114"
"868681049167586,2025-12-08 23:33:43,000002,____________,GX-HZ-T-ZCTX-000043"
"868681049134073,2025-12-09 00:02:00,000000,____________,SX-BJ-T-ZCTX-000085"
"868681049156373,2024-09-26 13:17:31,333333,____________,868681049156373"
"861410049502460,2025-12-08 23:46:33,202222,____________,SX-BJ-T-ZCTX-000082"
"861410049557555,2025-12-08 23:55:09,202222,____________,SX-BJ-T-ZCTX-000081"
"866094051380604,2025-12-08 23:37:43,020222,____________,GX-NN-T-ZCTX-000411"
"866094051384150,2025-12-08 23:35:47,020222,____________,GX-NN-T-ZCTX-000410"
"866094052827512,2024-04-26 08:52:42,323222,____________,866094052827512"
"866094052771660,2025-12-08 23:35:29,020222,____________,GX-NN-T-ZCTX-000408"
"866094051523625,2025-12-08 23:35:56,020222,____________,GX-NN-T-ZCTX-000407"
"866094051507347,2025-12-08 23:35:44,020222,____________,GX-NN-T-ZCTX-000406"
"866094052832553,2025-12-08 23:38:02,003333,____________,GX-NN-T-ZCTX-000399"
"866094052834070,2025-12-08 23:45:06,000030,____________,GX-NN-T-ZCTX-000398"
"866094052797343,2023-03-11 22:25:25,333333,____________,866094052797343"
"866094052825979,2025-12-08 23:43:26,323222,____________,GX-FCG-T-ZCTX-000126"
"866094052826860,2025-12-08 23:43:25,323222,____________,GX-FCG-T-ZCTX-000125"
"866094052827413,2025-12-08 23:43:05,323222,____________,GX-FCG-T-ZCTX-000124"
"866094051542716,2025-12-08 23:42:08,003332,____________,GX-LZ-T-ZCTX-000142"
"866094051520274,2025-12-08 23:32:56,002333,____________,GX-LZ-T-ZCTX-000141"
"866094052826670,2025-12-08 23:42:29,003332,____________,GX-LZ-T-ZCTX-000140"
"866094052771637,2025-12-08 23:42:05,003332,____________,GX-LZ-T-ZCTX-000139"
"866094051393607,2025-12-09 00:00:30,003333,____________,GX-HZ-T-ZCTX-000122"
"866094052815467,2021-11-28 09:48:45,333332,____________,866094052815467"
"866094051540868,2025-12-08 23:56:30,003332,____________,GX-HZ-T-ZCTX-000123"
"866094052793995,2021-11-09 10:33:05,333333,____________,866094052793995"
"868681049168378,2025-11-22 14:42:54,333333,____________,GX-HZ-T-ZCTX-000075"
"866094052832348,2025-12-08 23:26:03,000333,_________,GX-CZ-T-ZYJ-000158"
"866094052782386,2025-12-08 23:56:27,003333,_________,GX-CZ-T-ZYJ-000157"
"866094052778483,2025-12-08 23:33:05,003333,_________,GX-CZ-T-ZYJ-000031"
"866094051520282,2025-06-05 11:35:21,333333,____________,GX-LZ-T-ZCTX-000138"
"866094052794027,2024-03-21 21:21:03,333323,____________,866094052794027"
"866094051314033,2025-12-08 23:43:54,020222,____________,GX-LZ-T-ZCTX-000136"
"866094051403901,2025-12-08 23:43:06,323222,____________,GX-LZ-T-ZCTX-000135"
"866094051393391,2025-12-08 23:40:44,020222,____________,GX-LZ-T-ZCTX-000134"
"866094051520167,2025-12-08 23:50:35,003322,____________,GX-LZ-T-ZCTX-000132"
"866094051528376,2025-12-08 23:39:33,003322,____________,GX-LZ-T-ZCTX-000131"
"866094052805427,2025-12-09 00:00:58,323222,____________,GX-FCG-T-ZCTX-000122"
"866094052827405,2025-12-09 00:01:04,020222,____________,GX-FCG-T-ZCTX-000121"
"866094052834021,2025-12-08 23:54:23,020222,____________,GX-FCG-T-ZCTX-000120"
"866094052833098,2024-07-25 15:46:41,323222,____________,GX-FCG-T-ZCTX-000119"
"866094052785769,2025-10-17 08:18:09,333333,____________,GX-FCG-T-ZCTX-000118"
"866094052832579,2025-12-08 23:52:39,020222,____________,GX-FCG-T-ZCTX-000116"
"866094051466890,2025-12-08 23:33:53,020222,____________,GX-WZ-T-ZCTX-000211"
"866094051449003,2025-12-08 12:49:45,323222,____________,GX-WZ-T-ZCTX-000210"
"866094051520142,2025-12-08 23:34:46,003000,____________,GX-WZ-T-ZCTX-000209"
"866094052798630,2025-12-08 23:43:04,020222,____________,GX-WZ-T-ZCTX-000206"
"866094052798358,2025-12-08 23:41:56,020222,____________,GX-WZ-T-ZCTX-000205"
"866094051528343,2025-12-08 23:48:40,003333,____________,GX-WZ-T-ZCTX-000204"
"866094051520035,2025-12-08 23:42:25,003333,____________,GX-WZ-T-ZCTX-000203"
"866094051541759,2025-12-08 23:41:40,003333,____________,GX-WZ-T-ZCTX-000202"
"866094051542740,2025-08-27 12:33:16,333333,_________,GX-BS-T-ZYJ-000071"
"866094052819493,2025-12-08 23:32:40,000000,_________,GX-BS-T-ZYJ-000070"
"866094052797467,2024-03-16 02:03:31,333333,____________,866094052797467"
"866094052826530,2025-12-08 23:38:32,000000,____________,GX-NN-T-ZCTX-000169"
"866094051542765,2025-12-08 23:50:31,003320,____________,GX-NN-T-ZCTX-000397"
"866094051520340,2025-12-08 23:35:48,003333,____________,GX-NN-T-ZCTX-000396"
"866094052837933,2023-09-04 16:01:34,333333,____________,GX-BH-T-ZCTX-000058"
"866094052809544,2023-09-04 15:33:27,333333,____________,GX-BH-T-ZCTX-000057"
"866094052809874,2023-09-04 16:04:17,333323,____________,GX-BH-T-ZCTX-000056"
"866094052837156,2023-09-04 15:04:00,333333,____________,GX-BH-T-ZCTX-000055"
"866094052827595,2025-12-08 23:44:07,003030,____________,GX-NN-T-ZCTX-000395"
"866094051493423,2025-12-08 23:49:18,020222,____________,GX-NN-T-ZCTX-000394"
"866094051510531,2025-12-08 23:55:00,020222,____________,GX-NN-T-ZCTX-000393"
"866094052832777,2025-12-08 23:36:56,003000,____________,GX-NN-T-ZCTX-000392"
"866094052832645,2025-12-08 23:54:37,003330,____________,GX-NN-T-ZCTX-000391"
"866094051529598,2025-12-08 23:39:39,020222,_________,GX-CZ-T-ZYJ-000156"
"866094051483036,2025-12-08 23:10:16,020222,_________,GX-CZ-T-ZYJ-000155"
"866094051485346,2025-12-08 23:40:24,020222,_________,GX-CZ-T-ZYJ-000154"
"866094051532543,2025-12-08 23:44:07,020222,_________,GX-CZ-T-ZYJ-000040"
"866094051473268,2025-07-14 12:11:23,323222,_________,GX-CZ-T-ZYJ-000039"
"86609405153943ð,2024-10-29 19:09:40,323222,_________,GX-CZ-T-ZYJ-000038"
"866094051539431,2025-03-20 10:44:25,323222,_________,GX-CZ-T-ZYJ-000038"
"860374056981945,2025-09-04 12:33:00,333333,____________,SX-XA-T-ZCTX-000394"
"868681049139452,2024-12-17 14:34:21,333333,____________,868681049139452"
"861410049507089,2025-12-08 23:58:41,200222,____________,SX-BJ-T-ZCTX-000079"
"861410049561391,2025-12-08 23:39:28,200222,____________,SX-BJ-T-ZCTX-000078"
"861410049508020,2022-11-07 12:46:48,233222,____________,SX-BJ-T-ZCTX-000077"
"861410049561862,2025-12-08 23:33:42,202222,____________,SX-BJ-T-ZCTX-000076"
"861410049557332,2025-12-08 23:50:04,200222,____________,SX-BJ-T-ZCTX-000075"
"866094052826779,2025-12-08 23:59:07,020222,____________,GX-BH-T-ZCTX-000024"
"866094052836513,2024-06-07 08:12:19,323222,____________,GX-BH-T-ZCTX-000010"
"860374057099325,2025-12-08 12:28:50,000000,______(__)____,SX-XA-T-SSFX-000027"
"866094052830557,2024-07-16 10:59:31,333333,____________,866094052830557"
"866094052795263,2025-12-09 00:01:43,000000,____________,GX-NN-T-ZCTX-000390"
"866094052795719,2025-12-08 23:22:05,003333,____________,GX-NN-T-ZCTX-000389"
"866094052838410,2025-12-08 23:57:14,003333,____________,GX-NN-T-ZCTX-000388"
"866094052832850,2025-12-08 23:44:19,020222,____________,GX-HZ-T-ZCTX-000121"
"866094052827553,2025-12-08 23:33:46,020222,____________,GX-HZ-T-ZCTX-000120"
"866094052771603,2025-12-08 23:46:56,020222,____________,GX-HZ-T-ZCTX-000119"
"866094052771611,2025-12-08 23:58:08,020222,____________,GX-HZ-T-ZCTX-000118"
"866094052824154,2025-12-08 23:34:40,020222,____________,GX-HZ-T-ZCTX-000117"
"866094052828197,2025-12-08 23:33:11,020222,____________,GX-HZ-T-ZCTX-000116"
"866094052826274,2025-12-08 23:32:56,020222,____________,GX-HZ-T-ZCTX-000115"
"868681049150772,2024-09-13 11:40:13,333333,____________,868681049150772"
"866094052830706,2024-07-25 18:05:25,333333,____________,866094052830706"
"866094052778525,2025-01-20 15:24:00,333333,____________,GX-NN-T-ZCTX-000387"
"866094052827983,2025-12-08 23:51:16,003333,____________,GX-NN-T-ZCTX-000386"
"866094052786056,2025-12-08 23:55:26,323222,_________,GX-BS-T-ZYJ-000069"
"866094051542450,2025-12-08 23:50:06,020222,_________,GX-BS-T-ZYJ-000068"
"866094051542906,2025-12-08 23:04:02,020222,_________,GX-BS-T-ZYJ-000066"
"866094051519995,2025-12-08 23:59:33,003332,____________,GX-LZ-T-ZCTX-000130"
"866094052826811,2021-10-26 08:10:23,333333,____________,GX-LZ-T-ZCTX-000129"
"866094052791734,2025-06-23 13:00:14,333333,____________,GX-LZ-T-ZCTX-000129"
"866094051520233,2025-11-22 16:54:34,333333,____________,GX-HZ-T-ZCTX-000114"
"866094052819766,2025-11-22 10:41:23,323222,____________,GX-HZ-T-ZCTX-000113"
"866094052826266,2025-11-22 10:39:10,323222,____________,GX-HZ-T-ZCTX-000112"
"866094052836760,2025-12-08 23:46:30,020222,____________,866094052836760"
"866094052778905,2025-11-22 09:10:07,323222,____________,GX-HZ-T-ZCTX-000110"
"866094052826829,2025-12-08 23:41:57,020222,____________,GX-FCG-T-ZCTX-000113"
"866094052827579,2025-12-08 23:42:07,020222,____________,GX-FCG-T-ZCTX-000112"
"866094051541940,2025-12-08 23:38:20,020222,____________,GX-FCG-T-ZCTX-000111"
"866094052827629,2024-11-14 15:22:06,323222,____________,GX-FCG-T-ZCTX-000110"
"866094052769854,2025-12-09 00:01:05,020222,____________,GX-NN-T-ZCTX-000385"
"866094051542328,2025-12-09 00:02:01,020222,____________,GX-NN-T-ZCTX-000384"
"866094051542260,2025-12-08 23:40:58,020222,____________,GX-NN-T-ZCTX-000383"
"866094051540835,2025-12-08 23:41:18,020222,____________,GX-NN-T-ZCTX-000382"
"866094051540769,2025-01-14 09:49:43,323222,____________,GX-NN-T-ZCTX-000381"
"866094052795602,2025-12-09 00:01:25,020222,____________,GX-NN-T-ZCTX-000380"
"866094051293435,2025-12-09 00:01:36,020222,____________,GX-NN-T-ZCTX-000379"
"866094051520225,2025-05-18 21:26:00,323222,____________,GX-NN-T-ZCTX-000378"
"866094052775943,2025-04-24 09:40:05,323222,____________,866094052775943"
"866094052796030,2025-12-08 23:47:22,020222,____________,GX-NN-T-ZCTX-000375"
"866094051476436,2025-01-14 10:22:17,323222,____________,GX-NN-T-ZCTX-000372"
"866094051393128,2025-12-08 23:32:22,020222,____________,GX-NN-T-ZCTX-000371"
"866094051507339,2025-12-08 23:32:25,020222,____________,GX-NN-T-ZCTX-000369"
"866094051541502,2025-12-09 00:01:44,020222,____________,GX-NN-T-ZCTX-000368"
"866094051365118,2025-12-09 00:01:41,020222,____________,GX-NN-T-ZCTX-000366"
"866094052833114,2025-12-08 23:47:23,003300,____________,GX-NN-T-ZCTX-000365"
"866094052832231,2025-12-08 23:47:54,020222,____________,GX-NN-T-ZCTX-000364"
"866094052802218,2025-12-08 23:51:23,020222,____________,GX-NN-T-ZCTX-000363"
"866094052822653,2025-12-08 23:48:48,020222,____________,GX-NN-T-ZCTX-000362"
"866094052802226,2025-12-08 23:48:10,020222,____________,GX-NN-T-ZCTX-000361"
"860374056970070,2025-12-08 23:45:00,000002,______(__)____,SX-SL-T-SSFX-000008"
"860374056930751,2023-06-18 11:01:43,333333,____________,860374056930751"
"868681049093071,2025-12-08 23:44:18,020222,____________,GX-NN-T-ZCTX-000008"
"868681049134883,2025-12-08 23:45:54,020222,____________,GX-NN-T-ZCTX-000007"
"868681049091174,2025-12-08 23:44:41,020222,____________,GX-NN-T-ZCTX-000006"
"868681049140351,2025-12-08 23:47:43,020222,____________,GX-NN-T-ZCTX-000005"
"866094052775968,2025-12-07 11:25:11,332233,____________,GX-NN-T-ZCTX-000360"
"866094052836356,2025-12-08 23:39:01,003333,____________,GX-NN-T-ZCTX-000359"
"868681049091471,2025-12-08 23:36:06,020222,____________,GX-NN-T-ZCTX-000358"
"868681049154220,2024-04-29 05:10:23,333333,____________,868681049154220"
"866094052837941,2025-12-08 23:34:04,303333,____________,GX-NN-T-ZCTX-000355"
"866094052836901,2025-12-09 00:00:21,020222,____________,GX-NN-T-ZCTX-000354"
"866094052791957,2024-06-19 16:51:05,333333,____________,866094052791957"
"868681049155821,2025-12-08 12:04:41,000000,____________,SX-WN-T-ZCTX-000142"
"860374056959339,2025-12-09 00:00:33,000000,____________,SX-WN-T-ZCTX-000022"
"860374057004564,2025-08-02 13:03:33,333333,______(__)____,SX-XA-T-SSFX-000026"
"860374057087825,2023-04-07 09:41:22,333333,____________,860374057087825"
"866094052823982,2025-11-08 11:41:19,333333,____________,GX-NN-T-ZCTX-000105"
"866094052823974,2025-11-08 11:43:55,333333,____________,GX-NN-T-ZCTX-000104"
"868681049165960,2022-11-20 14:19:17,333333,,GX-FCG-T-ZCTX-000047"
"868681049139965,2025-12-08 23:49:33,000000,____________,GX-NN-T-ZCTX-000050"
"868681049138223,2025-12-08 23:52:23,000000,____________,GX-NN-T-ZCTX-000049"
"868681049140336,2023-10-11 04:52:19,333333,____________,868681049440336"
"868681049137100,2024-07-17 16:48:52,333333,____________,868681049137100"
"868681049139924,2025-03-04 10:56:13,333333,____________,868681049139924"
"866094051542039,2025-12-08 23:44:42,003322,____________,GX-WZ-T-ZCTX-000201"
"866094052832678,2025-12-08 23:44:45,020222,____________,GX-WZ-T-ZCTX-000200"
"866094052826043,2025-12-08 23:36:59,020222,____________,GX-WZ-T-ZCTX-000199"
"866094051540934,2025-12-08 22:53:10,003332,____________,GX-WZ-T-ZCTX-000198"
"866094052834005,2025-12-08 23:52:31,020222,____________,GX-WZ-T-ZCTX-000197"
"866094052833999,2025-12-08 23:52:15,020222,____________,GX-WZ-T-ZCTX-000196"
"866094052832728,2025-12-08 23:52:24,020222,____________,GX-WZ-T-ZCTX-000195"
"866094051380331,2025-12-08 23:51:52,323222,____________,GX-WZ-T-ZCTX-000194"
"866094051542526,2025-12-09 00:01:47,003022,____________,866094051542526"
"866094051467138,2025-12-08 23:35:14,020222,____________,GX-FCG-T-ZCTX-000109"
"866094051518310,2025-12-08 23:35:26,020222,____________,GX-FCG-T-ZCTX-000108"
"866094051282933,2025-12-08 23:34:32,020222,____________,GX-FCG-T-ZCTX-000107"
"866094051337174,2025-12-09 00:02:04,020222,____________,GX-FCG-T-ZCTX-000106"
"866094051480693,2025-12-08 23:34:14,020222,____________,GX-FCG-T-ZCTX-000105"
"866094051492722,2025-12-08 23:49:46,020222,____________,GX-FCG-T-ZCTX-000104"
"866094052822059,2025-12-08 22:22:52,022222,____________,GX-NN-T-ZCTX-000350"
"866094052553571,2025-06-13 08:00:08,333332,__________,866094052553571"
"866094052826787,2025-12-08 23:52:15,003333,____________,GX-FCG-T-ZCTX-000102"
"868681049161530,2025-12-08 23:34:33,000000,____________,SX-WN-T-ZCTX-000141"
"868681049146309,2025-12-08 23:36:34,000000,____________,SX-WN-T-ZCTX-000140"
"866094052533813,2025-06-11 12:24:20,333333,__________,866094052533813"
"866094052553480,2025-12-08 23:56:25,000000,__________,866094052553480"
"868681049132275,2023-11-03 15:04:21,333233,____________,868681049132275"
"868681049138702,2023-11-03 14:49:36,333333,____________,868681049138702"
"868681049161696,2023-11-03 14:51:13,333333,____________,868681049161696"
"868681049154386,2024-06-28 12:03:58,333333,____________,868681049154386"
"868681049147380,2025-12-08 23:50:48,000002,____________,SX-XA-T-ZCTX-000387"
"868681049135476,2025-07-16 12:03:04,233222,____________,SX-XA-T-ZCTX-000386"
"861410049502411,2025-12-08 23:51:39,200222,____________,SX-XA-T-ZCTX-000385"
"868681049168311,2025-12-08 23:36:27,002220,____________,SX-XA-T-ZCTX-000382"
"860374056950759,2025-08-18 09:20:25,333333,____________,860374056950759"
"860374056969189,2024-08-07 07:39:48,333333,____________,860374056969189"
"860374056945668,2024-09-13 14:21:46,333333,____________,860374056945668"
"866094052802564,2025-12-08 12:09:08,002000,____________,GX-WZ-T-ZCTX-000193"
"866094051520092,2025-12-08 12:27:54,332333,____________,GX-WZ-T-ZCTX-000193"
"866094051542799,2025-12-08 23:40:19,020222,____________,GX-WZ-T-ZCTX-000192"
"866094051520241,2025-12-08 23:40:04,020222,____________,GX-WZ-T-ZCTX-000191"
"866094051302251,2025-12-08 23:54:20,020222,____________,GX-WZ-T-ZCTX-000190"
"866094051374045,2025-12-08 12:08:33,020222,____________,GX-WZ-T-ZCTX-000189"
"866094051360812,2025-12-08 23:32:33,020222,____________,GX-WZ-T-ZCTX-000188"
"866094051542310,2025-12-08 23:50:58,020222,____________,GX-LZ-T-ZCTX-000128"
"866094051309561,2025-12-08 23:57:38,323222,____________,GX-LZ-T-ZCTX-000127"
"866094051520746,2025-12-08 12:44:04,323222,____________,GX-LZ-T-ZCTX-000126"
"866094051419147,2025-12-08 12:49:44,020222,____________,GX-LZ-T-ZCTX-000125"
"866094051330260,2025-12-08 23:52:03,020222,____________,GX-LZ-T-ZCTX-000124"
"866094051541833,2025-12-08 23:51:21,003333,____________,GX-LZ-T-ZCTX-000123"
"866094052819626,2025-12-08 23:41:16,020222,____________,GX-HZ-T-ZCTX-000107"
"866094052828213,2025-12-08 23:45:20,020222,____________,GX-HZ-T-ZCTX-000106"
"866094052832694,2025-12-08 23:45:50,020222,____________,GX-HZ-T-ZCTX-000105"
"866094052832884,2025-12-08 23:45:49,020222,____________,GX-HZ-T-ZCTX-000104"
"866094052824329,2025-12-08 23:41:10,020222,____________,GX-HZ-T-ZCTX-000103"
"866094052826209,2025-12-08 23:46:35,020222,____________,GX-HZ-T-ZCTX-000102"
"866094052802101,2025-12-08 23:45:50,020222,____________,GX-HZ-T-ZCTX-000101"
"866094052802135,2025-12-08 12:33:19,020222,____________,GX-HZ-T-ZCTX-000100"
"866094051533970,2025-12-08 23:38:52,020222,____________,GX-NN-T-ZCTX-000349"
"866094051520183,2025-12-08 23:07:04,002002,____________,GX-NN-T-ZCTX-000348"
"866094051523567,2025-12-08 23:35:41,020222,____________,GX-NN-T-ZCTX-000347"
"866094051520134,2025-12-08 23:37:03,020222,____________,GX-NN-T-ZCTX-000346"
"866094051542773,2025-12-08 23:55:43,323222,____________,GX-NN-T-ZCTX-000345"
"866094051408215,2025-12-08 23:45:13,323222,____________,GX-NN-T-ZCTX-000344"
"866094051534267,2025-12-08 23:48:29,020222,_________,GX-CZ-T-ZYJ-000153"
"866094051451793,2025-12-08 23:48:41,020222,_________,GX-CZ-T-ZYJ-000151"
"866094051488803,2025-12-08 23:48:25,020222,_________,GX-CZ-T-ZYJ-000152"
"866094051519417,2025-12-08 23:48:33,020222,_________,GX-CZ-T-ZYJ-000150"
"866094051520555,2025-12-08 23:48:43,020222,_________,GX-CZ-T-ZYJ-000149"
"866094051542724,2025-12-08 23:48:29,020222,_________,GX-CZ-T-ZYJ-000148"
"866094051418396,2025-12-08 23:48:32,020222,_________,GX-CZ-T-ZYJ-000147"
"866094051539704,2025-12-08 23:48:28,020222,_________,GX-CZ-T-ZYJ-000146"
"866094051525976,2025-12-08 23:48:42,020222,_________,GX-CZ-T-ZYJ-000145"
"866094052785546,2025-12-08 12:04:38,020222,_________,GX-BS-T-ZYJ-000065"
"866094052785405,2025-12-08 23:42:20,020222,_________,GX-BS-T-ZYJ-000064"
"866094051542062,2025-12-08 23:42:25,020222,_________,GX-BS-T-ZYJ-000063"
"866094051540744,2025-12-08 23:58:38,020222,_________,GX-BS-T-ZYJ-000062"
"866094052812951,2025-12-08 23:51:23,020222,_________,GX-BS-T-ZYJ-000061"
"868681049166521,2025-12-08 23:50:55,020222,_________,GX-BS-T-ZYJ-000060"
"866094052834013,2025-12-08 23:43:11,020222,_________,GX-BS-T-ZYJ-000059"
"866094052827488,2025-12-08 23:43:40,020222,_________,GX-BS-T-ZYJ-000058"
"866094052834328,2025-12-08 23:43:09,020222,_________,GX-BS-T-ZYJ-000057"
"866094052831928,2025-12-08 23:43:24,020222,_________,GX-BS-T-ZYJ-000056"
"866094052826035,2025-12-08 23:44:09,020222,_________,GX-BS-T-ZYJ-000055"
"866094052826837,2025-12-08 23:44:00,020222,_________,GX-BS-T-ZYJ-000054"
"866094051540702,2025-12-08 23:53:27,020222,_________,GX-BS-T-ZYJ-000053"
"866094051542914,2025-07-16 12:10:09,323222,_________,GX-BS-T-ZYJ-000051"
"866094051541999,2025-12-09 00:00:33,020222,_________,GX-BS-T-ZYJ-000050"
"866094051469803,2025-12-08 23:51:45,020222,____________,GX-FCG-T-ZCTX-000103"
"866094052810294,2025-12-08 23:53:42,020222,_________,GX-LB-T-ZYJ-000097"
"866094052787377,2025-12-08 23:52:10,020222,_________,GX-LB-T-ZYJ-000096"
"866094052785843,2025-12-08 23:52:40,020222,_________,GX-LB-T-ZYJ-000095"
"866094052794647,2025-12-08 23:51:45,000000,____________,GX-FCG-T-ZCTX-000101"
"866094051520472,2025-12-08 23:36:31,020222,____________,GX-LZ-T-ZCTX-000122"
"866094051534473,2025-12-08 23:36:36,323222,____________,GX-LZ-T-ZCTX-000121"
"866094051459283,2025-12-08 23:54:25,003000,____________,GX-LZ-T-ZCTX-000120"
"866094051540785,2025-12-08 23:59:02,020222,____________,GX-NN-T-ZCTX-000341"
"866094051542658,2025-12-08 23:53:40,020222,____________,GX-NN-T-ZCTX-000340"
"868681049090861,2025-07-01 14:46:46,333333,____________,868681049090861"
"866094052831969,2025-12-08 12:19:59,000000,_________,866094052831969"
"866094051520043,2025-12-08 12:10:54,323222,_________,GX-CZ-T-ZYJ-000144"
"866094051536759,2025-12-08 23:42:18,020222,_________,GX-CZ-T-ZYJ-000143"
"866094051532519,2025-10-19 03:31:23,323222,_________,GX-CZ-T-ZYJ-000142"
"866094052837784,2025-12-08 23:34:33,000000,____________,GX-FCG-T-ZCTX-000044"
"866094052812084,2025-12-08 23:38:41,003332,____________,GX-FCG-T-ZCTX-000045"
"866094052525215,2025-12-08 23:40:36,002300,__________,866094052525215"
"866094051507305,2025-12-08 23:48:22,020222,_________,GX-CZ-T-ZYJ-000141"
"866094051520480,2025-12-08 23:48:14,020222,_________,GX-CZ-T-ZYJ-000140"
"866094051537898,2025-07-16 12:04:12,323222,_________,GX-CZ-T-ZYJ-000139"
"866094051507396,2025-12-08 23:48:38,020222,_________,GX-CZ-T-ZYJ-000138"
"866094051538748,2025-12-08 23:48:17,020222,_________,GX-CZ-T-ZYJ-000137"
"866094051507370,2025-12-08 23:48:32,020222,_________,GX-CZ-T-ZYJ-000136"
"866094051391205,2025-12-08 23:48:39,020222,_________,GX-CZ-T-ZYJ-000135"
"868681049147596,2025-12-08 23:55:58,000000,____________,SX-XA-T-ZCTX-000372"
"866094051418347,2025-12-08 23:48:21,020222,_________,GX-CZ-T-ZYJ-000134"
"868681049137407,2025-12-08 23:38:02,000000,____________,SX-XA-T-ZCTX-000371"
"866094051290183,2025-12-08 23:48:37,020222,_________,GX-CZ-T-ZYJ-000133"
"866094051393094,2025-12-08 23:48:29,020222,_________,GX-CZ-T-ZYJ-000132"
"866094051382618,2025-12-08 23:48:45,323222,_________,GX-CZ-T-ZYJ-000131"
"866094051488860,2025-12-08 23:48:42,020222,_________,GX-CZ-T-ZYJ-000130"
"868681049146457,2025-12-08 23:36:00,000022,____________,SX-XA-T-ZCTX-000370"
"866094051435739,2025-12-08 23:48:35,020222,_________,GX-CZ-T-ZYJ-000129"
"866094051346225,2025-12-08 23:48:19,323222,_________,GX-CZ-T-ZYJ-000128"
"866094051359053,2025-12-08 23:48:37,020222,_________,GX-CZ-T-ZYJ-000127"
"866094051507404,2025-12-08 23:48:28,020222,_________,GX-CZ-T-ZYJ-000126"
"866094051532972,2025-12-08 12:29:32,323222,_________,GX-CZ-T-ZYJ-000125"
"866094051430557,2025-03-21 10:47:24,323222,_________,GX-CZ-T-ZYJ-000124"
"866094051363683,2025-12-08 23:48:43,020222,_________,GX-CZ-T-ZYJ-000123"
"866094051507388,2025-12-08 23:48:29,020222,_________,GX-CZ-T-ZYJ-000122"
"860374056911769,2024-10-09 19:17:49,333333,____________,SX-XA-T-ZCTX-000301"
"860374057004051,2025-12-08 23:50:58,000000,____________,SX-XA-T-ZCTX-000304"
"860374057091769,2024-02-21 08:34:26,333333,____________,SX-XA-T-ZCTX-000012"
"868681049142498,2025-12-08 23:22:06,000002,____________,SX-XA-T-ZCTX-000369"
"868681049162488,2025-12-08 23:36:57,000000,____________,SX-XA-T-ZCTX-000368"
"868681049131319,2025-12-08 12:09:19,000002,____________,SX-XA-T-ZCTX-000367"
"861410049540817,2021-07-23 09:24:23,333333,____________,SX-XA-T-ZCTX-000366"
"868681049147653,2025-12-09 00:02:16,000002,____________,SX-XA-T-ZCTX-000365"
"868681049092503,2025-07-16 12:11:26,333332,____________,868681049092503"
"866094051364079,2025-12-08 23:51:55,020222,____________,GX-FCG-T-ZCTX-000100"
"866094051329049,2025-12-08 23:50:49,020222,____________,GX-FCG-T-ZCTX-000099"
"866094051418255,2025-08-27 12:09:44,323222,____________,GX-FCG-T-ZCTX-000098"
"866094051534614,2025-12-08 23:34:57,020222,____________,GX-WZ-T-ZCTX-000187"
"866094051510556,2025-12-08 23:42:00,020222,____________,GX-WZ-T-ZCTX-000186"
"866094051445530,2025-12-08 23:55:01,020222,____________,GX-WZ-T-ZCTX-000185"
"866094052823842,2025-12-08 21:46:37,000000,____________,GX-HZ-T-ZCTX-000099"
"866094052798457,2025-12-08 23:43:16,000000,____________,GX-HZ-T-ZCTX-000099"
"866094051488639,2025-01-08 15:49:07,333333,____________,866094051488639"
"860374057089151,2025-12-08 12:15:51,000000,____________,SX-YA-T-ZCTX-000161"
"860374056957499,2023-04-07 09:40:21,333333,____________,860374056957499"
"866094052781446,2025-12-08 23:43:06,020222,____________,GX-LZ-T-ZCTX-000119"
"866094051507438,2025-12-08 23:36:03,020222,____________,GX-LZ-T-ZCTX-000116"
"866094051509939,2025-12-08 23:42:25,020222,____________,GX-LZ-T-ZCTX-000115"
"866094051309538,2025-01-03 14:13:37,323222,____________,GX-LZ-T-ZCTX-000114"
"866094051485734,2025-12-08 23:59:27,020222,____________,GX-LZ-T-ZCTX-000113"
"866094051414080,2025-12-08 23:58:53,020222,____________,GX-LZ-T-ZCTX-000112"
"866094051507321,2025-12-08 23:58:41,020222,____________,GX-LZ-T-ZCTX-000111"
"866094051507354,2025-12-08 23:53:04,020222,____________,GX-LZ-T-ZCTX-000110"
"866094051511232,2025-12-08 23:35:24,020222,____________,GX-LZ-T-ZCTX-000109"
"866094051374177,2025-11-04 12:13:05,323222,____________,GX-LZ-T-ZCTX-000108"
"866094051540983,2025-12-08 23:41:17,020222,____________,GX-LZ-T-ZCTX-000107"
"866094052824311,2025-12-08 23:40:21,020222,____________,GX-LZ-T-ZCTX-000106"
"866094052824345,2025-12-08 23:38:44,020222,____________,GX-LZ-T-ZCTX-000105"
"866094051517320,2025-12-01 12:37:07,323222,____________,GX-NN-T-ZCTX-000335"
"866094052785538,2025-12-08 23:39:13,020222,____________,GX-LZ-T-ZCTX-000104"
"866094052822596,2025-12-08 23:39:16,020222,____________,GX-LZ-T-ZCTX-000102"
"866094052824352,2025-12-08 23:40:51,323222,____________,GX-LZ-T-ZCTX-000101"
"866094051542286,2024-04-05 05:35:34,323222,____________,866094051542286"
"866094051520613,2025-12-08 12:12:54,323222,____________,GX-LZ-T-ZCTX-000099"
"866094051542468,2025-12-08 23:39:06,020222,____________,GX-LZ-T-ZCTX-000098"
"866094052822554,2024-10-30 10:31:13,323222,____________,GX-LZ-T-ZCTX-000096"
"866094051520621,2025-12-08 23:33:45,020222,____________,GX-LZ-T-ZCTX-000095"
"866094051542781,2025-12-08 23:40:27,020222,____________,GX-LZ-T-ZCTX-000094"
"866094052827801,2025-12-08 23:40:04,020222,____________,GX-LZ-T-ZCTX-000093"
"866094052821994,2025-12-08 23:39:20,020222,____________,GX-LZ-T-ZCTX-000092"
"866094052819543,2025-12-08 23:39:49,020222,____________,GX-LZ-T-ZCTX-000091"
"866094052832314,2025-12-08 23:40:55,020222,____________,GX-LZ-T-ZCTX-000090"
"866094052792096,2025-12-08 23:39:35,020222,____________,GX-LZ-T-ZCTX-000089"
"866094052812910,2025-01-02 16:04:00,323222,____________,GX-LZ-T-ZCTX-000088"
"866094052819642,2025-12-08 23:39:31,020222,____________,GX-LZ-T-ZCTX-000087"
"866094052785579,2025-12-08 23:38:57,020222,____________,GX-LZ-T-ZCTX-000086"
"866094052788573,2025-12-08 23:40:42,020222,____________,GX-LZ-T-ZCTX-000085"
"866094052819618,2025-07-10 12:44:21,323222,____________,GX-LZ-T-ZCTX-000084"
"866094052819634,2025-12-08 23:39:25,020222,____________,GX-LZ-T-ZCTX-000082"
"866094051541551,2025-12-08 23:33:32,020222,_________,GX-BS-T-ZYJ-000049"
"866094051542435,2025-12-08 23:34:21,323222,_________,GX-BS-T-ZYJ-000048"
"866094052827793,2025-07-27 03:24:39,323222,_________,GX-BS-T-ZYJ-000047"
"866094052819592,2025-12-08 23:52:48,020222,_________,GX-BS-T-ZYJ-000046"
"866094052822828,2025-12-09 00:01:38,020222,_________,GX-BS-T-ZYJ-000045"
"866094052819659,2025-12-09 00:01:48,020222,_________,GX-BS-T-ZYJ-000044"
"866094051540918,2025-12-08 23:57:03,000022,_________,GX-LB-T-ZYJ-000094"
"866094052787237,2025-12-08 23:54:52,020222,_________,GX-LB-T-ZYJ-000093"
"866094051542815,2025-12-08 23:59:16,003300,____________,GX-WZ-T-ZCTX-000184"
"866094051374912,2025-12-08 23:40:52,020222,____________,GX-WZ-T-ZCTX-000183"
"866094051534671,2025-12-08 23:43:13,020222,____________,GX-WZ-T-ZCTX-000182"
"866094051542013,2025-12-08 23:43:40,002333,____________,GX-WZ-T-ZCTX-000181"
"866094051523617,2025-12-08 23:44:32,020222,____________,GX-WZ-T-ZCTX-000180"
"866094051447692,2025-12-08 23:44:33,020222,____________,GX-WZ-T-ZCTX-000179"
"866094051507362,2025-12-08 23:51:45,020222,____________,GX-FCG-T-ZCTX-000095"
"866094052798705,2025-12-08 23:52:35,020222,____________,GX-FCG-T-ZCTX-000094"
"866094052798416,2025-01-08 07:28:33,323222,____________,GX-FCG-T-ZCTX-000093"
"866094051436125,2025-08-27 12:33:57,323222,____________,GX-FCG-T-ZCTX-000092"
"866094051369946,2025-12-08 23:50:48,020222,____________,GX-FCG-T-ZCTX-000091"
"866094051382113,2025-12-08 23:51:34,020222,____________,GX-FCG-T-ZCTX-000090"
"866094051520100,2024-11-27 13:58:41,333322,____________,GX-NN-T-ZCTX-000334"
"866094051467005,2025-12-08 23:49:01,003300,____________,GX-NN-T-ZCTX-000333"
"866094052797475,2025-10-21 12:06:20,332333,____________,866094052797475"
"866094051541791,2025-12-08 23:55:29,002330,____________,GX-NN-T-ZCTX-000332"
"866094051492896,2025-08-12 11:16:05,323222,____________,866094051492896"
"866094051477624,2025-12-08 12:21:58,323222,____________,GX-NN-T-ZCTX-000330"
"866094051523559,2025-12-08 23:40:35,020222,____________,GX-NN-T-ZCTX-000329"
"868681043905163,2025-12-08 23:45:30,000000,____________,JS-HA-T-ZC-000150"
"868681043902871,2025-12-08 23:41:04,000000,____________,JS-HA-T-ZC-000149"
"868681049146556,2025-01-08 15:58:40,333333,____________,868681049146556"
"866094051365563,2025-12-08 23:51:59,003330,____________,866094051365563"
"866094052798150,2025-12-08 23:43:07,000000,____________,GX-HZ-T-ZCTX-000096"
"866094051507271,2025-12-08 23:43:27,000000,____________,GX-HZ-T-ZCTX-000095"
"868681049147281,2024-11-08 15:38:30,333333,____________,868681049147281"
"866094052798622,2025-12-08 23:42:45,000300,____________,866094052798622"
"866094051531263,2025-12-08 13:44:20,333333,____________,GX-HZ-T-ZCTX-000092"
"866094052827066,2023-06-22 14:50:20,333333,,GX-FCG-T-ZCTX-000089"
"866094051542617,2025-12-08 23:51:13,003333,____________,GX-FCG-T-ZCTX-000089"
"866094051523591,2023-11-02 14:49:35,333333,____________,866094051523591"
"866094052821093,2023-01-07 12:46:07,333333,,GX-FCG-T-ZCTX-000088"
"866094051315923,2025-12-08 23:50:57,020222,____________,GX-FCG-T-ZCTX-000086"
"866094051522569,2025-12-08 23:50:45,323222,____________,GX-FCG-T-ZCTX-000085"
"866094051540884,2025-12-08 23:48:46,003322,_________,GX-LB-T-ZYJ-000092"
"866094051541767,2025-12-08 23:33:04,000022,_________,GX-LB-T-ZYJ-000091"
"866094051467492,2025-02-13 14:19:42,323222,____________,GX-WZ-T-ZCTX-000178"
"866094051380646,2025-07-16 12:44:07,323222,____________,GX-WZ-T-ZCTX-000177"
"866094051438782,2025-12-08 23:44:49,020222,____________,GX-WZ-T-ZCTX-000176"
"866094051520019,2025-12-08 23:53:24,003332,____________,GX-WZ-T-ZCTX-000175"
"866094051534069,2025-12-08 23:53:17,020222,____________,GX-WZ-T-ZCTX-000174"
"866094052802127,2025-12-08 23:53:30,020222,____________,GX-WZ-T-ZCTX-000173"
"866094051425003,2025-12-08 23:34:45,020222,____________,GX-FCG-T-ZCTX-000084"
"866094051532501,2025-12-08 23:34:20,323222,____________,GX-FCG-T-ZCTX-000083"
"866094051472823,2025-12-08 23:55:29,323222,____________,GX-FCG-T-ZCTX-000082"
"866094051293476,2025-12-08 23:26:25,020222,____________,GX-FCG-T-ZCTX-000081"
"866094051300826,2024-06-12 14:49:35,323222,____________,866094051300826"
"866094051437156,2025-12-08 23:55:47,020222,____________,GX-FCG-T-ZCTX-000079"
"866094051528012,2025-01-07 11:24:35,323222,____________,GX-FCG-T-ZCTX-000078"
"866094051507412,2025-12-08 23:34:26,323222,____________,GX-FCG-T-ZCTX-000077"
"861410049556839,2024-08-31 22:17:26,232222,____________,SX-XA-T-ZCTX-000364"
"866094051510291,2025-12-08 23:42:57,000000,____________,GX-HZ-T-ZCTX-000091"
"866094051542625,2025-12-08 23:46:46,003333,____________,GX-HZ-T-ZCTX-000090"
"866094051482186,2025-12-09 00:00:41,000000,____________,GX-NN-T-ZCTX-000325"
"866094051528335,2025-10-21 12:35:31,333333,____________,GX-NN-T-ZCTX-000324"
"866094051532550,2025-12-08 23:52:24,000330,____________,GX-NN-T-ZCTX-000323"
"866094052794530,2025-12-08 12:30:45,000000,____________,GX-WZ-T-ZCTX-000172"
"866094051519961,2025-12-08 12:06:06,000000,____________,GX-WZ-T-ZCTX-000172"
"866094051542872,2025-12-08 23:34:49,020222,____________,GX-WZ-T-ZCTX-000171"
"866094051534051,2024-08-12 03:06:53,323222,____________,866094051534051"
"866094051542849,2025-12-08 23:34:38,020222,____________,GX-WZ-T-ZCTX-000169"
"868681049155441,2024-09-24 15:05:46,333333,_________,868681049155441"
"866094051362453,2025-02-14 13:43:37,323222,____________,866094051362453"
"868681049142019,2025-12-08 12:10:16,000000,_________,GX-LB-T-ZYJ-000057"
"866094052833700,2025-12-08 12:11:09,000000,_________,GX-LB-T-ZYJ-000060"
"866094051519979,2025-09-15 12:33:17,333333,____________,866094051519979"
"866094052833643,2025-12-08 12:29:25,000000,_________,GX-LB-T-ZYJ-000065"
"868681049136102,2025-03-25 11:28:34,333333,_________,868681049136102"
"866094052794555,2024-08-16 09:01:27,333333,_________,866094052794555"
"866094052824238,2025-12-08 12:10:45,000000,_________,GX-LB-T-ZYJ-000075"
"866094052823792,2025-12-08 12:13:56,000000,_________,GX-LB-T-ZYJ-000076"
"866094052833767,2025-12-08 12:04:45,000000,_________,GX-LB-T-ZYJ-000077"
"866094052824246,2025-12-08 12:28:31,000000,_________,GX-LB-T-ZYJ-000078"
"861410049556813,2025-12-08 23:59:49,200222,____________,SX-TC-T-ZCTX-000018"
"861410049534927,2025-12-08 23:45:57,200222,____________,SX-TC-T-ZCTX-000017"
"866094052828007,2022-07-21 23:01:34,333333,_________,866094052828007"
"861410049506560,2025-12-08 23:58:54,200222,____________,SX-TC-T-ZCTX-000016"
"861410049506610,2025-12-08 23:42:54,200222,____________,SX-TC-T-ZCTX-000015"
"866094052794357,2022-07-06 15:34:14,333333,_________,866094052794357"
"861410049560062,2025-12-08 23:57:31,200222,____________,SX-TC-T-ZCTX-000014"
"866094052831977,2023-02-28 14:32:53,333333,_________,866094052831977"
"866094052827645,2025-12-08 13:17:49,000000,_________,GX-LB-T-ZYJ-000086"
"866094052827330,2022-08-28 22:29:13,333333,_________,866094052827330"
"866094052826506,2024-08-11 11:00:30,333333,_________,866094052826506"
"866094052830540,2022-08-05 11:49:17,333333,_________,GX-LB-T-ZYJ-000090"
"860374056953035,2023-04-07 09:39:20,333333,____________,860374056953035"
"860374057090027,2023-04-07 09:38:19,333333,____________,860374057090027"
"860374057008144,2023-04-07 09:37:18,333333,____________,860374057008144"
"866094051520209,2025-12-08 23:45:55,020222,_________,GX-BS-T-ZYJ-000043"
"866094051520217,2025-12-08 23:45:39,323222,_________,GX-BS-T-ZYJ-000042"
"866094052832322,2025-12-08 23:54:30,020222,_________,GX-BS-T-ZYJ-000041"
"866094052778509,2025-12-08 23:58:28,020222,_________,GX-BS-T-ZYJ-000040"
"866094052832462,2025-12-08 23:45:42,003300,_________,GX-BS-T-ZYJ-000039"
"866094052826217,2025-12-08 23:46:36,003300,_________,GX-BS-T-ZYJ-000038"
"868681049137969,2025-12-08 23:32:18,000000,_________,GX-BS-T-ZYJ-000037"
"866094051541569,2025-12-08 23:59:49,000000,_________,GX-BS-T-ZYJ-000037"
"866094051541536,2025-12-08 23:46:07,003333,_________,GX-BS-T-ZYJ-000036"
"866094051459226,2025-12-08 23:45:57,003020,_________,GX-BS-T-ZYJ-000035"
"868681049162918,2024-04-19 17:06:18,333333,_________,868681049162918"
"866094052778467,2025-12-08 23:46:19,000000,_________,GX-BS-T-ZYJ-000033"
"868681049133125,2025-12-08 23:43:51,000000,____________,SX-XA-T-ZCTX-000363"
"860374056990805,2023-08-13 07:42:29,333333,____________,860374056990805"
"866094051520266,2025-12-08 23:46:08,020222,_________,GX-BS-T-ZYJ-000032"
"866094051540892,2025-12-08 23:39:25,003330,_________,GX-LB-T-ZYJ-000090"
"866094052822703,2025-12-08 23:58:13,000303,_________,GX-LB-T-ZYJ-000089"
"866094052812928,2025-12-08 23:39:49,303333,_________,GX-LB-T-ZYJ-000087"
"866094052822588,2025-12-08 23:55:23,003000,_________,GX-LB-T-ZYJ-000084"
"866094052778459,2025-12-08 23:57:34,003003,_________,GX-LB-T-ZYJ-000085"
"866094052832264,2025-12-08 12:16:26,333333,_________,GX-LB-T-ZYJ-000086"
"866094052822521,2025-12-09 00:02:08,000330,_________,GX-LB-T-ZYJ-000083"
"866094052832363,2025-12-08 12:19:47,333333,_________,GX-LB-T-ZYJ-000081"
"866094052819725,2025-12-08 23:52:28,003003,_________,GX-LB-T-ZYJ-000080"
"866094052822497,2025-12-08 23:35:36,000000,_________,GX-LB-T-ZYJ-000079"
"866094052832215,2025-12-08 12:46:52,333333,_________,GX-LB-T-ZYJ-000078"
"866094052788532,2025-12-08 12:17:13,333333,_________,GX-LB-T-ZYJ-000077"
"866094052778434,2025-12-08 12:11:17,333333,_________,GX-LB-T-ZYJ-000075"
"866094052819717,2025-12-08 12:06:39,333333,_________,GX-LB-T-ZYJ-000074"
"866094052824386,2025-12-08 12:21:58,333333,_________,GX-LB-T-ZYJ-000073"
"866094052822547,2025-12-08 23:41:41,000000,_________,GX-LB-T-ZYJ-000072"
"866094052785967,2025-12-09 00:00:50,000000,_________,GX-LB-T-ZYJ-000070"
"866094052785801,2025-12-08 23:58:25,003333,_________,GX-LB-T-ZYJ-000071"
"866094051533046,2025-12-08 23:37:32,323222,____________,GX-NN-T-ZCTX-000322"
"866094051473755,2025-12-08 23:36:39,020222,____________,GX-NN-T-ZCTX-000321"
"866094052787765,2025-12-08 23:40:12,020222,_________,GX-LB-T-ZYJ-000069"
"866094052820996,2024-02-18 11:04:47,323222,_________,866094052820996"
"866094052810187,2024-02-18 11:04:59,323222,_________,866094052810187"
"866094051520316,2025-12-08 12:14:09,020222,_________,GX-BS-T-ZYJ-000031"
"866094052796824,2025-12-09 00:01:22,020222,_________,GX-CZ-T-ZYJ-000121"
"866094051453617,2025-12-09 00:01:14,020222,_________,GX-CZ-T-ZYJ-000120"
"866094051392500,2025-12-08 23:37:51,003222,____________,GX-NN-T-ZCTX-000319"
"866094051517221,2025-12-08 23:44:17,020222,____________,GX-NN-T-ZCTX-000317"
"866094051487854,2025-12-08 23:44:41,020222,____________,GX-NN-T-ZCTX-000316"
"866094052796915,2025-12-08 23:58:11,000300,____________,GX-NN-T-ZCTX-000315"
"866094051510366,2025-12-09 00:01:16,323222,____________,GX-FCG-T-ZCTX-000074"
"866094051478507,2023-11-06 11:43:50,323222,____________,866094051478507"
"866094052821168,2022-03-16 01:06:47,333333,,GX-FCG-T-ZCTX-000072"
"866094052815541,2021-11-30 18:21:04,333333,,GX-FCG-T-ZCTX-000071"
"866094051372585,2025-05-09 14:05:43,323222,____________,GX-FCG-T-ZCTX-000069"
"866094051381586,2025-12-08 23:49:54,020222,____________,GX-FCG-T-ZCTX-000070"
"866094051472831,2025-12-08 23:42:21,020222,____________,GX-FCG-T-ZCTX-000068"
"866094051381628,2025-12-08 23:41:51,323222,____________,GX-FCG-T-ZCTX-000067"
"866094051542930,2025-12-08 23:42:58,020222,____________,GX-WZ-T-ZCTX-000166"
"866094051539829,2025-12-08 23:42:57,020222,____________,GX-WZ-T-ZCTX-000165"
"866094051534192,2025-12-08 23:54:48,020222,____________,GX-WZ-T-ZCTX-000164"
"866094051534135,2025-12-08 23:42:53,020222,____________,GX-WZ-T-ZCTX-000163"
"866094051542922,2025-12-08 23:43:36,020222,____________,GX-WZ-T-ZCTX-000162"
"866094051542609,2025-12-08 23:42:51,020222,____________,GX-WZ-T-ZCTX-000161"
"866094051541817,2025-12-08 23:39:57,003333,____________,GX-WZ-T-ZCTX-000160"
"866094051520175,2025-12-08 23:39:57,020222,____________,GX-WZ-T-ZCTX-000159"
"866094051540694,2025-12-08 23:40:02,020222,____________,GX-WZ-T-ZCTX-000157"
"866094051520290,2025-12-08 23:39:52,020222,____________,GX-WZ-T-ZCTX-000156"
"866094051542567,2025-11-15 07:16:26,323222,____________,GX-WZ-T-ZCTX-000155"
"866094051541544,2025-12-08 23:39:59,020222,____________,GX-WZ-T-ZCTX-000154"
"866094052827785,2025-12-08 23:40:07,020222,____________,GX-WZ-T-ZCTX-000153"
"866094051534184,2025-08-22 12:24:55,323222,____________,GX-WZ-T-ZCTX-000152"
"866094052795396,2025-12-08 23:58:16,003333,____________,GX-LZ-T-ZCTX-000081"
"866094052795255,2025-12-08 23:58:13,003333,____________,GX-LZ-T-ZCTX-000080"
"866094052796907,2025-12-08 23:58:14,000000,____________,GX-LZ-T-ZCTX-000079"
"866094052826365,2023-11-20 09:35:50,333333,____________,866094052826365"
"866094051403166,2025-12-08 23:42:35,003333,____________,866094051403166"
"866094052827009,2025-12-08 23:43:09,000000,____________,GX-HZ-T-ZCTX-000088"
"866094051397129,2025-12-08 23:42:59,000000,____________,GX-HZ-T-ZCTX-000088"
"866094052778541,2025-12-08 12:13:22,323222,_________,GX-BS-T-ZYJ-000030"
"866094052778426,2025-12-08 23:45:57,323222,_________,GX-BS-T-ZYJ-000029"
"866094052744105,2025-12-08 23:50:59,020222,_________,GX-BS-T-ZYJ-000028"
"866094051539746,2025-12-09 00:01:09,020222,_________,GX-CZ-T-ZYJ-000119"
"866094051459168,2025-12-09 00:00:53,020222,_________,GX-CZ-T-ZYJ-000118"
"866094051539761,2025-12-09 00:01:48,020222,_________,GX-CZ-T-ZYJ-000117"
"866094051459184,2025-12-09 00:01:42,020222,_________,GX-CZ-T-ZYJ-000116"
"866094051534044,2025-12-09 00:01:39,020222,_________,GX-CZ-T-ZYJ-000115"
"866094051539753,2025-12-08 23:42:50,020222,_________,GX-CZ-T-ZYJ-000113"
"866094051533962,2025-12-08 23:47:11,020222,_________,GX-CZ-T-ZYJ-000112"
"866094051542500,2025-12-08 23:47:14,020222,_________,GX-CZ-T-ZYJ-000111"
"866094051507248,2025-12-08 23:58:54,003030,____________,GX-NN-T-ZCTX-000312"
"866094051520084,2025-12-08 23:38:08,003333,____________,GX-FCG-T-ZCTX-000066"
"866094051540942,2025-12-08 23:57:55,003333,____________,GX-NN-T-ZCTX-000311"
"866094051493159,2025-12-08 23:38:09,003333,____________,GX-FCG-T-ZCTX-000065"
"866094052785587,2025-11-23 14:57:57,323222,____________,GX-HZ-T-ZCTX-000087"
"866094051520001,2025-12-08 23:59:46,000033,____________,GX-NN-T-ZCTX-000310"
"866094052787393,2025-11-22 10:49:08,323222,____________,GX-HZ-T-ZCTX-000086"
"866094052822794,2025-12-08 23:52:17,020222,____________,GX-WZ-T-ZCTX-000151"
"866094052824204,2025-12-08 23:52:20,020222,____________,GX-WZ-T-ZCTX-000150"
"866094052795644,2025-12-08 23:52:12,020222,____________,GX-WZ-T-ZCTX-000149"
"866094052796840,2025-12-08 12:17:30,020222,____________,GX-WZ-T-ZCTX-000148"
"866094052819675,2025-12-08 23:52:12,020222,____________,GX-WZ-T-ZCTX-000147"
"866094052785561,2025-12-08 23:52:19,020222,____________,GX-WZ-T-ZCTX-000146"
"866094052822505,2025-12-08 23:52:15,020222,____________,GX-WZ-T-ZCTX-000145"
"866094052822562,2025-12-08 23:52:15,020222,____________,GX-WZ-T-ZCTX-000144"
"866094051540751,2025-12-08 23:57:16,020222,____________,GX-WZ-T-ZCTX-000143"
"866094051542484,2025-12-08 23:52:14,020222,____________,GX-WZ-T-ZCTX-000142"
"860374057039453,2023-04-11 19:16:53,333333,____________,860374057039453"
"861410049506164,2025-12-08 23:50:55,202222,____________,SX-TC-T-ZCTX-000004"
"866094051539795,2025-12-09 00:01:29,020222,_________,GX-CZ-T-ZYJ-000110"
"866094051539738,2025-12-09 00:01:33,020222,_________,GX-CZ-T-ZYJ-000109"
"866094051533954,2025-12-08 23:45:00,020222,_________,GX-CZ-T-ZYJ-000108"
"866094051541775,2025-12-09 00:00:54,020222,_________,GX-CZ-T-ZYJ-000107"
"866094051519912,2025-12-08 23:43:31,020222,_________,GX-CZ-T-ZYJ-000106"
"866094051541882,2025-12-08 23:51:27,020222,_________,GX-CZ-T-ZYJ-000105"
"866094051542864,2025-03-20 16:58:04,323222,_________,GX-CZ-T-ZYJ-000104"
"866094051459200,2025-12-09 00:01:05,020222,_________,GX-CZ-T-ZYJ-000103"
"866094051541973,2025-12-08 23:30:39,020222,_________,GX-CZ-T-ZYJ-000102"
"866094051541908,2025-12-08 23:32:59,020222,_________,GX-CZ-T-ZYJ-000101"
"866094051459242,2025-12-09 00:01:53,020222,_________,GX-CZ-T-ZYJ-000100"
"866094051459150,2024-12-04 07:23:07,323222,_________,GX-CZ-T-ZYJ-000099"
"866094051541866,2025-12-08 23:38:03,020222,_________,GX-CZ-T-ZYJ-000098"
"866094051485726,2025-12-08 23:33:58,003330,____________,GX-NN-T-ZCTX-000309"
"866094051382097,2024-04-24 13:49:56,333333,____________,866094051382097"
"866094051541494,2025-12-08 23:47:50,020222,____________,GX-NN-T-ZCTX-000304"
"866094051540777,2025-06-27 21:02:44,323222,____________,GX-NN-T-ZCTX-000303"
"866094051542005,2025-12-08 23:39:20,003333,____________,GX-NN-T-ZCTX-000306"
"866094052787195,2025-12-08 23:58:48,020222,____________,866094052787195"
"866094052787732,2025-12-08 23:50:18,323222,____________,866094052787732"
"866094051459234,2025-12-08 23:50:17,000000,____________,GX-NN-T-ZCTX-000295"
"866094051540678,2025-12-08 23:36:54,003300,____________,GX-NN-T-ZCTX-000294"
"866094051436232,2025-12-08 23:42:25,003322,____________,GX-NN-T-ZCTX-000301"
"866094052837982,2025-11-22 09:08:52,323222,____________,GX-HZ-T-ZCTX-000083"
"866094052837958,2025-12-08 12:38:25,020222,____________,GX-HZ-T-ZCTX-000082"
"866094052780869,2025-11-22 09:39:25,323222,____________,GX-HZ-T-ZCTX-000081"
"866094052838162,2025-12-08 12:09:44,323222,____________,GX-HZ-T-ZCTX-000080"
"866094052815970,2025-11-22 09:39:43,323222,____________,GX-HZ-T-ZCTX-000079"
"866094052837974,2025-11-22 09:38:56,323222,____________,GX-HZ-T-ZCTX-000078"
"866094051534150,2025-12-08 23:42:49,003333,____________,GX-NN-T-ZCTX-000293"
"866094052823321,2025-12-08 23:56:06,020222,____________,GX-LZ-T-ZCTX-000071"
"866094052787427,2025-12-08 23:45:24,020222,____________,GX-HZ-T-ZCTX-000077"
"866094052797277,2025-12-08 12:17:06,000000,____________,GX-FCG-T-ZCTX-000064"
"866094052776008,2025-12-08 12:08:35,333333,____________,GX-FCG-T-ZCTX-000064"
"866094052766116,2025-12-08 23:34:16,000000,____________,GX-FCG-T-ZCTX-000063"
"866094052798382,2025-12-08 23:34:52,000000,____________,GX-FCG-T-ZCTX-000063"
"866094052800188,2025-12-08 23:33:30,020222,____________,GX-FCG-T-ZCTX-000062"
"866094052798424,2025-12-08 23:32:25,020222,____________,GX-FCG-T-ZCTX-000061"
"866094052798697,2025-12-08 23:54:26,020222,____________,GX-FCG-T-ZCTX-000060"
"866094052795362,2025-04-22 09:05:37,323222,____________,GX-FCG-T-ZCTX-000059"
"866094052791437,2025-12-08 23:54:34,020222,____________,GX-FCG-T-ZCTX-000058"
"866094052791809,2025-12-09 00:00:23,020222,____________,GX-FCG-T-ZCTX-000057"
"866094052796956,2025-12-08 23:50:15,003000,____________,GX-LZ-T-ZCTX-000078"
"866094052775950,2025-12-08 23:35:42,003000,____________,GX-LZ-T-ZCTX-000077"
"866094052791676,2025-12-08 23:41:40,003330,____________,GX-LZ-T-ZCTX-000076"
"866094052791692,2025-12-08 23:50:58,003333,____________,GX-LZ-T-ZCTX-000075"
"866094052791718,2025-12-08 23:51:25,003003,____________,GX-LZ-T-ZCTX-000074"
"866094052830128,2025-10-11 10:25:23,333233,____________,866094052830128"
"866094052791510,2025-12-08 23:44:37,003233,____________,GX-LZ-T-ZCTX-000073"
"866094052815517,2025-12-08 23:45:47,000002,____________,GX-WZ-T-ZCTX-000141"
"866094052778418,2025-12-09 00:00:15,000002,____________,GX-WZ-T-ZCTX-000141"
"866094052795008,2025-12-08 23:51:24,020222,____________,GX-WZ-T-ZCTX-000140"
"866094052798275,2025-12-08 23:50:39,020222,____________,GX-WZ-T-ZCTX-000139"
"866094052827025,2024-06-08 15:31:49,333332,____________,866094052827025"
"866094052788540,2025-12-08 23:53:33,003332,____________,GX-WZ-T-ZCTX-000138"
"866094052775992,2025-12-08 23:36:59,020222,____________,GX-WZ-T-ZCTX-000137"
"866094052795370,2025-12-08 23:44:28,323222,____________,GX-WZ-T-ZCTX-000136"
"866094052796923,2025-11-06 02:06:30,323222,____________,GX-WZ-T-ZCTX-000135"
"866094052795198,2025-12-08 23:44:41,020222,____________,GX-WZ-T-ZCTX-000134"
"866094051542419,2025-12-08 23:52:45,020222,____________,GX-NN-T-ZCTX-000292"
"866094051532733,2025-12-08 23:52:55,020222,____________,GX-NN-T-ZCTX-000291"
"866094051520308,2025-12-08 23:52:24,323222,____________,GX-NN-T-ZCTX-000290"
"866094052810286,2025-12-08 23:35:57,022222,____________,GX-NN-T-ZCTX-000087"
"866094052795750,2025-05-12 12:46:45,333333,____________,866094052795750"
"866094051541783,2025-12-08 23:46:58,000000,____________,866094051541783"
"866094052794282,2024-08-31 11:49:22,333333,____________,866094052794282"
"868681049132861,2025-08-10 08:04:03,333333,____________,GX-NN-T-ZCTX-000051"
"868681049134909,2025-12-08 23:39:38,000000,____________,GX-NN-T-ZCTX-000020"
"866094052837214,2025-12-08 23:58:35,000000,____________,GX-NN-T-ZCTX-000004"
"868681049158999,2025-03-17 10:40:24,333222,____________,SX-XA-T-ZCTX-000356"
"866094052775984,2025-12-08 23:58:41,000003,____________,GX-FCG-T-ZCTX-000056"
"868681049133166,2024-12-10 11:11:27,333333,____________,868681049133166"
"866094051519953,2025-07-10 12:46:20,323222,_________,GX-CZ-T-ZYJ-000097"
"866094051519946,2025-12-08 23:33:08,022222,____________,866094051519946"
"866094051541957,2025-07-10 12:05:57,323222,_________,GX-CZ-T-ZYJ-000095"
"866094051534002,2025-12-08 23:42:21,022222,____________,866094051534002"
"866094051528277,2025-07-10 12:17:15,323222,_________,GX-CZ-T-ZYJ-000093"
"866094051519920,2025-12-08 23:28:40,020222,____________,866094051519920"
"866094051541916,2025-12-08 23:53:28,020222,____________,866094051541916"
"866094051542898,2025-12-09 00:02:12,020222,____________,866094051542898"
"866094052827934,2025-07-10 12:19:16,323222,_________,GX-CZ-T-ZYJ-000089"
"866094052819741,2025-12-08 23:33:25,022222,____________,866094052819741"
"866094052827926,2025-12-08 23:35:40,020222,____________,866094052827926"
"868681049161241,2024-01-03 10:27:52,333222,____________,SX-XA-T-ZCTX-000352"
"860374056980319,2025-12-08 20:09:07,000000,____________,SX-XA-T-ZCTX-000351"
"866094052787369,2025-07-16 12:12:51,323222,____________,GX-WZ-T-ZCTX-000029"
"860374057100552,2025-12-08 23:56:40,000000,____________,SX-XA-T-ZCTX-000324"
"868681049143298,2025-12-08 17:42:14,000002,____________,GX-GL-T-ZCTX-000038"
"868681049092347,2025-12-08 23:35:43,000022,____________,GX-GL-T-ZCTX-000036"
"866094051534127,2024-06-08 17:39:33,333333,____________,GX-NN-T-ZCTX-000287"
"866094052796865,2025-12-08 23:35:23,003303,____________,GX-NN-T-ZCTX-000285"
"866094052819055,2025-12-09 00:01:49,000000,____________,GX-NN-T-ZCTX-000284"
"866094051534176,2025-12-08 23:52:15,003030,____________,GX-NN-T-ZCTX-000289"
"866094052795610,2024-05-30 17:33:11,333333,____________,GX-NN-T-ZCTX-000283"
"866094051542674,2025-12-08 23:52:51,003333,____________,GX-NN-T-ZCTX-000282"
"861410049559809,2025-12-08 12:40:05,202222,____________,SX-WN-T-ZCTX-000038"
"861410049507055,2025-12-08 23:54:08,200222,____________,SX-XA-T-ZCTX-000346"
"860374056962283,2023-08-19 11:09:15,333333,____________,860374056962283"
"860374056966730,2025-12-08 12:29:57,000000,____________,SX-YA-T-ZCTX-000155"
"860374056939166,2023-04-07 09:36:17,333333,____________,860374056939166"
"866094052833650,2025-12-08 23:58:24,000000,____________,GX-NN-T-ZCTX-000064"
"866094052833817,2025-05-19 16:03:51,333333,____________,866094052833817"
"868681049134032,2025-12-08 12:05:14,000000,____________,GX-GL-T-ZCTX-000035"
"866094051520324,2025-12-08 23:46:58,020222,____________,GX-NN-T-ZCTX-000278"
"866094052797095,2025-12-08 23:34:08,003333,____________,GX-NN-T-ZCTX-000275"
"866094052795792,2025-10-14 12:17:20,323222,____________,GX-NN-T-ZCTX-000274"
"866094051542401,2025-12-08 23:34:18,020222,____________,GX-NN-T-ZCTX-000273"
"866094051459101,2025-12-08 23:38:34,022222,____________,866094051459101"
"866094052795354,2025-12-08 23:34:09,020222,____________,GX-FCG-T-ZCTX-000055"
"866094052796931,2025-12-08 23:34:01,020222,____________,GX-FCG-T-ZCTX-000054"
"866094052791825,2025-12-08 23:34:22,020222,____________,GX-FCG-T-ZCTX-000053"
"866094052795776,2025-12-08 23:34:14,020222,____________,GX-FCG-T-ZCTX-000052"
"866094052828205,2025-12-08 23:59:55,020222,_________,GX-CZ-T-ZYJ-000086"
"866094052791940,2025-12-09 00:00:03,020222,_________,GX-CZ-T-ZYJ-000081"
"866094051534093,2025-12-08 23:37:00,003333,____________,GX-NN-T-ZCTX-000236"
"866094051528293,2025-12-08 23:59:40,020222,____________,GX-NN-T-ZCTX-000231"
"866094051534119,2025-12-08 23:36:40,003333,____________,GX-NN-T-ZCTX-000235"
"866094051519938,2025-12-08 23:59:25,020222,____________,GX-NN-T-ZCTX-000230"
"866094051534077,2025-12-08 23:37:22,000000,____________,GX-NN-T-ZCTX-000234"
"866094051539845,2025-12-08 23:58:52,020222,____________,GX-NN-T-ZCTX-000229"
"866094051542591,2025-12-08 23:58:43,020222,____________,GX-NN-T-ZCTX-000228"
"866094051539811,2025-12-08 23:54:24,020222,____________,GX-NN-T-ZCTX-000227"
"866094052800220,2025-12-08 23:41:30,000000,____________,GX-NN-T-ZCTX-000226"
"866094052795248,2025-12-08 23:41:55,020222,____________,GX-NN-T-ZCTX-000224"
"866094052795651,2024-06-11 13:57:45,332222,____________,866094052795651"
"866094052782279,2024-06-14 08:41:37,232222,____________,GX-NN-T-ZCTX-000214"
"866094051534036,2025-12-08 23:25:47,022222,____________,866094051534036"
"866094051539720,2024-06-14 14:13:20,323222,____________,GX-NN-T-ZCTX-000212"
"866094052796998,2025-12-09 00:00:17,020222,_________,GX-BS-T-ZYJ-000075"
"866094051539878,2025-12-08 23:38:35,020222,_________,GX-BS-T-ZYJ-000103"
"866094052800154,2025-12-08 23:58:06,020222,____________,GX-NN-T-ZCTX-000208"
"866094052826423,2025-12-08 23:38:59,020222,_________,GX-CZ-T-ZYJ-000085"
"866094052791429,2025-12-08 23:57:52,020222,____________,GX-NN-T-ZCTX-000207"
"866094052782287,2025-12-08 23:59:57,020222,_________,GX-CZ-T-ZYJ-000084"
"866094052791759,2025-12-08 23:57:48,020222,____________,GX-NN-T-ZCTX-000206"
"866094052826282,2025-12-08 23:59:49,020222,_________,GX-CZ-T-ZYJ-000083"
"866094052795594,2025-12-08 23:57:45,020222,____________,GX-NN-T-ZCTX-000205"
"866094052791270,2025-12-08 23:57:58,020222,____________,GX-NN-T-ZCTX-000204"
"866094052795305,2025-12-08 23:58:47,020222,____________,GX-NN-T-ZCTX-000203"
"866094052797038,2025-12-08 23:58:13,020222,____________,GX-NN-T-ZCTX-000202"
"866094052795636,2025-12-08 23:00:10,020222,_________,GX-CZ-T-ZYJ-000080"
"866094052798283,2025-12-08 23:46:19,020222,____________,GX-NN-T-ZCTX-000200"
"866094052795677,2025-12-08 23:57:45,020222,____________,GX-NN-T-ZCTX-000199"
"866094052798465,2025-12-08 23:46:46,020222,_________,GX-CZ-T-ZYJ-000077"
"866094052791601,2025-12-08 23:46:36,020222,_________,GX-CZ-T-ZYJ-000076"
"866094052798671,2025-12-08 23:57:57,020222,____________,GX-NN-T-ZCTX-000198"
"866094052796790,2025-06-25 20:57:07,323222,_________,GX-CZ-T-ZYJ-000075"
"866094052791866,2025-12-08 23:46:28,020222,_________,GX-CZ-T-ZYJ-000074"
"866094052791577,2025-12-08 23:58:07,020222,____________,GX-NN-T-ZCTX-000197"
"866094052795461,2025-12-08 23:57:58,020222,____________,GX-NN-T-ZCTX-000196"
"866094052827819,2025-12-08 23:47:01,020222,_________,GX-CZ-T-ZYJ-000073"
"866094051519987,2025-12-08 23:57:50,020222,____________,GX-NN-T-ZCTX-000195"
"866094052795222,2025-12-08 23:57:49,020222,____________,GX-NN-T-ZCTX-000194"
"866094051459176,2025-12-08 23:53:33,020222,____________,866094051459176"
"866094052796881,2025-12-08 23:57:57,020222,____________,GX-NN-T-ZCTX-000192"
"866094052798408,2025-12-08 23:59:12,020222,____________,GX-NN-T-ZCTX-000191"
"866094052795735,2025-12-08 23:51:52,020222,____________,GX-NN-T-ZCTX-000190"
"866094052837339,2025-12-08 23:57:55,020222,____________,GX-NN-T-ZCTX-000189"
"866094052791478,2025-12-08 23:57:52,020222,____________,GX-NN-T-ZCTX-000188"
"866094052793144,2025-12-08 23:57:55,020222,____________,GX-NN-T-ZCTX-000187"
"866094052798218,2025-12-09 00:01:42,020222,____________,GX-NN-T-ZCTX-000186"
"866094052796972,2025-12-08 23:58:22,020222,____________,GX-NN-T-ZCTX-000185"
"866094052795768,2025-12-03 12:35:27,323222,____________,GX-NN-T-ZCTX-000184"
"866094052798226,2025-09-05 12:48:01,323222,____________,GX-NN-T-ZCTX-000183"
"866094052791502,2025-12-08 23:50:45,020222,____________,GX-NN-T-ZCTX-000182"
"866094052775935,2025-12-08 23:32:54,020222,____________,GX-NN-T-ZCTX-000181"
"866094052795628,2025-12-08 23:57:53,020222,____________,GX-NN-T-ZCTX-000180"
"866094052795289,2025-12-08 23:57:41,020222,____________,GX-NN-T-ZCTX-000179"
"866094052795479,2025-12-08 23:57:58,020222,____________,GX-NN-T-ZCTX-000177"
"866094052796964,2025-12-08 23:49:25,000002,____________,GX-NN-T-ZCTX-000176"
"866094052797129,2025-12-08 23:35:39,000222,____________,GX-NN-T-ZCTX-000174"
"866094051459119,2025-12-08 23:48:54,020222,____________,GX-NN-T-ZCTX-000173"
"866094052797020,2025-12-08 23:51:08,020222,____________,GX-NN-T-ZCTX-000209"
"866094052795495,2025-12-08 23:50:19,020222,_________,GX-CZ-T-ZYJ-000072"
"866094052796899,2025-12-08 23:56:34,020222,____________,GX-BH-T-ZCTX-000092"
"866094052791619,2025-12-08 23:56:57,020222,____________,GX-BH-T-ZCTX-000091"
"866094052794456,2025-12-08 23:56:34,020222,____________,GX-BH-T-ZCTX-000090"
"866094052791288,2025-12-08 23:56:39,020222,____________,GX-BH-T-ZCTX-000089"
"866094052809882,2025-09-17 08:51:49,333333,____________,GX-BH-T-ZCTX-000088"
"866094052810260,2025-12-08 12:33:28,303330,____________,GX-BH-T-ZCTX-000087"
"860374056967316,2025-12-08 12:20:15,000000,____________,SX-YA-T-ZCTX-000153"
"866094052791460,2025-12-08 23:51:35,003300,____________,866094052791460"
"866094051541890,2025-12-08 23:46:38,020222,____________,GX-NN-T-ZCTX-000171"
"866094051539779,2025-12-08 23:22:10,020222,____________,GX-NN-T-ZCTX-000170"
"866094052791445,2025-12-09 00:00:29,000000,____________,GX-NN-T-ZCTX-000169"
"866094052795669,2025-12-08 23:54:18,003303,____________,GX-NN-T-ZCTX-000168"
"866094052833163,2025-10-14 12:46:05,333333,____________,866094052833163"
"866094052791908,2025-12-08 23:39:16,003333,____________,GX-NN-T-ZCTX-000167"
"866094051542542,2025-12-08 23:55:31,020222,____________,GX-NN-T-ZCTX-000166"
"866094051541981,2025-12-08 23:45:36,020222,____________,GX-NN-T-ZCTX-000165"
"866094051459077,2025-12-08 23:45:23,020222,____________,GX-NN-T-ZCTX-000164"
"866094051542963,2025-12-08 22:17:37,020222,____________,GX-NN-T-ZCTX-000163"
"866094052795164,2025-12-08 23:52:53,323222,____________,GX-BH-T-ZCTX-000086"
"866094052797251,2025-12-09 00:01:50,323222,____________,GX-BH-T-ZCTX-000085"
"866094052782295,2025-12-08 23:41:16,020222,_________,GX-BS-T-ZYJ-000026"
"866094052822679,2025-12-08 23:41:16,020222,_________,GX-BS-T-ZYJ-000025"
"866094052802382,2025-12-09 00:00:06,020222,_________,GX-BS-T-ZYJ-000024"
"866094052826910,2024-10-15 12:23:04,333322,____________,866094052826910"
"866094052796808,2025-12-08 23:36:15,020222,____________,GX-NN-T-ZCTX-000162"
"866094052797053,2025-12-08 23:35:35,020222,____________,GX-NN-T-ZCTX-000161"
"866094052791973,2025-12-08 23:40:20,003330,____________,GX-LZ-T-ZCTX-000067"
"866094052795024,2025-12-09 00:02:07,000300,____________,GX-LZ-T-ZCTX-000066"
"860374056905712,2023-07-24 23:37:00,332333,____________,860374056905712"
"866094052791791,2025-12-08 23:49:16,003330,____________,GX-NN-T-ZCTX-000158"
"866094052798192,2025-12-08 23:59:04,020222,____________,GX-NN-T-ZCTX-000157"
"866094052795404,2025-12-08 23:58:40,020222,____________,GX-NN-T-ZCTX-000156"
"866094052778533,2025-12-09 00:00:16,020222,_________,GX-CZ-T-ZYJ-000071"
"866094052827942,2025-12-08 23:25:08,020222,_________,GX-CZ-T-ZYJ-000070"
"866094052795040,2025-12-08 23:34:22,020222,____________,GX-NN-T-ZCTX-000160"
"866094052827868,2025-12-08 23:53:21,020222,_________,GX-CZ-T-ZYJ-000068"
"866094052794746,2025-12-08 23:33:55,020222,____________,GX-NN-T-ZCTX-000159"
"866094052827827,2025-12-08 23:38:17,020222,_________,GX-CZ-T-ZYJ-000067"
"866094052832504,2025-12-08 12:46:02,020222,_________,GX-CZ-T-ZYJ-000066"
"866094052778491,2025-07-16 12:36:01,323222,_________,GX-CZ-T-ZYJ-000065"
"866094052826076,2025-12-08 23:38:33,020222,_________,GX-CZ-T-ZYJ-000064"
"866094052827967,2025-12-08 21:28:37,020222,_________,GX-CZ-T-ZYJ-000063"
"866094052826118,2025-12-08 12:45:42,020222,_________,GX-CZ-T-ZYJ-000062"
"866094052800345,2025-12-08 23:34:40,020222,____________,GX-WZ-T-ZCTX-000133"
"866094052791296,2025-12-08 23:35:10,020222,____________,GX-WZ-T-ZCTX-000132"
"866094052791965,2025-12-08 23:34:44,020222,____________,GX-WZ-T-ZCTX-000131"
"866094052798267,2025-06-30 12:06:50,323222,____________,866094052798267"
"866094052796816,2025-03-14 13:41:09,323222,____________,866094052796816"
"866094052791833,2025-12-08 23:35:24,020222,____________,GX-WZ-T-ZCTX-000128"
"861410049502932,2025-12-08 23:44:48,202222,____________,SX-BJ-T-ZCTX-000070"
"861410049558264,2025-12-08 23:47:13,202222,____________,SX-BJ-T-ZCTX-000069"
"861410049519027,2025-12-08 23:58:03,200222,____________,SX-BJ-T-ZCTX-000068"
"861410049562100,2025-12-08 23:43:00,200222,____________,SX-BJ-T-ZCTX-000067"
"866094052827876,2025-12-08 23:56:48,020222,_________,GX-CZ-T-ZYJ-000059"
"866094052623382,2025-12-08 23:35:55,020222,__________,XA-TB-SWTX-00001"
"868681049161118,2021-11-22 08:38:12,333332,_________,GX-HC-T-ZYJ-000034"
"868681049162587,2024-10-20 14:36:50,333333,_________,GX-HC-T-ZYJ-000033"
"868681049159195,2024-12-20 09:59:42,333333,_________,GX-HC-T-ZYJ-000032"
"868681049168410,2024-12-20 10:40:30,333333,_________,GX-HC-T-ZYJ-000031"
"868681049168451,2024-12-20 11:59:34,333333,_________,GX-HC-T-ZYJ-000030"
"866094052786080,2021-06-07 16:52:03,323222,_________,GX-HC-T-ZYJ-000029"
"866094052786106,2022-05-30 10:09:13,323222,_________,GX-HC-T-ZYJ-000028"
"866094052836232,2021-05-27 08:36:31,323222,_________,GX-HC-T-ZYJ-000027"
"866094052785421,2025-12-09 00:00:04,020222,_________,GX-HC-T-ZYJ-000026"
"866094052826373,2025-12-08 23:42:54,020222,_________,GX-CZ-T-ZYJ-000058"
"866094052827892,2025-12-08 23:52:06,020222,_________,GX-CZ-T-ZYJ-000057"
"866094052785462,2023-07-03 15:14:35,323222,_________,GX-HC-T-ZYJ-000025"
"866094052827975,2025-12-08 23:49:22,020222,_________,GX-CZ-T-ZYJ-000056"
"866094052837701,2023-07-03 15:14:35,323222,_________,GX-HC-T-ZYJ-000024"
"866094052832371,2025-12-08 23:52:20,020222,_________,GX-CZ-T-ZYJ-000055"
"866094052827850,2025-12-08 23:57:40,020222,_________,GX-CZ-T-ZYJ-000054"
"866094052827769,2025-12-08 12:45:45,323222,_________,866094052827769"
"866094052785918,2023-07-03 15:14:36,323222,_________,GX-HC-T-ZYJ-000023"
"866094052786098,2024-02-09 08:04:48,323222,_________,GX-HC-T-ZYJ-000022"
"866094052822810,2025-12-08 12:46:07,020222,_________,GX-CZ-T-ZYJ-000052"
"866094052785942,2025-12-08 23:56:35,020222,_________,GX-HC-T-ZYJ-000021"
"866094052827835,2025-12-08 23:53:52,020222,_________,GX-CZ-T-ZYJ-000051"
"866094052832520,2025-12-08 23:51:35,020222,_________,GX-CZ-T-ZYJ-000050"
"868681049142431,2025-12-08 23:32:34,000222,____________,GX-NN-T-ZCTX-000155"
"868681049096306,2025-12-08 23:52:16,020222,_________,GX-BS-T-ZYJ-000023"
"866094052795685,2025-12-09 00:01:23,000222,____________,GX-NN-T-ZCTX-000155"
"868681049134727,2024-11-22 15:32:30,323222,_________,GX-BS-T-ZYJ-000022"
"866094052795925,2025-12-08 23:52:09,020222,____________,GX-NN-T-ZCTX-000154"
"866094052791932,2025-12-08 23:51:23,020222,____________,GX-NN-T-ZCTX-000153"
"866094052796709,2025-12-08 23:51:20,020222,____________,GX-NN-T-ZCTX-000152"
"866094052809536,2025-12-08 23:51:11,020222,____________,GX-NN-T-ZCTX-000151"
"866094052795115,2025-12-08 23:40:47,020222,____________,GX-BH-T-ZCTX-000084"
"866094052798648,2025-01-02 11:42:47,323222,____________,GX-NN-T-ZCTX-000150"
"866094052795412,2025-12-08 23:40:47,020222,____________,GX-BH-T-ZCTX-000083"
"866094052798804,2024-03-04 12:12:26,323222,____________,866094052798804"
"866094052798200,2025-12-08 23:40:41,323222,____________,866094052798200"
"866094052525231,2025-12-08 23:51:15,022222,__________,866094052525231"
"866094052525009,2025-12-08 23:46:56,020222,__________,866094052525009"
"868681049142472,2025-12-08 23:44:40,002000,____________,GX-NN-T-ZCTX-000149"
"866094052524937,2025-12-08 23:50:18,020222,__________,866094052524937"
"866094052837164,2025-12-08 23:57:35,002000,____________,GX-NN-T-ZCTX-000149"
"866094052795727,2025-12-08 23:53:16,020222,____________,GX-NN-T-ZCTX-000148"
"866094052798663,2025-12-08 23:58:08,020222,____________,GX-NN-T-ZCTX-000147"
"866094052798606,2025-12-08 23:34:34,020222,____________,GX-NN-T-ZCTX-000146"
"866094052796832,2025-12-08 23:49:23,020222,____________,GX-NN-T-ZCTX-000145"
"866094052525124,2025-12-08 23:41:37,020222,__________,XA-TB-SWTX-00002"
"866094052525314,2025-12-08 23:45:19,020222,__________,XA-TB-SWTX-00003"
"866094052525298,2025-12-08 23:41:07,020222,__________,XA-TB-SWTX-00005"
"866094052525397,2025-12-08 23:50:54,020222,__________,866094052525397"
"868681049146291,2025-09-20 09:03:06,333322,____________,868681049146291"
"866094052791486,2025-12-08 23:41:07,000000,____________,GX-LZ-T-ZCTX-000065"
"866094052795032,2025-12-08 23:40:09,003330,____________,GX-LZ-T-ZCTX-000064"
"866094052524945,2025-12-08 23:52:09,020222,__________,866094052524945"
"868681049155722,2025-12-08 23:35:04,000000,____________,GX-HZ-T-ZCTX-000042"
"868681049168253,2025-12-08 12:38:42,000000,____________,868681049168253"
"868681049149584,2025-09-25 15:04:32,333222,____________,SX-XA-T-ZCTX-000341"
"868681049150822,2025-09-25 15:22:59,332223,____________,SX-XA-T-ZCTX-000002"
"868681049156050,2025-09-04 12:45:34,333333,____________,SX-XA-T-ZCTX-000340"
"868681049132713,2024-11-10 12:44:46,333332,____________,SX-XA-T-ZCTX-000339"
"868681049148842,2025-09-02 12:37:02,333332,____________,SX-XA-T-ZCTX-000338"
"868681049080722,2025-12-08 12:06:58,002200,____________,SX-XA-T-ZCTX-000236"
"861410049561110,2025-12-08 23:38:03,202222,____________,SX-BJ-T-ZCTX-000065"
"861410049520140,2025-12-09 00:00:35,202222,____________,SX-BJ-T-ZCTX-000064"
"861410049559114,2025-12-08 23:47:28,202222,____________,SX-BJ-T-ZCTX-000063"
"861410049505976,2025-11-21 16:20:19,232222,____________,SX-BJ-T-ZCTX-000062"
"861410049519878,2025-11-28 15:39:21,232222,____________,SX-BJ-T-ZCTX-000061"
"861410049559270,2025-08-28 11:35:04,232222,____________,SX-BJ-T-ZCTX-000060"
"861410049556888,2025-12-08 23:37:56,202222,____________,SX-BJ-T-ZCTX-000059"
"861410049562639,2025-08-31 06:30:24,232222,____________,SX-BJ-T-ZCTX-000058"
"861410049507303,2023-10-06 02:31:23,232222,____________,861410049507303"
"861410049506255,2025-12-09 00:02:00,202222,____________,SX-BJ-T-ZCTX-000056"
"861410049559841,2025-12-09 00:01:20,202222,____________,SX-BJ-T-ZCTX-000054"
"861410049557480,2025-10-21 15:55:11,232222,____________,SX-BJ-T-ZCTX-000053"
"861410049559890,2023-11-20 11:44:23,232222,____________,86141004959890"
"866094052809510,2025-03-14 12:36:58,323222,____________,GX-WZ-T-ZCTX-000127"
"866094052791841,2024-11-19 10:42:43,323222,____________,GX-WZ-T-ZCTX-000126"
"866094052798366,2025-12-08 23:52:24,020222,____________,GX-WZ-T-ZCTX-000125"
"866094052809551,2025-12-08 23:55:14,020222,____________,GX-WZ-T-ZCTX-000123"
"866094052795149,2024-03-15 15:31:35,323222,____________,866094052795149"
"866094052798598,2025-12-08 23:51:41,020222,____________,GX-WZ-T-ZCTX-000121"
"866094052794712,2025-12-09 00:00:28,020222,____________,GX-WZ-T-ZCTX-000120"
"866094052795172,2025-12-08 12:32:35,323222,____________,GX-WZ-T-ZCTX-000119"
"866094052795842,2025-06-30 12:29:30,323222,____________,GX-WZ-T-ZCTX-000118"
"866094052794704,2025-12-08 12:29:53,323222,____________,GX-WZ-T-ZCTX-000117"
"866094052797046,2025-12-08 23:51:18,020222,____________,866094052797046"
"866094052798440,2025-12-08 23:50:21,020222,____________,GX-WZ-T-ZCTX-000115"
"866094052796873,2025-12-08 23:43:41,020222,____________,GX-BH-T-ZCTX-000078"
"866094052797087,2024-03-04 12:12:26,323222,____________,866094052797087"
"866094052826258,2025-12-08 23:48:09,020222,_________,GX-BS-T-ZYJ-000021"
"868681049161134,2025-12-08 12:07:09,000222,____________,SX-XA-T-ZCTX-000237"
"866094052813165,2025-07-16 12:19:36,333332,____________,GX-BH-T-ZCTX-000035"
"866094052798374,2025-12-08 23:36:32,020222,____________,GX-NN-T-ZCTX-000144"
"866094052775927,2025-12-08 23:36:25,020222,____________,GX-NN-T-ZCTX-000143"
"866094052795511,2025-12-08 23:55:42,020222,____________,GX-NN-T-ZCTX-000142"
"866094052794506,2025-12-08 23:55:36,020222,____________,GX-NN-T-ZCTX-000141"
"866094052797624,2025-12-08 23:42:26,303333,____________,GX-NN-T-ZCTX-000140"
"866094052788052,2025-12-08 23:42:54,003030,____________,GX-WZ-T-ZCTX-000114"
"866094052788607,2025-12-08 23:37:38,000000,____________,GX-WZ-T-ZCTX-000113"
"866094052800303,2025-12-08 23:59:06,020222,____________,GX-WZ-T-ZCTX-000112"
"866094052800311,2025-12-09 00:00:31,020222,____________,GX-WZ-T-ZCTX-000111"
"866094052800329,2025-12-08 23:50:31,020222,____________,GX-WZ-T-ZCTX-000110"
"866094052798259,2025-12-08 23:48:30,020222,____________,GX-WZ-T-ZCTX-000109"
"866094052798432,2025-12-08 23:42:06,020222,____________,GX-WZ-T-ZCTX-000108"
"866094052797244,2025-12-08 12:22:10,323222,____________,GX-WZ-T-ZCTX-000107"
"866094052798291,2025-12-08 21:32:30,020222,____________,GX-WZ-T-ZCTX-000106"
"866094052795180,2025-12-08 23:54:33,020222,____________,GX-WZ-T-ZCTX-000105"
"866094052791320,2025-12-08 22:47:17,020222,____________,GX-WZ-T-ZCTX-000104"
"866094052831589,2025-12-08 13:22:23,020222,____________,GX-WZ-T-ZCTX-000103"
"861410049507667,2025-12-08 12:14:43,202222,____________,SX-YA-T-ZCTX-000152"
"860374056969593,2025-12-08 12:27:24,000000,____________,SX-YA-T-ZCTX-000132"
"866094052826225,2025-12-08 23:32:45,020222,_________,GX-BS-T-ZYJ-000020"
"860374056963125,2025-12-08 12:40:59,000000,____________,SX-YA-T-ZCTX-000151"
"866094052782329,2025-12-08 23:32:56,020222,_________,GX-BS-T-ZYJ-000019"
"866094052826241,2025-12-08 23:33:05,020222,_________,GX-BS-T-ZYJ-000018"
"866094052778517,2025-12-08 23:35:38,020222,_________,GX-BS-T-ZYJ-000017"
"866094052841000,2025-12-08 23:57:22,020222,_________,GX-BS-T-ZYJ-000015"
"866094052827884,2025-12-08 23:32:27,020222,_________,GX-BS-T-ZYJ-000014"
"868681049155177,2024-06-24 13:21:58,333333,_________,868681049155177"
"866094052826415,2025-12-08 23:32:58,000330,_________,GX-BS-T-ZYJ-000012"
"868681049091455,2025-12-09 00:00:18,020222,_________,GX-BS-T-ZYJ-000011"
"866094052800162,2023-12-05 19:08:41,333332,____________,GX-NN-T-ZCTX-000139"
"866094052791494,2025-12-08 23:45:25,020222,____________,GX-NN-T-ZCTX-000137"
"866094052795743,2025-12-08 23:36:46,003322,____________,GX-NN-T-ZCTX-000136"
"866094052795578,2025-12-08 23:46:16,020222,____________,GX-NN-T-ZCTX-000135"
"866094052795800,2025-12-08 23:45:53,020222,____________,GX-NN-T-ZCTX-000134"
"868681049136987,2024-02-12 12:58:06,333333,____________,868681049136987"
"866094052831563,2025-12-08 23:40:48,000333,____________,GX-BH-T-ZCTX-000076"
"868681049090879,2025-07-10 12:20:43,323222,____________,GX-LZ-T-ZCTX-000063"
"868681049096330,2025-07-10 12:47:50,323222,____________,GX-LZ-T-ZCTX-000062"
"868681049134560,2025-12-08 23:40:52,020222,_________,868681049134560"
"868681049140138,2025-12-08 23:35:01,020222,____________,868681049140138"
"868681049134867,2025-11-22 08:48:48,323222,____________,868681049134867"
"866094052832538,2025-12-08 23:46:39,020222,____________,866094052832538"
"866094052819477,2025-07-10 12:03:33,323222,____________,GX-LZ-T-ZCTX-000057"
"866094052782378,2025-12-08 23:39:36,020222,____________,866094052782378"
"868681049132903,2025-02-18 09:59:47,333333,____________,GX-NN-T-ZCTX-000133"
"866094052791817,2025-05-18 13:00:02,333333,____________,GX-NN-T-ZCTX-000133"
"866094052795446,2025-03-03 15:38:02,332233,____________,GX-NN-T-ZCTX-000132"
"866094052795081,2025-12-08 23:42:53,003000,____________,GX-NN-T-ZCTX-000131"
"866094052791650,2025-12-08 23:47:48,000030,____________,GX-NN-T-ZCTX-000129"
"866094052796857,2025-12-08 23:34:25,020222,____________,GX-NN-T-ZCTX-000128"
"866094052798168,2025-12-08 23:34:00,020222,____________,GX-NN-T-ZCTX-000127"
"866094052795123,2025-04-01 14:12:29,323222,____________,GX-NN-T-ZCTX-000126"
"866094052798812,2025-12-08 23:35:18,020222,____________,GX-NN-T-ZCTX-000125"
"866094052787591,2025-12-08 23:42:53,020222,____________,GX-HZ-T-ZCTX-000048"
"868681049136565,2025-10-22 10:34:44,333333,____________,GX-HZ-T-ZCTX-000074"
"868681049136151,2025-10-22 10:06:57,333333,____________,GX-HZ-T-ZCTX-000073"
"866094052837370,2025-12-08 23:40:47,003322,____________,866094052837370"
"866094052778368,2025-12-08 23:51:56,000000,____________,GX-BH-T-ZCTX-000075"
"866094052827991,2024-04-03 20:31:26,333333,____________,866094052827991"
"866094052837321,2025-12-08 23:49:15,000333,____________,866094052837321"
"868681049145764,2025-10-21 12:21:52,333333,____________,868681049145764"
"866094052822539,2025-12-09 00:02:16,000300,____________,866094052822539"
"868681049154246,2025-09-20 15:33:53,333333,____________,868681049154246"
"866094052837636,2025-12-08 23:56:45,003333,____________,866094052837636"
"868681049150418,2025-09-20 15:35:35,333333,____________,868681049150418"
"866094052837362,2025-12-08 23:40:33,003333,____________,866094052837362"
"866094052798184,2025-12-08 23:35:30,020222,____________,GX-BH-T-ZCTX-000036"
"868681049146440,2024-06-26 19:36:15,333322,_________,GX-BS-T-ZYJ-00000010"
"866094052819691,2025-12-08 23:56:56,000022,_________,GX-BS-T-ZYJ-000010"
"868681049168139,2025-02-05 13:34:20,333322,_________,868681049168139"
"866094052822604,2025-12-08 23:58:08,303322,_________,GX-BS-T-ZYJ-000009"
"866094052826191,2025-12-08 23:56:34,020222,_________,GX-BS-T-ZYJ-000008"
"861410049561573,2025-12-08 12:41:20,202222,____________,SX-XA-T-ZCTX-000336"
"860374057048934,2023-12-07 15:51:28,333222,____________,860374057048934"
"860374057091447,2025-01-09 12:51:16,333322,____________,SX-XA-T-ZCTX-000334"
"868681049133695,2025-02-21 08:57:29,333333,____________,SX-BJ-T-ZCTX-000050"
"860374056966615,2024-05-27 09:57:15,332333,____________,860374056966615"
"860374057099747,2024-10-10 20:57:26,332333,____________,SX-TC-T-ZCTX-000007"
"868681049158940,2025-12-08 23:49:29,000002,____________,SX-BJ-T-ZCTX-000049"
"866094052793946,2025-01-09 15:02:26,333333,____________,GX-LZ-T-ZCTX-000030"
"868681049148925,2023-09-24 11:36:04,333333,____________,868681049148925"
"866094052791569,2025-12-08 23:58:24,020222,____________,GX-LZ-T-ZCTX-000043"
"866094052769870,2025-12-08 23:37:17,020222,____________,GX-LZ-T-ZCTX-000042"
"866094052791585,2024-12-19 14:01:50,323222,____________,GX-LZ-T-ZCTX-000041"
"866094052791593,2025-12-08 12:47:22,020222,____________,GX-LZ-T-ZCTX-000040"
"866094052814825,2025-12-08 23:41:03,020222,____________,GX-LZ-T-ZCTX-000039"
"866094052787872,2025-12-08 23:39:33,003332,____________,GX-BH-T-ZCTX-000034"
"866094052838139,2025-12-09 00:01:15,020222,____________,GX-LZ-T-ZCTX-000038"
"866094052814874,2025-12-08 23:38:44,020222,____________,GX-LZ-T-ZCTX-000037"
"866094052795586,2025-12-08 23:36:42,020222,____________,GX-LZ-T-ZCTX-000036"
"866094052797111,2025-12-08 23:43:32,020222,____________,GX-LZ-T-ZCTX-000035"
"866094052791684,2025-12-08 23:30:39,020222,____________,GX-LZ-T-ZCTX-000034"
"866094052797798,2025-12-08 23:32:18,020222,____________,GX-LZ-T-ZCTX-000033"
"866094052779028,2025-12-08 23:48:48,020222,____________,GX-LZ-T-ZCTX-000032"
"866094052838154,2025-12-08 23:46:51,020222,____________,GX-LZ-T-ZCTX-000031"
"866094052828585,2025-12-08 23:54:24,020222,____________,GX-NN-T-ZCTX-000124"
"866094052821903,2025-12-08 23:58:57,022222,____________,GX-NN-T-ZCTX-000123"
"866094052604820,2025-12-08 23:38:50,003222,__________,866094052604820"
"866094052604887,2025-12-08 23:52:16,003220,__________,866094052604887"
"868681049165671,2024-07-09 20:35:29,333322,_________,868681049165671"
"866094052819519,2025-12-08 23:53:12,003022,_________,GX-BS-T-ZYJ-000007"
"866094052831811,2025-12-08 23:49:00,020222,_________,GX-HC-T-ZYJ-000020"
"866094052830698,2025-12-08 23:39:02,020222,_________,GX-HC-T-ZYJ-000019"
"866094052785900,2025-12-08 23:42:09,020222,_________,GX-HC-T-ZYJ-000018"
"866094052830136,2025-12-08 23:58:24,020222,_________,GX-HC-T-ZYJ-000017"
"866094052836463,2021-11-29 12:30:58,323222,_________,GX-HC-T-ZYJ-000016"
"866094052787484,2025-12-08 23:57:55,020222,_________,GX-CZ-T-ZYJ-000047"
"866094052794324,2023-08-03 08:20:02,333333,____________,866094052794324"
"866094052788524,2025-12-09 00:02:08,003300,____________,GX-HZ-T-ZCTX-000070"
"868681049155854,2025-09-02 11:02:10,333333,____________,SX-XA-T-ZCTX-000331"
"860374056936642,2025-12-08 12:24:37,000000,____________,SX-YA-T-ZCTX-000150"
"860374057095646,2023-07-23 19:58:48,333333,____________,SX-TC-T-ZCTX-000006"
"860374056998246,2025-12-08 23:48:45,002000,____________,SX-TC-T-ZCTX-000005"
"860374056939760,2025-12-09 00:01:36,000000,____________,SX-XA-T-ZCTX-000330"
"866094052838105,2025-12-08 23:42:58,020222,____________,GX-NN-T-ZCTX-000114"
"866094052788078,2025-12-08 23:53:43,020222,____________,GX-NN-T-ZCTX-000112"
"866094052821911,2025-12-08 23:37:33,020222,____________,GX-NN-T-ZCTX-000111"
"866094052822075,2025-12-08 23:55:43,020222,____________,GX-NN-T-ZCTX-000110"
"866094052821887,2025-12-08 23:47:19,020222,____________,GX-NN-T-ZCTX-000109"
"866094052831571,2025-12-08 23:45:26,003330,____________,GX-NN-T-ZCTX-000108"
"866094052809569,2025-12-08 23:29:16,003333,____________,GX-NN-T-ZCTX-000107"
"866094052832199,2025-12-08 23:53:17,003330,____________,GX-NN-T-ZCTX-000106"
"866094052837222,2025-09-24 10:50:48,333333,____________,GX-NN-T-ZCTX-000104"
"866094052788003,2025-07-29 12:34:23,323222,____________,GX-NN-T-ZCTX-000101"
"866094052787955,2025-12-08 23:38:36,020222,____________,GX-NN-T-ZCTX-000100"
"866094052787997,2025-12-08 23:47:40,323222,____________,GX-NN-T-ZCTX-000099"
"866094052832140,2023-12-06 09:32:27,333333,,GX-NN-T-ZCTX-000097"
"866094052837057,2025-12-08 23:39:14,003333,____________,GX-NN-T-ZCTX-000097"
"866094052769839,2025-12-08 23:49:22,020222,____________,GX-BH-T-ZCTX-000074"
"866094052836547,2025-11-04 12:36:48,323222,____________,GX-BH-T-ZCTX-000073"
"866094052831670,2025-12-08 23:47:22,020222,____________,GX-BH-T-ZCTX-000072"
"866094052791924,2025-12-08 23:47:35,020222,____________,GX-BH-T-ZCTX-000071"
"866094052769888,2025-12-08 23:41:26,020222,____________,GX-NN-T-ZCTX-000122"
"866094052831621,2025-12-08 23:42:49,020222,____________,GX-NN-T-ZCTX-000121"
"866094052831548,2025-12-08 23:42:58,020222,____________,GX-NN-T-ZCTX-000120"
"866094052776420,2025-12-08 23:49:43,020222,____________,GX-NN-T-ZCTX-000119"
"866094052781040,2025-06-11 15:17:10,323222,____________,GX-NN-T-ZCTX-000118"
"866094052818784,2025-12-09 00:00:51,020222,____________,GX-NN-T-ZCTX-000117"
"866094052831522,2025-12-08 23:45:20,020222,____________,GX-NN-T-ZCTX-000116"
"866094052838071,2025-12-08 12:10:35,020222,____________,GX-NN-T-ZCTX-000103"
"866094052837966,2025-12-08 12:23:02,323222,____________,GX-NN-T-ZCTX-000102"
"866094052604747,2025-12-09 00:01:01,000220,__________,866094052604747"
"866094052604721,2025-10-26 05:36:22,333223,__________,866094052604721"
"866094052522659,2025-12-08 23:40:03,000000,__________,866094052522659"
"866094052604804,2025-08-24 19:12:31,333333,__________,866094052604804"
"866094052534498,2025-12-08 23:45:14,003322,__________,866094052534498"
"866094052623341,2025-12-08 23:39:50,003003,__________,866094052623341"
"866094052553506,2025-09-01 17:08:33,333323,__________,866094052553506"
"866094052788045,2025-12-08 23:52:13,000330,____________,GX-WZ-T-ZCTX-000102"
"866094052787757,2025-12-08 23:52:09,020222,____________,GX-WZ-T-ZCTX-000101"
"866094052795099,2025-12-08 23:52:12,020222,____________,GX-WZ-T-ZCTX-000100"
"866094052800212,2025-12-08 23:52:04,020222,____________,GX-WZ-T-ZCTX-000099"
"866094052785439,2025-12-08 23:52:13,020222,____________,GX-WZ-T-ZCTX-000098"
"868681049161480,2025-02-13 16:35:06,333333,____________,868681049161480"
"868681049149097,2025-02-28 11:22:31,332233,____________,SX-BJ-T-ZCTX-000047"
"868681049165804,2024-10-31 16:03:44,333333,____________,868681049165804"
"866094052822620,2025-12-08 23:37:48,003000,____________,GX-BH-T-ZCTX-000070"
"866094052810393,2025-12-08 23:37:48,000000,____________,GX-BH-T-ZCTX-000069"
"868681049091505,2023-12-18 01:02:52,333332,____________,868681049091505"
"868681049152232,2024-07-10 11:38:39,333333,____________,868681049152232"
"868681049143009,2025-07-01 14:05:16,333333,____________,868681049143009"
"868681049091620,2025-07-16 12:17:17,333333,____________,868681049091620"
"868681049167081,2025-12-08 23:40:24,000000,____________,GX-LZ-T-ZCTX-000022"
"866094052797145,2025-12-08 23:52:09,003332,____________,GX-LZ-T-ZCTX-000020"
"868681049147604,2025-12-08 23:40:24,000002,____________,GX-LZ-T-ZCTX-000019"
"866094052791726,2025-12-09 00:00:52,000002,____________,GX-LZ-T-ZCTX-000019"
"866094052778392,2025-12-08 23:36:34,020222,_________,GX-BS-T-ZYJ-000006"
"866094052841034,2025-12-08 23:59:15,020222,_________,GX-BS-T-ZYJ-000005"
"866094052802390,2025-12-08 23:58:23,020222,_________,GX-BS-T-ZYJ-000004"
"866094052553431,2024-04-14 19:26:10,322222,__________,866094052553431"
"866094052831639,2025-12-09 00:00:00,020222,____________,GX-BH-T-ZCTX-000068"
"866094052838196,2025-12-08 23:38:00,020222,____________,GX-BH-T-ZCTX-000067"
"866094052791643,2025-12-08 23:43:27,323222,____________,GX-BH-T-ZCTX-000066"
"866094052822018,2025-12-08 23:43:29,020222,____________,GX-BH-T-ZCTX-000065"
"868681049136318,2025-09-04 12:41:29,333333,____________,SX-XA-T-ZCTX-000329"
"866094052553498,2024-08-21 04:06:20,333322,__________,866094052553498"
"866094052553332,2025-12-08 23:39:37,000000,__________,866094052553332"
"868681049168386,2025-12-09 00:02:14,000200,____________,GX-WZ-T-ZCTX-000097"
"866094052553597,2025-12-08 23:43:06,000000,__________,866094052553597"
"866094052788615,2025-12-09 00:01:39,000200,____________,GX-WZ-T-ZCTX-000097"
"866094052787781,2025-02-12 13:17:08,323222,____________,866094052787781"
"866094052837313,2025-12-08 12:47:54,020222,____________,GX-WZ-T-ZCTX-000094"
"866094052787716,2025-12-08 23:56:44,020222,____________,GX-WZ-T-ZCTX-000093"
"866094052819774,2025-12-08 23:56:34,003330,_________,GX-CZ-T-ZYJ-000046"
"866094052831951,2025-07-16 12:46:02,333333,_________,866094052831951"
"866094052782360,2025-12-08 23:56:25,000003,_________,GX-CZ-T-ZYJ-000045"
"866094052836935,2025-11-22 10:38:58,323222,____________,GX-HZ-T-ZCTX-000060"
"866094052836778,2025-11-22 10:40:45,323222,____________,GX-HZ-T-ZCTX-000059"
"866094052809593,2025-11-22 09:08:22,323222,____________,GX-HZ-T-ZCTX-000058"
"866094052785520,2025-07-16 12:28:56,333333,_________,GX-CZ-T-ZYJ-000044"
"866094052809916,2025-11-22 09:10:11,323222,____________,GX-HZ-T-ZCTX-000057"
"866094052837743,2025-11-22 09:09:59,323222,____________,GX-HZ-T-ZCTX-000056"
"866094052822026,2025-08-21 07:56:55,333333,_________,GX-CZ-T-ZYJ-000043"
"866094052785835,2025-11-22 09:06:53,323222,____________,GX-HZ-T-ZCTX-000055"
"866094052809924,2025-10-21 12:15:55,323222,____________,GX-HZ-T-ZCTX-000054"
"866094052838014,2025-11-22 09:09:47,323222,____________,GX-HZ-T-ZCTX-000053"
"866094052810336,2025-12-08 23:56:13,020222,____________,GX-HZ-T-ZCTX-000030"
"866094052810203,2025-12-08 23:39:11,020222,____________,GX-HZ-T-ZCTX-000029"
"866094052819097,2025-12-08 23:57:17,020222,_________,GX-HC-T-ZYJ-000015"
"866094052837669,2025-12-08 23:56:44,020222,_________,GX-HC-T-ZYJ-000014"
"866094052785934,2025-12-08 23:56:58,020222,_________,GX-HC-T-ZYJ-000013"
"866094052836216,2025-12-08 23:38:41,020222,_________,GX-HC-T-ZYJ-000012"
"866094052785959,2025-12-08 23:43:57,323222,_________,GX-HC-T-ZYJ-000011"
"866094052820053,2025-12-08 23:47:27,020222,_________,GX-HC-T-ZYJ-000010"
"866094052829666,2025-12-08 23:47:54,020222,_________,GX-HC-T-ZYJ-000009"
"866094052831803,2025-12-08 23:32:29,020222,_________,GX-HC-T-ZYJ-000008"
"866094052836141,2020-11-18 09:55:21,323222,_________,GX-HC-T-ZYJ-000007"
"866094052837693,2021-01-26 11:11:42,323222,_________,GX-HC-T-ZYJ-000006"
"866094052785926,2021-05-31 08:28:03,323222,_________,GX-HC-T-ZYJ-000005"
"866094052785454,2020-11-18 09:46:36,323222,_________,GX-HC-T-ZYJ-000004"
"866094052810047,2025-12-08 23:42:39,020222,____________,GX-HZ-T-ZCTX-000052"
"866094052785876,2025-12-08 23:42:55,020222,____________,GX-HZ-T-ZCTX-000051"
"866094052787450,2025-12-08 23:42:25,020222,____________,GX-HZ-T-ZCTX-000050"
"866094052830144,2025-12-08 23:42:44,020222,____________,GX-HZ-T-ZCTX-000049"
"866094052831514,2025-12-08 23:48:03,003333,____________,GX-NN-T-ZCTX-000096"
"866094052831696,2025-12-08 23:47:58,003333,____________,GX-NN-T-ZCTX-000095"
"868681049134776,2025-12-09 00:00:36,020222,____________,GX-NN-T-ZCTX-000094"
"868681049092305,2025-12-08 23:37:24,020222,____________,GX-NN-T-ZCTX-000093"
"868681049135021,2025-07-29 12:15:16,323222,____________,GX-NN-T-ZCTX-000092"
"866094052760291,2025-12-08 12:04:00,333333,_________,GX-LB-T-ZYJ-000066"
"866094052822489,2025-12-08 12:21:36,333333,_________,GX-LB-T-ZYJ-000065"
"866094052824360,2025-12-09 00:00:10,000000,_________,GX-LB-T-ZYJ-000064"
"866094052832421,2025-12-08 23:58:36,000000,_________,GX-LB-T-ZYJ-000063"
"868681049091885,2025-12-08 23:56:01,323222,____________,GX-NN-T-ZCTX-000091"
"868681049090515,2025-12-08 23:32:17,020222,____________,GX-NN-T-ZCTX-000090"
"866094052802234,2025-10-06 00:55:17,333333,_________,GX-LB-T-ZYJ-000062"
"868681049096553,2025-12-08 23:37:43,020222,____________,GX-NN-T-ZCTX-000089"
"866094052796055,2025-12-08 23:32:25,003333,_________,GX-LB-T-ZYJ-000061"
"866094052822471,2025-12-08 12:43:21,333333,_________,GX-LB-T-ZYJ-000060"
"866094052819816,2025-08-12 11:03:15,333333,_________,GX-LB-T-ZYJ-000059"
"866094052819667,2025-12-08 23:43:26,003330,_________,GX-LB-T-ZYJ-000058"
"866094052837289,2025-12-08 23:45:24,003000,____________,GX-NN-T-ZCTX-000088"
"868681049096314,2025-12-01 12:06:45,333333,____________,868681049096314"
"866094052820061,2025-12-08 12:15:17,333333,_________,GX-LB-T-ZYJ-000055"
"866094052788557,2025-12-08 23:51:17,003330,_________,GX-LB-T-ZYJ-000054"
"866094052837180,2025-12-09 00:01:06,003333,____________,GX-BH-T-ZCTX-000064"
"866094052787773,2025-12-08 23:42:50,020222,____________,GX-HZ-T-ZCTX-000047"
"866094052785637,2025-12-08 23:41:40,020222,_________,GX-LB-T-ZYJ-000053"
"866094052832397,2025-12-08 23:36:49,323222,_________,GX-LB-T-ZYJ-000052"
"866094052822091,2025-12-08 23:41:42,323222,_________,GX-LB-T-ZYJ-000051"
"866094052787989,2025-12-08 23:38:06,020222,_________,GX-LB-T-ZYJ-000050"
"866094052821945,2025-12-08 23:38:54,020222,_________,GX-LB-T-ZYJ-000049"
"866094052787799,2025-12-08 23:36:29,020222,_________,GX-LB-T-ZYJ-000048"
"866094052787344,2025-12-08 23:44:50,323222,_________,GX-LB-T-ZYJ-000047"
"866094052787526,2025-12-08 23:44:23,323222,_________,GX-LB-T-ZYJ-000045"
"866094052787849,2025-12-08 23:53:47,020222,_________,GX-LB-T-ZYJ-000044"
"866094052787807,2025-12-08 23:52:15,020222,_________,GX-LB-T-ZYJ-000043"
"866094052785868,2025-12-08 23:45:31,020222,_________,GX-LB-T-ZYJ-000042"
"866094052785819,2025-12-08 23:42:33,323222,_________,GX-LB-T-ZYJ-000041"
"866094052785686,2025-12-08 23:07:17,323222,_________,GX-LB-T-ZYJ-000040"
"866094052822109,2025-12-08 23:38:16,020222,_________,GX-LB-T-ZYJ-000039"
"866094052787351,2025-12-08 23:42:56,020222,_________,GX-LB-T-ZYJ-000038"
"866094052822083,2025-12-08 23:38:32,020222,_________,GX-LB-T-ZYJ-000037"
"866094052787856,2025-12-09 00:01:42,020222,_________,GX-LB-T-ZYJ-000036"
"866094052810278,2025-12-08 23:42:29,020222,____________,GX-HZ-T-ZCTX-000046"
"866094052834815,2025-01-08 14:22:42,323222,____________,GX-HZ-T-ZCTX-000045"
"866094052787864,2025-01-07 17:27:26,323222,____________,GX-HZ-T-ZCTX-000044"
"866094052810369,2025-12-08 23:42:35,020222,____________,GX-HZ-T-ZCTX-000021"
"866094052787609,2025-12-08 23:42:27,020222,____________,GX-HZ-T-ZCTX-000020"
"866094052787385,2025-12-08 23:42:36,020222,____________,GX-HZ-T-ZCTX-000019"
"866094052836265,2025-12-08 23:53:51,020222,____________,GX-WZ-T-ZCTX-000092"
"866094052837420,2025-12-08 23:35:45,020222,_________,GX-LB-T-ZYJ-000026"
"866094052785504,2025-12-08 23:36:06,020222,_________,GX-LB-T-ZYJ-000025"
"866094052836588,2025-12-08 23:33:13,020222,____________,GX-BH-T-ZCTX-000063"
"866094052836695,2025-12-08 23:33:10,020222,____________,GX-BH-T-ZCTX-000062"
"866094052832306,2025-12-08 23:33:20,020222,____________,GX-BH-T-ZCTX-000061"
"866094052809940,2025-12-08 23:05:17,020222,____________,GX-BH-T-ZCTX-000059"
"866094052837867,2025-12-09 00:01:41,020222,____________,GX-BH-T-ZCTX-000054"
"866094052837123,2025-12-08 23:32:05,020222,____________,GX-BH-T-ZCTX-000053"
"866094052788144,2025-12-08 23:33:05,020222,____________,GX-BH-T-ZCTX-000051"
"866094052809973,2025-06-18 13:00:14,333333,____________,GX-FCG-T-ZCTX-000051"
"866094052836729,2025-12-08 23:50:45,003333,____________,GX-FCG-T-ZCTX-000050"
"866094052836737,2025-06-08 13:00:14,333333,____________,GX-FCG-T-ZCTX-000049"
"868681049147844,2025-12-08 23:34:51,000000,____________,GX-FCG-T-ZCTX-000048"
"866094052836521,2025-12-08 23:32:24,000000,____________,GX-FCG-T-ZCTX-000048"
"866094052836562,2025-12-08 23:58:14,003333,____________,GX-FCG-T-ZCTX-000047"
"866094052831480,2025-07-16 12:03:48,323222,____________,GX-BH-T-ZCTX-000008"
"866094052788136,2025-11-29 12:06:27,323222,____________,GX-BH-T-ZCTX-000007"
"866094052809619,2025-12-08 23:42:32,020222,____________,GX-BH-T-ZCTX-000006"
"866094052837115,2025-12-08 23:36:28,020222,____________,GX-BH-T-ZCTX-000033"
"866094052836992,2025-12-08 23:57:54,020222,____________,GX-BH-T-ZCTX-000032"
"866094052837834,2025-12-08 23:44:15,020222,____________,GX-BH-T-ZCTX-000031"
"866094052809528,2025-12-08 23:52:00,323222,____________,GX-BH-T-ZCTX-000030"
"866094052809601,2025-12-08 23:42:35,020222,____________,GX-BH-T-ZCTX-000029"
"866094052838055,2025-12-08 23:35:38,020222,____________,GX-BH-T-ZCTX-000028"
"866094052837453,2025-12-08 23:35:52,003333,____________,GX-WZ-T-ZCTX-000083"
"866094052785983,2025-12-08 12:36:02,333333,_________,GX-LB-T-ZYJ-000024"
"866094052821895,2025-02-25 09:44:55,323222,____________,GX-NN-T-ZCTX-000085"
"866094052810229,2025-12-08 23:49:13,020222,____________,GX-NN-T-ZCTX-000084"
"866094052810112,2025-12-08 23:32:56,020222,____________,GX-NN-T-ZCTX-000082"
"866094052810195,2025-12-08 23:49:20,020222,____________,GX-NN-T-ZCTX-000081"
"866094052822802,2025-12-08 23:53:00,020222,____________,GX-NN-T-ZCTX-000079"
"866094052832355,2025-11-13 18:02:37,333333,____________,GX-NN-T-ZCTX-000078"
"866094052832389,2025-07-22 18:06:35,333333,____________,GX-NN-T-ZCTX-000076"
"868681049096512,2025-12-08 23:38:17,020222,____________,GX-NN-T-ZCTX-000074"
"866094052837826,2025-12-09 00:01:19,000002,____________,GX-HZ-T-ZCTX-000043"
"866094052837644,2025-12-08 23:32:36,000000,____________,GX-HZ-T-ZCTX-000042"
"866094052836745,2025-12-08 23:38:01,020222,____________,GX-HZ-T-ZCTX-000041"
"866094052778202,2025-12-08 23:37:38,020222,____________,GX-HZ-T-ZCTX-000040"
"866094052836950,2025-12-08 23:37:55,020222,____________,GX-HZ-T-ZCTX-000039"
"866094052836984,2025-12-08 23:37:18,020222,____________,GX-HZ-T-ZCTX-000038"
"866094052780943,2025-12-08 23:50:18,020222,____________,GX-HZ-T-ZCTX-000037"
"866094052816929,2025-12-08 23:51:27,020222,____________,GX-HZ-T-ZCTX-000036"
"866094052789530,2025-12-08 23:50:47,020222,____________,GX-HZ-T-ZCTX-000035"
"866094052791163,2025-12-08 23:50:33,020222,____________,GX-HZ-T-ZCTX-000034"
"866094052837628,2025-12-08 23:47:00,003322,____________,GX-HZ-T-ZCTX-000033"
"866094052779689,2025-12-08 23:36:39,020222,____________,GX-HZ-T-ZCTX-000032"
"866094052837305,2025-12-08 23:18:01,020222,____________,GX-HZ-T-ZCTX-000031"
"866094052837602,2025-12-08 23:32:53,003000,____________,GX-HZ-T-ZCTX-000027"
"866094052837412,2025-12-08 23:33:07,003333,____________,GX-HZ-T-ZCTX-000026"
"866094052810344,2025-12-08 23:51:38,323222,____________,GX-HZ-T-ZCTX-000025"
"866094052810161,2025-12-08 23:52:14,020222,____________,GX-HZ-T-ZCTX-000023"
"866094052810153,2025-12-08 23:59:14,020222,____________,GX-HZ-T-ZCTX-000022"
"866094052838121,2025-12-08 23:44:10,020222,____________,GX-WZ-T-ZCTX-000091"
"866094052835168,2025-12-08 12:45:30,323222,____________,GX-WZ-T-ZCTX-000087"
"866094052837354,2025-12-08 12:13:27,323222,____________,GX-WZ-T-ZCTX-000086"
"866094052809957,2025-12-08 23:56:23,020222,____________,GX-WZ-T-ZCTX-000085"
"866094052836836,2025-12-08 23:47:33,020222,____________,GX-WZ-T-ZCTX-000082"
"866094052836638,2025-12-08 23:55:20,020222,____________,GX-WZ-T-ZCTX-000081"
"866094052836646,2025-12-08 23:35:27,020222,____________,GX-WZ-T-ZCTX-000080"
"866094052836851,2025-12-08 23:50:46,020222,____________,GX-WZ-T-ZCTX-000079"
"866094052604762,2025-12-08 23:38:45,000000,__________,866094052604762"
"866094052553589,2025-12-08 19:54:08,003332,__________,866094052553589"
"866094052553530,2025-12-08 23:46:19,003000,__________,866094052553530"
"866094052553522,2025-12-09 00:02:15,000000,__________,866094052553522"
"866094052622897,2025-12-08 23:59:38,003333,__________,866094052622897"
"866094052553357,2025-12-09 00:01:29,003222,__________,SX-XA-T-SWTX-0000021"
"866094052553373,2025-12-08 23:56:57,000300,__________,866094052553373"
"866094052622855,2025-10-25 17:59:02,333222,__________,866094052622855"
"866094052622939,2025-12-08 23:51:55,000022,__________,866094052622939"
"866094052534530,2025-05-23 13:51:01,333222,__________,866094052534530"
"866094052534456,2025-12-08 23:54:43,002200,__________,866094052534456"
"866094052534563,2025-12-09 00:00:30,000002,__________,866094052534563"
"866094052534621,2025-12-05 05:20:28,333332,__________,866094052534621"
"866094052534548,2025-12-09 00:02:26,003000,__________,866094052534548"
"866094052534019,2025-06-22 15:19:20,333333,__________,866094052534019"
"866094052534035,2025-12-08 23:40:18,000000,__________,866094052534035"
"866094052534043,2025-12-08 23:42:49,003322,__________,866094052534043"
"866094052533979,2025-12-08 23:47:43,003022,__________,866094052533979"
"866094052533953,2025-12-08 23:42:21,000000,__________,866094052533953"
"866094052533870,2025-12-08 23:55:54,003222,__________,SX-XA-T-SWTX-000010"
"866094052533896,2025-12-08 23:49:02,003000,__________,866094052533896"
"866094052533938,2025-12-08 23:58:04,000000,__________,866094052533938"
"866094052533912,2025-12-08 23:37:52,000322,__________,866094052533912"
"866094052533789,2025-12-08 23:49:50,000000,__________,866094052533789"
"866094052533797,2024-08-12 07:28:48,333333,__________,866094052533797"
"866094052533771,2025-08-30 18:50:26,333333,__________,866094052533771"
"866094052534431,2025-12-08 21:06:47,000322,__________,866094052534431"
"866094052788102,2025-12-08 23:43:28,020222,____________,GX-BH-T-ZCTX-000049"
"860374056952367,2025-06-23 12:11:38,332223,____________,SX-XA-T-ZCTX-000326"
"866094052836372,2025-12-08 23:42:27,020222,____________,GX-HZ-T-ZCTX-000018"
"866094052787575,2025-12-08 23:42:31,020222,____________,GX-HZ-T-ZCTX-000017"
"866094052821028,2025-12-08 23:42:25,020222,____________,GX-HZ-T-ZCTX-000016"
"866094052834575,2025-12-08 23:42:29,020222,____________,GX-HZ-T-ZCTX-000015"
"866094052787567,2025-12-08 23:12:30,020222,____________,GX-HZ-T-ZCTX-000014"
"866094052810401,2025-12-08 23:36:44,020222,____________,GX-BH-T-ZCTX-000047"
"866094052788110,2025-12-08 23:36:25,020222,____________,GX-BH-T-ZCTX-000046"
"866094052832330,2025-12-08 23:48:21,003300,____________,GX-WZ-T-ZCTX-000078"
"866094052794662,2025-12-08 23:56:44,020222,____________,GX-WZ-T-ZCTX-000077"
"866094052810450,2025-12-08 23:56:46,020222,____________,GX-WZ-T-ZCTX-000076"
"866094052810252,2025-12-08 23:56:08,020222,____________,GX-WZ-T-ZCTX-000075"
"866094052787252,2025-12-08 23:55:53,020222,____________,GX-WZ-T-ZCTX-000074"
"866094052787740,2025-12-09 00:01:55,020222,____________,GX-WZ-T-ZCTX-000073"
"866094052785413,2025-12-08 23:39:48,020222,____________,GX-WZ-T-ZCTX-000072"
"866094052787229,2025-12-08 23:37:04,020222,____________,GX-WZ-T-ZCTX-000071"
"866094052836109,2025-12-08 23:41:33,020222,____________,GX-BH-T-ZCTX-000045"
"866094052836679,2025-05-27 11:43:52,323222,____________,GX-BH-T-ZCTX-000044"
"866094052810302,2025-12-08 23:54:58,020222,____________,GX-WZ-T-ZCTX-000040"
"866094052810245,2025-12-08 23:56:08,020222,____________,GX-WZ-T-ZCTX-000039"
"866094052810237,2025-12-08 23:54:14,020222,____________,GX-WZ-T-ZCTX-000038"
"866094052810005,2025-12-08 23:53:56,020222,____________,GX-WZ-T-ZCTX-000070"
"866094052836497,2025-12-08 23:50:58,020222,____________,GX-WZ-T-ZCTX-000068"
"866094052810468,2025-12-08 23:51:54,020222,____________,GX-WZ-T-ZCTX-000067"
"866094052810435,2025-12-08 23:50:17,020222,____________,GX-WZ-T-ZCTX-000065"
"866094052810419,2025-12-08 23:53:34,020222,____________,GX-WZ-T-ZCTX-000064"
"866094052787633,2025-12-08 23:52:55,020222,____________,GX-WZ-T-ZCTX-000063"
"866094052787625,2025-12-08 23:47:19,020222,____________,GX-WZ-T-ZCTX-000062"
"866094052810427,2025-12-08 23:34:48,020222,____________,GX-WZ-T-ZCTX-000061"
"866094052833775,2024-09-04 15:49:12,333333,____________,866094052833775"
"866094052836687,2025-12-08 23:41:22,003333,____________,GX-WZ-T-ZCTX-000060"
"866094052787492,2025-10-22 03:32:33,323222,____________,GX-WZ-T-ZCTX-000059"
"866094052809999,2025-12-09 00:00:50,020222,____________,GX-WZ-T-ZCTX-000058"
"866094052787500,2025-12-08 23:48:01,020222,____________,GX-WZ-T-ZCTX-000057"
"866094052787096,2025-12-08 23:47:59,020222,____________,GX-WZ-T-ZCTX-000056"
"866094052838113,2025-12-09 00:01:14,020222,____________,GX-WZ-T-ZCTX-000054"
"866094052836869,2025-12-09 00:01:16,020222,____________,GX-WZ-T-ZCTX-000053"
"866094052787682,2025-12-08 23:52:42,020222,____________,GX-WZ-T-ZCTX-000051"
"866094052787898,2025-12-08 23:41:23,020222,____________,GX-WZ-T-ZCTX-000050"
"866094052833379,2025-12-08 23:52:21,020222,____________,GX-WZ-T-ZCTX-000048"
"866094052787906,2025-12-08 23:55:14,020222,____________,GX-WZ-T-ZCTX-000046"
"866094052769904,2025-12-08 23:59:28,020222,____________,GX-WZ-T-ZCTX-000045"
"866094052838212,2025-12-08 23:40:08,020222,____________,GX-WZ-T-ZCTX-000044"
"868681049147802,2025-12-08 23:34:55,002000,____________,GX-WZ-T-ZCTX-000043"
"866094052837438,2025-12-08 23:33:28,002000,____________,GX-WZ-T-ZCTX-000043"
"866094052834674,2025-12-08 23:57:22,020222,____________,GX-WZ-T-ZCTX-000042"
"866094052777204,2025-12-08 23:48:28,020222,____________,GX-WZ-T-ZCTX-000041"
"866094052835069,2025-04-28 17:47:23,323222,____________,GX-BH-T-ZCTX-000027"
"866094052787963,2025-12-08 23:32:55,020222,____________,GX-BH-T-ZCTX-000026"
"866094052788128,2025-12-08 23:32:54,020222,____________,GX-BH-T-ZCTX-000025"
"866094052831605,2025-12-09 00:00:29,020222,____________,GX-BH-T-ZCTX-000023"
"866094052837172,2025-12-09 00:00:41,020222,____________,GX-BH-T-ZCTX-000022"
"866094052837677,2025-12-09 00:00:30,020222,____________,GX-BH-T-ZCTX-000021"
"866094052837750,2025-12-09 00:01:06,020222,____________,GX-BH-T-ZCTX-000020"
"866094052836943,2025-12-08 23:45:31,020222,____________,GX-BH-T-ZCTX-000019"
"866094052837875,2025-07-16 12:13:12,323222,____________,866094052837875"
"866094052837347,2025-12-09 00:00:32,020222,____________,GX-BH-T-ZCTX-000017"
"866094052810559,2023-04-14 10:05:21,332333,____________,GX-BH-T-ZCTX-000016"
"866094052788094,2025-12-08 23:43:40,020222,____________,GX-BH-T-ZCTX-000015"
"866094052809908,2025-12-08 23:43:20,020222,____________,GX-BH-T-ZCTX-000014"
"866094052778442,2025-12-08 12:22:00,323222,____________,GX-FCG-T-ZCTX-000046"
"860374057089623,2025-12-08 23:16:08,300003,______(__)____,SX-XA-T-SSFX-000006"
"860374057013128,2025-12-09 00:01:52,003000,______(__)____,SX-XA-T-SSFX-000025"
"866094052794464,2025-12-08 23:35:10,020222,____________,GX-WZ-T-ZCTX-000037"
"866094052787690,2025-12-08 23:38:58,020222,____________,GX-WZ-T-ZCTX-000036"
"866094052837206,2025-12-08 23:47:28,020222,____________,GX-WZ-T-ZCTX-000035"
"866094052794639,2025-12-08 23:48:23,020222,____________,GX-WZ-T-ZCTX-000034"
"866094052794670,2025-12-08 23:47:02,020222,____________,GX-WZ-T-ZCTX-000033"
"866094052828692,2025-12-08 23:47:01,020222,____________,GX-WZ-T-ZCTX-000032"
"866094052794654,2025-12-08 23:48:21,020222,____________,GX-WZ-T-ZCTX-000031"
"866094052795156,2025-12-08 23:47:21,020222,____________,GX-WZ-T-ZCTX-000030"
"868681049168329,2025-08-27 12:32:36,332333,____________,868681049168329"
"868681049169053,2025-12-08 23:53:30,000000,____________,GX-FCG-T-ZCTX-000044"
"866094052822570,2025-12-04 20:13:01,323222,____________,GX-FCG-T-ZCTX-000043"
"866094052841141,2025-12-08 23:43:13,020222,____________,GX-FCG-T-ZCTX-000042"
"866094052824337,2025-12-09 00:00:28,020222,____________,GX-FCG-T-ZCTX-000041"
"866094052824295,2025-12-08 23:34:34,020222,____________,GX-FCG-T-ZCTX-000040"
"866094052810567,2025-12-08 23:51:04,020222,____________,GX-NN-T-ZCTX-000073"
"866094052822661,2025-12-08 23:51:00,020222,____________,GX-NN-T-ZCTX-000071"
"866094052778350,2025-12-08 23:58:56,323222,____________,GX-NN-T-ZCTX-000070"
"866094052810534,2025-12-08 23:42:09,020222,____________,GX-NN-T-ZCTX-000069"
"866094052837024,2025-04-25 10:30:39,333333,____________,GX-NN-T-ZCTX-000067"
"866094052831654,2025-12-09 00:00:48,000000,____________,GX-NN-T-ZCTX-000064"
"866094052831662,2025-12-08 23:58:45,000030,____________,GX-NN-T-ZCTX-000062"
"866094052837842,2025-12-08 23:59:40,003333,____________,GX-NN-T-ZCTX-000061"
"866094052837859,2025-12-08 23:57:47,003003,____________,GX-NN-T-ZCTX-000060"
"868681049091687,2025-07-29 12:25:03,323222,____________,GX-NN-T-ZCTX-000059"
"868681049140120,2025-12-08 23:48:41,020222,____________,GX-NN-T-ZCTX-000058"
"868681049140377,2025-12-08 23:50:36,020222,____________,GX-NN-T-ZCTX-000057"
"868681049091513,2025-12-08 23:48:16,020222,____________,GX-NN-T-ZCTX-000056"
"866094052836711,2025-12-08 23:49:35,020222,____________,GX-NN-T-ZCTX-000055"
"866094052836893,2024-07-17 17:10:08,323222,____________,866094052836893"
"868681049090564,2025-12-08 23:47:33,020222,____________,GX-NN-T-ZCTX-000053"
"866094052836703,2025-12-08 23:50:49,020222,____________,GX-NN-T-ZCTX-000052"
"866094052837735,2025-06-06 13:00:14,333333,____________,GX-NN-T-ZCTX-000051"
"866094052837909,2025-12-08 23:39:19,000000,____________,GX-NN-T-ZCTX-000050"
"866094052837925,2025-12-08 23:39:12,000000,____________,GX-NN-T-ZCTX-000049"
"866094052837271,2025-12-08 23:39:26,003333,____________,GX-NN-T-ZCTX-000048"
"866094052838204,2025-12-08 23:43:29,003333,____________,GX-NN-T-ZCTX-000047"
"866094052809981,2025-12-08 23:33:49,003002,____________,GX-NN-T-ZCTX-000046"
"866094052837719,2025-06-28 10:48:36,333333,____________,GX-NN-T-ZCTX-000045"
"866094052820525,2025-12-08 23:35:31,003333,____________,GX-NN-T-ZCTX-000044"
"866094052751183,2025-12-08 23:56:49,003333,____________,GX-NN-T-ZCTX-000043"
"866094052769862,2025-12-08 23:58:08,003330,____________,GX-NN-T-ZCTX-000042"
"866094052787294,2025-12-08 23:47:27,020222,____________,GX-WZ-T-ZCTX-000028"
"866094052821630,2023-10-04 07:07:02,323222,____________,GX-WZ-T-ZCTX-000027"
"866094052787518,2023-10-04 06:54:39,323222,____________,GX-WZ-T-ZCTX-000026"
"866094052788037,2025-12-08 23:58:00,003332,____________,GX-WZ-T-ZCTX-000025"
"866094052787120,2025-05-03 15:45:44,323222,____________,GX-WZ-T-ZCTX-000024"
"866094052787583,2025-12-08 23:43:23,020222,____________,GX-WZ-T-ZCTX-000023"
"866094052821689,2025-12-08 23:46:44,020222,____________,GX-WZ-T-ZCTX-000022"
"866094052836828,2025-12-08 23:33:56,020222,____________,GX-WZ-T-ZCTX-000021"
"866094052818370,2025-12-08 23:34:07,020222,____________,GX-WZ-T-ZCTX-000020"
"866094052810138,2025-12-08 23:51:26,020222,____________,GX-WZ-T-ZCTX-000019"
"866094052831597,2025-12-08 23:54:27,020222,____________,GX-WZ-T-ZCTX-000018"
"866094052810120,2025-12-08 23:50:56,020222,_________,GX-CZ-T-ZYJ-000037"
"866094052810385,2025-12-09 00:02:07,020222,_________,GX-CZ-T-ZYJ-000036"
"866094052810500,2025-12-08 23:34:31,020222,_________,GX-CZ-T-ZYJ-000035"
"866094052810518,2025-12-08 23:45:32,020222,_________,GX-CZ-T-ZYJ-000034"
"866094052788029,2025-12-08 23:36:05,020222,_________,GX-CZ-T-ZYJ-000033"
"866094052810583,2025-12-08 23:37:21,020222,_________,GX-CZ-T-ZYJ-000032"
"866094052810013,2025-12-09 00:01:16,020222,_________,GX-CZ-T-ZYJ-000030"
"866094052787401,2025-12-09 00:01:25,020222,_________,GX-CZ-T-ZYJ-000029"
"866094052787476,2025-12-08 23:46:32,020222,_________,GX-CZ-T-ZYJ-000028"
"866094052785595,2025-10-19 19:04:28,323222,_________,GX-CZ-T-ZYJ-000027"
"866094052787211,2025-12-08 23:45:01,020222,_________,GX-CZ-T-ZYJ-000022"
"866094052836125,2025-12-08 23:46:54,020222,_________,GX-CZ-T-ZYJ-000025"
"866094052778475,2025-12-08 20:50:17,323222,_________,GX-CZ-T-ZYJ-000026"
"868681049146531,2025-12-08 23:32:30,000022,_________,GX-CZ-T-ZYJ-000024"
"866094052802242,2025-12-09 00:00:27,000022,_________,GX-CZ-T-ZYJ-000024"
"868681049136623,2025-12-08 12:31:19,000000,_________,868681049136623"
"866094052832413,2025-12-08 23:47:05,000330,_________,GX-CZ-T-ZYJ-000023"
"866094052787070,2025-12-08 23:46:34,020222,_________,GX-CZ-T-ZYJ-000021"
"868681049080920,2025-12-08 23:32:58,000000,_________,GX-CZ-T-ZYJ-000020"
"866094052802291,2025-12-09 00:02:14,000000,_________,GX-CZ-T-ZYJ-000020"
"868681049150400,2025-12-08 23:34:56,000000,_________,GX-CZ-T-ZYJ-000019"
"866094052785629,2025-12-08 23:34:41,000000,_________,GX-CZ-T-ZYJ-000019"
"866094052810526,2025-12-08 23:45:17,020222,_________,GX-CZ-T-ZYJ-000018"
"866094052787245,2025-07-14 09:34:44,323222,_________,GX-CZ-T-ZYJ-000017"
"866094052786064,2025-12-08 23:49:00,020222,_________,GX-CZ-T-ZYJ-000016"
"866094052787286,2025-12-08 23:54:23,020222,_________,GX-CZ-T-ZYJ-000015"
"866094052785470,2025-12-09 00:01:55,020222,_________,GX-CZ-T-ZYJ-000013"
"868681049155672,2025-10-25 12:06:40,333333,____________,868681049155672"
"866094052791742,2025-12-08 23:57:59,003003,____________,GX-LZ-T-ZCTX-000018"
"868681049133570,2025-02-26 14:13:18,333333,____________,GX-FCG-T-ZCTX-000039"
"866094052837818,2025-02-26 14:06:03,333333,____________,GX-FCG-T-ZCTX-000039"
"866094052787708,2025-12-08 23:43:33,020222,____________,GX-HZ-T-ZCTX-000013"
"866094052820749,2025-12-08 23:49:34,020222,____________,GX-HZ-T-ZCTX-000012"
"866094052780067,2025-12-08 23:43:32,020222,____________,GX-HZ-T-ZCTX-000011"
"866094052787930,2025-12-08 23:57:32,020222,____________,GX-BH-T-ZCTX-000009"
"868681049155680,2025-12-08 23:40:42,000000,______(__)____,SX-XA-T-SSFX-000008"
"868681049161837,2025-07-03 09:34:17,333332,____________,868681049161837"
"866094052837610,2025-12-08 23:49:20,003332,____________,GX-HZ-T-ZCTX-000010"
"868681049070178,2025-07-16 12:35:23,333332,____________,868681049070178"
"866094052819576,2025-12-08 23:43:13,020222,____________,GX-FCG-T-ZCTX-000038"
"866094052824303,2025-12-08 23:44:06,020222,____________,GX-FCG-T-ZCTX-000037"
"866094052788623,2025-12-08 23:45:50,020222,____________,GX-FCG-T-ZCTX-000036"
"866094052819584,2025-12-08 23:46:00,020222,____________,GX-FCG-T-ZCTX-000035"
"866094052819568,2025-12-08 12:27:44,323222,____________,GX-FCG-T-ZCTX-000034"
"866094052841018,2025-12-08 12:27:48,323222,____________,GX-FCG-T-ZCTX-000033"
"866094052832272,2025-12-08 23:43:40,020222,____________,GX-FCG-T-ZCTX-000032"
"866094052791916,2025-12-08 23:43:32,020222,____________,GX-FCG-T-ZCTX-000031"
"866094052819113,2025-12-08 23:43:38,020222,____________,GX-FCG-T-ZCTX-000030"
"866094052832405,2025-12-08 23:59:33,020222,____________,GX-FCG-T-ZCTX-000029"
"866094052782352,2025-12-08 23:59:30,020222,____________,GX-FCG-T-ZCTX-000028"
"866094052788565,2025-12-08 12:37:33,020222,____________,GX-FCG-T-ZCTX-000027"
"866094052832298,2025-12-08 23:58:47,020222,____________,GX-FCG-T-ZCTX-000026"
"866094052813090,2025-12-08 23:29:59,020222,____________,GX-FCG-T-ZCTX-000025"
"866094052822042,2025-12-08 23:59:31,020222,____________,GX-FCG-T-ZCTX-000024"
"866094052832207,2025-12-08 23:32:27,020222,____________,GX-FCG-T-ZCTX-000023"
"866094052809890,2025-12-08 23:48:47,020222,____________,GX-HZ-T-ZCTX-000008"
"866094052837297,2025-12-08 23:48:56,020222,____________,GX-HZ-T-ZCTX-000007"
"866094052837263,2025-12-08 23:50:19,020222,____________,GX-HZ-T-ZCTX-000006"
"866094052838022,2025-12-08 23:50:09,020222,____________,GX-HZ-T-ZCTX-000005"
"866094052787948,2025-12-08 23:58:25,020222,____________,GX-NN-T-ZCTX-000041"
"866094052553415,2024-03-20 19:02:23,333322,__________,866094052553415"
"866094052553555,2025-12-08 23:42:03,003333,__________,0000006"
"866094052553514,2025-12-08 23:50:55,000000,__________,SX-XA-T-SWTX-0000022"
"868681049148149,2025-10-18 13:08:23,333333,____________,JS-HA-T-ZC-000147"
"868681049155110,2025-12-08 23:53:21,000000,____________,AH-BB-T-ZC-000040"
"860374056944570,2025-12-08 12:28:03,000222,______(__)____,SX-SL-T-SSFX-000003"
"866094052623309,2025-12-08 23:36:46,003322,__________,SX-XA-SWTX-000055"
"866094052622913,2025-12-08 23:45:37,000220,__________,SX-XA-SWTX-000020"
"866094052533821,2025-06-26 14:47:53,333333,__________,SX-XA-SWTX-000012"
"866094052533995,2025-12-09 00:00:58,303330,__________,SX-XA-SWTX-000011"
"866094052533839,2025-12-08 23:34:18,000003,__________,SX-XA-T-SWTX-000011"
"861410049559239,2025-12-08 23:50:51,200222,____________,SX-TC-T-ZCTX-000003"
"861410049561722,2025-12-08 23:39:52,200222,____________,SX-TC-T-ZCTX-000002"
"861410049520116,2025-12-08 23:44:24,200222,____________,SX-YA-T-ZCTX-000147"
"861410049521916,2025-12-08 23:51:37,200222,____________,SX-YA-T-ZCTX-000146"
"861410049518961,2025-12-08 12:31:18,200222,____________,SX-YA-T-ZCTX-000145"
"861410049561649,2025-12-08 23:35:39,200222,____________,SX-YA-T-ZCTX-000144"
"861410049519811,2025-12-08 23:41:43,200222,____________,SX-YA-T-ZCTX-000143"
"861410049524290,2025-12-08 12:08:27,200222,____________,SX-YA-T-ZCTX-000142"
"861410049561318,2025-12-08 23:45:31,200222,____________,SX-YA-T-ZCTX-000140"
"861410049562589,2025-12-08 23:52:39,200222,____________,SX-XA-T-ZCTX-000321"
"861410049502569,2025-12-09 00:01:31,200222,____________,SX-XA-T-ZCTX-000320"
"861410049561623,2025-12-08 23:36:42,200222,____________,SX-XA-T-ZCTX-000319"
"861410049562498,2025-12-08 23:56:57,200222,____________,SX-XA-T-ZCTX-000318"
"861410049562704,2025-12-08 23:51:33,200222,____________,SX-XA-T-ZCTX-000317"
"861410049560393,2025-12-08 23:54:20,200222,____________,SX-XA-T-ZCTX-000316"
"861410049562415,2025-12-09 00:01:27,200222,____________,SX-XA-T-ZCTX-000315"
"861410049508095,2024-07-28 05:02:58,233222,____________,SX-XA-T-ZCTX-000314"
"861410049561342,2025-12-08 23:55:20,200222,____________,SX-XA-T-ZCTX-000313"
"868681049161266,2025-12-08 23:21:42,000000,____________,SX-XA-T-ZCTX-000251"
"866094052534472,2025-12-08 23:35:21,003332,__________,SX-XA-T-000004"
"866094052534589,2023-09-30 09:27:48,333333,__________,SX-XA-T-SWTX-000003"
"866094052534514,2023-09-30 02:48:19,332333,__________,SX-XA-T-SWTX-000002"
"866094052534605,2025-12-08 23:59:47,002030,__________,SX-XA--TSWTX-000001"
"860374056935586,2025-12-08 23:51:46,000000,____________,SX-YA-T-ZCTX-000139"
"868681049131814,2023-05-10 07:28:52,333333,____________,SX-XA-T-ZCTX-000311X"
"860374057090647,2023-05-10 07:28:52,333333,____________,SX-XA-T-ZCTX-000310X"
"868681049155862,2024-12-23 10:53:48,333333,____________,SX-BJ-T-ZCTX-000045"
"861410049557290,2025-12-08 23:34:09,202222,____________,SX-WN-T-ZCTX-000044"
"861410049520199,2025-12-08 23:38:06,202222,____________,SX-WN-T-ZCTX-000043"
"861410049560450,2025-12-08 12:15:00,202222,____________,SX-WN-T-ZCTX-000042"
"861410049502247,2025-12-08 23:43:19,202222,____________,SX-WN-T-ZCTX-000041"
"861410049543522,2025-12-08 23:47:56,202222,____________,SX-WN-T-ZCTX-000040"
"861410049502916,2025-12-08 12:32:57,202222,____________,SX-WN-T-ZCTX-000039"
"861410049556847,2025-12-08 12:37:19,202222,____________,SX-WN-T-ZCTX-000037"
"861410049524035,2025-12-08 23:33:30,202222,____________,SX-WN-T-ZCTX-000036"
"861410049561698,2025-12-08 12:26:55,202222,____________,SX-WN-T-ZCTX-000034"
"868681049155664,2025-12-08 12:46:20,002022,____________,SX-WN-T-ZCTX-000033"
"861410049522914,2025-12-09 00:01:29,200222,____________,SX-WN-T-ZCTX-000032"
"861410049507063,2025-12-08 23:46:27,200222,____________,SX-WN-T-ZCTX-000031"
"861410049561250,2025-12-08 23:57:48,200222,____________,SX-WN-T-ZCTX-000030"
"861410049560286,2025-12-08 23:41:24,200222,____________,SX-WN-T-ZCTX-000029"
"868681049132911,2025-12-08 23:46:04,000000,____________,SX-XA-T-ZCTX-000308"
"868681049092990,2025-12-08 12:44:54,002220,____________,SX-XA-T-ZCTX-000307"
"868681049132085,2025-12-08 23:48:34,000000,____________,SX-XA-T-ZCTX-000306"
"860374056950270,2025-12-08 12:29:55,000000,______(__)____,SX-SL-T-SSFX-000002"
"866094052785728,2025-12-09 00:02:00,020222,_________,GX-LB-T-ZYJ-000023"
"866094052835895,2025-12-08 23:37:54,020222,_________,GX-LB-T-ZYJ-000022"
"866094052785660,2025-12-08 23:51:38,020222,_________,GX-LB-T-ZYJ-000021"
"866094052785678,2025-12-08 23:39:52,020222,_________,GX-LB-T-ZYJ-000020"
"866094052785827,2025-12-08 23:54:21,020222,_________,GX-LB-T-ZYJ-000019"
"866094052785645,2024-05-17 15:10:48,323222,_________,866094052785645"
"866094052778376,2025-12-08 23:40:25,020222,_________,GX-LB-T-ZYJ-000017"
"866094052785702,2025-07-16 12:05:21,323222,_________,GX-LB-T-ZYJ-000015"
"866094052785652,2025-12-08 23:40:39,020222,_________,GX-LB-T-ZYJ-000014"
"866094052785744,2025-12-08 23:46:55,020222,_________,GX-LB-T-ZYJ-000013"
"868681049132226,2025-12-08 23:32:24,000000,____________,SX-XA-T-ZCTX-000305"
"868681049133810,2025-05-30 12:27:56,333333,____________,SX-XA-T-ZCTX-000303"
"868681049091950,2025-12-09 00:00:25,000000,____________,SX-XA-T-ZCTX-000302"
"868681049146192,2025-12-08 23:51:49,000000,____________,SX-XA-T-ZCTX-000300"
"861410049562282,2025-12-08 12:12:46,200222,____________,SX-XA-T-ZCTX-000299"
"868681049156217,2025-12-08 23:39:49,000000,____________,SX-XA-T-ZCTX-000449"
"866094052792062,2024-07-11 12:09:58,333333,____________,866094052792062"
"868681049157223,2025-12-08 12:23:54,000000,____________,SX-WN-T-ZCTX-000028"
"868681049133455,2025-12-08 12:23:43,000000,____________,SX-WN-T-ZCTX-000027"
"868681049159096,2025-12-08 23:58:22,000000,____________,SX-WN-T-ZCTX-000026"
"866094052785736,2025-12-08 23:32:58,020222,_________,GX-LB-T-ZYJ-000012"
"866094052778335,2025-12-08 23:54:52,020222,_________,GX-LB-T-ZYJ-000011"
"866094052837461,2025-12-08 23:48:15,020222,_________,GX-LB-T-ZYJ-000010"
"866094052785694,2025-12-08 12:23:04,323222,_________,GX-LB-T-ZYJ-000008"
"866094052834823,2025-12-08 23:39:41,020222,_________,GX-LB-T-ZYJ-000007"
"866094052834468,2025-12-08 23:51:51,020222,_________,GX-LB-T-ZYJ-000006"
"866094052785850,2025-12-08 23:56:45,020222,_________,GX-LB-T-ZYJ-000005"
"868681049139577,2021-12-08 15:09:43,323222,_________,GX-BS-T-ZYJ-000003"
"866094052826290,2024-03-29 12:29:57,333333,_________,866094052826290"
"868681049148727,2024-06-24 13:21:58,333333,_________,868681049148727"
"866094052819550,2025-12-09 00:01:55,000022,_________,GX-BS-T-ZYJ-000001"
"868681049147752,2025-12-08 23:33:19,000022,_________,GX-BS-T-ZYJ-000001"
"866094052785611,2025-12-08 23:56:52,020222,_________,GX-CZ-T-ZYJ-000012"
"866094052802192,2025-12-08 23:38:10,020222,_________,GX-CZ-T-ZYJ-000011"
"866094052802085,2025-12-08 23:55:17,020222,_________,GX-CZ-T-ZYJ-000010"
"866094052832223,2025-12-08 23:55:25,020222,_________,GX-CZ-T-ZYJ-000009"
"866094052802267,2025-07-16 12:24:39,323222,_________,GX-CZ-T-ZYJ-000008"
"866094052819121,2025-03-21 08:32:02,323222,_________,GX-CZ-T-ZYJ-000006"
"866094052802143,2025-12-08 23:27:25,020222,_________,GX-CZ-T-ZYJ-000007"
"866094052802309,2025-12-08 23:54:49,323222,_________,GX-CZ-T-ZYJ-000005"
"866094052836976,2025-12-08 23:41:54,020222,____________,GX-BH-T-ZCTX-000004"
"866094052780133,2025-12-09 00:01:24,323222,____________,GX-BH-T-ZCTX-000005"
"866094052836802,2025-12-08 23:52:34,020222,____________,GX-BH-T-ZCTX-000003"
"866094052799414,2025-12-08 23:32:47,020222,____________,GX-WZ-T-ZCTX-000017"
"866094052838147,2025-12-08 23:35:52,020222,____________,GX-WZ-T-ZCTX-000016"
"866094052836653,2025-12-08 23:36:04,003233,____________,GX-WZ-T-ZCTX-000015"
"866094052838253,2025-12-08 23:33:19,002020,____________,GX-WZ-T-ZCTX-000014"
"868681049081068,2025-12-08 23:37:30,002020,____________,GX-WZ-T-ZCTX-000014"
"868681049143470,2024-03-20 12:05:58,332323,____________,SX-XA-T-ZCTX-000297"
"868681049131731,2024-03-20 12:05:58,333333,____________,SX-XA-T-ZCTX-000296"
"861410049559650,2025-12-08 23:28:13,202222,____________,SX-WN-T-ZCTX-000024"
"861410049507899,2025-12-08 23:46:07,202222,____________,SX-WN-T-ZCTX-000023"
"868681049146275,2025-12-08 23:52:29,000000,______(__)____,SX-XA-T-SSFX-000015"
"868681049167222,2025-12-08 23:53:26,000000,______(__)____,SX-XA-T-SSFX-000014"
"868681049147091,2025-12-08 23:03:56,002200,______(__)____,SX-XA-T-SSFX-000013"
"868681049155730,2025-12-08 12:41:21,002000,______(__)____,SX-XA-T-SSFX-000012"
"868681049133430,2025-12-08 23:33:29,002000,______(__)____,SX-XA-T-SSFX-000011"
"868681049132994,2025-12-08 23:36:17,000000,______(__)____,SX-XA-T-SSFX-000010"
"868681049161647,2025-12-08 21:47:00,000000,______(__)____,SX-XA-T-SSFX-000009"
"868681049090556,2025-12-08 23:58:55,000022,____________,SX-XA-T-ZCTX-000293"
"868681049090911,2025-12-08 23:38:57,002200,____________,SX-XA-T-ZCTX-000291"
"868681049132952,2025-12-08 23:44:35,000022,____________,SX-XA-T-ZCTX-000290"
"861410049507642,2025-10-19 22:02:19,233222,____________,SX-XA-T-ZCTX-000288"
"861410049557811,2025-12-08 23:40:22,200222,____________,SX-YA-T-ZCTX-000138"
"861410049562266,2025-12-09 00:02:48,200222,____________,SX-YA-T-ZCTX-000136"
"861410049524613,2025-12-08 23:46:45,202222,____________,SX-YA-T-ZCTX-000135"
"861410049506784,2025-12-08 23:49:51,200222,____________,SX-YA-T-ZCTX-000134"
"868681049168360,2025-12-08 12:12:39,000000,____________,SX-YA-T-ZCTX-000131"
"868681049155482,2025-12-08 12:30:48,000000,____________,SX-YA-T-ZCTX-000130"
"868681049167479,2025-12-08 12:42:14,000000,____________,SX-YA-T-ZCTX-000129"
"868681049155698,2023-08-16 14:26:15,332233,____________,868681049155698"
"868681049156670,2025-03-26 13:26:30,333333,____________,SX-XA-T-ZCTX-000286"
"868681049142225,2023-09-14 14:29:15,333333,____________,868681049142225"
"868681049156464,2025-12-08 23:55:09,000303,____________,SX-XA-T-ZCTX-000024"
"868681049145848,2025-03-17 14:48:31,332323,____________,SX-XA-T-ZCTX-000282"
"866094052809965,2025-12-08 23:34:05,000022,____________,GX-BH-T-ZCTX-000002"
"868681049155995,2025-12-08 23:34:24,000022,____________,GX-BH-T-ZCTX-000002"
"866094052776982,2025-12-08 23:32:59,000000,____________,GX-WZ-T-ZCTX-000013"
"868681049156001,2025-12-08 23:51:00,000000,____________,GX-WZ-T-ZCTX-000013"
"866094052787328,2025-12-09 00:01:06,020222,____________,GX-WZ-T-ZCTX-000012"
"866094052795057,2025-12-09 00:00:57,020222,____________,GX-WZ-T-ZCTX-000011"
"866094052838089,2025-08-22 12:29:22,323222,____________,GX-WZ-T-ZCTX-000010"
"866094052791767,2025-12-09 00:01:01,020222,____________,GX-WZ-T-ZCTX-000009"
"866094052837404,2025-12-09 00:00:56,020222,____________,GX-WZ-T-ZCTX-000008"
"866094052820772,2025-12-09 00:00:51,020222,____________,GX-WZ-T-ZCTX-000007"
"866094052785975,2025-12-08 23:36:50,000033,_________,GX-LB-T-ZYJ-000004"
"866094052785785,2025-12-08 12:10:54,000000,_________,GX-LB-T-ZYJ-000003"
"868681049156308,2025-12-09 00:02:02,000000,_________,GX-LB-T-ZYJ-000003"
"866094052785793,2025-12-08 23:54:17,003303,_________,GX-LB-T-ZYJ-000002"
"866094052785777,2025-12-08 23:34:56,000000,_________,GX-LB-T-ZYJ-000001"
"868681049110560,2025-12-08 23:48:37,000000,_________,GX-LB-T-ZYJ-000001"
"866094052837891,2025-12-08 21:27:30,003002,____________,GX-NN-T-ZCTX-000040"
"868681049165515,2024-07-18 14:47:42,333332,____________,868681049165515"
"868681049165663,2025-12-08 23:38:20,000000,____________,GX-NN-T-ZCTX-000039"
"868681049137050,2024-04-10 09:58:02,333333,____________,GX-NN-T-ZCTX-000036"
"868681049137530,2024-10-09 09:12:34,333333,____________,868681049137530"
"868681049140021,2025-12-09 00:01:38,020222,____________,GX-NN-T-ZCTX-000034"
"868681049090937,2025-06-13 15:05:47,323222,____________,GX-NN-T-ZCTX-000033"
"868681049133976,2025-12-09 00:01:13,020222,____________,GX-NN-T-ZCTX-000032"
"868681049134800,2025-12-09 00:01:35,020222,____________,GX-NN-T-ZCTX-000031"
"868681049091554,2025-12-09 00:01:22,323222,____________,GX-NN-T-ZCTX-000030"
"868681049092784,2025-12-08 23:47:04,020222,____________,GX-NN-T-ZCTX-000029"
"868681049139999,2024-08-27 19:59:19,323222,____________,868681049139999"
"868681049096322,2025-12-08 23:46:39,323222,____________,GX-NN-T-ZCTX-000027"
"868681049146408,2025-12-08 23:34:14,000000,____________,SX-WN-T-ZCTX-000021"
"866094052837917,2025-12-08 23:35:01,003030,____________,GX-NN-T-ZCTX-000026"
"866094052837990,2025-12-08 23:58:35,020222,____________,GX-HZ-T-ZCTX-000004"
"866094052809932,2025-12-08 23:58:30,020222,____________,GX-HZ-T-ZCTX-000003"
"866094052811102,2025-12-09 00:00:22,020222,____________,GX-HZ-T-ZCTX-000002"
"866094052838030,2025-12-08 23:59:15,020222,____________,GX-HZ-T-ZCTX-000001"
"868681049156720,2025-12-08 23:38:04,000000,____________,SX-XA-T-ZCTX-000279"
"861410049502528,2025-12-08 23:51:55,200222,____________,SX-BJ-T-ZCTX-000043"
"861410049562597,2025-12-08 23:42:34,200222,____________,SX-BJ-T-ZCTX-000042"
"861410049561961,2025-12-08 23:47:49,200222,____________,SX-BJ-T-ZCTX-000041"
"861410049560518,2025-12-08 23:55:15,200222,____________,SX-BJ-T-ZCTX-000040"
"868681049161225,2024-12-05 12:57:16,333333,____________,868681049161225"
"868681049161092,2025-02-21 10:03:32,333333,____________,SX-BJ-T-ZCTX-000038"
"861410049502544,2025-12-08 23:53:15,200222,____________,SX-BJ-T-ZCTX-000036"
"861410049559635,2025-12-08 23:38:49,200222,____________,SX-BJ-T-ZCTX-000034"
"861410049558355,2025-12-08 23:52:33,200222,____________,SX-BJ-T-ZCTX-000033"
"861410049506685,2025-12-08 23:49:42,200222,____________,SX-BJ-T-ZCTX-000032"
"861410049562043,2025-12-08 23:44:43,200222,____________,SX-BJ-T-ZCTX-000029"
"861410049519019,2025-12-08 23:49:23,200222,____________,SX-BJ-T-ZCTX-000028"
"866094052838006,2025-12-08 23:59:19,003222,____________,GX-BH-T-ZCTX-000001"
"868681049150269,2025-07-16 12:44:10,333222,____________,868681049150269"
"861410049507113,2024-11-25 23:14:30,233222,____________,SX-BJ-T-ZCTX-000027"
"861410049562480,2025-12-08 23:37:48,200222,____________,SX-BJ-T-ZCTX-000026"
"861410049561953,2025-06-19 16:24:21,233222,____________,SX-BJ-T-ZCTX-000025"
"861410049562019,2025-06-19 16:16:11,233222,____________,SX-BJ-T-ZCTX-000024"
"868681049165705,2024-12-18 16:05:19,333333,____________,868681049165705"
"868681049070152,2024-12-18 15:48:31,333333,____________,868681049070152"
"868681049136359,2025-02-28 11:01:07,333333,____________,SX-BJ-T-ZCTX-000020"
"868681049144619,2024-07-14 09:18:59,332333,____________,SX-BJ-T-ZCTX-000019"
"868681049147240,2024-04-30 04:06:22,333333,____________,868681049147240"
"868681049168287,2025-03-11 10:18:47,333333,____________,SX-XA-T-ZCTX-000277"
"868681049168394,2025-03-05 15:12:27,333333,____________,SX-XA-T-ZCTX-000276"
"868681049155839,2025-12-08 23:33:54,002202,____________,SX-XA-T-ZCTX-000275"
"868681049091448,2024-01-29 08:21:26,332333,____________,868681049091448"
"868681049168436,2025-12-08 23:35:35,000000,____________,SX-XA-T-ZCTX-000272"
"868681049168238,2025-12-08 23:34:48,000000,____________,SX-XA-T-ZCTX-000270"
"868681049158486,2025-05-22 12:06:40,333333,____________,SX-XA-T-ZCTX-000269"
"868681049133521,2025-04-24 14:05:52,333333,____________,SX-XA-T-ZCTX-000268"
"868681049148917,2023-12-08 10:09:22,333333,____________,868681049148917"
"866094052838063,2025-12-08 12:23:40,333332,____________,GX-FCG-T-ZCTX-000009"
"866094052831688,2025-12-08 12:06:36,000022,____________,GX-FCG-T-ZCTX-000010"
"866094052782139,2025-12-08 12:41:48,020222,____________,GX-FCG-T-ZCTX-000016"
"866094052836752,2025-12-08 23:52:39,020222,____________,GX-FCG-T-ZCTX-000015"
"866094052836786,2025-12-08 23:56:33,323222,____________,GX-FCG-T-ZCTX-000014"
"866094052836810,2025-12-08 23:53:04,020222,____________,GX-FCG-T-ZCTX-000013"
"866094052838170,2025-12-09 00:01:02,002020,____________,GX-WZ-T-ZCTX-000006"
"868681049154196,2025-12-08 23:37:58,002020,____________,GX-WZ-T-ZCTX-000006"
"866094052809627,2025-12-08 23:37:58,003322,____________,GX-FCG-T-ZCTX-000001"
"868681049136425,2025-12-08 23:52:38,000000,____________,SX-XA-T-ZCTX-000253"
"868681049168113,2025-12-08 23:34:49,002200,____________,SX-XA-T-ZCTX-000263"
"866094052802283,2025-12-08 23:46:19,020222,_________,GX-CZ-T-ZYJ-000004"
"866094052802200,2025-12-08 23:47:23,003003,_________,GX-CZ-T-ZYJ-000002"
"866094052802259,2025-12-08 12:17:21,333333,_________,GX-CZ-T-ZYJ-000001"
"868681049133778,2025-10-28 13:03:00,333333,_________,868681049133778"
"868681049161613,2025-12-08 12:38:31,000000,_________,868681049161613"
"866094052838261,2025-12-08 23:55:28,020222,____________,GX-WZ-T-ZCTX-000005"
"866094052836844,2025-12-08 23:56:28,323222,____________,GX-WZ-T-ZCTX-000003"
"866094052781669,2025-12-08 23:55:50,020222,____________,GX-WZ-T-ZCTX-000002"
"866094052831704,2025-12-08 23:46:44,020222,____________,GX-FCG-T-ZCTX-000012"
"866094052836570,2025-12-08 23:46:23,020222,____________,GX-FCG-T-ZCTX-000011"
"868681049146481,2025-12-08 12:44:50,000022,____________,GX-FCG-T-ZCTX-000010"
"861410049560484,2025-12-08 12:37:04,200222,____________,SX-YA-T-ZCTX-000128"
"861410049562340,2025-12-08 23:33:40,200222,____________,SX-YA-T-ZCTX-000127"
"861410049508137,2025-12-08 12:45:28,200222,____________,SX-YA-T-ZCTX-000126"
"861410049502866,2025-12-08 23:54:28,200222,____________,SX-YA-T-ZCTX-000125"
"861410049502361,2025-12-08 23:41:20,200222,____________,SX-YA-T-ZCTX-000124"
"861410049507261,2025-12-08 23:42:20,202222,____________,SX-YA-T-ZCTX-000123"
"861410049507121,2025-12-08 12:06:03,202222,____________,SX-YA-T-ZCTX-000122"
"861410049559494,2025-12-08 23:52:40,200222,____________,SX-YA-T-ZCTX-000121"
"861410049502551,2025-12-08 23:53:08,200222,____________,SX-YA-T-ZCTX-000120"
"861410049562407,2025-12-08 23:40:29,200222,____________,SX-YA-T-ZCTX-000119"
"861410049560377,2025-12-08 23:59:06,200222,____________,SX-YA-T-ZCTX-000118"
"861410049562563,2025-12-08 12:38:13,200222,____________,SX-YA-T-ZCTX-000117"
"861410049557472,2025-12-08 23:59:16,200222,____________,SX-YA-T-ZCTX-000116"
"861410049559684,2025-12-08 23:37:00,202222,____________,SX-WN-T-ZCTX-000019"
"861440049557530,2025-12-08 12:21:19,200222,____________,SX-WN-T-ZCTX-000018"
"861410049560443,2025-12-08 23:38:58,200222,____________,SX-WN-T-ZCTX-000017"
"861410049561672,2025-12-08 23:17:49,200222,____________,SX-WN-T-ZCTX-000016"
"861410049560773,2025-12-08 23:37:07,202222,____________,SX-WN-T-ZCTX-000015"
"868681049090713,2024-07-11 12:09:58,333333,____________,868681049090713"
"868681049161043,2025-12-08 23:35:12,000000,____________,SX-XA-T-ZCTX-000262"
"868681049144650,2025-07-16 12:21:08,332223,____________,SX-XA-T-ZCTX-000261"
"868681049159039,2024-11-04 15:15:04,333332,____________,SX-XA-T-ZCTX-000260"
"868681049148719,2025-12-09 00:02:27,000000,______(__)____,SX-XA-T-SSFX-000005"
"868681049141110,2025-12-08 23:48:03,000000,____________,SX-BJ-T-ZCTX-000018"
"868681049095050,2025-03-04 14:33:25,333333,____________,868681049095050"
"868681049096066,2025-12-08 12:27:26,000000,____________,SX-BJ-T-ZCTX-000016"
"868681049150814,2025-01-13 17:03:07,333333,____________,SX-BJ-T-ZCTX-000015"
"866094052837651,2025-12-08 23:32:52,002200,____________,GX-WZ-T-ZCTX-000001"
"868681049137738,2025-12-08 23:33:49,002000,____________,SX-XA-T-ZCTX-000258"
"868681049139973,2023-10-11 10:23:58,333333,____________,SX-XA-T-ZCTX-000257"
"868681049142506,2025-12-08 23:35:21,002200,____________,GX-WZ-T-ZCTX-000001"
"868681049149576,2025-12-08 12:19:54,000002,____________,GX-FCG-T-ZCTX-000009"
"866094052838402,2025-12-08 12:30:13,323222,____________,GX-FCG-T-ZCTX-000007"
"866094052836661,2025-12-08 23:50:25,020222,____________,GX-FCG-T-ZCTX-000006"
"866094052831647,2025-12-08 23:49:31,020222,____________,GX-FCG-T-ZCTX-000005"
"868681049140195,2025-12-08 23:35:40,000000,____________,SX-XA-T-ZCTX-000256"
"861410049557936,2025-12-08 12:30:01,202222,____________,SX-YA-T-ZCTX-000113"
"868681049156407,2025-12-08 12:46:02,003030,____________,SX-YA-T-ZCTX-000112"
"868681049155458,2025-12-08 23:47:51,000000,____________,SX-YA-T-ZCTX-000110"
"868681049136219,2025-12-08 23:47:38,000000,____________,SX-YA-T-ZCTX-000111"
"868681049156043,2025-12-08 12:43:43,000000,____________,SX-YA-T-ZCTX-000001"
"868681049092123,2025-12-08 23:40:09,000000,____________,SX-XA-T-ZCTX-000255"
"868681049137746,2025-12-08 23:59:08,000000,____________,SX-XA-T-ZCTX-000254"
"868681049142936,2025-12-08 12:02:49,000000,____________,SX-XA-T-ZCTX-000252"
"866094052838238,2024-03-17 10:13:46,323222,____________,866094052838238"
"866094052791700,2025-12-08 23:55:34,020222,____________,GX-FCG-T-ZCTX-000003"
"866094052831472,2025-12-08 23:53:30,323222,____________,GX-FCG-T-ZCTX-000002"
"868681049090143,2025-12-08 23:35:34,020222,____________,GX-LZ-T-ZCTX-000017"
"868681049134891,2025-12-08 23:44:47,020222,____________,GX-LZ-T-ZCTX-000014"
"868681049090978,2025-12-08 23:43:11,020222,____________,GX-LZ-T-ZCTX-000013"
"868681049140252,2025-12-08 23:42:41,020222,____________,GX-LZ-T-ZCTX-000012"
"868681049135427,2025-12-08 23:43:16,020222,____________,GX-LZ-T-ZCTX-000011"
"868681049090770,2025-12-08 23:48:02,323222,____________,GX-NN-T-ZCTX-000025"
"868681049134636,2025-12-08 23:58:40,020222,____________,GX-NN-T-ZCTX-000024"
"868681049096249,2025-12-08 23:51:38,002220,____________,SX-XA-T-ZCTX-000247"
"868681049165218,2025-12-08 23:50:08,000000,____________,GX-LZ-T-ZCTX-000009"
"868681049091570,2025-12-08 23:37:41,002220,____________,SX-XA-T-ZCTX-000246"
"868681049148115,2024-10-01 05:49:24,333333,____________,GX-LZ-T-ZCTX-000010"
"868681049091042,2025-12-08 23:49:53,000000,____________,GX-LZ-T-ZCTX-000008"
"868681049134917,2025-12-08 23:54:52,000020,______(__)____,SX-SL-T-SSFX-000001"
"868681049167164,2025-12-08 23:44:19,002220,____________,SX-XA-T-ZCTX-000245"
"868681049131954,2023-06-06 07:48:52,333333,____________,SX-XY-T-ZCTX-000019"
"868681049149253,2025-12-08 23:33:23,000000,____________,SX-XA-T-ZCTX-000242"
"868681049133869,2023-06-06 17:51:21,333333,____________,SX-XA-T-ZCTX-000241"
"868681049155466,2025-12-08 23:49:18,002000,____________,SX-XA-T-ZCTX-000240"
"868681049090382,2025-12-08 12:33:30,000000,____________,SX-XA-T-ZCTX-000238"
"868681049090846,2025-12-08 23:41:31,020222,____________,GX-NN-T-ZCTX-000023"
"868681049134735,2025-12-08 23:55:36,020222,____________,GX-NN-T-ZCTX-000022"
"861410049541369,2023-08-10 00:23:39,333322,,GX-FCG-T-ZCTX-000001"
"868681049092222,2025-12-08 23:58:43,000000,____________,GX-GL-T-ZCTX-000014"
"868681049139411,2025-12-08 23:51:30,000002,____________,GX-GL-T-ZCTX-000013"
"868681049080995,2023-05-15 07:31:52,333333,____________,SX-XA-T-ZCTX-000230"
"868681049168691,2025-01-12 10:09:51,333322,____________,SX-XA-T-ZCTX-000227"
"868681049146390,2025-12-08 23:50:19,000000,____________,SX-XA-T-ZCTX-000226"
"868681049154287,2025-12-08 18:39:40,000022,____________,SX-XA-T-ZCTX-000225"
"868681049148818,2025-12-08 23:37:23,002200,____________,SX-XA-T-ZCTX-000224"
"868681049146424,2021-07-23 09:29:21,333333,____________,SX-XA-T-ZCTX-000223"
"868681043910353,2025-12-08 23:48:33,000220,____________,SX-XA-T-ZCTX-000222"
"868681049096264,2025-12-08 23:44:52,020222,____________,GX-NN-T-ZCTX-000021"
"868681049088782,2025-12-08 12:18:11,000000,____________,GX-GL-T-ZCTX-000012"
"868681049088907,2025-12-09 00:00:16,000000,____________,SX-XA-T-ZCTX-000217"
"868681049133182,2025-06-23 13:00:14,333333,____________,GX-LZ-T-ZCTX-000007"
"868681049091661,2025-06-23 13:00:14,333333,____________,GX-LZ-T-ZCTX-000006"
"868681049166174,2025-12-08 23:33:53,000000,____________,SX-BJ-T-ZCTX-000013"
"868681049096520,2025-12-08 23:35:03,000000,____________,SX-BJ-T-ZCTX-000011"
"868681049132895,2025-12-08 23:49:12,000000,____________,SX-BJ-T-ZCTX-000009"
"868681049166042,2025-11-28 13:03:45,333333,____________,SX-BJ-T-ZCTX-000008"
"868681049133117,2025-10-20 17:13:51,333333,____________,SX-BJ-T-ZCTX-000007"
"868681049139627,2025-12-09 00:01:38,002000,____________,SX-BJ-T-ZCTX-000006"
"868681049140203,2025-12-09 00:01:30,000000,____________,SX-BJ-T-ZCTX-000005"
"868681049091380,2024-03-12 11:04:19,333333,____________,868681049091380"
"868681049096108,2024-02-28 07:12:26,333333,____________,SX-XA-T-ZCTX-000208"
"868681049132150,2025-07-16 12:10:57,333333,____________,SX-XA-T-ZCTX-000212"
"868681049133000,2025-12-08 23:51:41,000000,____________,SX-BJ-T-ZCTX-000003"
"868681049089368,2025-12-09 00:00:49,020222,____________,GX-NN-T-ZCTX-000019"
"868681049090903,2025-12-08 23:44:52,020222,____________,GX-NN-T-ZCTX-000018"
"868681049141441,2025-12-08 12:34:08,002220,____________,SX-XA-T-ZCTX-000211"
"868681049090002,2025-08-18 13:12:47,333333,____________,SX-XA-T-ZCTX-000210"
"868681049090838,2025-08-20 11:43:22,333332,____________,SX-XA-T-ZCTX-000209"
"868681049092040,2025-12-08 23:50:44,000000,____________,GX-GL-T-ZCTX-000011"
"868681049092818,2023-07-20 09:50:11,333232,____________,GX-GL-T-ZCTX-000010"
"868681049140013,2025-12-08 22:48:59,000000,____________,GX-GL-T-ZCTX-000006"
"868681049140153,2025-12-08 23:59:22,000222,____________,GX-GL-T-ZCTX-000008"
"861410049558280,2025-07-16 12:15:38,232222,____________,861410049558280"
"868681049091596,2025-12-09 00:02:16,003333,____________,868681049091596"
"868681049091877,2025-12-08 22:48:59,000000,____________,GX-GL-T-ZCTX-000005"
"868681049092719,2025-12-08 22:48:59,000000,____________,GX-GL-T-ZCTX-000004"
"868681049134495,2025-12-08 23:43:17,000000,____________,SX-XA-T-ZCTX-000206"
"868681049131541,2025-12-09 00:01:16,000000,____________,SX-XA-T-ZCTX-000206"
"868681049135120,2025-12-08 23:43:23,000000,____________,SX-XA-T-ZCTX-000205"
"868681049131574,2025-12-08 23:55:55,000000,____________,SX-XA-T-ZCTX-000205"
"868681049093147,2025-09-25 15:36:00,332222,____________,SX-XA-T-ZCTX-000203"
"868681049090663,2025-12-08 23:36:22,020222,____________,GX-NN-T-ZCTX-000017"
"868681049090507,2025-12-08 23:37:35,020222,____________,GX-NN-T-ZCTX-000016"
"868681049090549,2025-02-21 14:41:36,323222,____________,868681049090549"
"868681049096504,2025-12-08 23:42:42,020222,____________,GX-NN-T-ZCTX-000014"
"868681049091760,2025-10-11 12:02:58,323222,____________,GX-NN-T-ZCTX-000013"
"868681049090523,2025-12-08 23:47:59,000000,____________,SX-BJ-T-ZCTX-000002"
"868681049090572,2025-05-23 13:00:00,323222,____________,GX-NN-T-ZCTX-000012"
"868681049140260,2025-12-08 23:32:37,020222,____________,GX-NN-T-ZCTX-000011"
"868681049135419,2025-02-18 16:15:30,323222,____________,868681049135419"
"868681049135013,2025-12-08 23:40:59,020222,____________,JS-WX-T-ZC-000001"
"868681049091547,2025-12-08 20:17:48,002200,____________,SX-XA-T-ZCTX-000075"
"868681049135492,2025-12-08 12:23:53,333333,____________,SX-XA-T-ZCTX-000158"
"868681049142357,2025-08-28 00:35:35,332233,____________,SX-XA-T-ZCTX-000145"
"868681049096041,2025-12-08 23:37:51,002000,____________,SX-XA-T-ZCTX-000095"
"868681049137647,2024-09-10 11:49:02,332233,____________,868681049137647"
"868681049093188,2025-12-08 12:37:01,332233,____________,868681049093188"
"868681049091737,2025-12-08 12:35:10,333333,____________,SX-XA-T-ZCTX-000178"
"868681049096033,2025-06-19 10:11:31,333333,____________,SX-XA-T-ZCTX-000126"
"868681049166968,2025-12-08 23:45:44,003300,____________,SX-XA-T-ZCTX-000130"
"868681049134644,2025-12-08 23:49:42,303333,____________,SX-XA-T-ZCTX-000125"
"868681049090788,2025-06-23 12:15:31,333332,____________,SX-XA-T-ZCTX-000096"
"868681049090473,2025-06-23 12:40:43,333332,____________,SX-XA-T-ZCTX-000140"
"868681049092834,2025-06-23 12:21:06,333332,____________,SX-XA-T-ZCTX-000082"
"868681049167065,2021-01-05 10:08:53,233222,____________,KC-02-000005"
"868681043951365,2025-12-08 23:52:59,000000,____________,GX-LZ-T-ZCTX-000005"
"868681049131558,2025-12-08 23:56:38,000000,____________,GX-LZ-T-ZCTX-000004"
"868681049090127,2025-12-08 23:59:56,200222,_________,GX-HC-T-ZYJ-000003"
"868681049166216,2025-12-08 23:49:55,200222,_________,GX-HC-T-ZYJ-000002"
"868681049092867,2025-06-03 07:02:23,333222,____________,GX-GL-T-ZCTX-000002"
"868681049131970,2025-12-08 23:42:01,000222,____________,GX-GL-T-ZCTX-000001"
"861410049519647,2025-12-08 12:46:37,202222,____________,SX-XA-T-ZCTX-000200"
"868681049148529,2025-12-08 23:47:00,000000,____________,GX-NN-T-ZCTX-000004"
"868681049133281,2025-08-02 09:48:00,333333,____________,GX-NN-T-ZCTX-000003"
"861410049557845,2025-12-08 23:34:10,200222,____________,GX-LZ-T-ZCTX-000003"
"861410049506727,2025-12-08 23:39:06,200222,____________,GX-LZ-T-ZCTX-000002"
"868681049092883,2025-12-08 23:59:46,000000,____________,GX-LZ-T-ZCTX-000001"
"861410049558041,2021-11-06 07:55:13,33333333,,GX-NN-T-ZCTX-000001"
"861410049559338,2025-07-16 12:30:01,233222,____________,SX-XA-T-ZCTX-000198"
"861410049557027,2025-08-14 12:07:06,233222,____________,SX-XA-T-ZCTX-000197"
"861410049557969,2025-12-08 23:46:21,202222,____________,SX-XA-T-ZCTX-000196"
"861410049519977,2025-02-27 09:40:27,233222,____________,SX-XA-T-ZCTX-000195"
"861410049556987,2025-08-25 20:00:33,232222,____________,SX-XA-T-ZCTX-000194"
"861410049522278,2025-12-08 23:46:46,202222,____________,SX-XA-T-ZCTX-000193"
"861410049520207,2025-05-22 12:15:48,232222,____________,861410049520207"
"861410049558918,2025-09-04 12:02:29,232222,____________,SX-XA-T-ZCTX-000191"
"861410049561193,2024-07-30 06:06:22,232222,____________,861410049561193"
"861410049544272,2025-12-08 22:29:27,202222,____________,SX-XA-T-ZCTX-000188"
"861410049502494,2025-05-22 12:23:01,232222,____________,861410049502494"
"861410049508061,2025-05-22 12:08:55,232222,____________,861410049508061"
"861410049562654,2025-05-22 12:06:53,232222,____________,861410049562654"
"861410049560419,2024-09-02 20:29:46,232222,____________,861410049560419"
"861410049543720,2025-12-08 12:39:20,202222,______(__)____,SX-XA-T-SSFX-000003"
"861410049559320,2025-12-08 12:07:45,202222,______(__)____,SX-XA-T-SSFX-000002"
"861410049506701,2024-11-16 09:41:48,232222,____________,SX-XA-T-ZCTX-000181"
"868681049140567,2025-12-08 23:55:14,000000,____________,SX-XA-T-ZCTX-000179"
"868681049096546,2024-11-26 16:10:32,333333,____________,SX-XA-T-ZCTX-000178X"
"868681049132747,2025-12-08 23:58:38,000000,____________,SX-XA-T-ZCTX-000177"
"868681049096496,2024-09-29 08:34:06,333333,____________,868681049096496"
"868681049142753,2025-05-12 10:58:59,333322,____________,SX-XA-T-ZCTX-000175"
"868681049091695,2025-12-08 23:50:41,000000,____________,SX-XA-T-ZCTX-000174"
"868681049091000,2025-12-08 23:55:05,002220,____________,SX-XA-T-ZCTX-000173"
"868681049131822,2025-12-08 23:56:44,000000,____________,SX-XA-T-ZCTX-000172"
"868681049132358,2025-12-08 23:59:15,000000,____________,SX-XA-T-ZCTX-000171"
"861410049520132,2025-12-08 23:55:26,200222,____________,SX-WN-T-ZCTX-000013"
"868681049092297,2024-11-26 10:33:47,333333,____________,SX-XA-T-ZCTX-000170"
"868681049139635,2025-12-08 23:52:42,000000,____________,SX-XA-T-ZCTX-000168"
"868681049138199,2025-12-09 00:00:06,002200,______(__)____,SX-XA-T-SSFX-000001"
"868681049132945,2025-12-08 23:35:14,002220,____________,SX-XA-T-ZCTX-000166"
"868681049140302,2025-12-08 23:45:52,000000,____________,SX-XA-T-ZCTX-000165"
"868681049090499,2025-12-08 23:38:44,000022,____________,SX-XA-T-ZCTX-000164"
"868681049140229,2025-12-09 00:02:37,303333,____________,SX-XA-T-ZCTX-000162"
"868681049142423,2024-06-05 10:54:15,332333,____________,SX-XA-T-ZCTX-000161"
"868681049092248,2021-07-23 09:29:21,333333,____________,SX-XA-T-ZCTX-000159"
"868681049091778,2024-12-05 10:16:26,333333,____________,SX-XA-T-ZCTX-000157"
"868681049135070,2025-12-08 23:48:28,000000,____________,SX-XA-T-ZCTX-000155"
"868681049142415,2025-12-08 23:33:13,000002,____________,SX-XA-T-ZCTX-000154"
"868681049152471,2025-04-20 22:10:11,332223,____________,868681049152471"
"868681049133174,2025-12-08 12:37:18,002200,____________,SX-XA-T-ZCTX-000151"
"868681049091794,2025-12-08 23:36:26,000022,____________,SX-XA-T-ZCTX-000150"
"868681049092149,2025-04-17 17:23:56,333333,____________,SX-XA-T-ZCTX-000149"
"868681049091992,2025-12-08 23:57:22,002200,____________,SX-XA-T-ZCTX-000147"
"868681049092081,2024-01-26 10:13:38,333333,____________,SX-XA-T-ZCTX-000146"
"868681049090689,2025-08-28 00:32:58,332233,____________,SX-XA-T-ZCTX-000145"
"868681049165531,2025-09-25 09:34:58,332223,____________,SX-XA-T-ZCTX-000144"
"868681049132176,2025-12-08 23:33:41,000000,____________,SX-XA-T-ZCTX-000143"
"868681049151978,2025-12-08 12:38:05,000020,____________,SX-XA-T-ZCTX-000142"
"868681049140054,2025-05-22 12:04:20,333333,____________,868681049140054"
"868681049091406,2024-06-21 15:30:25,333332,____________,SX-XA-T-ZCTX-000140X"
"868681049092099,2025-05-22 12:43:09,333333,____________,SX-XA-T-ZCTX-000138"
"861410049557282,2025-12-08 23:39:36,202222,____________,SX-XA-T-ZCTX-000136"
"861410049557001,2025-03-04 18:00:48,232222,____________,SX-XA-T-ZCTX-000135"
"861410049507378,2025-08-31 10:59:37,233222,____________,SX-XA-T-ZCTX-000134"
"861410049519654,2025-12-08 12:29:43,200222,____________,SX-XA-T-ZCTX-000133"
"861410049559098,2025-07-30 19:26:58,233222,____________,SX-XA-T-ZCTX-000131"
"868681049131301,2025-12-08 10:29:10,333333,____________,AH-BB-T-ZC-000001"
"868681049132044,2025-12-01 05:51:36,333333,____________,AH-BB-T-ZC-000002"
"868681049132002,2025-12-08 23:46:18,000002,____________,AH-BB-T-ZC-000003"
"868681049131871,2025-06-20 14:02:24,333333,____________,AH-BB-T-ZC-000004"
"868681049091257,2025-12-08 23:57:56,000000,____________,SX-XA-T-ZCTX-000130X"
"868681049165861,2024-06-21 08:23:25,333333,____________,AH-BB-T-ZC-000005"
"861410049508160,2025-12-08 12:37:26,200222,____________,SX-XA-T-ZCTX-000129"
"868681049135005,2025-12-08 20:51:50,000000,____________,SX-TC-T-ZCTX-000001"
"868681049090994,2023-05-27 09:08:33,333333,____________,AH-BB-T-ZC-000009"
"868681049152356,2025-12-08 23:43:29,000000,____________,AH-BB-T-ZC-000011"
"868681049096090,2025-12-08 23:55:17,000000,____________,AH-BB-T-ZC-000013"
"868681049138066,2025-07-22 10:17:42,333333,____________,AH-BB-T-ZC-000014"
"868681049132218,2025-12-09 00:03:01,002230,____________,AH-BB-T-ZC-000015"
"868681049090655,2025-12-08 23:33:43,000000,____________,AH-BB-T-ZC-000017"
"868681049091638,2024-06-21 10:22:11,333333,____________,AH-BB-T-ZC-000018"
"868681049131368,2025-12-08 13:46:37,000000,____________,AH-BB-T-ZC-000020"
"868681049143140,2025-12-08 23:43:18,000000,____________,AH-BB-T-ZC-000021"
"868681049140161,2025-12-08 23:43:19,000000,____________,AH-BB-T-ZC-000026"
"868681049165952,2025-12-08 23:37:41,000000,____________,AH-BB-T-ZC-000028"
"868681049131855,2023-01-11 23:28:12,333333,____________,AH-BB-T-ZC-000029"
"868681049133109,2025-12-08 23:43:20,000000,____________,AH-BB-T-ZC-000030"
"868681049133141,2024-05-22 11:47:00,332232,____________,SX-XA-T-ZCTX-000127"
"868681049132200,2025-12-08 20:00:28,000000,____________,AH-BB-T-ZC-000031"
"868681049092370,2025-10-08 16:32:28,333333,____________,AH-BB-T-ZC-000033"
"868681049096298,2023-11-04 14:00:42,333333,____________,AH-BB-T-ZC-000034"
"868681049090960,2025-06-19 10:07:48,333333,____________,SX-XA-T-ZCTX-000126X"
"868681049140187,2025-12-08 23:58:46,000000,____________,SX-XA-T-ZCTX-000125X"
"868681049091562,2024-08-21 12:10:52,333333,____________,868681049091562"
"868681049091281,2025-12-08 12:34:57,002200,____________,SX-XA-T-ZCTX-000123"
"861410049506420,2025-12-08 12:11:35,200222,____________,SX-XA-T-ZCTX-000120"
"861410049519621,2024-09-22 17:45:24,233222,____________,SX-XA-T-ZCTX-000119"
"861410049507436,2025-12-08 23:57:33,200222,____________,SX-XA-T-ZCTX-000115"
"861410049557308,2025-12-08 23:49:54,200222,____________,SX-XA-T-ZCTX-000114"
"861410049559049,2025-12-08 23:41:54,200222,____________,SX-XA-T-ZCTX-000113"
"861410049507188,2021-08-24 19:27:17,232222,____________,SX-XA-T-ZCTX-000112"
"868681049133265,2024-11-15 19:01:43,332233,____________,868681049133265"
"868681049132036,2025-12-08 23:34:04,002000,____________,SX-XA-T-ZCTX-000106"
"868681049165838,2025-12-08 23:38:05,000000,____________,SX-XA-T-ZCTX-000105"
"868681049132929,2024-05-25 11:29:11,333333,____________,868681049132929"
"868681049141904,2021-05-09 00:06:40,332223,____________,SX-XA-T-ZCTX-000103"
"868681049139254,2025-02-21 15:53:39,333322,____________,SX-XA-T-ZCTX-000102"
"868681049137944,2025-12-08 23:45:12,000000,____________,SX-XA-T-ZCTX-000100"
"868681049154972,2025-09-04 12:06:11,333332,____________,SX-XA-T-ZCTX-000099"
"868681049136938,2025-09-05 12:19:14,333333,____________,SX-XA-T-ZCTX-000098"
"868681049148172,2024-05-28 10:37:28,333333,____________,SX-XA-T-ZCTX-000097"
"868681049133083,2024-07-09 20:47:11,333332,____________,SX-XA-T-ZCTX-000096X"
"868681049132093,2025-12-09 00:01:41,002000,____________,SX-XA-T-ZCTX-000095"
"868681049132838,2024-09-22 05:46:15,333333,____________,868681049132838"
"868681049165721,2024-07-01 06:22:29,333333,____________,868681049165721"
"868681049143231,2023-08-14 14:30:29,332233,____________,SX-XA-T-ZCTX-000092"
"868681049137324,2025-12-08 12:28:06,002220,____________,SX-XA-T-ZCTX-000091"
"868681049136508,2025-12-08 12:12:22,000000,____________,SX-XA-T-ZCTX-000090"
"868681049143579,2025-12-08 23:40:42,000202,____________,SX-XA-T-ZCTX-000089"
"868681049131939,2024-12-29 10:04:17,333333,____________,SX-XA-T-ZCTX-000088"
"868681049132051,2025-12-08 23:51:58,000002,____________,SX-XA-T-ZCTX-000624"
"868681049136979,2024-03-28 11:41:04,333333,____________,SX-XA-T-ZCTX-000086"
"868681049132853,2025-12-07 15:23:58,000222,____________,SX-XA-T-ZCTX-000084"
"868681049142845,2025-12-08 23:38:47,000002,____________,KC-01-300-SCXX2"
"868681049141243,2025-12-08 23:42:26,002020,____________,SX-XA-T-ZCTX-000083"
"868681049165895,2024-03-21 09:36:33,332333,____________,SX-XA-T-ZCTX-000082X"
"868681049136664,2025-12-08 23:55:09,000002,____________,SX-XA-T-ZCTX-000081"
"868681049143595,2025-12-09 00:00:04,002220,____________,SX-XA-T-ZCTX-000080"
"868681049165762,2024-09-23 10:37:55,332233,____________,868681049165762"
"868681049137522,2024-05-08 11:25:31,333333,____________,868681049137522"
"868681049132879,2025-12-08 23:58:20,002200,____________,SX-XA-T-ZCTX-000077"
"868681049137563,2025-12-08 23:46:12,000000,____________,SX-XA-T-ZCTX-000076"
"868681049165812,2025-12-08 19:57:26,002200,____________,SX-XA-T-ZCTX-000075"
"868681049154733,2025-04-23 10:14:28,332233,____________,SX-XA-T-ZCTX-000074"
"868681049136995,2024-01-03 10:27:52,332223,____________,SX-XA-T-ZCTX-000071"
"868681049154915,2025-12-08 23:51:43,000000,____________,SX-XA-T-ZCTX-000070"
"868681049139270,2025-12-08 23:50:48,002000,____________,SX-XA-T-ZCTX-000069"
"868681049143280,2025-12-08 23:42:21,002200,____________,SX-XA-T-ZCTX-000068"
"868681049133018,2025-12-08 23:50:27,000000,____________,SX-XA-T-ZCTX-000067"
"868681049147158,2025-12-08 23:47:09,000000,____________,SX-XA-T-ZCTX-000066"
"868681049132168,2024-03-28 11:03:18,333333,____________,SX-XA-T-ZCTX-000065"
"861410049558413,2021-07-23 16:15:49,232222,____________,SX-XA-T-ZCTX-000064"
"861410049560435,2024-10-15 12:36:58,233222,____________,861410049560435"
"861410049558363,2024-12-23 18:06:44,233222,____________,861410049558363"
"861410049520702,2024-09-19 12:36:58,233222,____________,861410049520702"
"861410049508152,2025-06-30 12:48:54,233222,____________,861410049508152"
"861410049559437,2024-10-30 10:40:06,233222,____________,861410049559437"
"861410049507949,2024-02-26 17:03:12,233222,____________,861410049507949"
"861410049558249,2025-12-08 12:25:24,200222,____________,SX-XA-T-ZCTX-000060"
"861410049506206,2024-10-15 12:36:58,233222,____________,861410049506206"
"861410049558454,2025-12-08 12:14:31,200222,____________,SX-WN-T-ZCTX-000012"
"861410049560328,2025-12-08 22:05:20,200222,____________,SX-WN-T-ZCTX-000011"
"861410049557464,2025-04-01 10:47:39,232222,____________,861410049557464"
"861410049562464,2025-07-16 12:09:44,232222,____________,SX-XA-T-ZCTX-000058"
"868681049143215,2024-09-05 15:12:00,233222,____________,868681049143215"
"861410049507485,2025-12-08 23:59:42,200222,____________,SX-WN-T-ZCTX-000010"
"861410049561219,2025-12-08 23:54:28,200222,____________,SX-WN-T-ZCTX-000009"
"861410049544009,2024-02-26 19:04:23,233222,____________,861410049544009"
"868681049138652,2025-12-08 23:51:40,200222,____________,SX-XA-T-ZCTX-000054"
"861410049544330,2024-09-05 12:36:58,233222,____________,861410049544330"
"861410049556805,2024-11-01 18:53:54,232222,____________,SX-XA-T-ZCTX-000052"
"861410049523532,2025-12-08 22:48:31,200222,____________,SX-WN-T-ZCTX-000008"
"861410049507477,2025-12-08 12:20:56,200222,____________,SX-WN-T-ZCTX-000007"
"868681049139429,2022-08-17 19:16:01,232222,____________,SX-XA-T-ZCTX-000050"
"868681049166976,2025-12-08 23:57:54,200222,____________,ZJ-NB-T-ZC-000002"
"868681049166281,2025-12-08 23:57:21,200222,____________,ZJ-NB-T-ZC-000001"
"868681049143363,2025-12-08 19:16:56,200222,____________,ZJ-NB-T-ZC-000003"
"868681049167057,2021-07-27 13:35:37,233222,____________,ZJ-NB-T-ZC-000004"
"868681049143355,2025-12-09 00:00:59,200222,____________,ZJ-NB-T-ZC-000005"
"868681049137696,2025-05-19 14:50:59,233222,____________,868681049137696"
"861410049519852,2025-05-19 14:48:46,233222,____________,861410049519852"
"861410049506321,2024-01-03 10:27:52,233222,____________,SX-XA-T-ZCTX-000044"
"861410049507519,2024-09-05 15:26:36,233222,____________,861410049507519"
"861410049523490,2024-09-05 12:36:58,233222,____________,861410049523490"
"861410049558082,2024-07-11 12:09:58,233222,____________,SX-WN-T-ZCTX-000006"
"861410049521866,2025-05-22 12:38:46,233222,____________,SX-XA-T-ZCTX-000039"
"861410049523581,2024-09-05 12:36:58,233222,____________,861410049523581"
"861410049505935,2025-08-14 12:14:43,233222,____________,SX-XA-T-ZCTX-000037"
"861410049531360,2024-07-18 11:41:50,233222,____________,861410049531360"
"861410049508087,2024-09-05 12:36:58,233222,____________,861410049508087"
"861410049502783,2024-09-05 12:36:58,233222,____________,861410049502783"
"861410049557613,2025-12-08 23:31:44,202222,____________,SX-XA-T-ZCTX-000031"
"861410049557514,2025-06-20 04:37:20,232222,____________,SX-XA-T-ZCTX-000029"
"861410049502486,2025-12-08 12:35:58,202222,____________,SX-XA-T-ZCTX-000028"
"861410049561656,2024-10-26 02:21:04,232222,____________,861410049561656"
"861410049561755,2025-12-08 20:34:49,200222,____________,SX-WN-T-ZCTX-000005"
"861410049562456,2025-12-08 18:25:14,202222,____________,SX-XA-T-ZCTX-000026"
"861410049557589,2025-12-08 23:56:41,200222,____________,SX-XY-T-ZCTX-000011"
"861410049562605,2025-12-08 23:43:50,200222,____________,SX-XY-T-ZCTX-000010"
"868681049140443,2025-12-08 23:43:28,000000,____________,JS-HA-T-ZC-000146"
"868681043910411,2025-12-09 00:02:51,000000,____________,JS-HA-T-ZC-000145"
"868681043926904,2025-12-08 23:59:31,000000,____________,JS-HA-T-ZC-000144"
"868681043911278,2025-12-08 12:42:31,000002,____________,SX-XY-T-ZCTX-000009"
"868681043932845,2025-12-08 23:45:55,000000,____________,ZJ-NB-T-ZC-000007"
"868681043938651,2025-12-08 23:57:56,000022,____________,SX-XA-T-ZCTX-000021"
"868681043898764,2025-12-08 12:23:02,000000,____________,SX-XY-T-ZCTX-000008"
"868681043910015,2025-12-08 23:34:14,000000,____________,JS-HA-T-ZC-000143"
"868681043910593,2025-12-08 23:42:46,000020,____________,SX-WN-T-ZCTX-000004"
"868681049131517,2025-12-08 23:48:42,000000,____________,JS-HA-T-ZC-000141"
"868681043895406,2024-02-05 14:41:51,333333,____________,868681043895406"
"868681043925922,2024-10-28 11:51:17,333333,____________,SX-XA-T-ZCTX-000018"
"868681043925344,2025-12-08 12:46:42,000000,____________,SX-XY-T-ZCTX-000007"
"868681043947579,2025-12-08 23:51:29,002022,____________,SX-XA-T-ZCTX-000017"
"868681049152000,2025-12-09 00:02:39,000000,____________,JS-HA-T-ZC-000139"
"868681049152091,2025-12-08 23:38:41,000000,____________,JS-HA-T-ZC-000137"
"868681043926417,2025-12-08 23:56:42,000000,____________,JS-HA-T-ZC-000136"
"868681043900594,2025-01-06 15:02:52,333333,____________,ZJ-NB-T-ZC-000008"
"868681043903804,2022-08-17 16:14:02,332233,____________,SX-XA-T-ZCTX-000014"
"868681043938701,2025-05-22 12:35:22,332333,____________,SX-XA-T-ZCTX-000013"
"868681049148453,2025-03-28 10:39:38,333333,____________,JS-HA-T-ZC-000135"
"868681043948361,2025-12-08 23:33:54,000000,____________,JS-HA-T-ZC-000134"
"868681043900040,2025-03-29 11:39:10,333333,____________,JS-HA-T-ZC-000133"
"868681043907003,2025-06-05 13:58:13,333333,____________,JS-HA-T-ZC-000132"
"868681043891793,2025-12-08 23:36:07,000000,____________,SX-XY-T-ZCTX-000006"
"868681049155094,2025-12-08 23:51:26,000000,____________,KC-01-260-X00017"
"868681049131400,2025-12-08 23:42:28,000000,____________,JS-HA-T-ZC-000130"
"868681049132556,2025-12-08 23:53:36,000030,____________,JS-HA-T-ZC-000129"
"868681049137035,2025-12-08 23:46:21,000000,____________,SX-XA-T-ZCTX-000011"
"868681049151952,2025-12-08 23:47:54,000000,____________,JS-HA-T-ZC-000128"
"868681043899358,2025-12-09 00:01:20,000000,____________,JS-HA-T-ZC-000127"
"868681043922069,2025-12-08 23:41:49,000000,____________,JS-HA-T-ZC-000126"
"868681049140658,2025-12-08 23:42:16,000000,____________,JS-HA-T-ZC-000125"
"868681043903572,2025-12-08 23:57:47,003033,____________,KC-01-260-X00020"
"868681043917937,2025-11-14 09:51:57,333333,____________,JS-HA-T-ZC-000124"
"868681043924016,2025-12-08 12:45:30,000220,____________,SX-XA-T-ZCTX-000008"
"868681043922762,2025-09-02 10:05:15,333332,____________,SX-XA-T-ZCTX-000007"
"868681043926649,2025-12-09 00:02:35,003300,____________,SX-WN-T-ZCTX-000001"
"868681043925591,2025-12-08 23:41:08,000000,____________,JS-HA-T-ZC-000123"
"868681049132242,2025-12-08 23:46:56,000000,____________,JS-HA-T-ZC-000122"
"868681043899150,2025-12-08 23:39:31,000000,____________,SX-XA-T-ZCTX-000006"
"868681049136433,2025-10-24 12:05:29,333333,____________,SX-XY-T-ZCTX-000005"
"868681049132812,2025-12-08 23:40:15,000222,____________,SX-XA-T-ZCTX-000004"
"868681043922036,2024-05-11 09:26:44,333333,____________,JS-HA-T-ZC-000119"
"868681049152075,2025-12-08 23:35:05,000003,____________,JS-HA-T-ZC-000118"
"868681049143181,2025-12-08 23:48:12,000000,____________,SX-XY-T-ZCTX-000004"
"868681049132523,2025-12-08 23:41:16,000000,____________,JS-HA-T-ZC-000117"
"868681043918182,2025-12-08 12:23:18,002200,____________,SX-XY-T-ZCTX-000003"
"868681043944733,2025-12-08 23:56:06,000000,____________,JS-HA-T-ZC-000116"
"868681049166729,2021-05-15 11:20:04,233222,____________,JS-HA-T-ZC-000113"
"868681049143264,2025-12-08 23:55:34,200222,____________,JS-HA-T-ZC-000112"
"868681049092669,2025-12-09 00:01:57,200222,____________,JS-HA-T-ZC-000111"
"868681049134099,2022-06-23 18:51:48,233222,____________,JS-HA-T-ZC-000110"
"868681049090630,2025-12-08 23:33:06,200222,____________,JS-HA-T-ZC-000109"
"868681049135229,2024-07-30 19:30:30,233222,____________,JS-HA-T-ZC-000108"
"868681049143256,2025-06-22 02:24:46,233222,____________,JS-HA-T-ZC-000107"
"868681049132788,2025-12-08 23:34:49,200222,____________,JS-HA-T-ZC-000106"
"868681049091232,2024-10-18 12:46:03,233222,____________,JS-HA-T-ZC-000105"
"868681049132259,2025-12-08 23:53:31,200222,____________,JS-HA-T-ZC-000104"
"868681049091612,2024-10-18 19:01:59,233222,____________,JS-HA-T-ZC-000103"
"868681049135179,2022-03-18 08:40:29,233222,____________,JS-HA-T-ZC-000102"
"868681049142399,2020-11-24 23:15:11,233222,____________,JS-HA-T-ZC-000101"
"868681049132465,2022-11-14 16:56:43,233222,____________,JS-HA-T-ZC-000100"
"868681049166950,2025-12-08 23:50:05,200222,____________,JS-HA-T-ZC-000099"
"868681049143207,2025-12-08 23:41:26,200222,____________,JS-HA-T-ZC-000098"
"868681049166901,2025-12-09 00:02:52,200222,____________,JS-HA-T-ZC-000097"
"868681049143462,2025-12-08 23:45:25,200222,____________,JS-HA-T-ZC-000096"
"868681049132234,2025-12-08 23:48:14,200222,____________,JS-HA-T-ZC-000095"
"868681049167107,2025-12-08 23:33:47,200222,____________,JS-HA-T-ZC-000094"
"868681049166380,2025-12-08 23:53:10,200222,____________,JS-HA-T-ZC-000093"
"868681049166687,2025-12-08 23:47:29,200222,____________,JS-HA-T-ZC-000092"
"868681049090275,2022-10-22 09:27:46,233222,____________,JS-HA-T-ZC-000091"
"868681049090457,2025-12-08 23:44:04,200222,____________,JS-HA-T-ZC-000090"
"868681049142084,2025-12-08 23:50:19,200222,____________,JS-HA-T-ZC-000089"
"868681049135161,2025-12-08 23:41:37,200222,____________,JS-HA-T-ZC-000088"
"868681049166992,2023-09-08 17:46:03,233222,____________,JS-HA-T-ZC-000087"
"868681049143074,2025-12-08 23:46:38,200222,____________,JS-HA-T-ZC-000086"
"868681043898947,2025-12-08 23:33:07,200222,____________,JS-HA-T-ZC-000085"
"868681049142340,2020-10-23 04:59:59,233222,____________,KC-01-260-X00036"
"868681049143082,2025-12-08 23:53:15,200222,____________,JS-HA-T-ZC-000084"
"868681049142076,2023-08-01 17:07:04,233222,____________,JS-HA-T-ZC-000083"
"868681049090259,2025-12-08 23:52:05,200222,____________,JS-HA-T-ZC-000082"
"868681049135112,2025-12-08 23:51:36,200222,____________,JS-HA-T-ZC-000081"
"868681049166943,2024-10-16 16:16:35,233222,____________,JS-HA-T-ZC-000080"
"868681049132770,2020-10-23 04:59:59,233222,____________,JS-HA-T-ZC-000079"
"868681049142274,2025-12-08 23:49:50,200222,____________,JS-HA-T-ZC-000078"
"868681049142837,2025-06-22 01:28:07,233222,____________,JS-HA-T-ZC-000077"
"868681049143389,2025-12-09 00:01:14,200222,____________,JS-HA-T-ZC-000076"
"868681049166364,2025-12-08 23:51:19,200222,____________,JS-HA-T-ZC-000075"
"868681049166356,2025-12-08 23:49:04,203222,____________,JS-HA-T-ZC-000074"
"868681049132473,2020-10-23 04:59:59,233222,____________,JS-HA-T-ZC-000073"
"868681049142738,2025-12-08 23:57:02,200222,____________,JS-HA-T-ZC-000072"
"868681049152224,2025-12-08 23:59:57,203222,____________,JS-HA-T-ZC-000071"
"868681049142258,2022-11-14 16:54:04,233222,____________,JS-HA-T-ZC-000070"
"868681049143223,2025-12-08 23:38:07,200222,____________,JS-HA-T-ZC-000069"
"868681049165903,2025-12-08 23:57:58,200222,____________,JS-HA-T-ZC-000068"
"868681049166455,2020-10-23 04:59:59,233222,____________,JS-HA-T-ZC-000067"
"868681049091646,2025-12-08 23:58:15,200222,____________,JS-HA-T-ZC-000066"
"868681049165820,2023-08-10 13:20:10,233222,____________,JS-HA-T-ZC-000065"
"868681049131525,2020-10-23 04:59:59,233222,____________,KC-01-260-X00040"
"868681049166570,2025-12-08 23:38:38,200222,____________,KC-01-260-X00041"
"868681049139957,2025-12-08 23:52:38,200222,____________,JS-HA-T-ZC-000064"
"868681049143066,2025-12-08 23:54:35,200222,____________,JS-HA-T-ZC-000063"
"868681049132507,2025-12-08 23:49:15,200222,____________,JS-HA-T-ZC-000062"
"868681049166141,2025-12-09 00:01:29,200222,____________,JS-HA-T-ZC-000061"
"868681049166653,2025-12-09 00:00:30,200222,____________,JS-HA-T-ZC-000060"
"868681049143173,2025-12-08 23:52:43,200222,____________,JS-HA-T-ZC-000059"
"868681049092966,2025-12-08 23:48:20,200222,____________,JS-HA-T-ZC-000058"
"868681049142670,2025-12-08 23:54:44,200222,____________,JS-HA-T-ZC-000057"
"868681049091323,2024-09-05 14:46:16,233222,____________,868681049091323"
"868681049142696,2025-12-08 23:58:40,200222,____________,JS-HA-T-ZC-000056"
"868681049092180,2025-12-09 00:00:47,200222,____________,JS-HA-T-ZC-000055"
"868681049093196,2023-04-11 20:48:18,233222,____________,JS-HA-T-ZC-000054"
"868681049092891,2025-12-08 23:35:30,203222,____________,JS-HA-T-ZC-000053"
"868681049165572,2025-12-08 23:45:50,200222,____________,JS-HA-T-ZC-000052"
"868681049132739,2025-12-08 23:58:04,200222,____________,JS-HA-T-ZC-000051"
"868681049092982,2023-04-11 20:37:25,233222,____________,JS-HA-T-ZC-000050"
"868681043941283,2025-12-08 23:58:14,200222,____________,JS-HA-T-ZC-000049"
"868681049131582,2024-04-27 01:55:01,233222,____________,JS-HA-T-ZC-000048"
"868681049093030,2025-12-09 00:02:19,200222,____________,JS-HA-T-ZC-000047"
"868681049090077,2024-10-18 13:04:08,233222,____________,JS-HA-T-ZC-000046"
"868681049167149,2025-07-15 10:49:05,233222,____________,JS-HA-T-ZC-000045"
"868681049167032,2024-10-16 16:08:32,233222,____________,JS-HA-T-ZC-000044"
"868681049088824,2024-07-30 19:29:02,233222,____________,JS-HA-T-ZC-000043"
"868681049136896,2025-12-08 23:49:51,200222,____________,KC-01-260-X00053"
"868681049151994,2025-12-08 23:52:40,200222,____________,JS-HA-T-ZC-000042"
"868681049131673,2025-12-08 23:49:06,200222,____________,JS-HA-T-ZC-000041"
"868681049166232,2021-08-27 12:35:51,233222,____________,ZJ-NB-T-ZC-000009"
"868681049167040,2025-12-08 23:50:13,200222,____________,JS-HA-T-ZC-000040"
"868681049091331,2025-12-08 23:50:28,200222,____________,JS-HA-T-ZC-000039"
"868681049140617,2020-10-23 04:59:59,233222,____________,KC-01-260-X00054"
"868681049092651,2023-04-04 10:23:31,233222,____________,JS-HA-T-ZC-000038"
"868681049135351,2025-12-08 23:36:16,203222,____________,KC-01-260-X00055"
"868681049140112,2024-02-06 11:34:49,233222,____________,JS-HA-T-ZC-000037"
"868681049132762,2022-03-29 11:23:46,233222,____________,JS-HA-T-ZC-000036"
"868681049090093,2025-12-09 00:02:30,200222,____________,JS-HA-T-ZC-000035"
"868681049140385,2025-12-08 23:46:39,200222,____________,JS-HA-T-ZC-000034"
"868681049166745,2022-01-28 21:44:44,233222,____________,JS-HA-T-ZC-000033"
"868681049093337,2025-12-08 23:59:21,200222,____________,JS-HA-T-ZC-000032"
"868681049165614,2025-05-22 16:44:18,233222,____________,JS-HA-T-ZC-000031"
"868681049132572,2025-12-08 23:51:40,200222,____________,JS-HA-T-ZC-000030"
"868681049140609,2025-12-08 23:54:28,200222,____________,JS-HA-T-ZC-000029"
"868681049131616,2025-12-09 00:01:19,200222,____________,JS-HA-T-ZC-000028"
"868681049132481,2025-12-08 23:55:29,200222,____________,KC-01-260-X00058"
"868681049134412,2025-05-22 16:45:09,233222,____________,JS-HA-T-ZC-000027"
"868681049142092,2025-12-08 23:44:21,200222,____________,JS-HA-T-ZC-000026"
"868681049132333,2025-12-08 23:43:01,200222,____________,JS-HA-T-ZC-000025"
"868681049131327,2024-02-06 11:32:48,233222,____________,JS-HA-T-ZC-000024"
"868681049155102,2025-12-08 23:33:37,200222,____________,JS-HA-T-ZC-000023"
"868681049142910,2025-12-08 23:39:32,200222,____________,ZJ-NB-T-ZC-000006"
"868681049166539,2025-12-08 23:46:27,200222,____________,JS-HA-T-ZC-000022"
"868681049135211,2023-08-01 17:07:04,233222,____________,JS-HA-T-ZC-000021"
"868681043943685,2025-12-08 23:45:14,000000,____________,SX-XY-T-ZCTX-000002"
"868681049090036,2025-12-08 23:59:25,200222,____________,JS-HA-T-ZC-000020"
"868681049165507,2025-12-08 23:36:02,200222,____________,JS-HA-T-ZC-000019"
"868681049143421,2020-10-23 04:59:59,233222,____________,KC-01-260-X00061"
"868681049166398,2021-08-27 12:33:28,233222,____________,ZJ-NB-T-ZC-000010"
"868681049134529,2025-07-15 10:38:10,233222,____________,JS-HA-T-ZC-000018"
"868681049131723,2025-12-08 23:50:44,200222,____________,JS-HA-T-ZC-000017"
"868681049143116,2025-12-08 23:37:17,200222,____________,JS-HA-T-ZC-000016"
"868681049167172,2025-12-09 00:03:01,200222,____________,JS-HA-T-ZC-000015"
"868681049092560,2025-12-08 23:54:30,200222,____________,JS-HA-T-ZC-000014"
"868681049166620,2024-04-27 01:54:06,233222,____________,JS-HA-T-ZC-000013"
"868681049134313,2025-12-08 23:48:16,200222,____________,JS-HA-T-ZC-000012"
"868681049166315,2025-12-08 23:52:42,200222,____________,KC-01-260-X00064"
"868681049132267,2025-12-08 23:46:04,200222,____________,JS-HA-T-ZC-000011"
"868681049132390,2025-12-08 23:39:45,203222,____________,JS-HA-T-ZC-000010"
"868681049166265,2025-12-08 23:38:44,200222,____________,JS-HA-T-ZC-000009"
"868681049143157,2025-12-09 00:01:56,200222,____________,JS-HA-T-ZC-000008"
"868681043906260,2025-12-08 23:56:11,000000,____________,JS-HA-T-ZC-000007"
"868681049167024,2025-12-08 23:53:58,200222,____________,JS-HA-T-ZC-000006"
"868681049091414,2025-12-08 23:47:03,200222,____________,JS-HA-T-ZC-000005"
"868681049143090,2025-05-27 16:39:40,233222,____________,JS-HA-T-ZC-000004"
"868681049166612,2025-12-08 23:44:49,200222,____________,JS-HA-T-ZC-000003"
"868681049090242,2023-04-04 10:23:23,233222,____________,JS-HA-T-ZC-000002"
"868681049132804,2025-12-08 23:45:02,000000,____________,SX-XY-T-ZCTX-000001"
"868681049166935,2025-12-08 23:50:47,200222,____________,KC-01-260-X00072"
"868681049166299,2025-12-08 23:53:13,200222,____________,JS-HA-T-ZC-000001"