产品名称,RepeaterLTE01,,,产品Id,16980130,,,,,
通信协议,MQTT协议,,,认证方式,特征串,,,,,
消息格式,紧凑二进制,,,Masterkey,7f1417fbecad4934bdcfe301c302fa3f,,,,,
,,,,,,,,,,
设备名称,设备编号,设备ID,固件版本,设备状态,创建时间,更新时间,密钥,上线时间,离线时间,激活时间
866877072660842,866877072660842,16980130866877072660842,,已激活,2025-12-05 11:38:46,2025-12-05 11:40:21,sBJMjBkssG1SPUpdfwCLgJCkwlMCeKLH1hTDLFdxWE8,2025-12-05 11:46:22,2025-12-05 12:02:52,2025-12-05 11:40:21
866877072625183,866877072625183,16980130866877072625183,,已激活,2025-12-05 10:41:56,2025-12-05 10:46:41,sBJMjBkssG1SPUpdfwCLgJCkwlMCeKLH1hTDLFdxWE8,2025-12-05 10:46:41,2025-12-05 10:52:41,2025-12-05 10:46:41
866877072621604,866877072621604,16980130866877072621604,,已激活,2025-12-05 10:41:56,2025-12-05 10:53:37,sBJMjBkssG1SPUpdfwCLgJCkwlMCeKLH1hTDLFdxWE8,2025-12-05 10:53:37,2025-12-05 10:59:37,2025-12-05 10:53:37
866877072622909,866877072622909,16980130866877072622909,,已激活,2025-12-05 10:41:56,2025-12-05 11:00:30,sBJMjBkssG1SPUpdfwCLgJCkwlMCeKLH1hTDLFdxWE8,2025-12-05 11:00:30,2025-12-05 11:06:30,2025-12-05 11:00:30
866877072653466,866877072653466,16980130866877072653466,,已激活,2025-12-05 10:41:56,2025-12-05 11:07:18,sBJMjBkssG1SPUpdfwCLgJCkwlMCeKLH1hTDLFdxWE8,2025-12-05 11:32:08,2025-12-05 11:42:38,2025-12-05 11:07:18
866877072656881,866877072656881,16980130866877072656881,,已激活,2025-12-04 14:55:06,2025-12-04 15:01:52,sBJMjBkssG1SPUpdfwCLgJCkwlMCeKLH1hTDLFdxWE8,2025-12-04 15:01:52,2025-12-04 15:15:22,2025-12-04 15:01:52
866877072622925,866877072622925,16980130866877072622925,,已激活,2025-12-04 14:55:06,2025-12-04 14:59:28,sBJMjBkssG1SPUpdfwCLgJCkwlMCeKLH1hTDLFdxWE8,2025-12-10 08:52:34,2025-12-04 15:08:28,2025-12-04 14:59:28
866877072621703,866877072621703,16980130866877072621703,,已激活,2025-12-04 14:55:06,2025-12-04 15:10:13,sBJMjBkssG1SPUpdfwCLgJCkwlMCeKLH1hTDLFdxWE8,2025-12-04 15:10:13,2025-12-04 15:29:43,2025-12-04 15:10:13
866877072645967,866877072645967,16980130866877072645967,,已激活,2025-12-04 14:55:06,2025-12-04 15:26:30,sBJMjBkssG1SPUpdfwCLgJCkwlMCeKLH1hTDLFdxWE8,2025-12-04 15:26:30,2025-12-04 15:32:30,2025-12-04 15:26:30
866877072653482,866877072653482,16980130866877072653482,,已激活,2025-12-04 14:55:06,2025-12-05 10:39:33,sBJMjBkssG1SPUpdfwCLgJCkwlMCeKLH1hTDLFdxWE8,2025-12-05 10:39:33,2025-12-05 10:45:33,2025-12-05 10:39:33
866877072650207,866877072650207,16980130866877072650207,,已激活,2025-12-04 14:55:06,2025-12-04 14:55:07,sBJMjBkssG1SPUpdfwCLgJCkwlMCeKLH1hTDLFdxWE8,2025-12-04 14:55:07,2025-12-04 14:59:37,2025-12-04 14:55:07
860497077625652,860497077625652,16980130860497077625652,,已激活,2025-11-27 14:18:55,2025-11-27 14:19:35,sBJMjBkssG1SPUpdfwCLgJCkwlMCeKLH1hTDLFdxWE8,2025-12-21 11:15:42,2025-12-21 11:12:46,2025-11-27 14:19:35
866877072624962,866877072624962,16980130866877072624962,,已激活,2025-11-27 10:20:16,2025-11-27 10:31:54,sBJMjBkssG1SPUpdfwCLgJCkwlMCeKLH1hTDLFdxWE8,2025-12-21 14:55:45,2025-12-21 14:45:23,2025-11-27 10:31:54
866877072654688,866877072654688,16980130866877072654688,,已激活,2025-11-27 10:20:16,2025-11-27 10:28:23,sBJMjBkssG1SPUpdfwCLgJCkwlMCeKLH1hTDLFdxWE8,2025-11-27 10:28:23,2025-11-27 10:34:23,2025-11-27 10:28:23
866877072646288,866877072646288,16980130866877072646288,,已激活,2025-11-27 10:20:16,2025-11-27 10:24:47,sBJMjBkssG1SPUpdfwCLgJCkwlMCeKLH1hTDLFdxWE8,2025-11-27 10:24:47,2025-11-27 10:30:47,2025-11-27 10:24:47
866877072646304,866877072646304,16980130866877072646304,,已激活,2025-11-27 10:20:16,2025-11-27 10:22:58,sBJMjBkssG1SPUpdfwCLgJCkwlMCeKLH1hTDLFdxWE8,2025-11-27 10:22:58,2025-11-27 10:28:58,2025-11-27 10:22:58
866877072660644,866877072660644,16980130866877072660644,,已激活,2025-11-27 09:58:56,2025-11-27 10:11:25,sBJMjBkssG1SPUpdfwCLgJCkwlMCeKLH1hTDLFdxWE8,2025-11-27 10:11:25,2025-11-27 10:17:25,2025-11-27 10:11:25
866877072655388,866877072655388,16980130866877072655388,,已激活,2025-11-27 09:58:56,2025-11-27 10:03:25,sBJMjBkssG1SPUpdfwCLgJCkwlMCeKLH1hTDLFdxWE8,2025-11-27 10:03:25,2025-11-27 10:09:25,2025-11-27 10:03:25
866877072630449,866877072630449,16980130866877072630449,,已激活,2025-11-27 09:58:56,2025-11-27 10:05:17,sBJMjBkssG1SPUpdfwCLgJCkwlMCeKLH1hTDLFdxWE8,2025-11-27 10:05:17,2025-11-27 10:11:17,2025-11-27 10:05:17
866877072626785,866877072626785,16980130866877072626785,,已激活,2025-11-27 09:58:56,2025-11-27 10:14:22,sBJMjBkssG1SPUpdfwCLgJCkwlMCeKLH1hTDLFdxWE8,2025-11-27 10:14:22,2025-11-27 10:20:22,2025-11-27 10:14:22
866877072171543,866877072171543,16980130866877072171543,,已激活,2025-11-27 09:58:56,2025-11-27 10:17:08,sBJMjBkssG1SPUpdfwCLgJCkwlMCeKLH1hTDLFdxWE8,2025-11-27 10:17:08,2025-11-27 10:23:08,2025-11-27 10:17:08
866877072626249,866877072626249,16980130866877072626249,,已激活,2025-11-27 09:21:44,2025-11-27 09:46:30,sBJMjBkssG1SPUpdfwCLgJCkwlMCeKLH1hTDLFdxWE8,2025-11-27 09:46:30,2025-11-27 09:54:00,2025-11-27 09:46:30
866877072656865,866877072656865,16980130866877072656865,,已激活,2025-11-27 09:21:44,2025-11-27 09:23:36,sBJMjBkssG1SPUpdfwCLgJCkwlMCeKLH1hTDLFdxWE8,2025-12-02 16:11:09,2025-11-27 09:29:36,2025-11-27 09:23:36
866877072653441,866877072653441,16980130866877072653441,,已激活,2025-11-27 09:21:44,2025-11-27 09:38:10,sBJMjBkssG1SPUpdfwCLgJCkwlMCeKLH1hTDLFdxWE8,2025-11-27 09:38:10,2025-11-27 09:44:10,2025-11-27 09:38:10
866877072646981,866877072646981,16980130866877072646981,,已激活,2025-11-27 09:21:44,2025-11-27 09:29:49,sBJMjBkssG1SPUpdfwCLgJCkwlMCeKLH1hTDLFdxWE8,2025-12-17 14:56:22,2025-12-17 14:42:48,2025-11-27 09:29:49
866877072623089,866877072623089,16980130866877072623089,,已激活,2025-11-18 15:02:15,2025-11-18 15:03:36,sBJMjBkssG1SPUpdfwCLgJCkwlMCeKLH1hTDLFdxWE8,2025-11-18 15:03:36,2025-11-18 15:09:36,2025-11-18 15:03:36
866877072646684,866877072646684,16980130866877072646684,,已激活,2025-11-18 15:02:15,2025-11-18 15:15:01,sBJMjBkssG1SPUpdfwCLgJCkwlMCeKLH1hTDLFdxWE8,2025-11-27 10:08:37,2025-11-27 10:14:37,2025-11-18 15:15:01
866877072654589,866877072654589,16980130866877072654589,,已激活,2025-11-18 14:47:23,2025-11-18 14:51:29,sBJMjBkssG1SPUpdfwCLgJCkwlMCeKLH1hTDLFdxWE8,2025-12-21 08:05:24,2025-12-21 17:39:54,2025-11-18 14:51:29
866877072650348,866877072650348,16980130866877072650348,,已激活,2025-11-11 10:44:45,2025-11-18 14:55:38,sBJMjBkssG1SPUpdfwCLgJCkwlMCeKLH1hTDLFdxWE8,2025-12-16 16:00:05,2025-11-18 15:01:38,2025-11-18 14:55:38
866877072653201,866877072653201,16980130866877072653201,,已激活,2025-11-11 10:44:45,2025-11-11 10:57:42,sBJMjBkssG1SPUpdfwCLgJCkwlMCeKLH1hTDLFdxWE8,2025-12-03 04:28:44,2025-12-03 04:00:14,2025-11-11 10:57:42
866877072652963,866877072652963,16980130866877072652963,,已激活,2025-11-11 10:44:45,2025-11-11 10:54:52,sBJMjBkssG1SPUpdfwCLgJCkwlMCeKLH1hTDLFdxWE8,2025-12-05 01:43:01,2025-12-05 01:20:54,2025-11-11 10:54:52
866877072654480,866877072654480,16980130866877072654480,,已激活,2025-11-11 10:44:45,2025-11-11 10:49:35,sBJMjBkssG1SPUpdfwCLgJCkwlMCeKLH1hTDLFdxWE8,2025-11-25 04:23:25,2025-11-25 04:19:40,2025-11-11 10:49:35
866877072650165,866877072650165,16980130866877072650165,,已激活,2025-11-11 10:44:45,2025-11-11 10:47:43,sBJMjBkssG1SPUpdfwCLgJCkwlMCeKLH1hTDLFdxWE8,2025-12-03 02:06:42,2025-12-03 02:02:16,2025-11-11 10:47:43
866877072625761,866877072625761,16980130866877072625761,,已激活,2025-11-11 09:37:04,2025-11-11 10:17:17,sBJMjBkssG1SPUpdfwCLgJCkwlMCeKLH1hTDLFdxWE8,2025-12-18 10:04:45,2025-11-11 10:26:17,2025-11-11 10:17:17
866877072655420,866877072655420,16980130866877072655420,,已激活,2025-11-11 09:37:04,2025-11-11 10:29:51,sBJMjBkssG1SPUpdfwCLgJCkwlMCeKLH1hTDLFdxWE8,2025-11-11 10:29:51,2025-11-11 10:35:51,2025-11-11 10:29:51
866877072647302,866877072647302,16980130866877072647302,,已激活,2025-11-11 09:37:04,2025-11-11 09:54:08,sBJMjBkssG1SPUpdfwCLgJCkwlMCeKLH1hTDLFdxWE8,2025-11-11 09:54:08,2025-11-11 10:18:08,2025-11-11 09:54:08
866877072654423,866877072654423,16980130866877072654423,,已激活,2025-11-11 09:37:04,2025-11-11 09:50:50,sBJMjBkssG1SPUpdfwCLgJCkwlMCeKLH1hTDLFdxWE8,2025-11-11 09:50:50,2025-11-11 09:56:50,2025-11-11 09:50:50
866877072626223,866877072626223,16980130866877072626223,,已激活,2025-11-11 09:37:04,2025-11-11 09:47:16,sBJMjBkssG1SPUpdfwCLgJCkwlMCeKLH1hTDLFdxWE8,2025-11-11 09:47:16,2025-11-11 09:53:16,2025-11-11 09:47:16
866877072625720,866877072625720,16980130866877072625720,,已激活,2025-11-11 09:37:04,2025-11-11 10:20:24,sBJMjBkssG1SPUpdfwCLgJCkwlMCeKLH1hTDLFdxWE8,2025-12-21 11:46:01,2025-12-21 11:25:51,2025-11-11 10:20:24
866877072654506,866877072654506,16980130866877072654506,,已激活,2025-11-11 09:37:04,2025-11-11 10:37:26,sBJMjBkssG1SPUpdfwCLgJCkwlMCeKLH1hTDLFdxWE8,2025-11-11 10:37:26,2025-11-11 10:43:26,2025-11-11 10:37:26
866877072626827,866877072626827,16980130866877072626827,,已激活,2025-11-11 09:37:04,2025-11-11 10:27:09,sBJMjBkssG1SPUpdfwCLgJCkwlMCeKLH1hTDLFdxWE8,2025-11-28 03:05:43,2025-11-28 02:37:00,2025-11-11 10:27:09
866877072654548,866877072654548,16980130866877072654548,,已激活,2025-11-11 09:37:03,2025-11-11 10:04:52,sBJMjBkssG1SPUpdfwCLgJCkwlMCeKLH1hTDLFdxWE8,2025-12-18 10:25:40,2025-11-11 10:21:22,2025-11-11 10:04:52
866877072654704,866877072654704,16980130866877072654704,,已激活,2025-11-11 09:37:03,2025-11-11 10:33:28,sBJMjBkssG1SPUpdfwCLgJCkwlMCeKLH1hTDLFdxWE8,2025-11-11 10:33:28,2025-11-11 10:40:58,2025-11-11 10:33:28
866877072659901,866877072659901,16980130866877072659901,,已注册,2025-11-11 09:37:03,,sBJMjBkssG1SPUpdfwCLgJCkwlMCeKLH1hTDLFdxWE8,,,
866877072197324,866877072197324,16980130866877072197324,,已激活,2025-10-20 16:24:16,2025-10-20 16:32:38,sBJMjBkssG1SPUpdfwCLgJCkwlMCeKLH1hTDLFdxWE8,2025-10-20 16:32:38,2025-10-20 16:38:38,2025-10-20 16:32:38
866877072626306,866877072626306,16980130866877072626306,,已激活,2025-10-20 16:24:16,2025-10-20 16:28:20,sBJMjBkssG1SPUpdfwCLgJCkwlMCeKLH1hTDLFdxWE8,2025-10-20 16:28:20,2025-10-20 16:35:50,2025-10-20 16:28:20
866877072628724,866877072628724,16980130866877072628724,,已激活,2025-10-20 11:38:16,2025-10-20 11:41:43,sBJMjBkssG1SPUpdfwCLgJCkwlMCeKLH1hTDLFdxWE8,2025-10-20 11:41:43,2025-10-20 11:47:43,2025-10-20 11:41:43
866877072626546,866877072626546,16980130866877072626546,,已激活,2025-10-20 11:38:16,2025-10-20 16:19:42,sBJMjBkssG1SPUpdfwCLgJCkwlMCeKLH1hTDLFdxWE8,2025-12-10 09:02:11,2025-12-08 08:57:55,2025-10-20 16:19:42
866877072622404,866877072622404,16980130866877072622404,,已激活,2025-10-20 11:38:16,2025-10-20 16:22:21,sBJMjBkssG1SPUpdfwCLgJCkwlMCeKLH1hTDLFdxWE8,2025-10-20 16:22:21,2025-10-20 16:29:51,2025-10-20 16:22:21
866877072660388,866877072660388,16980130866877072660388,,已激活,2025-10-20 11:03:15,2025-10-20 11:08:30,sBJMjBkssG1SPUpdfwCLgJCkwlMCeKLH1hTDLFdxWE8,2025-11-27 17:49:53,2025-11-27 17:16:37,2025-10-20 11:08:30
866877072622941,866877072622941,16980130866877072622941,,已激活,2025-10-11 14:28:41,2025-10-11 14:39:59,sBJMjBkssG1SPUpdfwCLgJCkwlMCeKLH1hTDLFdxWE8,2025-12-05 01:40:30,2025-12-05 01:19:18,2025-10-11 14:39:59
866877072661584,866877072661584,16980130866877072661584,,已激活,2025-10-11 14:28:41,2025-10-11 14:44:13,sBJMjBkssG1SPUpdfwCLgJCkwlMCeKLH1hTDLFdxWE8,2025-12-03 05:56:55,2025-12-03 05:38:54,2025-10-11 14:44:13
866877072660065,866877072660065,16980130866877072660065,,已激活,2025-10-11 14:28:41,2025-10-11 14:47:44,sBJMjBkssG1SPUpdfwCLgJCkwlMCeKLH1hTDLFdxWE8,2025-12-05 01:40:31,2025-12-05 01:20:48,2025-10-11 14:47:44
866877072645447,866877072645447,16980130866877072645447,,已激活,2025-10-11 14:28:41,2025-10-11 14:51:11,sBJMjBkssG1SPUpdfwCLgJCkwlMCeKLH1hTDLFdxWE8,2025-12-01 11:10:14,2025-12-01 10:24:11,2025-10-11 14:51:11
866877072654100,866877072654100,16980130866877072654100,,已激活,2025-09-28 16:05:15,2025-10-11 14:33:39,sBJMjBkssG1SPUpdfwCLgJCkwlMCeKLH1hTDLFdxWE8,2025-11-27 00:45:12,2025-11-27 00:42:11,2025-10-11 14:33:39
866877072660008,866877072660008,16980130866877072660008,,已激活,2025-09-28 16:05:15,2025-09-28 16:18:02,sBJMjBkssG1SPUpdfwCLgJCkwlMCeKLH1hTDLFdxWE8,2025-11-25 23:54:43,2025-11-25 04:23:41,2025-09-28 16:18:02
866877072622982,866877072622982,16980130866877072622982,,已激活,2025-09-28 16:05:15,2025-09-28 16:13:35,sBJMjBkssG1SPUpdfwCLgJCkwlMCeKLH1hTDLFdxWE8,2025-12-16 02:58:35,2025-12-15 22:07:32,2025-09-28 16:13:35
866877072625001,866877072625001,16980130866877072625001,,已激活,2025-09-28 16:05:15,2025-09-28 16:05:20,sBJMjBkssG1SPUpdfwCLgJCkwlMCeKLH1hTDLFdxWE8,2025-12-21 19:08:04,2025-12-21 19:47:04,2025-09-28 16:05:20
866877072640745,866877072640745,16980130866877072640745,,已激活,2025-09-28 15:19:47,2025-09-28 15:38:58,sBJMjBkssG1SPUpdfwCLgJCkwlMCeKLH1hTDLFdxWE8,2025-12-21 16:35:46,2025-12-21 16:10:38,2025-09-28 15:38:58
866877072651528,866877072651528,16980130866877072651528,,已激活,2025-09-28 15:19:47,2025-09-28 15:35:50,sBJMjBkssG1SPUpdfwCLgJCkwlMCeKLH1hTDLFdxWE8,2025-12-21 19:45:02,2025-12-21 19:39:02,2025-09-28 15:35:50
866877072654068,866877072654068,16980130866877072654068,,已激活,2025-09-28 15:19:47,2025-09-28 15:31:58,sBJMjBkssG1SPUpdfwCLgJCkwlMCeKLH1hTDLFdxWE8,2025-12-19 07:02:10,2025-12-19 06:49:58,2025-09-28 15:31:58
866877072659562,866877072659562,16980130866877072659562,,已激活,2025-09-28 15:19:47,2025-09-28 15:27:32,sBJMjBkssG1SPUpdfwCLgJCkwlMCeKLH1hTDLFdxWE8,2025-11-05 09:25:35,2025-11-24 09:12:24,2025-09-28 15:27:32
866877072660420,866877072660420,16980130866877072660420,,已激活,2025-09-28 15:19:47,2025-09-28 15:23:00,sBJMjBkssG1SPUpdfwCLgJCkwlMCeKLH1hTDLFdxWE8,2025-12-17 14:12:42,2025-12-17 14:09:13,2025-09-28 15:23:00
866877072625944,866877072625944,16980130866877072625944,,已激活,2025-09-28 15:19:47,2025-09-28 15:41:58,sBJMjBkssG1SPUpdfwCLgJCkwlMCeKLH1hTDLFdxWE8,2025-12-05 01:45:10,2025-12-05 01:19:58,2025-09-28 15:41:58
866877072656725,866877072656725,16980130866877072656725,,已激活,2025-09-28 15:19:47,2025-09-28 15:44:41,sBJMjBkssG1SPUpdfwCLgJCkwlMCeKLH1hTDLFdxWE8,2025-09-28 15:44:41,2025-09-28 15:50:41,2025-09-28 15:44:41
866877072660446,866877072660446,16980130866877072660446,,已激活,2025-09-28 15:19:47,2025-09-28 15:50:47,sBJMjBkssG1SPUpdfwCLgJCkwlMCeKLH1hTDLFdxWE8,2025-12-01 06:34:05,2025-12-02 01:22:06,2025-09-28 15:50:47
866877072640224,866877072640224,16980130866877072640224,,已激活,2025-09-28 15:19:46,2025-09-28 15:57:48,sBJMjBkssG1SPUpdfwCLgJCkwlMCeKLH1hTDLFdxWE8,2025-12-20 11:59:00,2025-12-20 11:54:49,2025-09-28 15:57:48
866877072621984,866877072621984,16980130866877072621984,,已激活,2025-09-28 15:19:46,2025-09-28 16:11:29,sBJMjBkssG1SPUpdfwCLgJCkwlMCeKLH1hTDLFdxWE8,2025-11-27 14:49:28,2025-11-27 13:31:22,2025-09-28 16:11:29
866877072652807,866877072652807,16980130866877072652807,,已激活,2025-09-28 15:09:06,2025-09-28 15:14:16,sBJMjBkssG1SPUpdfwCLgJCkwlMCeKLH1hTDLFdxWE8,2025-12-16 09:45:49,2025-12-16 09:51:49,2025-09-28 15:14:16
866877072651460,866877072651460,16980130866877072651460,,已激活,2025-09-23 11:45:04,2025-09-23 11:51:33,sBJMjBkssG1SPUpdfwCLgJCkwlMCeKLH1hTDLFdxWE8,2025-12-21 07:19:26,2025-12-21 06:54:31,2025-09-23 11:51:33
866877072656287,866877072656287,16980130866877072656287,,已激活,2025-09-23 11:45:03,2025-09-23 11:56:17,sBJMjBkssG1SPUpdfwCLgJCkwlMCeKLH1hTDLFdxWE8,2025-12-19 17:00:43,2025-12-19 16:59:23,2025-09-23 11:56:17
866877072652849,866877072652849,16980130866877072652849,,已激活,2025-09-23 11:45:03,2025-09-23 12:00:49,sBJMjBkssG1SPUpdfwCLgJCkwlMCeKLH1hTDLFdxWE8,2025-11-27 09:51:15,2025-11-27 09:57:15,2025-09-23 12:00:49
866877072622883,866877072622883,16980130866877072622883,,已激活,2025-09-23 11:45:03,2025-09-23 12:05:06,sBJMjBkssG1SPUpdfwCLgJCkwlMCeKLH1hTDLFdxWE8,2025-12-20 15:42:26,2025-12-20 15:34:19,2025-09-23 12:05:06
866877072655644,866877072655644,16980130866877072655644,,已激活,2025-09-23 11:45:03,2025-09-23 11:49:05,sBJMjBkssG1SPUpdfwCLgJCkwlMCeKLH1hTDLFdxWE8,2025-12-21 08:38:37,2025-12-21 07:49:04,2025-09-23 11:49:05
866207075001598,866207075001598,16980130866207075001598,,已注册,2025-09-17 17:08:20,,sBJMjBkssG1SPUpdfwCLgJCkwlMCeKLH1hTDLFdxWE8,,,
866877072660081,866877072660081,16980130866877072660081,,已激活,2025-09-17 11:27:31,2025-09-17 11:40:35,sBJMjBkssG1SPUpdfwCLgJCkwlMCeKLH1hTDLFdxWE8,2025-12-20 23:16:32,2025-12-20 23:06:19,2025-09-17 11:40:35
866877072655248,866877072655248,16980130866877072655248,,已激活,2025-09-17 11:27:31,2025-09-17 11:35:44,sBJMjBkssG1SPUpdfwCLgJCkwlMCeKLH1hTDLFdxWE8,2025-11-25 04:22:34,2025-11-25 04:22:20,2025-09-17 11:35:44
866877072659968,866877072659968,16980130866877072659968,,已激活,2025-09-17 11:27:31,2025-09-17 11:33:29,sBJMjBkssG1SPUpdfwCLgJCkwlMCeKLH1hTDLFdxWE8,2025-12-06 23:01:44,2025-11-24 05:57:30,2025-09-17 11:33:29
866877072651361,866877072651361,16980130866877072651361,,已激活,2025-09-16 15:45:14,2025-09-16 15:49:48,sBJMjBkssG1SPUpdfwCLgJCkwlMCeKLH1hTDLFdxWE8,2025-11-25 04:24:23,2025-11-25 04:23:15,2025-09-16 15:49:48
866877072655305,866877072655305,16980130866877072655305,,已激活,2025-09-16 15:45:14,2025-09-16 15:56:47,sBJMjBkssG1SPUpdfwCLgJCkwlMCeKLH1hTDLFdxWE8,2025-12-10 17:02:56,2025-12-10 16:51:12,2025-09-16 15:56:47
866877072623147,866877072623147,16980130866877072623147,,已激活,2025-09-16 15:45:14,2025-09-16 16:04:25,sBJMjBkssG1SPUpdfwCLgJCkwlMCeKLH1hTDLFdxWE8,2025-11-25 04:38:20,2025-11-04 19:30:25,2025-09-16 16:04:25
866877072630324,866877072630324,16980130866877072630324,,已激活,2025-09-15 11:42:46,2025-09-15 11:44:15,sBJMjBkssG1SPUpdfwCLgJCkwlMCeKLH1hTDLFdxWE8,2025-09-15 11:44:15,2025-09-15 11:59:15,2025-09-15 11:44:15
866877072640620,866877072640620,16980130866877072640620,,已激活,2025-08-29 10:37:21,2025-08-29 10:49:56,sBJMjBkssG1SPUpdfwCLgJCkwlMCeKLH1hTDLFdxWE8,2025-08-29 10:49:56,2025-08-29 10:55:56,2025-08-29 10:49:56
866877072626629,866877072626629,16980130866877072626629,,已激活,2025-08-29 10:37:21,2025-08-29 11:19:02,sBJMjBkssG1SPUpdfwCLgJCkwlMCeKLH1hTDLFdxWE8,2025-09-17 10:34:01,2025-09-17 10:38:31,2025-08-29 11:19:02
866877072623188,866877072623188,16980130866877072623188,,已激活,2025-08-29 10:37:20,2025-08-29 10:42:37,sBJMjBkssG1SPUpdfwCLgJCkwlMCeKLH1hTDLFdxWE8,2025-11-11 09:44:59,2025-11-11 09:50:59,2025-08-29 10:42:37
866877072623006,866877072623006,16980130866877072623006,,已激活,2025-08-29 10:37:20,2025-08-29 10:59:47,sBJMjBkssG1SPUpdfwCLgJCkwlMCeKLH1hTDLFdxWE8,2025-11-25 04:23:49,2025-11-25 04:23:31,2025-08-29 10:59:47
866877072660180,866877072660180,16980130866877072660180,,已激活,2025-08-29 10:37:20,2025-08-29 10:52:58,sBJMjBkssG1SPUpdfwCLgJCkwlMCeKLH1hTDLFdxWE8,2025-11-28 02:37:06,2025-11-28 02:37:04,2025-08-29 10:52:58
866877072623063,866877072623063,16980130866877072623063,,已激活,2025-08-29 10:37:20,2025-08-29 10:40:14,sBJMjBkssG1SPUpdfwCLgJCkwlMCeKLH1hTDLFdxWE8,2025-12-20 09:00:11,2025-12-20 08:58:04,2025-08-29 10:40:14
866877072628906,866877072628906,16980130866877072628906,,已激活,2025-08-28 15:25:07,2025-08-28 15:29:57,sBJMjBkssG1SPUpdfwCLgJCkwlMCeKLH1hTDLFdxWE8,2025-11-28 02:54:11,2025-11-28 02:37:32,2025-08-28 15:29:57
866877072654027,866877072654027,16980130866877072654027,,已激活,2025-08-28 15:25:07,2025-08-28 15:44:39,sBJMjBkssG1SPUpdfwCLgJCkwlMCeKLH1hTDLFdxWE8,2025-12-20 20:11:14,2025-12-20 19:50:30,2025-08-28 15:44:39
866877072646064,866877072646064,16980130866877072646064,,已激活,2025-08-28 15:25:07,2025-08-28 15:47:59,sBJMjBkssG1SPUpdfwCLgJCkwlMCeKLH1hTDLFdxWE8,2025-12-03 02:50:12,2025-12-03 02:20:45,2025-08-28 15:47:59
866877072651684,866877072651684,16980130866877072651684,,已激活,2025-08-28 14:48:08,2025-08-28 15:16:54,sBJMjBkssG1SPUpdfwCLgJCkwlMCeKLH1hTDLFdxWE8,2025-12-05 00:43:02,2025-12-05 00:34:58,2025-08-28 15:16:54
866877072653565,866877072653565,16980130866877072653565,,已激活,2025-08-28 14:48:08,2025-08-28 15:23:30,sBJMjBkssG1SPUpdfwCLgJCkwlMCeKLH1hTDLFdxWE8,2025-10-20 11:49:07,2025-10-20 11:55:07,2025-08-28 15:23:30
866877072651569,866877072651569,16980130866877072651569,,已激活,2025-08-28 14:48:08,2025-08-28 15:12:24,sBJMjBkssG1SPUpdfwCLgJCkwlMCeKLH1hTDLFdxWE8,2025-12-21 14:14:55,2025-12-21 13:46:49,2025-08-28 15:12:24
866877072646080,866877072646080,16980130866877072646080,,已激活,2025-08-28 14:48:07,2025-08-28 14:51:38,sBJMjBkssG1SPUpdfwCLgJCkwlMCeKLH1hTDLFdxWE8,2025-08-28 14:51:38,2025-08-28 15:05:08,2025-08-28 14:51:38
866877072625985,866877072625985,16980130866877072625985,,已激活,2025-08-28 14:48:07,2025-08-28 15:06:06,sBJMjBkssG1SPUpdfwCLgJCkwlMCeKLH1hTDLFdxWE8,2025-12-07 22:25:38,2025-12-07 22:25:25,2025-08-28 15:06:06
866877072659844,866877072659844,16980130866877072659844,,已激活,2025-08-28 14:39:52,2025-08-28 14:42:09,sBJMjBkssG1SPUpdfwCLgJCkwlMCeKLH1hTDLFdxWE8,2025-08-28 14:42:09,2025-08-28 14:51:09,2025-08-28 14:42:09
866877072651601,866877072651601,16980130866877072651601,,已激活,2025-08-28 14:12:03,2025-08-28 14:22:32,sBJMjBkssG1SPUpdfwCLgJCkwlMCeKLH1hTDLFdxWE8,2025-11-12 10:54:52,2025-11-12 10:59:22,2025-08-28 14:22:32
866877072654308,866877072654308,16980130866877072654308,,已激活,2025-08-28 14:12:03,2025-08-28 16:01:40,sBJMjBkssG1SPUpdfwCLgJCkwlMCeKLH1hTDLFdxWE8,2025-11-09 22:53:32,2025-11-09 23:07:02,2025-08-28 16:01:40
866877072659042,866877072659042,16980130866877072659042,,已激活,2025-08-28 14:12:03,2025-08-28 14:17:56,sBJMjBkssG1SPUpdfwCLgJCkwlMCeKLH1hTDLFdxWE8,2025-11-25 04:23:32,2025-11-25 04:22:48,2025-08-28 14:17:56
866877072654084,866877072654084,16980130866877072654084,,已激活,2025-08-19 14:15:53,2025-08-19 14:21:05,sBJMjBkssG1SPUpdfwCLgJCkwlMCeKLH1hTDLFdxWE8,2025-11-25 04:22:43,2025-10-20 02:14:13,2025-08-19 14:21:05
860497077593918,860497077593918,16980130860497077593918,,已激活,2025-08-15 15:52:07,2025-11-06 18:27:51,sBJMjBkssG1SPUpdfwCLgJCkwlMCeKLH1hTDLFdxWE8,2025-12-21 15:49:26,2025-12-21 15:53:56,2025-11-06 18:27:51
866877072624764,866877072624764,16980130866877072624764,,已激活,2025-08-07 15:42:05,2025-08-07 15:44:39,sBJMjBkssG1SPUpdfwCLgJCkwlMCeKLH1hTDLFdxWE8,2025-11-25 04:39:07,2025-11-02 05:57:31,2025-08-07 15:44:39
866877072656709,866877072656709,16980130866877072656709,,已激活,2025-08-05 14:17:34,2025-08-05 14:23:45,sBJMjBkssG1SPUpdfwCLgJCkwlMCeKLH1hTDLFdxWE8,2025-12-05 01:38:39,2025-12-05 01:20:41,2025-08-05 14:23:45
866877072625100,866877072625100,16980130866877072625100,,已激活,2025-08-05 13:50:23,2025-08-05 13:55:25,sBJMjBkssG1SPUpdfwCLgJCkwlMCeKLH1hTDLFdxWE8,2025-11-25 04:36:47,2025-10-29 12:02:34,2025-08-05 13:55:25
866877072640182,866877072640182,16980130866877072640182,,已激活,2025-08-05 13:50:22,2025-08-05 14:14:52,sBJMjBkssG1SPUpdfwCLgJCkwlMCeKLH1hTDLFdxWE8,2025-12-20 05:20:46,2025-12-20 04:56:35,2025-08-05 14:14:52
866877072655529,866877072655529,16980130866877072655529,,已激活,2025-08-05 13:50:22,2025-08-05 14:06:47,sBJMjBkssG1SPUpdfwCLgJCkwlMCeKLH1hTDLFdxWE8,2025-12-20 14:40:21,2025-11-05 16:51:55,2025-08-05 14:06:47
866877072660404,866877072660404,16980130866877072660404,,已激活,2025-08-05 13:50:22,2025-08-05 14:33:12,sBJMjBkssG1SPUpdfwCLgJCkwlMCeKLH1hTDLFdxWE8,2025-11-25 04:37:15,2025-10-13 08:53:40,2025-08-05 14:33:12
866877072640489,866877072640489,16980130866877072640489,,已激活,2025-07-30 10:28:45,2025-07-30 10:48:08,sBJMjBkssG1SPUpdfwCLgJCkwlMCeKLH1hTDLFdxWE8,2025-07-30 10:48:08,2025-07-30 10:57:08,2025-07-30 10:48:08
866877072659265,866877072659265,16980130866877072659265,,已激活,2025-07-30 10:28:45,2025-07-30 10:40:06,sBJMjBkssG1SPUpdfwCLgJCkwlMCeKLH1hTDLFdxWE8,2025-12-05 01:47:20,2025-12-05 01:19:57,2025-07-30 10:40:06
866877072645124,866877072645124,16980130866877072645124,,已激活,2025-07-30 10:28:45,2025-07-30 10:31:23,sBJMjBkssG1SPUpdfwCLgJCkwlMCeKLH1hTDLFdxWE8,2025-07-30 10:43:47,2025-07-30 10:51:17,2025-07-30 10:31:23
866877072653664,866877072653664,16980130866877072653664,,已激活,2025-07-28 13:56:02,2025-07-28 14:14:18,sBJMjBkssG1SPUpdfwCLgJCkwlMCeKLH1hTDLFdxWE8,2025-12-21 19:25:33,2025-12-21 19:33:03,2025-07-28 14:14:18
866877072653581,866877072653581,16980130866877072653581,,已激活,2025-07-28 13:56:02,2025-07-28 14:09:58,sBJMjBkssG1SPUpdfwCLgJCkwlMCeKLH1hTDLFdxWE8,2025-11-26 05:16:32,2025-11-26 05:10:18,2025-07-28 14:09:58
866877072623204,866877072623204,16980130866877072623204,,已激活,2025-07-28 13:56:02,2025-07-28 14:19:06,sBJMjBkssG1SPUpdfwCLgJCkwlMCeKLH1hTDLFdxWE8,2025-12-05 07:26:41,2025-12-05 07:20:28,2025-07-28 14:19:06
866877072660248,866877072660248,16980130866877072660248,,已激活,2025-07-28 13:56:01,2025-07-28 14:23:12,sBJMjBkssG1SPUpdfwCLgJCkwlMCeKLH1hTDLFdxWE8,2025-12-21 19:37:10,2025-12-21 19:41:40,2025-07-28 14:23:12
866877072655784,866877072655784,16980130866877072655784,,已激活,2025-07-28 13:56:01,2025-07-28 14:29:25,sBJMjBkssG1SPUpdfwCLgJCkwlMCeKLH1hTDLFdxWE8,2025-12-21 18:44:07,2025-12-21 18:48:37,2025-07-28 14:29:25
866877072630183,866877072630183,16980130866877072630183,,已激活,2025-07-28 13:56:01,2025-07-28 14:33:15,sBJMjBkssG1SPUpdfwCLgJCkwlMCeKLH1hTDLFdxWE8,2025-12-21 09:24:34,2025-12-21 07:40:48,2025-07-28 14:33:15
866877072660206,866877072660206,16980130866877072660206,,已激活,2025-07-28 13:56:01,2025-07-28 14:06:18,sBJMjBkssG1SPUpdfwCLgJCkwlMCeKLH1hTDLFdxWE8,2025-12-21 15:21:02,2025-12-21 15:20:05,2025-07-28 14:06:18
866877072628666,866877072628666,16980130866877072628666,,已激活,2025-07-28 13:56:01,2025-07-28 14:02:38,sBJMjBkssG1SPUpdfwCLgJCkwlMCeKLH1hTDLFdxWE8,2025-12-20 08:31:49,2025-12-20 08:36:19,2025-07-28 14:02:38
866877072626405,866877072626405,16980130866877072626405,,已激活,2025-07-28 13:56:01,2025-07-28 14:00:10,sBJMjBkssG1SPUpdfwCLgJCkwlMCeKLH1hTDLFdxWE8,2025-11-25 04:38:34,2025-10-20 07:40:06,2025-07-28 14:00:10
866877072626884,866877072626884,16980130866877072626884,,已激活,2025-07-28 10:32:21,2025-07-28 10:47:41,sBJMjBkssG1SPUpdfwCLgJCkwlMCeKLH1hTDLFdxWE8,2025-12-08 10:39:38,2025-12-08 06:08:10,2025-07-28 10:47:41
866877072659869,866877072659869,16980130866877072659869,,已激活,2025-07-28 10:32:21,2025-07-28 10:39:22,sBJMjBkssG1SPUpdfwCLgJCkwlMCeKLH1hTDLFdxWE8,2025-11-25 04:31:36,2025-10-25 22:05:18,2025-07-28 10:39:22
866877072655321,866877072655321,16980130866877072655321,,已激活,2025-07-28 10:32:21,2025-07-28 10:36:21,sBJMjBkssG1SPUpdfwCLgJCkwlMCeKLH1hTDLFdxWE8,2025-12-05 01:23:34,2025-12-05 01:21:34,2025-07-28 10:36:21
866877072660461,866877072660461,16980130866877072660461,,已激活,2025-07-28 10:32:20,2025-07-28 10:54:33,sBJMjBkssG1SPUpdfwCLgJCkwlMCeKLH1hTDLFdxWE8,2025-11-25 04:31:12,2025-11-08 05:17:03,2025-07-28 10:54:33
866877072660040,866877072660040,16980130866877072660040,,已激活,2025-07-28 10:32:20,2025-07-28 10:57:46,sBJMjBkssG1SPUpdfwCLgJCkwlMCeKLH1hTDLFdxWE8,2025-11-25 04:39:10,2025-11-13 10:44:55,2025-07-28 10:57:46
866877072654381,866877072654381,16980130866877072654381,,已激活,2025-07-28 10:32:20,2025-07-28 11:02:03,sBJMjBkssG1SPUpdfwCLgJCkwlMCeKLH1hTDLFdxWE8,2025-12-21 00:07:27,2025-12-20 23:39:17,2025-07-28 11:02:03
866877072622222,866877072622222,16980130866877072622222,,已激活,2025-07-28 10:32:19,2025-07-28 11:06:14,sBJMjBkssG1SPUpdfwCLgJCkwlMCeKLH1hTDLFdxWE8,2025-12-05 01:35:43,2025-12-05 01:20:40,2025-07-28 11:06:14
866877072630100,866877072630100,16980130866877072630100,,已激活,2025-07-22 10:48:25,2025-07-22 11:57:23,sBJMjBkssG1SPUpdfwCLgJCkwlMCeKLH1hTDLFdxWE8,2025-12-20 01:41:53,2025-12-20 01:31:44,2025-07-22 11:57:23
866877072624509,866877072624509,16980130866877072624509,,已激活,2025-07-22 10:48:25,2025-07-22 11:54:10,sBJMjBkssG1SPUpdfwCLgJCkwlMCeKLH1hTDLFdxWE8,2025-11-25 04:28:51,2025-11-24 00:22:47,2025-07-22 11:54:10
866877072660800,866877072660800,16980130866877072660800,,已激活,2025-07-22 10:48:25,2025-07-22 11:50:08,sBJMjBkssG1SPUpdfwCLgJCkwlMCeKLH1hTDLFdxWE8,2025-11-25 04:27:24,2025-07-22 11:56:08,2025-07-22 11:50:08
866877072630407,866877072630407,16980130866877072630407,,已激活,2025-07-22 10:48:24,2025-07-22 11:47:56,sBJMjBkssG1SPUpdfwCLgJCkwlMCeKLH1hTDLFdxWE8,2025-11-28 03:03:44,2025-11-28 02:36:46,2025-07-22 11:47:56
866877072621927,866877072621927,16980130866877072621927,,已激活,2025-07-22 10:48:24,2025-07-22 11:46:00,sBJMjBkssG1SPUpdfwCLgJCkwlMCeKLH1hTDLFdxWE8,2025-11-25 04:32:56,2025-11-24 10:30:44,2025-07-22 11:46:00
866877072653623,866877072653623,16980130866877072653623,,已激活,2025-07-22 10:48:24,2025-07-22 14:03:31,sBJMjBkssG1SPUpdfwCLgJCkwlMCeKLH1hTDLFdxWE8,2025-11-25 04:23:30,2025-11-12 17:52:50,2025-07-22 14:03:31
866877072646247,866877072646247,16980130866877072646247,,已激活,2025-07-22 10:48:24,2025-07-22 14:00:06,sBJMjBkssG1SPUpdfwCLgJCkwlMCeKLH1hTDLFdxWE8,2025-11-26 00:12:32,2025-11-25 04:22:30,2025-07-22 14:00:06
866877072656220,866877072656220,16980130866877072656220,,已激活,2025-07-22 10:48:24,2025-07-22 10:51:12,sBJMjBkssG1SPUpdfwCLgJCkwlMCeKLH1hTDLFdxWE8,2025-12-20 14:44:38,2025-12-21 15:23:39,2025-07-22 10:51:12
866877072622206,866877072622206,16980130866877072622206,,已激活,2025-07-22 10:48:24,2025-07-22 12:05:39,sBJMjBkssG1SPUpdfwCLgJCkwlMCeKLH1hTDLFdxWE8,2025-12-20 04:59:44,2025-12-20 05:04:14,2025-07-22 12:05:39
866877072628708,866877072628708,16980130866877072628708,,已激活,2025-07-22 10:48:24,2025-07-22 12:00:43,sBJMjBkssG1SPUpdfwCLgJCkwlMCeKLH1hTDLFdxWE8,2025-12-19 09:25:32,2025-12-19 07:30:06,2025-07-22 12:00:43
866877072653607,866877072653607,16980130866877072653607,,已激活,2025-07-22 09:48:04,2025-07-22 10:20:37,sBJMjBkssG1SPUpdfwCLgJCkwlMCeKLH1hTDLFdxWE8,2025-11-28 02:46:57,2025-11-28 02:36:28,2025-07-22 10:20:37
866877072630944,866877072630944,16980130866877072630944,,已激活,2025-07-22 09:48:04,2025-07-22 10:13:10,sBJMjBkssG1SPUpdfwCLgJCkwlMCeKLH1hTDLFdxWE8,2025-12-18 16:40:59,2025-12-18 16:12:30,2025-07-22 10:13:10
866877072653649,866877072653649,16980130866877072653649,,已激活,2025-07-22 09:48:04,2025-07-22 10:16:44,sBJMjBkssG1SPUpdfwCLgJCkwlMCeKLH1hTDLFdxWE8,2025-12-04 15:15:37,2025-12-04 15:21:37,2025-07-22 10:16:44
866877072628823,866877072628823,16980130866877072628823,,已激活,2025-07-22 09:48:03,2025-07-22 09:51:27,sBJMjBkssG1SPUpdfwCLgJCkwlMCeKLH1hTDLFdxWE8,2025-11-25 04:24:34,2025-11-25 04:22:36,2025-07-22 09:51:27
866877072653821,866877072653821,16980130866877072653821,,已激活,2025-07-22 09:48:03,2025-07-22 09:52:36,sBJMjBkssG1SPUpdfwCLgJCkwlMCeKLH1hTDLFdxWE8,2025-11-27 14:00:27,2025-09-23 10:48:13,2025-07-22 09:52:36
866877072625845,866877072625845,16980130866877072625845,,已激活,2025-07-22 09:48:03,2025-07-22 09:49:57,sBJMjBkssG1SPUpdfwCLgJCkwlMCeKLH1hTDLFdxWE8,2025-11-26 00:07:06,2025-11-22 16:44:21,2025-07-22 09:49:57
860497077631007,860497077631007,16980130860497077631007,,已激活,2025-07-21 16:51:37,2025-07-21 16:58:09,sBJMjBkssG1SPUpdfwCLgJCkwlMCeKLH1hTDLFdxWE8,2025-10-20 11:48:18,2025-10-20 11:52:48,2025-07-21 16:58:09
866877072655503,866877072655503,16980130866877072655503,,已激活,2025-07-21 15:23:00,2025-07-21 16:47:31,sBJMjBkssG1SPUpdfwCLgJCkwlMCeKLH1hTDLFdxWE8,2025-11-25 04:22:32,2025-10-20 14:40:54,2025-07-21 16:47:31
866877072628948,866877072628948,16980130866877072628948,,已激活,2025-07-21 15:23:00,2025-07-21 16:32:16,sBJMjBkssG1SPUpdfwCLgJCkwlMCeKLH1hTDLFdxWE8,2025-12-20 22:28:44,2025-11-25 04:23:29,2025-07-21 16:32:16
866877072655461,866877072655461,16980130866877072655461,,已激活,2025-07-21 15:22:59,2025-07-21 16:26:58,sBJMjBkssG1SPUpdfwCLgJCkwlMCeKLH1hTDLFdxWE8,2025-12-21 05:45:19,2025-12-20 21:41:19,2025-07-21 16:26:58
866877072622487,866877072622487,16980130866877072622487,,已激活,2025-07-21 15:22:59,2025-07-21 16:17:30,sBJMjBkssG1SPUpdfwCLgJCkwlMCeKLH1hTDLFdxWE8,2025-12-05 01:22:40,2025-12-05 01:19:41,2025-07-21 16:17:30
866877072622123,866877072622123,16980130866877072622123,,已激活,2025-07-21 15:22:59,2025-07-21 16:08:04,sBJMjBkssG1SPUpdfwCLgJCkwlMCeKLH1hTDLFdxWE8,2025-12-21 06:15:13,2025-12-21 05:57:13,2025-07-21 16:08:04
866877072622008,866877072622008,16980130866877072622008,,已激活,2025-07-21 15:22:59,2025-07-21 15:56:49,sBJMjBkssG1SPUpdfwCLgJCkwlMCeKLH1hTDLFdxWE8,2025-11-26 16:22:54,2025-11-26 15:59:12,2025-07-21 15:56:49
866877072626389,866877072626389,16980130866877072626389,,已激活,2025-07-21 15:22:59,2025-07-21 15:44:44,sBJMjBkssG1SPUpdfwCLgJCkwlMCeKLH1hTDLFdxWE8,2025-12-21 05:42:10,2025-12-21 05:28:00,2025-07-21 15:44:44
866877072621968,866877072621968,16980130866877072621968,,已激活,2025-07-21 15:22:59,2025-07-21 15:37:15,sBJMjBkssG1SPUpdfwCLgJCkwlMCeKLH1hTDLFdxWE8,2025-12-21 19:15:07,2025-12-21 19:21:07,2025-07-21 15:37:15
866877072623261,866877072623261,16980130866877072623261,,已激活,2025-07-21 15:22:58,2025-07-21 15:30:05,sBJMjBkssG1SPUpdfwCLgJCkwlMCeKLH1hTDLFdxWE8,2025-12-17 11:29:56,2025-12-17 11:21:22,2025-07-21 15:30:05
860497077630710,860497077630710,16980130860497077630710,,已激活,2025-07-04 13:37:20,2025-07-04 13:37:26,sBJMjBkssG1SPUpdfwCLgJCkwlMCeKLH1hTDLFdxWE8,2025-12-20 04:33:06,2025-12-20 04:05:00,2025-07-04 13:37:26
866877072623048,866877072623048,16980130866877072623048,,已激活,2025-07-03 09:36:05,2025-07-03 09:45:11,sBJMjBkssG1SPUpdfwCLgJCkwlMCeKLH1hTDLFdxWE8,2025-11-20 14:58:16,2025-11-20 15:16:16,2025-07-03 09:45:11
866877072629029,866877072629029,16980130866877072629029,,已激活,2025-06-24 11:35:41,2025-06-24 11:52:12,sBJMjBkssG1SPUpdfwCLgJCkwlMCeKLH1hTDLFdxWE8,2025-11-25 04:29:21,2025-11-11 07:52:12,2025-06-24 11:52:12
866877072628765,866877072628765,16980130866877072628765,,已激活,2025-06-24 11:35:41,2025-06-24 11:48:49,sBJMjBkssG1SPUpdfwCLgJCkwlMCeKLH1hTDLFdxWE8,2025-12-12 00:26:20,2025-12-12 00:01:54,2025-06-24 11:48:49
866877072655107,866877072655107,16980130866877072655107,,已激活,2025-06-24 11:35:41,2025-06-24 11:40:51,sBJMjBkssG1SPUpdfwCLgJCkwlMCeKLH1hTDLFdxWE8,2025-11-25 04:38:33,2025-10-25 15:40:06,2025-06-24 11:40:51
866877072628849,866877072628849,16980130866877072628849,,已激活,2025-06-24 10:42:33,2025-06-24 11:27:47,sBJMjBkssG1SPUpdfwCLgJCkwlMCeKLH1hTDLFdxWE8,2025-12-09 20:02:21,2025-12-09 20:00:04,2025-06-24 11:27:47
866877072659224,866877072659224,16980130866877072659224,,已激活,2025-06-24 10:42:33,2025-06-24 11:36:26,sBJMjBkssG1SPUpdfwCLgJCkwlMCeKLH1hTDLFdxWE8,2025-12-21 18:50:56,2025-12-21 18:55:26,2025-06-24 11:36:26
866877072653987,866877072653987,16980130866877072653987,,已激活,2025-06-20 15:10:28,2025-06-20 15:20:34,sBJMjBkssG1SPUpdfwCLgJCkwlMCeKLH1hTDLFdxWE8,2025-12-21 05:17:50,2025-12-21 05:11:44,2025-06-20 15:20:34
866877072651403,866877072651403,16980130866877072651403,,已激活,2025-06-20 15:10:28,2025-06-20 15:16:49,sBJMjBkssG1SPUpdfwCLgJCkwlMCeKLH1hTDLFdxWE8,2025-11-25 04:22:43,2025-11-25 04:20:50,2025-06-20 15:16:49
866877072625969,866877072625969,16980130866877072625969,,已激活,2025-06-20 14:12:22,2025-06-20 14:12:37,sBJMjBkssG1SPUpdfwCLgJCkwlMCeKLH1hTDLFdxWE8,2025-11-26 00:09:22,2025-11-25 04:57:41,2025-06-20 14:12:37
866877072655206,866877072655206,16980130866877072655206,,已激活,2025-06-20 14:05:45,2025-06-20 14:21:07,sBJMjBkssG1SPUpdfwCLgJCkwlMCeKLH1hTDLFdxWE8,2025-11-25 23:55:30,2025-11-03 02:21:17,2025-06-20 14:21:07
866877072623287,866877072623287,16980130866877072623287,,已激活,2025-06-20 14:05:45,2025-06-20 14:17:49,sBJMjBkssG1SPUpdfwCLgJCkwlMCeKLH1hTDLFdxWE8,2025-11-25 04:25:45,2025-11-03 10:31:22,2025-06-20 14:17:49
866877072624301,866877072624301,16980130866877072624301,,已激活,2025-06-20 14:05:45,2025-06-20 14:40:42,sBJMjBkssG1SPUpdfwCLgJCkwlMCeKLH1hTDLFdxWE8,2025-12-21 01:56:01,2025-12-20 23:26:15,2025-06-20 14:40:42
866877072659141,866877072659141,16980130866877072659141,,已激活,2025-06-20 14:05:45,2025-06-20 14:14:02,sBJMjBkssG1SPUpdfwCLgJCkwlMCeKLH1hTDLFdxWE8,2025-12-05 00:51:11,2025-12-05 00:34:45,2025-06-20 14:14:02
866877072622024,866877072622024,16980130866877072622024,,已激活,2025-06-20 14:05:45,2025-06-20 14:55:24,sBJMjBkssG1SPUpdfwCLgJCkwlMCeKLH1hTDLFdxWE8,2025-11-26 00:08:37,2025-11-20 11:31:16,2025-06-20 14:55:24
866877072626348,866877072626348,16980130866877072626348,,已激活,2025-06-20 14:05:45,2025-06-20 14:48:06,sBJMjBkssG1SPUpdfwCLgJCkwlMCeKLH1hTDLFdxWE8,2025-11-28 03:01:41,2025-11-28 02:37:43,2025-06-20 14:48:06
866877072621869,866877072621869,16980130866877072621869,,已激活,2025-06-20 14:05:45,2025-06-20 14:30:25,sBJMjBkssG1SPUpdfwCLgJCkwlMCeKLH1hTDLFdxWE8,2025-12-07 10:55:09,2025-06-20 15:10:35,2025-06-20 14:30:25
866877072626363,866877072626363,16980130866877072626363,,已激活,2025-06-20 14:05:44,2025-06-20 14:26:33,sBJMjBkssG1SPUpdfwCLgJCkwlMCeKLH1hTDLFdxWE8,2025-12-20 21:08:45,2025-12-20 20:40:33,2025-06-20 14:26:33
866877072623022,866877072623022,16980130866877072623022,,已激活,2025-06-20 11:12:00,2025-06-20 14:57:01,sBJMjBkssG1SPUpdfwCLgJCkwlMCeKLH1hTDLFdxWE8,2025-12-05 00:56:05,2025-12-05 00:35:35,2025-06-20 14:57:01
866877072655180,866877072655180,16980130866877072655180,,已激活,2025-06-20 09:59:23,2025-06-20 10:47:10,sBJMjBkssG1SPUpdfwCLgJCkwlMCeKLH1hTDLFdxWE8,2025-12-01 16:33:46,2025-12-01 14:15:06,2025-06-20 10:47:10
866877072654126,866877072654126,16980130866877072654126,,已激活,2025-06-20 09:59:23,2025-06-20 10:21:11,sBJMjBkssG1SPUpdfwCLgJCkwlMCeKLH1hTDLFdxWE8,2025-12-20 20:45:41,2025-12-20 20:37:05,2025-06-20 10:21:11
866877072655024,866877072655024,16980130866877072655024,,已激活,2025-06-20 09:59:23,2025-06-20 10:27:32,sBJMjBkssG1SPUpdfwCLgJCkwlMCeKLH1hTDLFdxWE8,2025-12-17 00:10:38,2025-12-16 23:53:39,2025-06-20 10:27:32
866877072621943,866877072621943,16980130866877072621943,,已激活,2025-06-20 09:59:23,2025-06-20 10:10:29,sBJMjBkssG1SPUpdfwCLgJCkwlMCeKLH1hTDLFdxWE8,2025-11-25 04:49:22,2025-11-25 04:27:15,2025-06-20 10:10:29
866877072628989,866877072628989,16980130866877072628989,,已激活,2025-06-20 09:59:23,2025-06-20 10:33:10,sBJMjBkssG1SPUpdfwCLgJCkwlMCeKLH1hTDLFdxWE8,2025-11-27 03:03:58,2025-11-27 02:55:00,2025-06-20 10:33:10
866877072623246,866877072623246,16980130866877072623246,,已激活,2025-06-20 09:59:23,2025-06-20 10:40:49,sBJMjBkssG1SPUpdfwCLgJCkwlMCeKLH1hTDLFdxWE8,2025-12-21 07:27:04,2025-12-21 07:04:23,2025-06-20 10:40:49
866877072621901,866877072621901,16980130866877072621901,,已激活,2025-06-20 09:59:23,2025-06-20 10:49:49,sBJMjBkssG1SPUpdfwCLgJCkwlMCeKLH1hTDLFdxWE8,2025-12-05 02:25:31,2025-12-05 02:01:37,2025-06-20 10:49:49
866877072629045,866877072629045,16980130866877072629045,,已激活,2025-06-20 09:59:22,2025-06-20 10:54:41,sBJMjBkssG1SPUpdfwCLgJCkwlMCeKLH1hTDLFdxWE8,2025-12-01 16:33:46,2025-12-01 14:15:06,2025-06-20 10:54:41
886877072625902,886877072625902,16980130886877072625902,,已注册,2025-06-06 17:26:37,,sBJMjBkssG1SPUpdfwCLgJCkwlMCeKLH1hTDLFdxWE8,,,
866877072640364,866877072640364,16980130866877072640364,,已激活,2025-05-30 11:17:11,2025-05-30 11:29:01,sBJMjBkssG1SPUpdfwCLgJCkwlMCeKLH1hTDLFdxWE8,2025-12-17 12:23:33,2025-12-17 11:55:09,2025-05-30 11:29:01
866877072645561,866877072645561,16980130866877072645561,,已激活,2025-05-30 11:17:10,2025-05-30 11:17:57,sBJMjBkssG1SPUpdfwCLgJCkwlMCeKLH1hTDLFdxWE8,2025-12-20 21:38:53,2025-12-20 21:16:41,2025-05-30 11:17:57
866877072645066,866877072645066,16980130866877072645066,,已激活,2025-05-30 11:17:10,2025-05-30 11:17:11,sBJMjBkssG1SPUpdfwCLgJCkwlMCeKLH1hTDLFdxWE8,2025-12-03 02:23:41,2025-12-03 02:02:42,2025-05-30 11:17:11
866877072625043,866877072625043,16980130866877072625043,,已激活,2025-05-30 11:17:10,2025-05-30 11:38:46,sBJMjBkssG1SPUpdfwCLgJCkwlMCeKLH1hTDLFdxWE8,2025-12-21 07:48:25,2025-12-19 10:44:51,2025-05-30 11:38:46
866877072626280,866877072626280,16980130866877072626280,,已激活,2025-05-30 11:17:10,2025-05-30 11:34:41,sBJMjBkssG1SPUpdfwCLgJCkwlMCeKLH1hTDLFdxWE8,2025-11-26 00:08:06,2025-08-14 09:25:17,2025-05-30 11:34:41
866877072645041,866877072645041,16980130866877072645041,,已激活,2025-05-30 11:17:10,2025-05-30 11:43:02,sBJMjBkssG1SPUpdfwCLgJCkwlMCeKLH1hTDLFdxWE8,2025-05-30 11:43:02,2025-05-30 11:49:02,2025-05-30 11:43:02
866877072655404,866877072655404,16980130866877072655404,,已激活,2025-05-30 11:17:10,2025-05-30 11:49:02,sBJMjBkssG1SPUpdfwCLgJCkwlMCeKLH1hTDLFdxWE8,2025-11-26 00:07:18,2025-11-25 06:00:22,2025-05-30 11:49:02
866207072640620,866207072640620,16980130866207072640620,,已注册,2025-05-30 11:17:10,,sBJMjBkssG1SPUpdfwCLgJCkwlMCeKLH1hTDLFdxWE8,,,
866877072640521,866877072640521,16980130866877072640521,,已激活,2025-05-27 14:53:44,2025-05-27 14:55:27,sBJMjBkssG1SPUpdfwCLgJCkwlMCeKLH1hTDLFdxWE8,2025-07-25 17:52:27,2025-07-30 20:42:02,2025-05-27 14:55:27
866877072623121,866877072623121,16980130866877072623121,,已激活,2025-05-27 14:53:44,2025-05-27 14:59:08,sBJMjBkssG1SPUpdfwCLgJCkwlMCeKLH1hTDLFdxWE8,2025-12-21 01:51:57,2025-12-21 01:23:42,2025-05-27 14:59:08
866877072645082,866877072645082,16980130866877072645082,,已激活,2025-05-27 14:53:44,2025-05-27 15:02:28,sBJMjBkssG1SPUpdfwCLgJCkwlMCeKLH1hTDLFdxWE8,2025-12-05 01:37:47,2025-12-05 01:20:02,2025-05-27 15:02:28
866877072659943,866877072659943,16980130866877072659943,,已激活,2025-05-23 09:52:28,2025-05-23 10:03:08,sBJMjBkssG1SPUpdfwCLgJCkwlMCeKLH1hTDLFdxWE8,2025-12-21 09:13:21,2025-12-21 17:59:52,2025-05-23 10:03:08
866877072625068,866877072625068,16980130866877072625068,,已激活,2025-05-23 09:52:27,2025-05-23 09:57:13,sBJMjBkssG1SPUpdfwCLgJCkwlMCeKLH1hTDLFdxWE8,2025-12-02 01:08:29,2025-12-01 23:12:14,2025-05-23 09:57:13
866877072659604,866877072659604,16980130866877072659604,,已激活,2025-05-22 17:21:50,2025-05-22 17:22:48,sBJMjBkssG1SPUpdfwCLgJCkwlMCeKLH1hTDLFdxWE8,2025-12-10 19:12:14,2025-11-25 04:21:17,2025-05-22 17:22:48
866877072640703,866877072640703,16980130866877072640703,,已激活,2025-05-22 16:59:40,2025-05-22 17:22:36,sBJMjBkssG1SPUpdfwCLgJCkwlMCeKLH1hTDLFdxWE8,2025-11-25 04:23:57,2025-11-23 16:45:02,2025-05-22 17:22:36
866877072625902,866877072625902,16980130866877072625902,,已激活,2025-05-22 16:59:39,2025-05-22 17:03:55,sBJMjBkssG1SPUpdfwCLgJCkwlMCeKLH1hTDLFdxWE8,2025-06-05 12:17:59,2025-06-05 12:23:59,2025-05-22 17:03:55
866877072640661,866877072640661,16980130866877072640661,,已激活,2025-05-22 16:59:39,2025-05-23 09:51:22,sBJMjBkssG1SPUpdfwCLgJCkwlMCeKLH1hTDLFdxWE8,2025-12-19 15:54:20,2025-12-19 15:29:10,2025-05-23 09:51:22
866877072659240,866877072659240,16980130866877072659240,,已激活,2025-05-22 16:59:39,2025-05-22 17:07:14,sBJMjBkssG1SPUpdfwCLgJCkwlMCeKLH1hTDLFdxWE8,2025-12-21 18:03:09,2025-12-21 17:56:45,2025-05-22 17:07:14
866877072622149,866877072622149,16980130866877072622149,,已激活,2025-05-08 16:33:53,2025-05-22 16:53:50,sBJMjBkssG1SPUpdfwCLgJCkwlMCeKLH1hTDLFdxWE8,2025-12-03 05:59:11,2025-12-03 05:45:41,2025-05-22 16:53:50
866877072651445,866877072651445,16980130866877072651445,,已激活,2025-05-08 16:33:53,2025-05-22 16:56:30,sBJMjBkssG1SPUpdfwCLgJCkwlMCeKLH1hTDLFdxWE8,2025-12-21 19:28:56,2025-12-21 19:34:56,2025-05-22 16:56:30
866877072630225,866877072630225,16980130866877072630225,,已激活,2025-05-08 16:33:53,2025-05-08 16:34:31,sBJMjBkssG1SPUpdfwCLgJCkwlMCeKLH1hTDLFdxWE8,2025-11-25 04:24:27,2025-11-25 04:23:15,2025-05-08 16:34:31
866877072654860,866877072654860,16980130866877072654860,,已激活,2025-04-30 09:44:39,2025-04-30 09:51:12,sBJMjBkssG1SPUpdfwCLgJCkwlMCeKLH1hTDLFdxWE8,2025-12-02 09:08:07,2025-12-02 08:44:10,2025-04-30 09:51:12
866877072621828,866877072621828,16980130866877072621828,,已激活,2025-04-30 09:44:39,2025-04-30 09:51:52,sBJMjBkssG1SPUpdfwCLgJCkwlMCeKLH1hTDLFdxWE8,2025-12-21 13:35:58,2025-12-21 13:16:19,2025-04-30 09:51:52
866877072654241,866877072654241,16980130866877072654241,,已激活,2025-04-30 09:44:39,2025-04-30 09:58:46,sBJMjBkssG1SPUpdfwCLgJCkwlMCeKLH1hTDLFdxWE8,2025-12-15 10:27:23,2025-12-15 09:58:55,2025-04-30 09:58:46
860497077632047,860497077632047,16980130860497077632047,,已激活,2025-04-30 09:16:24,2025-04-30 09:16:25,sBJMjBkssG1SPUpdfwCLgJCkwlMCeKLH1hTDLFdxWE8,2025-12-14 16:23:51,2025-12-14 15:57:02,2025-04-30 09:16:25
866877072622065,866877072622065,16980130866877072622065,,已激活,2025-04-29 17:17:49,2025-04-29 17:28:53,sBJMjBkssG1SPUpdfwCLgJCkwlMCeKLH1hTDLFdxWE8,2025-12-20 09:30:19,2025-12-20 09:18:10,2025-04-29 17:28:53
866877072623162,866877072623162,16980130866877072623162,,已激活,2025-04-29 17:17:49,2025-04-29 17:20:30,sBJMjBkssG1SPUpdfwCLgJCkwlMCeKLH1hTDLFdxWE8,2025-12-08 13:13:01,2025-12-08 13:04:04,2025-04-29 17:20:30
866877072659026,866877072659026,16980130866877072659026,,已激活,2025-04-29 16:47:39,2025-04-29 16:57:58,sBJMjBkssG1SPUpdfwCLgJCkwlMCeKLH1hTDLFdxWE8,2025-12-18 16:33:11,2025-12-18 16:37:41,2025-04-29 16:57:58
866877072623220,866877072623220,16980130866877072623220,,已激活,2025-04-29 16:47:39,2025-04-29 17:02:55,sBJMjBkssG1SPUpdfwCLgJCkwlMCeKLH1hTDLFdxWE8,2025-12-21 19:49:10,2025-12-21 19:27:47,2025-04-29 17:02:55
866877072653862,866877072653862,16980130866877072653862,,已激活,2025-04-29 16:47:39,2025-04-29 16:52:39,sBJMjBkssG1SPUpdfwCLgJCkwlMCeKLH1hTDLFdxWE8,2025-11-28 11:21:57,2025-11-24 13:55:38,2025-04-29 16:52:39
866877072625886,866877072625886,16980130866877072625886,,已激活,2025-04-29 16:47:39,2025-04-29 17:10:44,sBJMjBkssG1SPUpdfwCLgJCkwlMCeKLH1hTDLFdxWE8,2025-12-01 21:38:55,2025-12-01 21:29:04,2025-04-29 17:10:44
866877072654340,866877072654340,16980130866877072654340,,已激活,2025-04-29 16:47:38,2025-04-29 17:13:45,sBJMjBkssG1SPUpdfwCLgJCkwlMCeKLH1hTDLFdxWE8,2025-12-11 15:16:01,2025-04-29 17:22:45,2025-04-29 17:13:45
866877072655701,866877072655701,16980130866877072655701,,已激活,2025-04-29 16:41:49,2025-04-29 16:44:31,sBJMjBkssG1SPUpdfwCLgJCkwlMCeKLH1hTDLFdxWE8,2025-11-25 04:32:39,2025-07-27 00:37:57,2025-04-29 16:44:31
866877072654944,866877072654944,16980130866877072654944,,已激活,2025-04-29 15:44:33,2025-04-29 15:50:25,sBJMjBkssG1SPUpdfwCLgJCkwlMCeKLH1hTDLFdxWE8,2025-12-21 13:51:39,2025-12-21 13:40:30,2025-04-29 15:50:25
866877072655347,866877072655347,16980130866877072655347,,已激活,2025-04-29 15:44:33,2025-04-29 15:56:17,sBJMjBkssG1SPUpdfwCLgJCkwlMCeKLH1hTDLFdxWE8,2025-11-26 00:03:51,2025-11-17 22:49:33,2025-04-29 15:56:17
866877072621687,866877072621687,16980130866877072621687,,已激活,2025-04-29 15:44:33,2025-04-29 16:14:02,sBJMjBkssG1SPUpdfwCLgJCkwlMCeKLH1hTDLFdxWE8,2025-11-11 13:15:40,2025-11-11 13:29:10,2025-04-29 16:14:02
866207075002612,866207075002612,16980130866207075002612,,已激活,2025-04-28 18:24:03,2025-04-28 18:50:38,sBJMjBkssG1SPUpdfwCLgJCkwlMCeKLH1hTDLFdxWE8,2025-12-07 01:36:43,2025-12-07 01:20:28,2025-04-28 18:50:38
866207075008213,866207075008213,16980130866207075008213,,已激活,2025-04-24 10:13:30,2025-04-24 10:15:55,sBJMjBkssG1SPUpdfwCLgJCkwlMCeKLH1hTDLFdxWE8,2025-12-17 04:38:49,2025-12-17 04:32:28,2025-04-24 10:15:55
866207075441778,866207075441778,16980130866207075441778,,已激活,2025-04-23 17:04:16,2025-04-24 09:43:31,sBJMjBkssG1SPUpdfwCLgJCkwlMCeKLH1hTDLFdxWE8,2025-12-05 01:47:30,2025-12-05 01:21:41,2025-04-24 09:43:31
866207075008536,866207075008536,16980130866207075008536,,已激活,2025-04-23 17:04:16,2025-04-24 10:12:36,sBJMjBkssG1SPUpdfwCLgJCkwlMCeKLH1hTDLFdxWE8,2025-11-30 15:45:22,2025-11-30 15:16:52,2025-04-24 10:12:36
866207075493191,866207075493191,16980130866207075493191,,已激活,2025-04-23 17:04:16,2025-04-23 17:23:17,sBJMjBkssG1SPUpdfwCLgJCkwlMCeKLH1hTDLFdxWE8,2025-12-03 02:01:23,2025-11-15 08:04:54,2025-04-23 17:23:17
866207075447833,866207075447833,16980130866207075447833,,已激活,2025-04-23 17:04:16,2025-04-23 17:17:26,sBJMjBkssG1SPUpdfwCLgJCkwlMCeKLH1hTDLFdxWE8,2025-12-21 18:36:59,2025-12-21 18:06:51,2025-04-23 17:17:26
866207075002497,866207075002497,16980130866207075002497,,已激活,2025-04-01 14:28:57,2025-04-01 14:41:11,sBJMjBkssG1SPUpdfwCLgJCkwlMCeKLH1hTDLFdxWE8,2025-12-17 07:44:41,2025-12-16 16:21:22,2025-04-01 14:41:11
866207075010011,866207075010011,16980130866207075010011,,已激活,2025-04-01 14:28:57,2025-04-01 14:41:30,sBJMjBkssG1SPUpdfwCLgJCkwlMCeKLH1hTDLFdxWE8,2025-12-19 19:53:30,2025-12-18 05:04:08,2025-04-01 14:41:30
866207075009914,866207075009914,16980130866207075009914,,已激活,2025-04-01 14:28:57,2025-04-01 14:44:50,sBJMjBkssG1SPUpdfwCLgJCkwlMCeKLH1hTDLFdxWE8,2025-12-14 16:55:32,2025-12-13 14:09:46,2025-04-01 14:44:50
866207075442099,866207075442099,16980130866207075442099,,已激活,2025-04-01 14:28:57,2025-04-01 14:48:23,sBJMjBkssG1SPUpdfwCLgJCkwlMCeKLH1hTDLFdxWE8,2025-12-20 22:41:14,2025-12-21 10:17:15,2025-04-01 14:48:23
866207075441976,866207075441976,16980130866207075441976,,已激活,2025-04-01 14:28:57,2025-04-01 14:56:08,sBJMjBkssG1SPUpdfwCLgJCkwlMCeKLH1hTDLFdxWE8,2025-11-25 04:33:09,2025-09-25 10:33:17,2025-04-01 14:56:08
866207075009450,866207075009450,16980130866207075009450,,已激活,2025-04-01 13:53:03,2025-04-01 14:03:49,sBJMjBkssG1SPUpdfwCLgJCkwlMCeKLH1hTDLFdxWE8,2025-11-28 02:34:39,2025-11-28 02:20:24,2025-04-01 14:03:49
866207075008478,866207075008478,16980130866207075008478,,已激活,2025-04-01 13:53:03,2025-04-01 14:04:36,sBJMjBkssG1SPUpdfwCLgJCkwlMCeKLH1hTDLFdxWE8,2025-06-06 03:20:14,2025-06-06 15:23:15,2025-04-01 14:04:36
866207075447619,866207075447619,16980130866207075447619,,已激活,2025-04-01 13:53:03,2025-04-01 14:14:04,sBJMjBkssG1SPUpdfwCLgJCkwlMCeKLH1hTDLFdxWE8,2025-11-19 15:26:47,2025-11-20 10:46:18,2025-04-01 14:14:04
866207075440432,866207075440432,16980130866207075440432,,已激活,2025-04-01 13:53:03,2025-04-01 14:23:25,sBJMjBkssG1SPUpdfwCLgJCkwlMCeKLH1hTDLFdxWE8,2025-12-20 22:08:47,2025-12-20 22:05:35,2025-04-01 14:23:25
866207075411334,866207075411334,16980130866207075411334,,已激活,2025-04-01 13:53:02,2025-04-01 14:15:24,sBJMjBkssG1SPUpdfwCLgJCkwlMCeKLH1hTDLFdxWE8,2025-12-18 04:08:10,2025-12-18 04:00:00,2025-04-01 14:15:24
866207075009096,866207075009096,16980130866207075009096,,已激活,2025-04-01 13:53:02,2025-04-01 14:19:43,sBJMjBkssG1SPUpdfwCLgJCkwlMCeKLH1hTDLFdxWE8,2025-11-25 04:23:54,2025-11-25 04:20:05,2025-04-01 14:19:43
866207075411417,866207075411417,16980130866207075411417,,已激活,2025-04-01 11:38:25,2025-04-01 11:49:26,sBJMjBkssG1SPUpdfwCLgJCkwlMCeKLH1hTDLFdxWE8,2025-05-22 12:21:20,2025-05-22 14:22:50,2025-04-01 11:49:26
866207075364319,866207075364319,16980130866207075364319,,已激活,2025-04-01 11:38:25,2025-04-01 11:43:03,sBJMjBkssG1SPUpdfwCLgJCkwlMCeKLH1hTDLFdxWE8,2025-12-20 08:32:14,2025-12-20 08:03:30,2025-04-01 11:43:03
866207075363170,866207075363170,16980130866207075363170,,已激活,2025-03-31 14:45:36,2025-03-31 15:16:33,sBJMjBkssG1SPUpdfwCLgJCkwlMCeKLH1hTDLFdxWE8,2025-12-21 18:59:37,2025-12-21 18:51:32,2025-03-31 15:16:33
866207075441372,866207075441372,16980130866207075441372,,已激活,2025-03-31 14:45:36,2025-03-31 15:18:59,sBJMjBkssG1SPUpdfwCLgJCkwlMCeKLH1hTDLFdxWE8,2025-09-16 16:11:25,2025-09-16 16:15:55,2025-03-31 15:18:59
866207075174551,866207075174551,16980130866207075174551,,已激活,2025-03-31 14:45:35,2025-03-31 15:25:44,sBJMjBkssG1SPUpdfwCLgJCkwlMCeKLH1hTDLFdxWE8,2025-12-20 20:32:51,2025-12-20 20:09:41,2025-03-31 15:25:44
866207075443717,866207075443717,16980130866207075443717,,已激活,2025-03-31 14:45:35,2025-03-31 15:35:31,sBJMjBkssG1SPUpdfwCLgJCkwlMCeKLH1hTDLFdxWE8,2025-12-16 08:25:21,2025-12-16 08:20:54,2025-03-31 15:35:31
866207075442016,866207075442016,16980130866207075442016,,已注册,2025-03-18 10:59:26,,sBJMjBkssG1SPUpdfwCLgJCkwlMCeKLH1hTDLFdxWE8,,,
866207075001796,866207075001796,16980130866207075001796,,已注册,2025-03-18 10:56:43,,sBJMjBkssG1SPUpdfwCLgJCkwlMCeKLH1hTDLFdxWE8,,,
866207075441612,866207075441612,16980130866207075441612,,已注册,2025-03-18 10:32:39,,sBJMjBkssG1SPUpdfwCLgJCkwlMCeKLH1hTDLFdxWE8,,,
866207075230478,866207075230478,16980130866207075230478,,已激活,2025-03-07 09:42:34,2025-03-07 09:43:06,sBJMjBkssG1SPUpdfwCLgJCkwlMCeKLH1hTDLFdxWE8,2025-12-11 14:44:40,2025-12-11 14:23:07,2025-03-07 09:43:06
866207075443337,866207075443337,16980130866207075443337,,已激活,2025-03-06 15:03:15,2025-03-06 15:38:08,sBJMjBkssG1SPUpdfwCLgJCkwlMCeKLH1hTDLFdxWE8,2025-12-11 01:42:58,2025-12-11 01:20:43,2025-03-06 15:38:08
866207075362792,866207075362792,16980130866207075362792,,已激活,2025-03-06 15:03:15,2025-03-06 15:31:56,sBJMjBkssG1SPUpdfwCLgJCkwlMCeKLH1hTDLFdxWE8,2025-12-13 17:40:27,2025-12-13 16:34:24,2025-03-06 15:31:56
866207075445597,866207075445597,16980130866207075445597,,已激活,2025-03-06 15:03:14,2025-03-06 15:43:59,sBJMjBkssG1SPUpdfwCLgJCkwlMCeKLH1hTDLFdxWE8,2025-12-21 16:37:36,2025-12-21 16:26:45,2025-03-06 15:43:59
866207075441398,866207075441398,16980130866207075441398,,已激活,2025-03-06 15:03:14,2025-03-06 16:02:04,sBJMjBkssG1SPUpdfwCLgJCkwlMCeKLH1hTDLFdxWE8,2025-11-26 00:23:26,2025-11-14 09:34:19,2025-03-06 16:02:04
866207075448716,866207075448716,16980130866207075448716,,已激活,2025-03-06 15:03:14,2025-03-06 16:03:34,sBJMjBkssG1SPUpdfwCLgJCkwlMCeKLH1hTDLFdxWE8,2025-12-13 14:05:51,2025-12-13 14:05:03,2025-03-06 16:03:34
866207075442396,866207075442396,16980130866207075442396,,已激活,2025-03-06 15:03:14,2025-03-06 15:54:10,sBJMjBkssG1SPUpdfwCLgJCkwlMCeKLH1hTDLFdxWE8,2025-12-13 11:56:42,2025-12-13 11:26:02,2025-03-06 15:54:10
866207075410930,866207075410930,16980130866207075410930,,已激活,2025-03-06 15:03:13,2025-03-06 15:49:33,sBJMjBkssG1SPUpdfwCLgJCkwlMCeKLH1hTDLFdxWE8,2025-12-20 07:14:05,2025-12-20 06:59:54,2025-03-06 15:49:33
866207075008593,866207075008593,16980130866207075008593,,已激活,2025-02-24 14:56:25,2025-02-24 14:56:38,sBJMjBkssG1SPUpdfwCLgJCkwlMCeKLH1hTDLFdxWE8,2025-11-30 11:20:20,2025-11-30 10:53:35,2025-02-24 14:56:38
866207075009815,866207075009815,16980130866207075009815,,已激活,2025-02-24 14:44:39,2025-02-24 15:04:29,sBJMjBkssG1SPUpdfwCLgJCkwlMCeKLH1hTDLFdxWE8,2025-11-26 00:11:51,2025-11-25 04:22:37,2025-02-24 15:04:29
866207075442115,866207075442115,16980130866207075442115,,已激活,2025-02-24 14:44:39,2025-02-24 15:26:56,sBJMjBkssG1SPUpdfwCLgJCkwlMCeKLH1hTDLFdxWE8,2025-11-25 04:30:40,2025-11-06 14:44:05,2025-02-24 15:26:56
866207075440390,866207075440390,16980130866207075440390,,已激活,2025-02-24 14:44:39,2025-02-24 15:57:41,sBJMjBkssG1SPUpdfwCLgJCkwlMCeKLH1hTDLFdxWE8,2025-11-25 04:25:16,2025-10-31 22:00:34,2025-02-24 15:57:41
866207075001713,866207075001713,16980130866207075001713,,已激活,2025-02-24 14:44:38,2025-02-24 15:43:34,sBJMjBkssG1SPUpdfwCLgJCkwlMCeKLH1hTDLFdxWE8,2025-12-20 12:35:14,2025-12-20 12:19:16,2025-02-24 15:43:34
866207075010235,866207075010235,16980130866207075010235,,已激活,2025-02-24 14:44:38,2025-02-24 16:05:28,sBJMjBkssG1SPUpdfwCLgJCkwlMCeKLH1hTDLFdxWE8,2025-12-21 16:20:29,2025-12-21 16:10:19,2025-02-24 16:05:28
866207075364152,866207075364152,16980130866207075364152,,已激活,2025-02-24 14:44:38,2025-02-24 16:14:02,sBJMjBkssG1SPUpdfwCLgJCkwlMCeKLH1hTDLFdxWE8,2025-11-26 00:02:49,2025-10-22 22:40:09,2025-02-24 16:14:02
866207075441513,866207075441513,16980130866207075441513,,已激活,2025-02-24 14:44:38,2025-02-24 16:36:47,sBJMjBkssG1SPUpdfwCLgJCkwlMCeKLH1hTDLFdxWE8,2025-12-20 20:46:06,2025-12-20 20:27:50,2025-02-24 16:36:47
866207075001879,866207075001879,16980130866207075001879,,已激活,2025-02-24 14:44:38,2025-02-24 16:49:36,sBJMjBkssG1SPUpdfwCLgJCkwlMCeKLH1hTDLFdxWE8,2025-11-26 00:12:42,2025-11-25 04:19:38,2025-02-24 16:49:36
866207075226898,866207075226898,16980130866207075226898,,已激活,2025-02-24 14:44:38,2025-02-24 17:00:06,sBJMjBkssG1SPUpdfwCLgJCkwlMCeKLH1hTDLFdxWE8,2025-12-17 08:55:34,2025-12-17 09:03:04,2025-02-24 17:00:06
866207075444939,866207075444939,16980130866207075444939,,已激活,2025-02-24 11:07:38,2025-02-24 11:14:54,sBJMjBkssG1SPUpdfwCLgJCkwlMCeKLH1hTDLFdxWE8,2025-11-25 04:37:23,2025-10-19 03:00:04,2025-02-24 11:14:54
866207075008395,866207075008395,16980130866207075008395,,已激活,2025-02-24 11:07:38,2025-02-24 11:33:15,sBJMjBkssG1SPUpdfwCLgJCkwlMCeKLH1hTDLFdxWE8,2025-12-21 15:58:58,2025-12-21 02:03:26,2025-02-24 11:33:15
866207075442792,866207075442792,16980130866207075442792,,已激活,2025-02-24 11:07:38,2025-02-24 13:43:57,sBJMjBkssG1SPUpdfwCLgJCkwlMCeKLH1hTDLFdxWE8,2025-11-26 00:12:30,2025-11-21 18:41:46,2025-02-24 13:43:57
866207075362891,866207075362891,16980130866207075362891,,已激活,2025-02-24 11:07:38,2025-02-24 13:50:51,sBJMjBkssG1SPUpdfwCLgJCkwlMCeKLH1hTDLFdxWE8,2025-11-25 04:23:40,2025-11-25 04:21:57,2025-02-24 13:50:51
866207075001515,866207075001515,16980130866207075001515,,已激活,2025-02-24 11:07:37,2025-02-24 14:01:12,sBJMjBkssG1SPUpdfwCLgJCkwlMCeKLH1hTDLFdxWE8,2025-12-18 09:15:14,2025-12-21 10:12:17,2025-02-24 14:01:12
866207075441331,866207075441331,16980130866207075441331,,已激活,2025-02-24 11:07:37,2025-02-24 14:09:36,sBJMjBkssG1SPUpdfwCLgJCkwlMCeKLH1hTDLFdxWE8,2025-12-21 14:49:31,2025-12-21 14:38:36,2025-02-24 14:09:36
866207075362834,866207075362834,16980130866207075362834,,已激活,2025-02-24 11:07:37,2025-02-24 11:24:20,sBJMjBkssG1SPUpdfwCLgJCkwlMCeKLH1hTDLFdxWE8,2025-12-21 19:13:46,2025-12-21 19:02:06,2025-02-24 11:24:20
866207075002034,866207075002034,16980130866207075002034,,已激活,2025-02-12 10:23:24,2025-02-12 10:47:21,sBJMjBkssG1SPUpdfwCLgJCkwlMCeKLH1hTDLFdxWE8,2025-12-07 02:51:27,2025-12-07 02:41:07,2025-02-12 10:47:21
866207075411078,866207075411078,16980130866207075411078,,已激活,2025-02-12 10:23:24,2025-02-12 10:28:00,sBJMjBkssG1SPUpdfwCLgJCkwlMCeKLH1hTDLFdxWE8,2025-12-21 19:33:34,2025-12-21 19:05:05,2025-02-12 10:28:00
866207075444236,866207075444236,16980130866207075444236,,已激活,2025-02-12 10:23:24,2025-02-12 10:36:28,sBJMjBkssG1SPUpdfwCLgJCkwlMCeKLH1hTDLFdxWE8,2025-12-21 19:35:41,2025-12-21 19:40:11,2025-02-12 10:36:28
866207075492136,866207075492136,16980130866207075492136,,已激活,2025-02-12 09:11:43,2025-02-12 09:12:07,sBJMjBkssG1SPUpdfwCLgJCkwlMCeKLH1hTDLFdxWE8,2025-11-03 20:58:42,2025-11-03 21:10:42,2025-02-12 09:12:07
866207075441893,866207075441893,16980130866207075441893,,已激活,2025-02-11 14:46:56,2025-02-11 17:01:51,sBJMjBkssG1SPUpdfwCLgJCkwlMCeKLH1hTDLFdxWE8,2025-12-03 21:58:13,2025-12-03 21:48:59,2025-02-11 17:01:51
866207075442214,866207075442214,16980130866207075442214,,已激活,2025-02-11 14:46:56,2025-02-12 09:16:07,sBJMjBkssG1SPUpdfwCLgJCkwlMCeKLH1hTDLFdxWE8,2025-11-26 00:00:58,2025-11-12 13:52:52,2025-02-12 09:16:07
866207075447452,866207075447452,16980130866207075447452,,已激活,2025-02-11 14:46:56,2025-02-11 15:36:59,sBJMjBkssG1SPUpdfwCLgJCkwlMCeKLH1hTDLFdxWE8,2025-12-20 22:56:10,2025-12-20 22:48:11,2025-02-11 15:36:59
866207075411235,866207075411235,16980130866207075411235,,已激活,2025-02-11 14:46:56,2025-02-11 15:00:48,sBJMjBkssG1SPUpdfwCLgJCkwlMCeKLH1hTDLFdxWE8,2025-11-25 04:23:46,2025-10-18 18:30:34,2025-02-11 15:00:48
866207075009872,866207075009872,16980130866207075009872,,已激活,2025-02-11 14:46:56,2025-02-11 15:12:00,sBJMjBkssG1SPUpdfwCLgJCkwlMCeKLH1hTDLFdxWE8,2025-11-25 04:35:50,2025-11-03 18:19:25,2025-02-11 15:12:00
866207075001432,866207075001432,16980130866207075001432,,已激活,2025-02-11 14:46:56,2025-02-11 15:50:26,sBJMjBkssG1SPUpdfwCLgJCkwlMCeKLH1hTDLFdxWE8,2025-12-16 20:25:28,2025-12-16 20:21:07,2025-02-11 15:50:26
866207075442677,866207075442677,16980130866207075442677,,已激活,2025-02-11 14:46:55,2025-02-11 15:54:47,sBJMjBkssG1SPUpdfwCLgJCkwlMCeKLH1hTDLFdxWE8,2025-11-25 04:36:46,2025-11-14 15:22:28,2025-02-11 15:54:47
866207075443758,866207075443758,16980130866207075443758,,已激活,2025-02-10 13:36:25,2025-02-10 13:53:04,sBJMjBkssG1SPUpdfwCLgJCkwlMCeKLH1hTDLFdxWE8,2025-11-25 04:24:32,2025-11-05 01:25:01,2025-02-10 13:53:04
866207075443139,866207075443139,16980130866207075443139,,已激活,2025-02-10 13:36:25,2025-02-10 13:54:05,sBJMjBkssG1SPUpdfwCLgJCkwlMCeKLH1hTDLFdxWE8,2025-12-20 01:21:15,2025-12-20 01:05:05,2025-02-10 13:54:05
866207075444574,866207075444574,16980130866207075444574,,已激活,2025-02-10 13:36:25,2025-02-10 13:47:27,sBJMjBkssG1SPUpdfwCLgJCkwlMCeKLH1hTDLFdxWE8,2025-12-20 21:23:05,2025-12-20 21:00:54,2025-02-10 13:47:27
866207075365852,866207075365852,16980130866207075365852,,已激活,2025-02-10 13:36:24,2025-02-12 10:20:37,sBJMjBkssG1SPUpdfwCLgJCkwlMCeKLH1hTDLFdxWE8,2025-11-25 10:57:10,2025-11-07 17:04:30,2025-02-12 10:20:37
866207075008072,866207075008072,16980130866207075008072,,已激活,2025-02-10 13:36:24,2025-02-10 14:16:13,sBJMjBkssG1SPUpdfwCLgJCkwlMCeKLH1hTDLFdxWE8,2025-11-25 04:34:39,2025-11-17 23:54:20,2025-02-10 14:16:13
866207075008510,866207075008510,16980130866207075008510,,已激活,2025-02-10 13:36:24,2025-02-10 14:03:22,sBJMjBkssG1SPUpdfwCLgJCkwlMCeKLH1hTDLFdxWE8,2025-11-30 20:32:45,2025-11-30 20:20:30,2025-02-10 14:03:22
866207075366611,866207075366611,16980130866207075366611,,已注册,2025-01-21 09:55:29,,sBJMjBkssG1SPUpdfwCLgJCkwlMCeKLH1hTDLFdxWE8,,,
866207075366751,866207075366751,16980130866207075366751,,已激活,2025-01-20 16:27:35,2025-01-20 17:15:32,sBJMjBkssG1SPUpdfwCLgJCkwlMCeKLH1hTDLFdxWE8,2025-12-21 17:54:16,2025-12-21 17:51:32,2025-01-20 17:15:32
866207075007470,866207075007470,16980130866207075007470,,已激活,2025-01-20 16:24:38,2025-01-20 16:56:27,sBJMjBkssG1SPUpdfwCLgJCkwlMCeKLH1hTDLFdxWE8,2025-12-20 06:32:55,2025-12-20 06:30:36,2025-01-20 16:56:27
866207075440770,866207075440770,16980130866207075440770,,已激活,2025-01-20 16:24:38,2025-01-20 16:59:33,sBJMjBkssG1SPUpdfwCLgJCkwlMCeKLH1hTDLFdxWE8,2025-12-20 19:56:03,2025-12-20 19:41:51,2025-01-20 16:59:33
866207075009294,866207075009294,16980130866207075009294,,已激活,2025-01-20 16:24:38,2025-01-20 16:51:33,sBJMjBkssG1SPUpdfwCLgJCkwlMCeKLH1hTDLFdxWE8,2025-12-12 02:26:13,2025-12-12 02:20:05,2025-01-20 16:51:33
866207075009856,866207075009856,16980130866207075009856,,已激活,2025-01-20 16:24:38,2025-01-20 16:49:03,sBJMjBkssG1SPUpdfwCLgJCkwlMCeKLH1hTDLFdxWE8,2025-12-12 07:59:28,2025-11-25 04:23:48,2025-01-20 16:49:03
866207075410732,866207075410732,16980130866207075410732,,已激活,2025-01-20 16:24:38,2025-01-20 16:43:29,sBJMjBkssG1SPUpdfwCLgJCkwlMCeKLH1hTDLFdxWE8,2025-12-20 13:45:11,2025-12-20 13:22:59,2025-01-20 16:43:29
866207075492078,866207075492078,16980130866207075492078,,已激活,2025-01-20 16:24:38,2025-01-20 16:36:32,sBJMjBkssG1SPUpdfwCLgJCkwlMCeKLH1hTDLFdxWE8,2025-12-21 08:34:09,2025-12-21 17:58:09,2025-01-20 16:36:32
866207075448591,866207075448591,16980130866207075448591,,已激活,2025-01-20 16:24:38,2025-01-20 16:31:06,sBJMjBkssG1SPUpdfwCLgJCkwlMCeKLH1hTDLFdxWE8,2025-11-26 00:09:57,2025-11-25 04:23:37,2025-01-20 16:31:06
860497075442834,860497075442834,16980130860497075442834,,已注册,2025-01-20 16:24:37,,sBJMjBkssG1SPUpdfwCLgJCkwlMCeKLH1hTDLFdxWE8,,,
866877075009856,866877075009856,16980130866877075009856,,已注册,2025-01-17 09:10:15,,sBJMjBkssG1SPUpdfwCLgJCkwlMCeKLH1hTDLFdxWE8,,,
866877072653961,866877072653961,16980130866877072653961,,已激活,2024-12-30 10:02:04,2024-12-30 10:19:05,sBJMjBkssG1SPUpdfwCLgJCkwlMCeKLH1hTDLFdxWE8,2025-05-27 14:53:44,2025-05-27 14:58:14,2024-12-30 10:19:05
866877072655586,866877072655586,16980130866877072655586,,已激活,2024-12-30 10:02:04,2024-12-30 10:24:31,sBJMjBkssG1SPUpdfwCLgJCkwlMCeKLH1hTDLFdxWE8,2025-11-25 04:23:31,2025-11-25 04:20:55,2024-12-30 10:24:31
866877072623105,866877072623105,16980130866877072623105,,已激活,2024-12-30 10:02:04,2024-12-30 10:34:01,sBJMjBkssG1SPUpdfwCLgJCkwlMCeKLH1hTDLFdxWE8,2025-12-20 02:13:53,2025-12-20 01:53:43,2024-12-30 10:34:01
866877072651544,866877072651544,16980130866877072651544,,已激活,2024-12-30 10:02:03,2024-12-30 10:40:05,sBJMjBkssG1SPUpdfwCLgJCkwlMCeKLH1hTDLFdxWE8,2025-11-27 09:47:58,2025-11-27 09:53:58,2024-12-30 10:40:05
860497077630587,860497077630587,16980130860497077630587,,已激活,2024-12-26 10:19:35,2024-12-26 10:20:24,sBJMjBkssG1SPUpdfwCLgJCkwlMCeKLH1hTDLFdxWE8,2025-12-19 17:08:30,2025-12-19 16:53:17,2024-12-26 10:20:24
866207075493118,866207075493118,16980130866207075493118,,已激活,2024-12-26 10:04:59,2024-12-26 10:05:46,sBJMjBkssG1SPUpdfwCLgJCkwlMCeKLH1hTDLFdxWE8,2025-12-21 19:38:56,2025-12-21 19:27:56,2024-12-26 10:05:46
866207075001911,866207075001911,16980130866207075001911,,已激活,2024-12-26 10:04:59,2024-12-26 10:08:37,sBJMjBkssG1SPUpdfwCLgJCkwlMCeKLH1hTDLFdxWE8,2025-12-21 12:12:08,2025-12-21 12:03:57,2024-12-26 10:08:37
866207075441471,866207075441471,16980130866207075441471,,已激活,2024-12-17 11:10:07,2024-12-17 11:44:38,sBJMjBkssG1SPUpdfwCLgJCkwlMCeKLH1hTDLFdxWE8,2025-12-21 05:19:43,2025-12-21 05:07:08,2024-12-17 11:44:38
866207075292239,866207075292239,16980130866207075292239,,已激活,2024-12-17 11:10:07,2024-12-17 11:52:04,sBJMjBkssG1SPUpdfwCLgJCkwlMCeKLH1hTDLFdxWE8,2025-12-21 13:23:00,2025-12-21 12:54:19,2024-12-17 11:52:04
866207075002539,866207075002539,16980130866207075002539,,已激活,2024-12-16 16:03:17,2024-12-16 17:00:43,sBJMjBkssG1SPUpdfwCLgJCkwlMCeKLH1hTDLFdxWE8,2025-12-21 14:57:02,2025-12-21 14:40:23,2024-12-16 17:00:43
866207075008338,866207075008338,16980130866207075008338,,已激活,2024-12-16 16:03:17,2024-12-16 17:08:00,sBJMjBkssG1SPUpdfwCLgJCkwlMCeKLH1hTDLFdxWE8,2025-11-26 00:09:27,2025-11-25 04:23:11,2024-12-16 17:08:00
866207075001770,866207075001770,16980130866207075001770,,已激活,2024-12-16 16:03:17,2024-12-17 09:56:49,sBJMjBkssG1SPUpdfwCLgJCkwlMCeKLH1hTDLFdxWE8,2025-12-21 15:27:16,2025-12-21 15:23:08,2024-12-17 09:56:49
866207075444970,866207075444970,16980130866207075444970,,已激活,2024-12-16 16:03:17,2024-12-17 10:58:20,sBJMjBkssG1SPUpdfwCLgJCkwlMCeKLH1hTDLFdxWE8,2025-12-10 00:28:17,2025-12-10 00:00:01,2024-12-17 10:58:20
866207075174072,866207075174072,16980130866207075174072,,已激活,2024-12-16 16:03:17,2024-12-16 16:37:26,sBJMjBkssG1SPUpdfwCLgJCkwlMCeKLH1hTDLFdxWE8,2025-12-10 18:48:18,2025-12-10 18:40:00,2024-12-16 16:37:26
866207075411136,866207075411136,16980130866207075411136,,已激活,2024-12-16 16:03:17,2024-12-17 09:30:45,sBJMjBkssG1SPUpdfwCLgJCkwlMCeKLH1hTDLFdxWE8,2025-12-21 18:46:14,2025-12-21 18:43:14,2024-12-17 09:30:45
866207075445019,866207075445019,16980130866207075445019,,已激活,2024-12-16 16:03:17,2024-12-17 09:46:30,sBJMjBkssG1SPUpdfwCLgJCkwlMCeKLH1hTDLFdxWE8,2025-12-06 18:57:03,2025-10-21 13:06:40,2024-12-17 09:46:30
866207075007991,866207075007991,16980130866207075007991,,已激活,2024-12-16 16:03:17,2024-12-16 16:30:08,sBJMjBkssG1SPUpdfwCLgJCkwlMCeKLH1hTDLFdxWE8,2025-12-09 03:31:02,2025-12-09 03:20:51,2024-12-16 16:30:08
866207075444616,866207075444616,16980130866207075444616,,已激活,2024-12-16 16:03:16,2024-12-17 10:40:38,sBJMjBkssG1SPUpdfwCLgJCkwlMCeKLH1hTDLFdxWE8,2025-11-25 04:22:40,2025-11-25 04:19:05,2024-12-17 10:40:38
866207075008270,866207075008270,16980130866207075008270,,已激活,2024-12-16 16:03:16,2024-12-17 11:18:01,sBJMjBkssG1SPUpdfwCLgJCkwlMCeKLH1hTDLFdxWE8,2025-12-20 04:30:37,2025-12-20 04:00:22,2024-12-17 11:18:01
866207075443378,866207075443378,16980130866207075443378,,已激活,2024-12-16 16:03:16,2024-12-16 16:17:02,sBJMjBkssG1SPUpdfwCLgJCkwlMCeKLH1hTDLFdxWE8,2025-12-20 11:35:30,2025-12-20 11:21:17,2024-12-16 16:17:02
866207075443477,866207075443477,16980130866207075443477,,已激活,2024-12-16 16:03:16,2024-12-17 11:29:20,sBJMjBkssG1SPUpdfwCLgJCkwlMCeKLH1hTDLFdxWE8,2025-12-21 19:44:57,2025-12-21 19:36:19,2024-12-17 11:29:20
860497077622667,860497077622667,16980130860497077622667,,已激活,2024-12-13 10:11:04,2024-12-13 14:38:37,sBJMjBkssG1SPUpdfwCLgJCkwlMCeKLH1hTDLFdxWE8,2025-11-25 23:56:45,2025-11-03 03:53:23,2024-12-13 14:38:37
866207075363410,866207075363410,16980130866207075363410,,已激活,2024-11-22 16:52:10,2024-11-22 16:56:07,sBJMjBkssG1SPUpdfwCLgJCkwlMCeKLH1hTDLFdxWE8,2025-12-13 15:28:44,2025-12-13 15:02:30,2024-11-22 16:56:07
866207075367114,866207075367114,16980130866207075367114,,已激活,2024-11-22 16:41:41,2024-11-22 16:51:01,sBJMjBkssG1SPUpdfwCLgJCkwlMCeKLH1hTDLFdxWE8,2025-04-28 17:30:54,2025-04-28 17:35:24,2024-11-22 16:51:01
866207075009773,866207075009773,16980130866207075009773,,已激活,2024-11-22 16:23:46,2024-11-22 16:31:26,sBJMjBkssG1SPUpdfwCLgJCkwlMCeKLH1hTDLFdxWE8,2025-11-25 04:26:44,2025-11-02 11:22:04,2024-11-22 16:31:26
866207075292197,866207075292197,16980130866207075292197,,已激活,2024-11-22 15:50:27,2024-11-22 16:00:49,sBJMjBkssG1SPUpdfwCLgJCkwlMCeKLH1hTDLFdxWE8,2025-12-21 12:26:20,2025-12-21 12:00:05,2024-11-22 16:00:49
866207075008239,866207075008239,16980130866207075008239,,已激活,2024-11-22 13:53:42,2024-11-22 13:55:17,sBJMjBkssG1SPUpdfwCLgJCkwlMCeKLH1hTDLFdxWE8,2025-12-20 01:16:49,2025-12-20 00:54:37,2024-11-22 13:55:17
866207075007777,866207075007777,16980130866207075007777,,已激活,2024-11-22 13:53:42,2024-11-22 16:08:00,sBJMjBkssG1SPUpdfwCLgJCkwlMCeKLH1hTDLFdxWE8,2025-11-25 04:26:46,2025-11-02 11:22:36,2024-11-22 16:08:00
866207075411094,866207075411094,16980130866207075411094,,已激活,2024-11-22 10:48:05,2024-11-22 10:53:37,sBJMjBkssG1SPUpdfwCLgJCkwlMCeKLH1hTDLFdxWE8,2025-12-16 15:14:31,2025-12-16 14:59:26,2024-11-22 10:53:37
866207075441919,866207075441919,16980130866207075441919,,已激活,2024-11-22 10:48:05,2024-11-22 10:55:33,sBJMjBkssG1SPUpdfwCLgJCkwlMCeKLH1hTDLFdxWE8,2025-01-13 20:05:22,2025-01-13 20:09:52,2024-11-22 10:55:33
866207075411532,866207075411532,16980130866207075411532,,已激活,2024-11-22 09:31:56,2024-11-22 09:32:12,sBJMjBkssG1SPUpdfwCLgJCkwlMCeKLH1hTDLFdxWE8,2025-12-12 17:37:50,2025-12-12 17:33:04,2024-11-22 09:32:12
866207075443832,866207075443832,16980130866207075443832,,已激活,2024-11-21 14:59:38,2024-11-21 17:07:22,sBJMjBkssG1SPUpdfwCLgJCkwlMCeKLH1hTDLFdxWE8,2025-12-17 17:29:39,2025-12-17 17:25:08,2024-11-21 17:07:22
866207075440515,866207075440515,16980130866207075440515,,已激活,2024-11-21 14:59:38,2024-11-22 13:45:58,sBJMjBkssG1SPUpdfwCLgJCkwlMCeKLH1hTDLFdxWE8,2025-12-21 15:25:38,2025-12-21 15:11:20,2024-11-22 13:45:58
866207075442057,866207075442057,16980130866207075442057,,已激活,2024-11-21 14:59:37,2024-11-22 14:05:44,sBJMjBkssG1SPUpdfwCLgJCkwlMCeKLH1hTDLFdxWE8,2025-11-01 09:39:48,2025-11-01 09:45:48,2024-11-22 14:05:44
866207075008676,866207075008676,16980130866207075008676,,已激活,2024-11-21 14:59:37,2024-11-22 09:46:46,sBJMjBkssG1SPUpdfwCLgJCkwlMCeKLH1hTDLFdxWE8,2025-12-21 19:04:37,2025-12-21 18:50:12,2024-11-22 09:46:46
866207075440473,866207075440473,16980130866207075440473,,已激活,2024-11-21 14:59:37,2024-11-22 09:19:29,sBJMjBkssG1SPUpdfwCLgJCkwlMCeKLH1hTDLFdxWE8,2025-12-20 18:18:04,2025-12-20 18:15:47,2024-11-22 09:19:29
866207075007736,866207075007736,16980130866207075007736,,已激活,2024-11-21 14:59:37,2024-11-22 09:40:21,sBJMjBkssG1SPUpdfwCLgJCkwlMCeKLH1hTDLFdxWE8,2025-12-19 21:42:57,2025-12-19 21:24:47,2024-11-22 09:40:21
866207075442834,866207075442834,16980130866207075442834,,已激活,2024-11-21 14:00:37,2024-11-21 14:36:52,sBJMjBkssG1SPUpdfwCLgJCkwlMCeKLH1hTDLFdxWE8,2025-11-30 17:13:51,2025-11-30 16:48:27,2024-11-21 14:36:52
866207075002190,866207075002190,16980130866207075002190,,已激活,2024-11-21 14:00:37,2024-11-21 14:44:21,sBJMjBkssG1SPUpdfwCLgJCkwlMCeKLH1hTDLFdxWE8,2025-12-20 21:11:03,2025-12-20 20:56:52,2024-11-21 14:44:21
866207075448237,866207075448237,16980130866207075448237,,已激活,2024-11-21 14:00:36,2024-11-21 14:49:27,sBJMjBkssG1SPUpdfwCLgJCkwlMCeKLH1hTDLFdxWE8,2025-12-20 19:40:00,2025-12-20 22:16:00,2024-11-21 14:49:27
866207075448559,866207075448559,16980130866207075448559,,已激活,2024-11-21 14:00:36,2024-11-21 14:27:36,sBJMjBkssG1SPUpdfwCLgJCkwlMCeKLH1hTDLFdxWE8,2025-11-26 00:05:29,2025-10-24 19:03:24,2024-11-21 14:27:36
866207075411318,866207075411318,16980130866207075411318,,已激活,2024-11-21 11:51:07,2024-11-21 14:12:37,sBJMjBkssG1SPUpdfwCLgJCkwlMCeKLH1hTDLFdxWE8,2025-11-28 11:35:57,2025-11-28 11:40:27,2024-11-21 14:12:37
866207075448195,866207075448195,16980130866207075448195,,已激活,2024-11-21 11:51:07,2024-11-21 14:15:17,sBJMjBkssG1SPUpdfwCLgJCkwlMCeKLH1hTDLFdxWE8,2025-11-28 02:51:02,2025-11-28 02:36:32,2024-11-21 14:15:17
866207075441356,866207075441356,16980130866207075441356,,已激活,2024-11-21 11:12:39,2024-11-21 11:35:33,sBJMjBkssG1SPUpdfwCLgJCkwlMCeKLH1hTDLFdxWE8,2025-11-22 09:48:43,2025-11-24 09:15:45,2024-11-21 11:35:33
866207075387674,866207075387674,16980130866207075387674,,已激活,2024-11-21 11:12:39,2024-11-21 11:41:06,sBJMjBkssG1SPUpdfwCLgJCkwlMCeKLH1hTDLFdxWE8,2025-12-21 19:04:35,2025-12-21 19:09:05,2024-11-21 11:41:06
866207075411698,866207075411698,16980130866207075411698,,已激活,2024-11-21 11:12:39,2024-11-21 11:46:32,sBJMjBkssG1SPUpdfwCLgJCkwlMCeKLH1hTDLFdxWE8,2025-11-25 04:21:56,2025-11-25 04:18:11,2024-11-21 11:46:32
866207075441018,866207075441018,16980130866207075441018,,已激活,2024-11-21 11:09:16,2024-11-21 11:18:24,sBJMjBkssG1SPUpdfwCLgJCkwlMCeKLH1hTDLFdxWE8,2025-12-15 07:56:18,2025-12-15 07:39:52,2024-11-21 11:18:24
866207075001218,866207075001218,16980130866207075001218,,已激活,2024-11-19 16:45:03,2024-11-19 17:07:26,sBJMjBkssG1SPUpdfwCLgJCkwlMCeKLH1hTDLFdxWE8,2025-12-21 19:30:40,2025-12-21 19:18:49,2024-11-19 17:07:26
866207075364111,866207075364111,16980130866207075364111,,已激活,2024-11-19 16:45:03,2024-11-19 17:10:40,sBJMjBkssG1SPUpdfwCLgJCkwlMCeKLH1hTDLFdxWE8,2025-11-26 00:13:59,2025-11-25 04:23:02,2024-11-19 17:10:40
866207075008353,866207075008353,16980130866207075008353,,已注册,2024-11-19 11:50:01,,sBJMjBkssG1SPUpdfwCLgJCkwlMCeKLH1hTDLFdxWE8,,,
866207075443956,866207075443956,16980130866207075443956,,已激活,2024-11-13 18:36:08,2024-11-13 18:48:53,sBJMjBkssG1SPUpdfwCLgJCkwlMCeKLH1hTDLFdxWE8,2025-12-20 06:00:17,2025-12-20 05:58:10,2024-11-13 18:48:53
866207075441877,866207075441877,16980130866207075441877,,已激活,2024-11-13 18:36:07,2024-11-13 18:43:33,sBJMjBkssG1SPUpdfwCLgJCkwlMCeKLH1hTDLFdxWE8,2025-12-20 22:01:13,2025-12-20 21:49:16,2024-11-13 18:43:33
866207075289219,866207075289219,16980130866207075289219,,已激活,2024-11-13 18:35:22,2024-11-13 18:39:29,sBJMjBkssG1SPUpdfwCLgJCkwlMCeKLH1hTDLFdxWE8,2025-12-07 16:26:51,2025-12-07 15:47:51,2024-11-13 18:39:29
860497077630553,860497077630553,16980130860497077630553,,已激活,2024-10-31 09:52:45,2024-10-31 09:53:25,sBJMjBkssG1SPUpdfwCLgJCkwlMCeKLH1hTDLFdxWE8,2025-12-15 08:28:23,2025-12-19 17:34:28,2024-10-31 09:53:25
866207075366959,866207075366959,16980130866207075366959,,已激活,2024-10-29 16:01:05,2024-10-29 16:04:04,sBJMjBkssG1SPUpdfwCLgJCkwlMCeKLH1hTDLFdxWE8,2025-12-08 10:27:38,2025-12-05 19:11:02,2024-10-29 16:04:04
866207075443170,866207075443170,16980130866207075443170,,已激活,2024-10-17 16:45:49,2024-10-17 16:50:37,sBJMjBkssG1SPUpdfwCLgJCkwlMCeKLH1hTDLFdxWE8,2025-12-21 06:11:17,2025-12-21 05:47:17,2024-10-17 16:50:37
866207075002091,866207075002091,16980130866207075002091,,已激活,2024-10-17 14:11:02,2024-10-17 14:23:17,sBJMjBkssG1SPUpdfwCLgJCkwlMCeKLH1hTDLFdxWE8,2025-12-14 09:02:32,2025-11-15 15:30:26,2024-10-17 14:23:17
866207075008775,866207075008775,16980130866207075008775,,已激活,2024-10-17 14:11:02,2024-10-17 16:17:25,sBJMjBkssG1SPUpdfwCLgJCkwlMCeKLH1hTDLFdxWE8,2025-12-20 16:20:26,2025-12-20 15:56:22,2024-10-17 16:17:25
866207075009492,866207075009492,16980130866207075009492,,已激活,2024-10-17 13:50:16,2024-10-17 14:32:03,sBJMjBkssG1SPUpdfwCLgJCkwlMCeKLH1hTDLFdxWE8,2025-12-21 18:19:18,2025-12-21 17:56:42,2024-10-17 14:32:03
866207075445910,866207075445910,16980130866207075445910,,已激活,2024-10-17 13:50:16,2024-10-17 13:56:09,sBJMjBkssG1SPUpdfwCLgJCkwlMCeKLH1hTDLFdxWE8,2025-12-03 07:09:26,2025-12-03 06:51:26,2024-10-17 13:56:09
866207075364038,866207075364038,16980130866207075364038,,已激活,2024-10-02 12:48:35,2024-10-02 12:48:51,sBJMjBkssG1SPUpdfwCLgJCkwlMCeKLH1hTDLFdxWE8,2025-12-20 03:40:58,2025-12-20 03:32:45,2024-10-02 12:48:51
860497077625942,860497077625942,16980130860497077625942,,已激活,2024-09-29 14:24:59,2024-09-29 14:28:42,sBJMjBkssG1SPUpdfwCLgJCkwlMCeKLH1hTDLFdxWE8,2024-09-29 14:28:42,2024-09-29 14:34:42,2024-09-29 14:28:42
866207075440655,866207075440655,16980130866207075440655,,已激活,2024-09-25 12:22:12,2024-09-25 14:35:09,sBJMjBkssG1SPUpdfwCLgJCkwlMCeKLH1hTDLFdxWE8,2025-09-17 12:30:18,2025-09-17 13:01:48,2024-09-25 14:35:09
866207075440275,866207075440275,16980130866207075440275,,已激活,2024-09-25 12:22:12,2024-09-25 13:52:26,sBJMjBkssG1SPUpdfwCLgJCkwlMCeKLH1hTDLFdxWE8,2025-12-06 04:35:05,2025-12-06 04:10:43,2024-09-25 13:52:26
866207075445951,866207075445951,16980130866207075445951,,已激活,2024-09-25 12:22:11,2024-09-25 14:56:56,sBJMjBkssG1SPUpdfwCLgJCkwlMCeKLH1hTDLFdxWE8,2025-11-25 04:34:45,2025-11-02 14:09:09,2024-09-25 14:56:56
866207075441414,866207075441414,16980130866207075441414,,已激活,2024-09-25 12:22:11,2024-09-25 14:50:52,sBJMjBkssG1SPUpdfwCLgJCkwlMCeKLH1hTDLFdxWE8,2025-12-19 16:59:43,2025-12-05 18:39:51,2024-09-25 14:50:52
866207075445811,866207075445811,16980130866207075445811,,已激活,2024-09-25 12:22:11,2024-09-25 13:57:23,sBJMjBkssG1SPUpdfwCLgJCkwlMCeKLH1hTDLFdxWE8,2025-12-03 06:06:54,2025-12-03 05:56:23,2024-09-25 13:57:23
866207075007496,866207075007496,16980130866207075007496,,已激活,2024-09-25 12:22:11,2024-09-25 14:21:32,sBJMjBkssG1SPUpdfwCLgJCkwlMCeKLH1hTDLFdxWE8,2025-12-20 04:23:59,2025-12-20 03:53:43,2024-09-25 14:21:32
860497077627633,860497077627633,16980130860497077627633,,已激活,2024-09-13 14:46:22,2024-09-13 14:47:54,sBJMjBkssG1SPUpdfwCLgJCkwlMCeKLH1hTDLFdxWE8,2025-12-16 21:31:17,2025-12-16 21:04:00,2024-09-13 14:47:54
860497077630959,860497077630959,16980130860497077630959,,已激活,2024-09-13 14:25:35,2024-09-13 14:28:07,sBJMjBkssG1SPUpdfwCLgJCkwlMCeKLH1hTDLFdxWE8,2025-12-20 07:49:19,2025-12-20 07:21:06,2024-09-13 14:28:07
860497077631056,860497077631056,16980130860497077631056,,已激活,2024-09-13 11:38:54,2024-11-22 09:55:29,sBJMjBkssG1SPUpdfwCLgJCkwlMCeKLH1hTDLFdxWE8,2025-12-21 13:04:06,2025-12-21 12:48:03,2024-11-22 09:55:29
860497077630686,860497077630686,16980130860497077630686,,已激活,2024-09-13 11:29:32,2024-09-13 11:29:36,sBJMjBkssG1SPUpdfwCLgJCkwlMCeKLH1hTDLFdxWE8,2025-11-25 04:23:27,2025-11-25 04:22:48,2024-09-13 11:29:36
860497077627476,860497077627476,16980130860497077627476,,已激活,2024-09-09 12:23:57,2024-09-09 12:23:58,sBJMjBkssG1SPUpdfwCLgJCkwlMCeKLH1hTDLFdxWE8,2025-12-20 09:01:41,2025-12-20 08:37:36,2024-09-09 12:23:58
866207075002398,866207075002398,16980130866207075002398,,已激活,2024-08-27 14:57:07,2024-08-27 15:40:55,sBJMjBkssG1SPUpdfwCLgJCkwlMCeKLH1hTDLFdxWE8,2025-12-16 06:42:29,2025-12-16 04:02:26,2024-08-27 15:40:55
866207075366991,866207075366991,16980130866207075366991,,已注册,2024-08-27 14:57:07,,sBJMjBkssG1SPUpdfwCLgJCkwlMCeKLH1hTDLFdxWE8,,,
866207075444251,866207075444251,16980130866207075444251,,已注册,2024-08-27 14:57:06,,sBJMjBkssG1SPUpdfwCLgJCkwlMCeKLH1hTDLFdxWE8,,,
866207075443030,866207075443030,16980130866207075443030,,已注册,2024-08-27 14:57:06,,sBJMjBkssG1SPUpdfwCLgJCkwlMCeKLH1hTDLFdxWE8,,,
866207075007355,866207075007355,16980130866207075007355,,已激活,2024-08-22 16:39:55,2024-09-02 10:43:53,sBJMjBkssG1SPUpdfwCLgJCkwlMCeKLH1hTDLFdxWE8,2025-12-21 19:41:22,2025-12-21 19:15:38,2024-09-02 10:43:53
860497077630611,860497077630611,16980130860497077630611,,已激活,2024-08-21 16:15:42,2024-08-21 16:15:51,sBJMjBkssG1SPUpdfwCLgJCkwlMCeKLH1hTDLFdxWE8,2025-11-26 00:23:31,2025-11-24 10:27:24,2024-08-21 16:15:51
860497077630637,860497077630637,16980130860497077630637,,已激活,2024-08-12 08:55:25,2024-08-12 08:55:33,sBJMjBkssG1SPUpdfwCLgJCkwlMCeKLH1hTDLFdxWE8,2025-11-25 04:23:33,2025-11-25 04:21:35,2024-08-12 08:55:33
860497077622600,860497077622600,16980130860497077622600,,已激活,2024-08-05 14:43:56,2024-08-05 14:44:01,sBJMjBkssG1SPUpdfwCLgJCkwlMCeKLH1hTDLFdxWE8,2025-12-14 19:55:43,2025-12-14 19:37:46,2024-08-05 14:44:01
860497077630934,860497077630934,16980130860497077630934,,已激活,2024-07-31 11:20:37,2024-07-31 11:25:44,sBJMjBkssG1SPUpdfwCLgJCkwlMCeKLH1hTDLFdxWE8,2025-11-25 04:23:27,2025-11-25 04:22:29,2024-07-31 11:25:44
860497077621875,860497077621875,16980130860497077621875,,已激活,2024-07-30 10:45:26,2024-07-30 10:47:29,sBJMjBkssG1SPUpdfwCLgJCkwlMCeKLH1hTDLFdxWE8,2025-10-29 15:36:08,2025-10-29 15:43:38,2024-07-30 10:47:29
860497077630868,860497077630868,16980130860497077630868,,已激活,2024-07-19 15:13:09,2024-07-19 15:13:17,sBJMjBkssG1SPUpdfwCLgJCkwlMCeKLH1hTDLFdxWE8,2025-12-20 08:20:35,2025-12-20 07:55:49,2024-07-19 15:13:17
860497077627500,860497077627500,16980130860497077627500,,已激活,2024-07-08 10:54:02,2024-07-08 10:54:31,sBJMjBkssG1SPUpdfwCLgJCkwlMCeKLH1hTDLFdxWE8,2024-07-08 11:00:10,2024-07-08 11:10:40,2024-07-08 10:54:31
860497077631023,860497077631023,16980130860497077631023,,已激活,2024-07-08 10:01:08,2024-07-08 10:18:43,sBJMjBkssG1SPUpdfwCLgJCkwlMCeKLH1hTDLFdxWE8,2024-07-08 10:18:43,2024-07-08 10:24:43,2024-07-08 10:18:43
860497077630975,860497077630975,16980130860497077630975,,已激活,2024-07-08 10:01:07,2024-07-08 10:05:47,sBJMjBkssG1SPUpdfwCLgJCkwlMCeKLH1hTDLFdxWE8,2024-07-08 10:05:47,2024-07-08 10:13:17,2024-07-08 10:05:47
860497077627617,860497077627617,16980130860497077627617,,已激活,2024-07-08 10:01:07,2024-07-08 11:14:17,sBJMjBkssG1SPUpdfwCLgJCkwlMCeKLH1hTDLFdxWE8,2024-07-08 11:14:17,2024-07-08 11:21:47,2024-07-08 11:14:17
866207075444493,866207075444493,16980130866207075444493,,已注册,2024-07-01 14:04:53,,sBJMjBkssG1SPUpdfwCLgJCkwlMCeKLH1hTDLFdxWE8,,,
866207075444492,866207075444492,16980130866207075444492,,已注册,2024-07-01 13:48:00,,sBJMjBkssG1SPUpdfwCLgJCkwlMCeKLH1hTDLFdxWE8,,,
860497077523089,860497077523089,16980130860497077523089,,已激活,2024-06-13 15:27:37,2024-06-13 15:29:09,sBJMjBkssG1SPUpdfwCLgJCkwlMCeKLH1hTDLFdxWE8,2024-06-13 15:30:43,2024-06-13 15:35:13,2024-06-13 15:29:09
860497077625793,860497077625793,16980130860497077625793,,已激活,2024-06-11 17:54:01,2024-06-11 17:58:06,sBJMjBkssG1SPUpdfwCLgJCkwlMCeKLH1hTDLFdxWE8,2025-12-18 13:37:30,2025-12-18 13:42:00,2024-06-11 17:58:06
860497077594437,860497077594437,16980130860497077594437,,已激活,2024-06-11 14:25:32,2024-06-11 14:34:26,sBJMjBkssG1SPUpdfwCLgJCkwlMCeKLH1hTDLFdxWE8,2024-06-11 14:34:26,2024-06-11 14:38:56,2024-06-11 14:34:26
860497077630900,860497077630900,16980130860497077630900,,已激活,2024-06-11 14:25:31,2024-06-11 14:57:43,sBJMjBkssG1SPUpdfwCLgJCkwlMCeKLH1hTDLFdxWE8,2024-06-11 14:57:43,2024-06-11 15:03:43,2024-06-11 14:57:43
860497077631528,860497077631528,16980130860497077631528,,已激活,2024-06-11 14:25:31,2024-06-11 15:44:06,sBJMjBkssG1SPUpdfwCLgJCkwlMCeKLH1hTDLFdxWE8,2025-02-24 07:47:01,2025-02-24 15:03:31,2024-06-11 15:44:06
860497077630918,860497077630918,16980130860497077630918,,已激活,2024-06-05 15:45:30,2024-06-05 15:53:31,sBJMjBkssG1SPUpdfwCLgJCkwlMCeKLH1hTDLFdxWE8,2025-12-11 15:10:07,2025-12-11 14:40:00,2024-06-05 15:53:31
860497077593934,860497077593934,16980130860497077593934,,已激活,2024-06-04 15:38:22,2024-06-04 16:00:23,sBJMjBkssG1SPUpdfwCLgJCkwlMCeKLH1hTDLFdxWE8,2025-12-21 10:07:46,2025-12-21 09:50:04,2024-06-04 16:00:23
860497077630595,860497077630595,16980130860497077630595,,已激活,2024-06-04 15:38:22,2024-06-04 15:45:40,sBJMjBkssG1SPUpdfwCLgJCkwlMCeKLH1hTDLFdxWE8,2025-11-26 23:42:21,2025-11-26 23:37:40,2024-06-04 15:45:40
860497077631031,860497077631031,16980130860497077631031,,已激活,2024-06-04 15:38:21,2024-06-04 15:54:11,sBJMjBkssG1SPUpdfwCLgJCkwlMCeKLH1hTDLFdxWE8,2025-12-09 13:57:09,2025-12-09 13:38:23,2024-06-04 15:54:11
860497077626023,860497077626023,16980130860497077626023,,已激活,2024-06-04 15:38:21,2024-06-04 16:03:28,sBJMjBkssG1SPUpdfwCLgJCkwlMCeKLH1hTDLFdxWE8,2024-12-25 08:58:48,2025-01-02 09:52:56,2024-06-04 16:03:28
860497077594445,860497077594445,16980130860497077594445,,已激活,2024-06-04 15:38:21,2024-06-04 16:14:21,sBJMjBkssG1SPUpdfwCLgJCkwlMCeKLH1hTDLFdxWE8,2025-11-25 04:31:49,2025-10-20 07:46:02,2024-06-04 16:14:21
860497077625785,860497077625785,16980130860497077625785,,已激活,2024-06-04 15:38:21,2024-06-04 16:21:14,sBJMjBkssG1SPUpdfwCLgJCkwlMCeKLH1hTDLFdxWE8,2025-12-21 08:30:56,2025-12-21 08:05:04,2024-06-04 16:21:14
860497077625801,860497077625801,16980130860497077625801,,已激活,2024-06-04 15:38:20,2024-06-04 16:37:01,sBJMjBkssG1SPUpdfwCLgJCkwlMCeKLH1hTDLFdxWE8,2025-11-26 00:13:39,2025-11-25 04:23:39,2024-06-04 16:37:01
860497077625678,860497077625678,16980130860497077625678,,已激活,2024-06-04 15:38:20,2024-06-04 16:26:40,sBJMjBkssG1SPUpdfwCLgJCkwlMCeKLH1hTDLFdxWE8,2025-12-21 15:49:31,2025-12-21 15:46:30,2024-06-04 16:26:40
860497077620851,860497077620851,16980130860497077620851,,已激活,2024-06-04 15:38:20,2024-06-04 16:35:22,sBJMjBkssG1SPUpdfwCLgJCkwlMCeKLH1hTDLFdxWE8,2025-12-06 04:34:59,2025-12-06 04:10:37,2024-06-04 16:35:22
860497077632310,860497077632310,16980130860497077632310,,已激活,2024-06-04 15:38:20,2024-06-04 16:46:05,sBJMjBkssG1SPUpdfwCLgJCkwlMCeKLH1hTDLFdxWE8,2025-12-08 04:53:55,2025-12-08 04:41:10,2024-06-04 16:46:05
860497077620901,860497077620901,16980130860497077620901,,已激活,2024-06-04 15:38:19,2024-06-04 16:47:54,sBJMjBkssG1SPUpdfwCLgJCkwlMCeKLH1hTDLFdxWE8,2025-07-04 18:55:06,2025-07-04 18:59:36,2024-06-04 16:47:54
860497077621297,860497077621297,16980130860497077621297,,已注册,2024-06-04 15:38:19,,sBJMjBkssG1SPUpdfwCLgJCkwlMCeKLH1hTDLFdxWE8,,,
860497077627666,860497077627666,16980130860497077627666,,已激活,2024-06-02 16:47:21,2024-06-11 16:08:29,sBJMjBkssG1SPUpdfwCLgJCkwlMCeKLH1hTDLFdxWE8,2024-06-13 15:37:03,2024-06-13 15:41:33,2024-06-11 16:08:29
866207075230270,866207075230270,16980130866207075230270,,已激活,2024-05-24 10:15:01,2024-05-24 10:16:32,sBJMjBkssG1SPUpdfwCLgJCkwlMCeKLH1hTDLFdxWE8,2024-05-24 10:16:32,2024-05-24 10:22:32,2024-05-24 10:16:32
860497077495932,860497077495932,16980130860497077495932,,已注册,2024-05-22 15:52:06,,sBJMjBkssG1SPUpdfwCLgJCkwlMCeKLH1hTDLFdxWE8,,,
860497077537626,860497077537626,16980130860497077537626,,已激活,2024-05-20 18:55:09,2024-05-21 09:05:48,sBJMjBkssG1SPUpdfwCLgJCkwlMCeKLH1hTDLFdxWE8,2025-12-17 01:11:45,2025-12-17 01:05:21,2024-05-21 09:05:48
860497077553276,860497077553276,16980130860497077553276,,已激活,2024-05-20 18:02:41,2024-05-20 18:28:57,sBJMjBkssG1SPUpdfwCLgJCkwlMCeKLH1hTDLFdxWE8,2025-12-21 00:33:41,2025-12-21 00:11:50,2024-05-20 18:28:57
860497077627419,860497077627419,16980130860497077627419,,已激活,2024-05-15 16:54:22,2024-05-15 17:49:35,sBJMjBkssG1SPUpdfwCLgJCkwlMCeKLH1hTDLFdxWE8,2025-12-16 16:10:25,2025-12-16 16:04:36,2024-05-15 17:49:35
860497077625660,860497077625660,16980130860497077625660,,已注册,2024-05-13 12:04:59,,sBJMjBkssG1SPUpdfwCLgJCkwlMCeKLH1hTDLFdxWE8,,,
860497077630926,860497077630926,16980130860497077630926,,已激活,2024-05-11 13:37:36,2024-05-11 13:45:57,sBJMjBkssG1SPUpdfwCLgJCkwlMCeKLH1hTDLFdxWE8,2025-12-16 09:43:30,2025-12-16 02:25:37,2024-05-11 13:45:57
860497077594015,860497077594015,16980130860497077594015,,已激活,2024-05-09 11:41:26,2024-05-09 11:46:40,sBJMjBkssG1SPUpdfwCLgJCkwlMCeKLH1hTDLFdxWE8,2025-12-06 01:23:06,2025-12-06 01:20:00,2024-05-09 11:46:40
860497077594049,860497077594049,16980130860497077594049,,已激活,2024-05-09 10:10:59,2024-05-09 10:11:46,sBJMjBkssG1SPUpdfwCLgJCkwlMCeKLH1hTDLFdxWE8,2025-11-25 04:24:26,2025-11-25 04:23:24,2024-05-09 10:11:46
860497077593959,860497077593959,16980130860497077593959,,已激活,2024-05-09 10:00:56,2024-12-20 15:58:29,sBJMjBkssG1SPUpdfwCLgJCkwlMCeKLH1hTDLFdxWE8,2025-12-18 17:39:52,2025-12-18 17:25:18,2024-12-20 15:58:29
860497077630942,860497077630942,16980130860497077630942,,已激活,2024-04-30 09:47:07,2024-04-30 09:47:10,sBJMjBkssG1SPUpdfwCLgJCkwlMCeKLH1hTDLFdxWE8,2025-11-09 22:12:14,2025-11-10 19:57:15,2024-04-30 09:47:10
860497077631080,860497077631080,16980130860497077631080,,已激活,2024-04-19 12:18:52,2024-04-19 12:22:16,sBJMjBkssG1SPUpdfwCLgJCkwlMCeKLH1hTDLFdxWE8,2025-12-20 13:06:35,2025-12-20 12:47:06,2024-04-19 12:22:16
860497077631213,860497077631213,16980130860497077631213,,已注册,2024-04-17 16:54:23,,sBJMjBkssG1SPUpdfwCLgJCkwlMCeKLH1hTDLFdxWE8,,,
860497077631502,860497077631502,16980130860497077631502,,已激活,2024-04-17 16:54:23,2024-04-17 16:58:37,sBJMjBkssG1SPUpdfwCLgJCkwlMCeKLH1hTDLFdxWE8,2025-12-18 01:28:53,2025-12-18 01:20:51,2024-04-17 16:58:37
860497077625900,860497077625900,16980130860497077625900,,已激活,2024-04-17 16:54:23,2024-04-17 17:02:11,sBJMjBkssG1SPUpdfwCLgJCkwlMCeKLH1hTDLFdxWE8,2025-07-17 16:43:26,2025-07-17 16:49:26,2024-04-17 17:02:11
860497077622527,860497077622527,16980130860497077622527,,已激活,2024-04-17 16:54:23,2024-04-17 17:16:15,sBJMjBkssG1SPUpdfwCLgJCkwlMCeKLH1hTDLFdxWE8,2025-11-25 04:24:25,2025-11-25 04:24:21,2024-04-17 17:16:15
860497077622592,860497077622592,16980130860497077622592,,已激活,2024-04-17 16:52:28,2024-04-17 16:55:18,sBJMjBkssG1SPUpdfwCLgJCkwlMCeKLH1hTDLFdxWE8,2025-12-09 15:06:11,2025-12-09 14:40:02,2024-04-17 16:55:18
860497077622642,860497077622642,16980130860497077622642,,已激活,2024-04-17 11:55:50,2024-04-17 11:55:55,sBJMjBkssG1SPUpdfwCLgJCkwlMCeKLH1hTDLFdxWE8,2025-12-21 15:54:36,2025-12-21 17:33:36,2024-04-17 11:55:55
860061065749856,860061065749856,16980130860061065749856,,已注册,2024-04-17 11:12:40,,sBJMjBkssG1SPUpdfwCLgJCkwlMCeKLH1hTDLFdxWE8,,,
860497077622462,860497077622462,16980130860497077622462,,已注册,2024-04-02 17:51:12,,sBJMjBkssG1SPUpdfwCLgJCkwlMCeKLH1hTDLFdxWE8,,,
860497077631270,860497077631270,16980130860497077631270,,已激活,2024-04-02 15:43:21,2024-04-02 15:54:56,sBJMjBkssG1SPUpdfwCLgJCkwlMCeKLH1hTDLFdxWE8,2025-12-21 19:30:19,2025-12-21 19:34:49,2024-04-02 15:54:56
860497077631049,860497077631049,16980130860497077631049,,已激活,2024-03-26 11:12:08,2024-03-26 11:12:14,sBJMjBkssG1SPUpdfwCLgJCkwlMCeKLH1hTDLFdxWE8,2025-11-25 04:24:59,2025-09-20 09:51:31,2024-03-26 11:12:14
860497077593926,860497077593926,16980130860497077593926,,已激活,2024-03-15 16:33:16,2024-03-15 16:33:20,sBJMjBkssG1SPUpdfwCLgJCkwlMCeKLH1hTDLFdxWE8,2025-12-21 09:56:55,2025-12-21 09:32:31,2024-03-15 16:33:20
860497077632096,860497077632096,16980130860497077632096,,已激活,2024-03-14 09:58:55,2024-03-14 10:00:14,sBJMjBkssG1SPUpdfwCLgJCkwlMCeKLH1hTDLFdxWE8,2025-12-13 08:10:15,2025-11-10 20:44:36,2024-03-14 10:00:14
860497077404785,860497077404785,16980130860497077404785,,已激活,2024-03-08 13:29:27,2024-03-08 13:30:00,sBJMjBkssG1SPUpdfwCLgJCkwlMCeKLH1hTDLFdxWE8,2024-03-08 13:30:00,2024-03-08 13:34:30,2024-03-08 13:30:00
860497077404736,860497077404736,16980130860497077404736,,已激活,2024-03-08 13:22:24,2024-03-08 13:42:39,sBJMjBkssG1SPUpdfwCLgJCkwlMCeKLH1hTDLFdxWE8,2024-03-08 13:42:39,2024-03-08 13:47:09,2024-03-08 13:42:39
860497077404835,860497077404835,16980130860497077404835,,已激活,2024-03-08 13:21:34,2024-03-08 13:36:22,sBJMjBkssG1SPUpdfwCLgJCkwlMCeKLH1hTDLFdxWE8,2024-03-08 13:36:22,2024-03-08 13:42:22,2024-03-08 13:36:22
860497077404793,860497077404793,16980130860497077404793,,已激活,2024-03-08 13:21:34,2024-03-08 13:34:13,sBJMjBkssG1SPUpdfwCLgJCkwlMCeKLH1hTDLFdxWE8,2024-03-08 13:34:13,2024-03-08 13:38:43,2024-03-08 13:34:13
860497077404538,860497077404538,16980130860497077404538,,已激活,2024-03-08 13:21:34,2024-03-08 13:44:29,sBJMjBkssG1SPUpdfwCLgJCkwlMCeKLH1hTDLFdxWE8,2024-03-08 13:44:29,2024-03-08 13:50:29,2024-03-08 13:44:29
860497077404801,860497077404801,16980130860497077404801,,已激活,2024-03-08 12:25:46,2024-03-08 12:27:46,sBJMjBkssG1SPUpdfwCLgJCkwlMCeKLH1hTDLFdxWE8,2024-03-08 12:27:46,2024-03-08 13:14:16,2024-03-08 12:27:46
860497077631197,860497077631197,16980130860497077631197,,已激活,2024-03-07 18:20:15,2024-03-07 18:22:00,sBJMjBkssG1SPUpdfwCLgJCkwlMCeKLH1hTDLFdxWE8,2025-11-25 15:54:17,2025-11-25 15:39:55,2024-03-07 18:22:00
860497077621644,860497077621644,16980130860497077621644,,已激活,2024-03-06 16:56:58,2024-03-07 20:03:36,sBJMjBkssG1SPUpdfwCLgJCkwlMCeKLH1hTDLFdxWE8,2025-11-25 04:35:39,2025-10-20 11:59:06,2024-03-07 20:03:36
860497077631478,860497077631478,16980130860497077631478,,已激活,2024-03-06 16:56:58,2024-03-08 09:47:45,sBJMjBkssG1SPUpdfwCLgJCkwlMCeKLH1hTDLFdxWE8,2025-12-18 16:24:23,2025-12-18 16:18:14,2024-03-08 09:47:45
860497077621800,860497077621800,16980130860497077621800,,已激活,2024-03-06 16:56:57,2024-03-07 19:51:24,sBJMjBkssG1SPUpdfwCLgJCkwlMCeKLH1hTDLFdxWE8,2025-12-21 11:34:58,2025-12-21 11:06:50,2024-03-07 19:51:24
860497077621909,860497077621909,16980130860497077621909,,已激活,2024-03-06 16:56:57,2024-03-07 19:37:37,sBJMjBkssG1SPUpdfwCLgJCkwlMCeKLH1hTDLFdxWE8,2025-12-17 11:37:38,2025-12-17 10:55:54,2024-03-07 19:37:37
860497077622451,860497077622451,16980130860497077622451,,已激活,2024-03-06 16:56:57,2024-03-07 19:30:42,sBJMjBkssG1SPUpdfwCLgJCkwlMCeKLH1hTDLFdxWE8,2025-12-09 14:50:23,2025-12-09 14:29:26,2024-03-07 19:30:42
860497077621941,860497077621941,16980130860497077621941,,已激活,2024-03-06 16:56:57,2024-03-07 19:26:57,sBJMjBkssG1SPUpdfwCLgJCkwlMCeKLH1hTDLFdxWE8,2025-12-07 15:15:09,2025-12-07 14:05:09,2024-03-07 19:26:57
860497077622477,860497077622477,16980130860497077622477,,已激活,2024-03-06 16:56:57,2024-03-07 18:42:21,sBJMjBkssG1SPUpdfwCLgJCkwlMCeKLH1hTDLFdxWE8,2025-12-14 07:10:22,2025-12-14 06:40:14,2024-03-07 18:42:21
860497077621776,860497077621776,16980130860497077621776,,已激活,2024-03-06 16:56:57,2024-03-07 11:28:07,sBJMjBkssG1SPUpdfwCLgJCkwlMCeKLH1hTDLFdxWE8,2025-12-20 21:46:04,2025-12-20 21:35:57,2024-03-07 11:28:07
860497077621727,860497077621727,16980130860497077621727,,已激活,2024-03-06 15:56:15,2024-03-06 16:10:21,sBJMjBkssG1SPUpdfwCLgJCkwlMCeKLH1hTDLFdxWE8,2025-12-21 11:44:06,2025-12-21 14:27:37,2024-03-06 16:10:21
860497077631189,860497077631189,16980130860497077631189,,已激活,2024-03-06 15:56:15,2024-03-07 11:41:59,sBJMjBkssG1SPUpdfwCLgJCkwlMCeKLH1hTDLFdxWE8,2025-12-21 19:47:47,2025-12-21 19:34:16,2024-03-07 11:41:59
860497077622568,860497077622568,16980130860497077622568,,已激活,2024-03-06 15:56:15,2024-03-06 16:43:12,sBJMjBkssG1SPUpdfwCLgJCkwlMCeKLH1hTDLFdxWE8,2025-12-20 10:21:22,2025-12-20 10:25:52,2024-03-06 16:43:12
860497077631130,860497077631130,16980130860497077631130,,已激活,2024-03-06 15:56:15,2024-03-07 14:05:45,sBJMjBkssG1SPUpdfwCLgJCkwlMCeKLH1hTDLFdxWE8,2025-12-20 10:45:56,2025-12-20 10:30:08,2024-03-07 14:05:45
860497077631312,860497077631312,16980130860497077631312,,已激活,2024-03-06 15:56:15,2024-03-07 13:41:59,sBJMjBkssG1SPUpdfwCLgJCkwlMCeKLH1hTDLFdxWE8,2025-11-26 00:10:58,2025-11-25 04:23:55,2024-03-07 13:41:59
860497077622469,860497077622469,16980130860497077622469,,已激活,2024-03-06 15:56:15,2024-03-07 12:01:34,sBJMjBkssG1SPUpdfwCLgJCkwlMCeKLH1hTDLFdxWE8,2025-12-03 12:49:15,2025-12-03 12:47:40,2024-03-07 12:01:34
860497077404652,860497077404652,16980130860497077404652,,已激活,2024-02-27 15:28:16,2024-02-27 15:29:10,sBJMjBkssG1SPUpdfwCLgJCkwlMCeKLH1hTDLFdxWE8,2024-02-27 15:29:10,2024-02-27 15:36:40,2024-02-27 15:29:10
860497077404751,860497077404751,16980130860497077404751,,已激活,2024-02-27 15:28:16,2024-02-27 15:38:30,sBJMjBkssG1SPUpdfwCLgJCkwlMCeKLH1hTDLFdxWE8,2024-02-27 15:38:30,2024-02-27 15:44:30,2024-02-27 15:38:30
860497077392048,860497077392048,16980130860497077392048,,已激活,2024-02-27 15:28:16,2024-02-27 15:58:05,sBJMjBkssG1SPUpdfwCLgJCkwlMCeKLH1hTDLFdxWE8,2024-02-27 15:58:05,2024-02-27 16:04:05,2024-02-27 15:58:05
860497077404553,860497077404553,16980130860497077404553,,已激活,2024-02-27 15:28:16,2024-02-27 16:12:10,sBJMjBkssG1SPUpdfwCLgJCkwlMCeKLH1hTDLFdxWE8,2024-02-27 16:12:10,2024-02-27 16:18:10,2024-02-27 16:12:10
860497077404686,860497077404686,16980130860497077404686,,已激活,2024-02-27 15:28:15,2024-02-27 15:35:00,sBJMjBkssG1SPUpdfwCLgJCkwlMCeKLH1hTDLFdxWE8,2024-02-27 15:35:00,2024-02-27 15:41:00,2024-02-27 15:35:00
860497077404595,860497077404595,16980130860497077404595,,已激活,2024-02-27 15:28:15,2024-02-27 16:21:54,sBJMjBkssG1SPUpdfwCLgJCkwlMCeKLH1hTDLFdxWE8,2024-04-03 12:56:03,2024-04-03 13:02:03,2024-02-27 16:21:54
860497077404777,860497077404777,16980130860497077404777,,已激活,2024-02-27 15:28:15,2024-02-27 16:03:48,sBJMjBkssG1SPUpdfwCLgJCkwlMCeKLH1hTDLFdxWE8,2024-02-27 16:03:48,2024-02-27 16:09:48,2024-02-27 16:03:48
860497077404645,860497077404645,16980130860497077404645,,已激活,2024-02-27 15:28:15,2024-02-27 16:19:34,sBJMjBkssG1SPUpdfwCLgJCkwlMCeKLH1hTDLFdxWE8,2024-02-27 16:19:34,2024-02-27 16:25:34,2024-02-27 16:19:34
860497077404710,860497077404710,16980130860497077404710,,已激活,2024-02-27 15:28:15,2024-02-27 15:53:12,sBJMjBkssG1SPUpdfwCLgJCkwlMCeKLH1hTDLFdxWE8,2024-02-27 15:53:12,2024-02-27 15:59:12,2024-02-27 15:53:12
860497077404728,860497077404728,16980130860497077404728,,已激活,2024-02-27 15:28:14,2024-02-27 16:17:00,sBJMjBkssG1SPUpdfwCLgJCkwlMCeKLH1hTDLFdxWE8,2024-02-27 16:17:00,2024-02-27 16:23:00,2024-02-27 16:17:00
860497077404629,860497077404629,16980130860497077404629,,已激活,2024-02-27 15:28:14,2024-02-27 16:11:33,sBJMjBkssG1SPUpdfwCLgJCkwlMCeKLH1hTDLFdxWE8,2024-02-27 16:11:33,2024-02-27 16:16:03,2024-02-27 16:11:33
860497077404637,860497077404637,16980130860497077404637,,已激活,2024-02-27 15:28:14,2024-02-27 16:06:10,sBJMjBkssG1SPUpdfwCLgJCkwlMCeKLH1hTDLFdxWE8,2024-02-27 16:06:10,2024-02-27 16:12:10,2024-02-27 16:06:10
860497077404561,860497077404561,16980130860497077404561,,已激活,2024-02-27 15:28:14,2024-02-27 16:14:32,sBJMjBkssG1SPUpdfwCLgJCkwlMCeKLH1hTDLFdxWE8,2024-02-27 16:14:32,2024-02-27 16:20:32,2024-02-27 16:14:32
860497077404579,860497077404579,16980130860497077404579,,已激活,2024-02-27 15:28:14,2024-02-27 15:44:18,sBJMjBkssG1SPUpdfwCLgJCkwlMCeKLH1hTDLFdxWE8,2024-02-27 15:44:18,2024-02-27 15:48:48,2024-02-27 15:44:18
860497077404678,860497077404678,16980130860497077404678,,已激活,2024-02-27 15:28:14,2024-02-27 15:45:45,sBJMjBkssG1SPUpdfwCLgJCkwlMCeKLH1hTDLFdxWE8,2024-02-27 15:45:45,2024-02-27 15:53:15,2024-02-27 15:45:45
860497077404744,860497077404744,16980130860497077404744,,已激活,2024-02-27 15:28:14,2024-02-27 16:03:19,sBJMjBkssG1SPUpdfwCLgJCkwlMCeKLH1hTDLFdxWE8,2024-02-27 16:03:19,2024-02-27 16:07:49,2024-02-27 16:03:19
860497077404702,860497077404702,16980130860497077404702,,已激活,2024-02-27 15:28:14,2024-02-27 15:50:48,sBJMjBkssG1SPUpdfwCLgJCkwlMCeKLH1hTDLFdxWE8,2024-02-27 15:50:48,2024-02-27 15:56:48,2024-02-27 15:50:48
860497077404769,860497077404769,16980130860497077404769,,已激活,2024-02-27 15:28:13,2024-02-27 15:55:38,sBJMjBkssG1SPUpdfwCLgJCkwlMCeKLH1hTDLFdxWE8,2024-02-27 15:55:38,2024-02-27 16:01:38,2024-02-27 15:55:38
860497077391958,860497077391958,16980130860497077391958,,已激活,2024-02-06 11:26:49,2024-02-06 11:26:53,sBJMjBkssG1SPUpdfwCLgJCkwlMCeKLH1hTDLFdxWE8,2024-02-06 11:26:53,2024-02-06 11:31:23,2024-02-06 11:26:53
860497077392642,860497077392642,16980130860497077392642,,已激活,2024-02-06 10:31:47,2024-02-26 10:25:44,sBJMjBkssG1SPUpdfwCLgJCkwlMCeKLH1hTDLFdxWE8,2024-02-27 12:39:10,2024-02-27 12:43:40,2024-02-26 10:25:44
860497077392501,860497077392501,16980130860497077392501,,已激活,2024-02-06 10:31:47,2024-02-06 10:38:34,sBJMjBkssG1SPUpdfwCLgJCkwlMCeKLH1hTDLFdxWE8,2024-02-06 10:38:34,2024-02-06 10:46:04,2024-02-06 10:38:34
860497077391925,860497077391925,16980130860497077391925,,已激活,2024-02-06 10:31:47,2024-02-06 10:54:26,sBJMjBkssG1SPUpdfwCLgJCkwlMCeKLH1hTDLFdxWE8,2024-02-06 10:54:26,2024-02-06 11:00:26,2024-02-06 10:54:26
860497077392386,860497077392386,16980130860497077392386,,已激活,2024-02-06 10:31:47,2024-02-06 10:47:00,sBJMjBkssG1SPUpdfwCLgJCkwlMCeKLH1hTDLFdxWE8,2024-02-06 10:47:00,2024-02-06 10:54:30,2024-02-06 10:47:00
860497077404546,860497077404546,16980130860497077404546,,已激活,2024-02-06 10:31:47,2024-02-06 10:44:00,sBJMjBkssG1SPUpdfwCLgJCkwlMCeKLH1hTDLFdxWE8,2024-02-06 10:44:00,2024-02-06 10:50:00,2024-02-06 10:44:00
860497077392659,860497077392659,16980130860497077392659,,已激活,2024-02-06 10:31:47,2024-02-06 15:07:42,sBJMjBkssG1SPUpdfwCLgJCkwlMCeKLH1hTDLFdxWE8,2024-02-26 11:23:14,2024-02-26 11:35:14,2024-02-06 15:07:42
860497077392402,860497077392402,16980130860497077392402,,已激活,2024-02-06 10:31:47,2024-02-06 14:52:27,sBJMjBkssG1SPUpdfwCLgJCkwlMCeKLH1hTDLFdxWE8,2024-02-26 10:53:10,2024-02-26 10:59:10,2024-02-06 14:52:27
860497077392022,860497077392022,16980130860497077392022,,已激活,2024-02-06 10:31:46,2024-02-06 14:38:01,sBJMjBkssG1SPUpdfwCLgJCkwlMCeKLH1hTDLFdxWE8,2024-02-06 14:38:01,2024-02-06 14:47:01,2024-02-06 14:38:01
860497077392634,860497077392634,16980130860497077392634,,已激活,2024-02-06 10:31:46,2024-02-26 11:32:22,sBJMjBkssG1SPUpdfwCLgJCkwlMCeKLH1hTDLFdxWE8,2024-02-26 11:32:22,2024-02-26 11:38:22,2024-02-26 11:32:22
860497077392014,860497077392014,16980130860497077392014,,已激活,2024-02-06 10:31:46,2024-02-06 14:44:59,sBJMjBkssG1SPUpdfwCLgJCkwlMCeKLH1hTDLFdxWE8,2024-02-06 14:46:41,2024-02-06 14:54:11,2024-02-06 14:44:59
860497077391974,860497077391974,16980130860497077391974,,已激活,2024-02-06 10:31:46,2024-02-06 14:23:36,sBJMjBkssG1SPUpdfwCLgJCkwlMCeKLH1hTDLFdxWE8,2024-02-26 10:46:57,2024-02-26 10:52:58,2024-02-06 14:23:36
860497077391941,860497077391941,16980130860497077391941,,已激活,2024-02-06 10:31:46,2024-02-06 14:35:08,sBJMjBkssG1SPUpdfwCLgJCkwlMCeKLH1hTDLFdxWE8,2024-02-26 10:57:09,2024-02-26 11:03:09,2024-02-06 14:35:08
860497077391982,860497077391982,16980130860497077391982,,已注册,2024-02-06 10:31:46,,sBJMjBkssG1SPUpdfwCLgJCkwlMCeKLH1hTDLFdxWE8,,,
860497077392576,860497077392576,16980130860497077392576,,已注册,2024-02-06 10:31:46,,sBJMjBkssG1SPUpdfwCLgJCkwlMCeKLH1hTDLFdxWE8,,,
860497077391990,860497077391990,16980130860497077391990,,已激活,2024-02-06 10:31:45,2024-02-06 15:13:24,sBJMjBkssG1SPUpdfwCLgJCkwlMCeKLH1hTDLFdxWE8,2024-02-06 15:13:24,2024-02-06 15:20:54,2024-02-06 15:13:24
860497077392592,860497077392592,16980130860497077392592,,已注册,2024-02-06 10:31:45,,sBJMjBkssG1SPUpdfwCLgJCkwlMCeKLH1hTDLFdxWE8,,,
860497077392360,860497077392360,16980130860497077392360,,已激活,2024-02-06 10:31:45,2024-02-06 15:59:17,sBJMjBkssG1SPUpdfwCLgJCkwlMCeKLH1hTDLFdxWE8,2024-02-06 15:59:17,2024-02-06 16:06:47,2024-02-06 15:59:17
860497077392006,860497077392006,16980130860497077392006,,已激活,2024-02-06 10:31:45,2024-02-06 15:55:13,sBJMjBkssG1SPUpdfwCLgJCkwlMCeKLH1hTDLFdxWE8,2024-02-06 15:55:13,2024-02-06 16:01:13,2024-02-06 15:55:13
860497077392691,860497077392691,16980130860497077392691,,已激活,2024-02-06 10:31:45,2024-02-06 15:24:13,sBJMjBkssG1SPUpdfwCLgJCkwlMCeKLH1hTDLFdxWE8,2024-02-06 15:24:13,2024-02-06 15:31:43,2024-02-06 15:24:13
860497077391966,860497077391966,16980130860497077391966,,已激活,2024-02-06 09:48:06,2024-02-06 09:48:32,sBJMjBkssG1SPUpdfwCLgJCkwlMCeKLH1hTDLFdxWE8,2024-02-26 10:50:28,2024-02-26 10:56:28,2024-02-06 09:48:32
860497077632626,860497077632626,16980130860497077632626,,已注册,2024-02-05 11:15:22,,sBJMjBkssG1SPUpdfwCLgJCkwlMCeKLH1hTDLFdxWE8,,,
860497077392568,860497077392568,16980130860497077392568,,已激活,2024-02-05 11:15:22,2024-02-05 11:15:38,sBJMjBkssG1SPUpdfwCLgJCkwlMCeKLH1hTDLFdxWE8,2024-02-26 11:01:50,2024-02-26 11:07:50,2024-02-05 11:15:38
860497077392543,860497077392543,16980130860497077392543,,已激活,2024-02-05 11:15:22,2024-02-05 11:53:00,sBJMjBkssG1SPUpdfwCLgJCkwlMCeKLH1hTDLFdxWE8,2024-02-05 11:53:00,2024-02-05 12:11:00,2024-02-05 11:53:00
860061065744691,860061065744691,16980130860061065744691,,已激活,2024-01-12 17:02:16,2024-01-12 17:02:21,sBJMjBkssG1SPUpdfwCLgJCkwlMCeKLH1hTDLFdxWE8,2024-01-18 16:38:27,2024-01-18 16:42:57,2024-01-12 17:02:21
860497077621628,860497077621628,16980130860497077621628,,已激活,2024-01-05 14:52:14,2024-01-05 14:57:36,sBJMjBkssG1SPUpdfwCLgJCkwlMCeKLH1hTDLFdxWE8,2025-11-25 04:32:55,2025-11-11 05:46:36,2024-01-05 14:57:36
860497077621149,860497077621149,16980130860497077621149,,已激活,2024-01-05 14:34:46,2024-01-05 15:29:03,sBJMjBkssG1SPUpdfwCLgJCkwlMCeKLH1hTDLFdxWE8,2025-11-18 14:36:55,2025-11-18 14:42:55,2024-01-05 15:29:03
860497077627690,860497077627690,16980130860497077627690,,已激活,2024-01-05 14:34:46,2024-01-05 15:06:03,sBJMjBkssG1SPUpdfwCLgJCkwlMCeKLH1hTDLFdxWE8,2025-09-11 12:47:42,2025-09-11 12:52:12,2024-01-05 15:06:03
860497077621065,860497077621065,16980130860497077621065,,已激活,2024-01-05 14:34:46,2024-01-05 15:50:32,sBJMjBkssG1SPUpdfwCLgJCkwlMCeKLH1hTDLFdxWE8,2025-11-25 04:33:47,2025-11-25 04:27:19,2024-01-05 15:50:32
860497077625926,860497077625926,16980130860497077625926,,已激活,2024-01-05 14:34:45,2024-01-05 16:02:39,sBJMjBkssG1SPUpdfwCLgJCkwlMCeKLH1hTDLFdxWE8,2024-11-22 14:00:35,2024-11-22 14:06:35,2024-01-05 16:02:39
860497077621156,860497077621156,16980130860497077621156,,已激活,2024-01-03 11:08:39,2024-01-03 11:08:59,sBJMjBkssG1SPUpdfwCLgJCkwlMCeKLH1hTDLFdxWE8,2025-12-20 21:50:29,2025-12-20 21:48:22,2024-01-03 11:08:59
860497077594494,860497077594494,16980130860497077594494,,已激活,2023-12-29 18:10:08,2023-12-29 18:11:11,sBJMjBkssG1SPUpdfwCLgJCkwlMCeKLH1hTDLFdxWE8,2025-12-20 07:17:03,2025-12-20 08:45:33,2023-12-29 18:11:11
860497077627708,860497077627708,16980130860497077627708,,已激活,2023-12-29 18:06:12,2023-12-29 19:05:55,sBJMjBkssG1SPUpdfwCLgJCkwlMCeKLH1hTDLFdxWE8,2025-11-25 04:23:56,2025-11-27 15:41:58,2023-12-29 19:05:55
860497077621487,860497077621487,16980130860497077621487,,已激活,2023-12-29 18:06:12,2023-12-29 18:59:12,sBJMjBkssG1SPUpdfwCLgJCkwlMCeKLH1hTDLFdxWE8,2023-12-29 19:00:43,2023-12-29 19:06:43,2023-12-29 18:59:12
860497077632518,860497077632518,16980130860497077632518,,已激活,2023-12-29 18:06:12,2023-12-29 18:48:21,sBJMjBkssG1SPUpdfwCLgJCkwlMCeKLH1hTDLFdxWE8,2025-12-20 03:47:00,2025-12-20 03:32:53,2023-12-29 18:48:21
860497077625918,860497077625918,16980130860497077625918,,已激活,2023-12-29 18:06:12,2023-12-29 18:29:20,sBJMjBkssG1SPUpdfwCLgJCkwlMCeKLH1hTDLFdxWE8,2024-08-22 17:35:27,2024-08-22 17:39:57,2023-12-29 18:29:20
860497077621099,860497077621099,16980130860497077621099,,已激活,2023-12-29 18:06:12,2024-01-02 14:52:41,sBJMjBkssG1SPUpdfwCLgJCkwlMCeKLH1hTDLFdxWE8,2024-10-08 08:54:02,2024-10-08 08:58:32,2024-01-02 14:52:41
860497077627385,860497077627385,16980130860497077627385,,已激活,2023-12-29 18:01:37,2023-12-29 18:14:08,sBJMjBkssG1SPUpdfwCLgJCkwlMCeKLH1hTDLFdxWE8,2025-12-12 22:08:53,2025-12-12 21:54:11,2023-12-29 18:14:08
860497077625850,860497077625850,16980130860497077625850,,已激活,2023-12-29 18:01:37,2023-12-29 18:30:38,sBJMjBkssG1SPUpdfwCLgJCkwlMCeKLH1hTDLFdxWE8,2025-12-12 09:38:17,2025-12-01 18:00:03,2023-12-29 18:30:38
860497077621164,860497077621164,16980130860497077621164,,已激活,2023-12-29 18:01:37,2023-12-29 18:02:54,sBJMjBkssG1SPUpdfwCLgJCkwlMCeKLH1hTDLFdxWE8,2024-12-04 12:17:59,2024-12-04 13:22:29,2023-12-29 18:02:54
860497077621495,860497077621495,16980130860497077621495,,已激活,2023-12-29 18:01:37,2023-12-29 18:26:10,sBJMjBkssG1SPUpdfwCLgJCkwlMCeKLH1hTDLFdxWE8,2024-06-09 04:23:57,2024-06-09 08:35:57,2023-12-29 18:26:10
125684258,125684258,16980130125684258,,已注册,2023-12-27 17:42:22,,sBJMjBkssG1SPUpdfwCLgJCkwlMCeKLH1hTDLFdxWE8,,,
12345678998745,12345678998745,1698013012345678998745,,已注册,2023-12-27 17:33:32,,sBJMjBkssG1SPUpdfwCLgJCkwlMCeKLH1hTDLFdxWE8,,,
123456753456,123456753456,16980130123456753456,,已注册,2023-12-26 18:55:18,,sBJMjBkssG1SPUpdfwCLgJCkwlMCeKLH1hTDLFdxWE8,,,
1234567899,1234567899,169801301234567899,,已注册,2023-12-26 18:44:04,,sBJMjBkssG1SPUpdfwCLgJCkwlMCeKLH1hTDLFdxWE8,,,
4G,860061065744659,16980130860061065744659,,已激活,2023-11-01 18:37:51,2023-11-01 19:17:01,sBJMjBkssG1SPUpdfwCLgJCkwlMCeKLH1hTDLFdxWE8,2023-11-01 22:52:21,2023-11-01 22:56:51,2023-11-01 19:17:01