产品名称,RepeaterLTE,,,产品Id,16857118,,,,,
通信协议,MQTT协议,,,认证方式,特征串,,,,,
消息格式,紧凑二进制,,,Masterkey,521e0d76d0024539a9718abb3e4f64cc,,,,,
,,,,,,,,,,
设备名称,设备编号,设备ID,固件版本,设备状态,创建时间,更新时间,密钥,上线时间,离线时间,激活时间
866877072647385,866877072647385,16857118866877072647385,,已激活,2025-11-19 11:33:07,2025-11-19 12:07:01,FwPSberg1VxPhgo4J1fGaKND9YYeXORGqtweMR8HrxY,2025-12-21 19:46:20,2025-12-21 19:38:51,2025-11-19 12:07:01
866877072652369,866877072652369,16857118866877072652369,,已激活,2025-11-17 14:33:27,2025-11-17 14:50:37,FwPSberg1VxPhgo4J1fGaKND9YYeXORGqtweMR8HrxY,2025-12-21 16:34:34,2025-12-21 16:29:47,2025-11-17 14:50:37
866877072650041,866877072650041,16857118866877072650041,,已激活,2025-11-11 11:00:34,2025-11-11 11:03:02,FwPSberg1VxPhgo4J1fGaKND9YYeXORGqtweMR8HrxY,2025-11-11 11:03:02,2025-11-11 11:07:32,2025-11-11 11:03:02
866877072651122,866877072651122,16857118866877072651122,,已激活,2025-10-24 14:37:20,2025-10-24 14:37:39,FwPSberg1VxPhgo4J1fGaKND9YYeXORGqtweMR8HrxY,2025-12-21 03:02:00,2025-12-10 12:09:21,2025-10-24 14:37:39
866877072650264,866877072650264,16857118866877072650264,,已激活,2025-10-11 10:35:25,2025-10-11 10:35:26,FwPSberg1VxPhgo4J1fGaKND9YYeXORGqtweMR8HrxY,2025-12-21 03:02:58,2025-12-02 01:49:04,2025-10-11 10:35:26
866877072645207,866877072645207,16857118866877072645207,,已激活,2025-09-23 11:34:47,2025-09-23 11:40:35,FwPSberg1VxPhgo4J1fGaKND9YYeXORGqtweMR8HrxY,2025-12-21 08:01:38,2025-12-09 04:36:07,2025-09-23 11:40:35
866877072645280,866877072645280,16857118866877072645280,,已激活,2025-09-23 11:34:47,2025-09-23 11:37:33,FwPSberg1VxPhgo4J1fGaKND9YYeXORGqtweMR8HrxY,2025-12-21 20:05:00,2025-12-21 19:54:34,2025-09-23 11:37:33
866877072656063,866877072656063,16857118866877072656063,,已激活,2025-09-22 15:03:43,2025-09-22 15:04:09,FwPSberg1VxPhgo4J1fGaKND9YYeXORGqtweMR8HrxY,2025-12-21 03:04:12,2025-12-05 01:20:11,2025-09-22 15:04:09
866877072654746,866877072654746,16857118866877072654746,,已激活,2025-09-11 15:26:26,2025-09-11 15:26:30,FwPSberg1VxPhgo4J1fGaKND9YYeXORGqtweMR8HrxY,2025-12-21 03:02:09,2025-12-10 14:27:39,2025-09-11 15:26:30
866877072650686,866877072650686,16857118866877072650686,,已激活,2025-09-10 14:19:41,2025-09-10 14:19:45,FwPSberg1VxPhgo4J1fGaKND9YYeXORGqtweMR8HrxY,2025-11-17 15:31:44,2025-11-18 13:49:45,2025-09-10 14:19:45
866207075362818,866207075362818,16857118866207075362818,,已激活,2025-09-10 10:41:09,2025-09-10 10:41:09,FwPSberg1VxPhgo4J1fGaKND9YYeXORGqtweMR8HrxY,2025-12-21 06:13:52,2025-12-02 15:37:31,2025-09-10 10:41:09
866877072660545,866877072660545,16857118866877072660545,,已激活,2025-09-04 16:43:57,2025-09-04 17:10:21,FwPSberg1VxPhgo4J1fGaKND9YYeXORGqtweMR8HrxY,2025-12-21 03:04:01,2025-12-17 17:49:25,2025-09-04 17:10:21
866877072650561,866877072650561,16857118866877072650561,,已激活,2025-09-04 16:42:52,2025-09-04 16:42:58,FwPSberg1VxPhgo4J1fGaKND9YYeXORGqtweMR8HrxY,2025-12-21 03:00:19,2025-12-20 00:43:38,2025-09-04 16:42:58
866877072630902,866877072630902,16857118866877072630902,,已激活,2025-09-04 16:42:51,2025-09-04 16:43:05,FwPSberg1VxPhgo4J1fGaKND9YYeXORGqtweMR8HrxY,2025-12-21 03:04:20,2025-12-19 23:16:51,2025-09-04 16:43:05
866877072653284,866877072653284,16857118866877072653284,,已激活,2025-09-04 14:45:58,2025-09-04 14:47:17,FwPSberg1VxPhgo4J1fGaKND9YYeXORGqtweMR8HrxY,2025-12-21 18:04:36,2025-12-21 17:51:52,2025-09-04 14:47:17
866877072645306,866877072645306,16857118866877072645306,,已激活,2025-08-28 11:01:12,2025-08-28 11:04:53,FwPSberg1VxPhgo4J1fGaKND9YYeXORGqtweMR8HrxY,2025-08-28 11:17:02,2025-08-28 11:29:02,2025-08-28 11:04:53
866877072651825,866877072651825,16857118866877072651825,,已激活,2025-08-28 11:01:12,2025-08-28 11:35:59,FwPSberg1VxPhgo4J1fGaKND9YYeXORGqtweMR8HrxY,2025-12-21 03:05:01,2025-12-15 15:33:17,2025-08-28 11:35:59
866877072652500,866877072652500,16857118866877072652500,,已激活,2025-08-28 11:01:11,2025-08-28 11:31:13,FwPSberg1VxPhgo4J1fGaKND9YYeXORGqtweMR8HrxY,2025-08-28 11:31:13,2025-08-28 11:35:43,2025-08-28 11:31:13
866877072652484,866877072652484,16857118866877072652484,,已激活,2025-08-28 11:01:11,2025-08-28 11:33:59,FwPSberg1VxPhgo4J1fGaKND9YYeXORGqtweMR8HrxY,2025-12-21 03:04:05,2025-08-28 11:38:29,2025-08-28 11:33:59
866877072653086,866877072653086,16857118866877072653086,,已激活,2025-08-28 11:01:11,2025-08-28 13:46:50,FwPSberg1VxPhgo4J1fGaKND9YYeXORGqtweMR8HrxY,2025-12-21 03:03:21,2025-12-01 17:34:15,2025-08-28 13:46:50
866877072654928,866877072654928,16857118866877072654928,,已激活,2025-08-22 13:36:43,2025-08-22 13:36:59,FwPSberg1VxPhgo4J1fGaKND9YYeXORGqtweMR8HrxY,2025-12-21 03:02:10,2025-11-14 17:14:53,2025-08-22 13:36:59
866877072654886,866877072654886,16857118866877072654886,,已激活,2025-08-21 15:10:40,2025-08-21 15:10:50,FwPSberg1VxPhgo4J1fGaKND9YYeXORGqtweMR8HrxY,2025-12-21 03:03:27,2025-12-15 05:34:20,2025-08-21 15:10:50
866207075363733,866207075363733,16857118866207075363733,,已激活,2025-08-12 16:33:39,2025-08-12 16:33:49,FwPSberg1VxPhgo4J1fGaKND9YYeXORGqtweMR8HrxY,2025-12-21 03:02:01,2025-09-27 15:33:11,2025-08-12 16:33:49
866877072641248,866877072641248,16857118866877072641248,,已激活,2025-08-08 10:46:03,2025-09-10 15:53:24,FwPSberg1VxPhgo4J1fGaKND9YYeXORGqtweMR8HrxY,2025-12-21 20:05:14,2025-12-21 19:43:06,2025-09-10 15:53:24
866877072653763,866877072653763,16857118866877072653763,,已激活,2025-08-07 15:58:09,2025-08-07 15:59:19,FwPSberg1VxPhgo4J1fGaKND9YYeXORGqtweMR8HrxY,2025-12-20 01:49:24,2025-12-20 01:31:14,2025-08-07 15:59:19
866877072654761,866877072654761,16857118866877072654761,,已激活,2025-08-05 15:33:35,2025-08-05 16:28:06,FwPSberg1VxPhgo4J1fGaKND9YYeXORGqtweMR8HrxY,2025-12-21 03:03:01,2025-11-28 02:36:39,2025-08-05 16:28:06
866877072650520,866877072650520,16857118866877072650520,,已激活,2025-08-05 13:37:42,2025-08-05 13:39:16,FwPSberg1VxPhgo4J1fGaKND9YYeXORGqtweMR8HrxY,2025-12-21 20:04:08,2025-12-21 19:38:20,2025-08-05 13:39:16
866877072660602,866877072660602,16857118866877072660602,,已激活,2025-08-04 09:44:43,2025-08-04 09:44:49,FwPSberg1VxPhgo4J1fGaKND9YYeXORGqtweMR8HrxY,2025-12-21 19:36:08,2025-12-21 19:30:08,2025-08-04 09:44:49
866877072647260,866877072647260,16857118866877072647260,,已激活,2025-08-04 09:41:48,2025-08-04 09:41:59,FwPSberg1VxPhgo4J1fGaKND9YYeXORGqtweMR8HrxY,2025-12-21 08:20:35,2025-11-25 04:18:11,2025-08-04 09:41:59
866207075447213,866207075447213,16857118866207075447213,,已激活,2025-07-30 13:57:05,2025-07-30 13:57:21,FwPSberg1VxPhgo4J1fGaKND9YYeXORGqtweMR8HrxY,2025-12-21 03:02:33,2025-11-18 10:38:58,2025-07-30 13:57:21
866877072656261,866877072656261,16857118866877072656261,,已激活,2025-07-30 13:39:50,2025-07-30 13:39:50,FwPSberg1VxPhgo4J1fGaKND9YYeXORGqtweMR8HrxY,2025-12-21 03:03:14,2025-12-08 10:34:01,2025-07-30 13:39:50
866877072650728,866877072650728,16857118866877072650728,,已激活,2025-07-29 14:54:49,2025-07-31 12:54:51,FwPSberg1VxPhgo4J1fGaKND9YYeXORGqtweMR8HrxY,2025-12-21 03:03:48,2025-12-20 23:37:24,2025-07-31 12:54:51
866877072656642,866877072656642,16857118866877072656642,,已激活,2025-07-29 13:40:21,2025-07-29 13:40:35,FwPSberg1VxPhgo4J1fGaKND9YYeXORGqtweMR8HrxY,2025-12-21 03:04:13,2025-12-17 07:29:28,2025-07-29 13:40:35
866877072644960,866877072644960,16857118866877072644960,,已激活,2025-07-28 10:18:16,2025-07-28 10:23:48,FwPSberg1VxPhgo4J1fGaKND9YYeXORGqtweMR8HrxY,2025-12-21 03:01:57,2025-11-25 04:21:46,2025-07-28 10:23:48
866877072641362,866877072641362,16857118866877072641362,,已激活,2025-07-22 16:36:55,2025-07-22 16:37:24,FwPSberg1VxPhgo4J1fGaKND9YYeXORGqtweMR8HrxY,2025-12-21 03:04:15,2025-12-20 23:08:22,2025-07-22 16:37:24
866877072652526,866877072652526,16857118866877072652526,,已激活,2025-07-22 10:32:31,2025-07-22 10:32:37,FwPSberg1VxPhgo4J1fGaKND9YYeXORGqtweMR8HrxY,2025-12-21 20:02:23,2025-12-21 20:06:53,2025-07-22 10:32:37
866877072650926,866877072650926,16857118866877072650926,,已激活,2025-07-21 11:42:30,2025-07-21 11:42:33,FwPSberg1VxPhgo4J1fGaKND9YYeXORGqtweMR8HrxY,2025-12-21 19:33:52,2025-12-21 19:27:38,2025-07-21 11:42:33
866877072656824,866877072656824,16857118866877072656824,,已激活,2025-07-15 13:50:41,2025-07-15 13:50:55,FwPSberg1VxPhgo4J1fGaKND9YYeXORGqtweMR8HrxY,2025-12-21 03:01:36,2025-11-06 12:40:28,2025-07-15 13:50:55
866207075008635,866207075008635,16857118866207075008635,,已激活,2025-07-09 16:31:48,2025-07-09 16:33:33,FwPSberg1VxPhgo4J1fGaKND9YYeXORGqtweMR8HrxY,2025-12-21 03:04:03,2025-12-16 18:49:30,2025-07-09 16:33:33
866207075008130,866207075008130,16857118866207075008130,,已激活,2025-07-09 15:11:15,2025-07-09 15:11:24,FwPSberg1VxPhgo4J1fGaKND9YYeXORGqtweMR8HrxY,2025-12-21 03:01:56,2025-11-28 02:38:05,2025-07-09 15:11:24
866877072659760,866877072659760,16857118866877072659760,,已激活,2025-07-09 15:11:15,2025-07-09 15:24:09,FwPSberg1VxPhgo4J1fGaKND9YYeXORGqtweMR8HrxY,2025-12-21 03:01:23,2025-10-16 10:36:18,2025-07-09 15:24:09
866207075008734,866207075008734,16857118866207075008734,,已激活,2025-07-08 10:30:46,2025-07-08 10:31:02,FwPSberg1VxPhgo4J1fGaKND9YYeXORGqtweMR8HrxY,2025-12-21 03:01:42,2025-12-21 01:55:18,2025-07-08 10:31:02
866207075440697,866207075440697,16857118866207075440697,,已激活,2025-07-07 16:19:07,2025-07-07 16:19:23,FwPSberg1VxPhgo4J1fGaKND9YYeXORGqtweMR8HrxY,2025-12-21 11:01:33,2025-12-20 22:09:09,2025-07-07 16:19:23
866877072646387,866877072646387,16857118866877072646387,,已激活,2025-07-07 15:25:29,2025-07-07 15:25:42,FwPSberg1VxPhgo4J1fGaKND9YYeXORGqtweMR8HrxY,2025-12-21 03:09:15,2025-12-21 03:04:51,2025-07-07 15:25:42
866877072653805,866877072653805,16857118866877072653805,,已激活,2025-07-07 11:48:56,2025-07-07 11:48:57,FwPSberg1VxPhgo4J1fGaKND9YYeXORGqtweMR8HrxY,2025-12-21 03:03:07,2025-12-19 15:57:57,2025-07-07 11:48:57
866877072645546,866877072645546,16857118866877072645546,,已激活,2025-07-04 10:26:44,2025-09-04 14:26:53,FwPSberg1VxPhgo4J1fGaKND9YYeXORGqtweMR8HrxY,2025-12-21 03:04:16,2025-12-17 17:04:49,2025-09-04 14:26:53
866877072646924,866877072646924,16857118866877072646924,,已激活,2025-06-30 09:37:34,2025-06-30 09:37:51,FwPSberg1VxPhgo4J1fGaKND9YYeXORGqtweMR8HrxY,2025-12-21 03:03:13,2025-12-20 23:40:11,2025-06-30 09:37:51
866877072651783,866877072651783,16857118866877072651783,,已激活,2025-06-20 15:10:28,2025-06-20 15:14:21,FwPSberg1VxPhgo4J1fGaKND9YYeXORGqtweMR8HrxY,2025-12-21 03:03:32,2025-11-16 03:35:31,2025-06-20 15:14:21
866877072654829,866877072654829,16857118866877072654829,,已激活,2025-06-20 09:41:57,2025-06-20 09:44:56,FwPSberg1VxPhgo4J1fGaKND9YYeXORGqtweMR8HrxY,2025-12-21 03:01:32,2025-09-12 03:23:43,2025-06-20 09:44:56
866877072660685,866877072660685,16857118866877072660685,,已激活,2025-06-20 09:41:56,2025-06-20 09:47:48,FwPSberg1VxPhgo4J1fGaKND9YYeXORGqtweMR8HrxY,2025-12-21 03:04:12,2025-12-05 01:21:40,2025-06-20 09:47:48
866877072660586,866877072660586,16857118866877072660586,,已激活,2025-06-20 09:41:56,2025-06-20 09:51:54,FwPSberg1VxPhgo4J1fGaKND9YYeXORGqtweMR8HrxY,2025-12-21 03:03:55,2025-11-14 19:28:17,2025-06-20 09:51:54
866877072646965,866877072646965,16857118866877072646965,,已激活,2025-06-19 16:10:24,2025-06-19 16:10:28,FwPSberg1VxPhgo4J1fGaKND9YYeXORGqtweMR8HrxY,2025-12-21 03:02:00,2025-10-18 09:20:33,2025-06-19 16:10:28
860497077625876,860497077625876,16857118860497077625876,,已注册,2025-06-16 09:31:17,,FwPSberg1VxPhgo4J1fGaKND9YYeXORGqtweMR8HrxY,,,
866207075411292,866207075411292,16857118866207075411292,,已激活,2025-06-12 14:48:04,2025-06-12 14:48:12,FwPSberg1VxPhgo4J1fGaKND9YYeXORGqtweMR8HrxY,2025-12-21 13:48:26,2025-12-21 13:19:43,2025-06-12 14:48:12
866877072653409,866877072653409,16857118866877072653409,,已激活,2025-06-10 13:50:44,2025-06-10 13:50:58,FwPSberg1VxPhgo4J1fGaKND9YYeXORGqtweMR8HrxY,2025-12-21 14:10:56,2025-12-05 01:21:00,2025-06-10 13:50:58
866877072656600,866877072656600,16857118866877072656600,,已激活,2025-06-10 13:47:58,2025-06-10 13:48:09,FwPSberg1VxPhgo4J1fGaKND9YYeXORGqtweMR8HrxY,2025-12-21 09:33:00,,2025-06-10 13:48:09
866207075008791,866207075008791,16857118866207075008791,,已激活,2025-06-09 09:25:47,2025-06-09 09:25:49,FwPSberg1VxPhgo4J1fGaKND9YYeXORGqtweMR8HrxY,2025-12-21 03:03:58,2025-12-15 01:50:56,2025-06-09 09:25:49
866207075008718,866207075008718,16857118866207075008718,,已激活,2025-06-04 10:08:50,2025-06-04 10:14:10,FwPSberg1VxPhgo4J1fGaKND9YYeXORGqtweMR8HrxY,2025-12-21 03:32:13,2025-12-21 03:30:23,2025-06-04 10:14:10
866877072630860,866877072630860,16857118866877072630860,,已激活,2025-06-03 11:14:05,2025-06-03 11:14:23,FwPSberg1VxPhgo4J1fGaKND9YYeXORGqtweMR8HrxY,2025-12-21 16:34:40,2025-12-21 16:24:09,2025-06-03 11:14:23
866877072645249,866877072645249,16857118866877072645249,,已激活,2025-06-03 11:14:05,2025-06-03 11:35:43,FwPSberg1VxPhgo4J1fGaKND9YYeXORGqtweMR8HrxY,2025-12-21 19:47:23,2025-12-21 19:59:24,2025-06-03 11:35:43
866877072646189,866877072646189,16857118866877072646189,,已激活,2025-06-03 11:07:58,2025-06-03 11:08:02,FwPSberg1VxPhgo4J1fGaKND9YYeXORGqtweMR8HrxY,2025-12-21 03:01:49,2025-12-13 00:20:22,2025-06-03 11:08:02
866877072646221,866877072646221,16857118866877072646221,,已激活,2025-06-03 11:07:58,2025-06-03 11:08:21,FwPSberg1VxPhgo4J1fGaKND9YYeXORGqtweMR8HrxY,2025-12-21 03:03:24,2025-12-13 17:32:28,2025-06-03 11:08:21
866877072655982,866877072655982,16857118866877072655982,,已注册,2025-06-03 11:03:50,,FwPSberg1VxPhgo4J1fGaKND9YYeXORGqtweMR8HrxY,,,
866877072655909,866877072655909,16857118866877072655909,,已激活,2025-06-03 11:03:50,2025-06-04 03:01:15,FwPSberg1VxPhgo4J1fGaKND9YYeXORGqtweMR8HrxY,2025-12-21 03:04:07,2025-12-13 00:21:28,2025-06-04 03:01:15
866877072647146,866877072647146,16857118866877072647146,,已激活,2025-06-03 11:00:17,2025-06-03 11:00:20,FwPSberg1VxPhgo4J1fGaKND9YYeXORGqtweMR8HrxY,2025-12-21 20:01:53,2025-12-21 19:32:48,2025-06-03 11:00:20
866877072641446,866877072641446,16857118866877072641446,,已激活,2025-06-03 11:00:16,2025-06-03 11:00:23,FwPSberg1VxPhgo4J1fGaKND9YYeXORGqtweMR8HrxY,2025-12-21 03:03:08,2025-10-22 02:19:55,2025-06-03 11:00:23
866877072646205,866877072646205,16857118866877072646205,,已激活,2025-06-03 10:55:44,2025-06-03 10:55:58,FwPSberg1VxPhgo4J1fGaKND9YYeXORGqtweMR8HrxY,2025-12-21 03:03:58,2025-12-08 12:34:08,2025-06-03 10:55:58
866877072652708,866877072652708,16857118866877072652708,,已激活,2025-06-03 10:55:44,2025-06-03 10:55:53,FwPSberg1VxPhgo4J1fGaKND9YYeXORGqtweMR8HrxY,2025-12-21 03:04:06,2025-09-12 00:40:06,2025-06-03 10:55:53
866877072640901,866877072640901,16857118866877072640901,,已激活,2025-06-03 10:52:21,2025-06-03 10:52:33,FwPSberg1VxPhgo4J1fGaKND9YYeXORGqtweMR8HrxY,2025-12-21 03:03:59,2025-12-14 13:43:23,2025-06-03 10:52:33
866877072641867,866877072641867,16857118866877072641867,,已激活,2025-06-03 10:49:56,2025-06-03 10:50:06,FwPSberg1VxPhgo4J1fGaKND9YYeXORGqtweMR8HrxY,2025-12-21 03:04:19,2025-11-07 14:03:17,2025-06-03 10:50:06
866877072656782,866877072656782,16857118866877072656782,,已激活,2025-06-03 10:45:56,2025-06-03 10:46:21,FwPSberg1VxPhgo4J1fGaKND9YYeXORGqtweMR8HrxY,2025-12-21 03:03:22,2025-12-13 00:20:56,2025-06-03 10:46:21
866877072650546,866877072650546,16857118866877072650546,,已激活,2025-06-03 10:43:25,2025-06-03 10:43:49,FwPSberg1VxPhgo4J1fGaKND9YYeXORGqtweMR8HrxY,2025-12-21 19:54:32,2025-12-21 19:42:13,2025-06-03 10:43:49
866207075442875,866207075442875,16857118866207075442875,,已注册,2025-05-27 17:25:28,,FwPSberg1VxPhgo4J1fGaKND9YYeXORGqtweMR8HrxY,,,
866877072645785,866877072645785,16857118866877072645785,,已激活,2025-05-26 15:49:36,2025-05-26 16:09:18,FwPSberg1VxPhgo4J1fGaKND9YYeXORGqtweMR8HrxY,2025-12-21 03:03:46,2025-12-18 20:05:39,2025-05-26 16:09:18
866877072645462,866877072645462,16857118866877072645462,,已激活,2025-05-26 15:49:36,2025-05-26 15:49:47,FwPSberg1VxPhgo4J1fGaKND9YYeXORGqtweMR8HrxY,2025-12-21 03:03:54,2025-12-18 12:05:13,2025-05-26 15:49:47
866207075002174,866207075002174,16857118866207075002174,,已激活,2025-05-26 14:33:20,2025-05-26 14:33:33,FwPSberg1VxPhgo4J1fGaKND9YYeXORGqtweMR8HrxY,2025-12-21 03:04:00,2025-12-06 06:14:04,2025-05-26 14:33:33
866877072646783,866877072646783,16857118866877072646783,,已激活,2025-05-26 10:49:42,2025-05-26 10:49:52,FwPSberg1VxPhgo4J1fGaKND9YYeXORGqtweMR8HrxY,2025-12-21 19:52:51,2025-12-21 19:57:21,2025-05-26 10:49:52
866877072645405,866877072645405,16857118866877072645405,,已激活,2025-05-26 10:46:57,2025-05-26 10:47:10,FwPSberg1VxPhgo4J1fGaKND9YYeXORGqtweMR8HrxY,2025-12-21 18:01:50,2025-12-21 17:42:45,2025-05-26 10:47:10
866877072653243,866877072653243,16857118866877072653243,,已激活,2025-05-26 10:03:49,2025-05-26 10:04:22,FwPSberg1VxPhgo4J1fGaKND9YYeXORGqtweMR8HrxY,2025-12-21 03:01:46,2025-12-20 07:39:23,2025-05-26 10:04:22
866877072647229,866877072647229,16857118866877072647229,,已激活,2025-05-26 10:02:52,2025-05-26 10:03:17,FwPSberg1VxPhgo4J1fGaKND9YYeXORGqtweMR8HrxY,2025-12-21 03:03:31,2025-12-12 21:48:57,2025-05-26 10:03:17
866877072650843,866877072650843,16857118866877072650843,,已激活,2025-05-26 09:50:23,2025-12-02 19:10:19,FwPSberg1VxPhgo4J1fGaKND9YYeXORGqtweMR8HrxY,2025-12-21 07:08:58,2025-12-21 06:46:21,2025-12-02 19:10:19
866877072650421,866877072650421,16857118866877072650421,,已激活,2025-05-26 09:50:23,2025-05-26 20:53:17,FwPSberg1VxPhgo4J1fGaKND9YYeXORGqtweMR8HrxY,2025-12-21 03:02:03,2025-12-11 09:46:18,2025-05-26 20:53:17
866877072647401,866877072647401,16857118866877072647401,,已激活,2025-05-26 09:47:27,2025-05-28 16:41:25,FwPSberg1VxPhgo4J1fGaKND9YYeXORGqtweMR8HrxY,2025-12-21 03:02:29,2025-12-19 01:05:26,2025-05-28 16:41:25
866877072646528,866877072646528,16857118866877072646528,,已激活,2025-05-26 09:47:27,2025-05-29 15:35:22,FwPSberg1VxPhgo4J1fGaKND9YYeXORGqtweMR8HrxY,2025-12-21 03:02:06,2025-12-19 15:17:11,2025-05-29 15:35:22
866877072647062,866877072647062,16857118866877072647062,,已激活,2025-05-26 09:43:56,2025-05-26 09:44:08,FwPSberg1VxPhgo4J1fGaKND9YYeXORGqtweMR8HrxY,2025-12-21 03:03:17,2025-12-18 14:49:51,2025-05-26 09:44:08
866877072651163,866877072651163,16857118866877072651163,,已激活,2025-05-26 09:43:56,2025-05-26 09:44:05,FwPSberg1VxPhgo4J1fGaKND9YYeXORGqtweMR8HrxY,2025-12-21 03:03:36,2025-12-19 01:38:19,2025-05-26 09:44:05
866877072641784,866877072641784,16857118866877072641784,,已激活,2025-05-26 09:40:33,2025-05-26 09:40:51,FwPSberg1VxPhgo4J1fGaKND9YYeXORGqtweMR8HrxY,2025-12-21 03:03:22,2025-12-18 14:37:38,2025-05-26 09:40:51
866877072651049,866877072651049,16857118866877072651049,,已激活,2025-05-26 09:40:33,2025-05-26 09:46:53,FwPSberg1VxPhgo4J1fGaKND9YYeXORGqtweMR8HrxY,2025-12-21 06:47:01,2025-12-18 15:49:26,2025-05-26 09:46:53
866877072656022,866877072656022,16857118866877072656022,,已激活,2025-05-26 09:37:04,2025-05-26 09:37:09,FwPSberg1VxPhgo4J1fGaKND9YYeXORGqtweMR8HrxY,2025-12-21 03:03:31,2025-12-11 09:46:13,2025-05-26 09:37:09
866877072655727,866877072655727,16857118866877072655727,,已激活,2025-05-26 09:37:04,2025-05-26 09:37:21,FwPSberg1VxPhgo4J1fGaKND9YYeXORGqtweMR8HrxY,2025-12-21 03:02:03,2025-12-11 09:46:00,2025-05-26 09:37:21
866877072645421,866877072645421,16857118866877072645421,,已激活,2025-05-26 09:32:13,2025-05-26 16:32:03,FwPSberg1VxPhgo4J1fGaKND9YYeXORGqtweMR8HrxY,2025-12-21 06:06:18,2025-12-20 18:13:09,2025-05-26 16:32:03
866877072646866,866877072646866,16857118866877072646866,,已激活,2025-05-26 09:32:13,2025-05-26 09:39:42,FwPSberg1VxPhgo4J1fGaKND9YYeXORGqtweMR8HrxY,2025-12-21 06:07:45,2025-12-15 19:20:40,2025-05-26 09:39:42
866877072655743,866877072655743,16857118866877072655743,,已激活,2025-05-26 09:32:13,2025-05-26 09:57:27,FwPSberg1VxPhgo4J1fGaKND9YYeXORGqtweMR8HrxY,2025-12-21 06:17:34,2025-12-19 00:25:53,2025-05-26 09:57:27
866877072641701,866877072641701,16857118866877072641701,,已激活,2025-05-26 09:28:15,2025-05-26 09:34:14,FwPSberg1VxPhgo4J1fGaKND9YYeXORGqtweMR8HrxY,2025-12-21 05:44:51,2025-12-18 07:01:57,2025-05-26 09:34:14
866877072641305,866877072641305,16857118866877072641305,,已激活,2025-05-26 09:25:45,2025-05-26 09:25:52,FwPSberg1VxPhgo4J1fGaKND9YYeXORGqtweMR8HrxY,2025-12-21 03:04:10,2025-12-12 18:37:26,2025-05-26 09:25:52
866877072650645,866877072650645,16857118866877072650645,,已激活,2025-05-26 09:23:01,2025-05-26 09:23:10,FwPSberg1VxPhgo4J1fGaKND9YYeXORGqtweMR8HrxY,2025-12-21 03:03:07,2025-12-19 12:37:21,2025-05-26 09:23:10
866877072641347,866877072641347,16857118866877072641347,,已激活,2025-05-26 09:21:18,2025-05-26 09:21:18,FwPSberg1VxPhgo4J1fGaKND9YYeXORGqtweMR8HrxY,2025-12-21 03:03:08,2025-12-11 09:40:41,2025-05-26 09:21:18
866877072652609,866877072652609,16857118866877072652609,,已激活,2025-05-26 09:10:59,2025-05-26 09:11:01,FwPSberg1VxPhgo4J1fGaKND9YYeXORGqtweMR8HrxY,2025-12-21 03:03:16,2025-11-27 07:03:24,2025-05-26 09:11:01
866877072656402,866877072656402,16857118866877072656402,,已激活,2025-05-23 16:15:32,2025-05-23 16:15:46,FwPSberg1VxPhgo4J1fGaKND9YYeXORGqtweMR8HrxY,2025-12-21 18:12:54,2025-12-21 18:17:24,2025-05-23 16:15:46
866877072659745,866877072659745,16857118866877072659745,,已激活,2025-05-23 16:15:32,2025-05-23 16:22:13,FwPSberg1VxPhgo4J1fGaKND9YYeXORGqtweMR8HrxY,2025-12-21 20:01:39,2025-12-21 18:08:41,2025-05-23 16:22:13
866877072659984,866877072659984,16857118866877072659984,,已激活,2025-05-23 15:53:32,2025-05-23 15:53:44,FwPSberg1VxPhgo4J1fGaKND9YYeXORGqtweMR8HrxY,2025-12-21 10:06:59,2025-12-21 09:58:46,2025-05-23 15:53:44
866877072660487,866877072660487,16857118866877072660487,,已激活,2025-05-23 15:53:32,2025-05-23 15:53:36,FwPSberg1VxPhgo4J1fGaKND9YYeXORGqtweMR8HrxY,2025-12-21 20:02:45,2025-12-21 19:34:35,2025-05-23 15:53:36
866877072655941,866877072655941,16857118866877072655941,,已激活,2025-05-23 15:22:13,2025-05-23 15:22:16,FwPSberg1VxPhgo4J1fGaKND9YYeXORGqtweMR8HrxY,2025-12-21 03:03:29,2025-12-17 03:56:56,2025-05-23 15:22:16
866877072652583,866877072652583,16857118866877072652583,,已激活,2025-05-23 15:22:13,2025-05-23 15:22:18,FwPSberg1VxPhgo4J1fGaKND9YYeXORGqtweMR8HrxY,2025-12-21 03:01:22,2025-12-13 03:02:49,2025-05-23 15:22:18
866877072650462,866877072650462,16857118866877072650462,,已激活,2025-05-23 14:56:45,2025-05-23 15:06:43,FwPSberg1VxPhgo4J1fGaKND9YYeXORGqtweMR8HrxY,2025-12-21 03:01:31,2025-12-19 16:47:58,2025-05-23 15:06:43
866877072650389,866877072650389,16857118866877072650389,,已激活,2025-05-23 14:56:45,2025-05-24 10:33:04,FwPSberg1VxPhgo4J1fGaKND9YYeXORGqtweMR8HrxY,2025-12-21 20:07:40,2025-12-21 19:05:33,2025-05-24 10:33:04
866877072640406,866877072640406,16857118866877072640406,,已激活,2025-05-23 14:32:45,2025-05-23 14:32:46,FwPSberg1VxPhgo4J1fGaKND9YYeXORGqtweMR8HrxY,2025-12-21 18:35:58,2025-12-21 18:40:28,2025-05-23 14:32:46
866877072652542,866877072652542,16857118866877072652542,,已激活,2025-05-23 14:32:45,2025-05-23 14:32:46,FwPSberg1VxPhgo4J1fGaKND9YYeXORGqtweMR8HrxY,2025-12-21 19:48:08,2025-12-21 19:54:08,2025-05-23 14:32:46
866877072650124,866877072650124,16857118866877072650124,,已激活,2025-05-23 14:18:32,2025-05-23 14:18:55,FwPSberg1VxPhgo4J1fGaKND9YYeXORGqtweMR8HrxY,2025-12-21 20:02:09,2025-12-21 19:50:21,2025-05-23 14:18:55
866877072652328,866877072652328,16857118866877072652328,,已激活,2025-05-23 14:18:32,2025-05-23 14:18:39,FwPSberg1VxPhgo4J1fGaKND9YYeXORGqtweMR8HrxY,2025-12-21 03:03:49,2025-12-15 16:45:04,2025-05-23 14:18:39
866877072660362,866877072660362,16857118866877072660362,,已激活,2025-05-23 12:00:59,2025-05-23 12:02:09,FwPSberg1VxPhgo4J1fGaKND9YYeXORGqtweMR8HrxY,2025-12-21 16:32:38,2025-12-21 16:06:16,2025-05-23 12:02:09
866877072645702,866877072645702,16857118866877072645702,,已激活,2025-05-23 12:00:59,2025-05-23 12:01:31,FwPSberg1VxPhgo4J1fGaKND9YYeXORGqtweMR8HrxY,2025-12-21 18:30:47,2025-12-21 18:20:30,2025-05-23 12:01:31
866877072647328,866877072647328,16857118866877072647328,,已激活,2025-05-23 10:56:03,2025-05-23 10:56:23,FwPSberg1VxPhgo4J1fGaKND9YYeXORGqtweMR8HrxY,2025-12-14 23:33:14,2025-12-14 23:30:25,2025-05-23 10:56:23
866877072650082,866877072650082,16857118866877072650082,,已激活,2025-05-23 10:56:03,2025-05-23 10:56:05,FwPSberg1VxPhgo4J1fGaKND9YYeXORGqtweMR8HrxY,2025-12-21 02:36:16,2025-12-21 02:20:06,2025-05-23 10:56:05
866877072641826,866877072641826,16857118866877072641826,,已激活,2025-05-23 10:32:37,2025-05-23 10:34:10,FwPSberg1VxPhgo4J1fGaKND9YYeXORGqtweMR8HrxY,2025-12-17 03:04:00,2025-12-05 01:21:18,2025-05-23 10:34:10
866877072653748,866877072653748,16857118866877072653748,,已激活,2025-05-23 10:24:11,2025-05-23 10:24:13,FwPSberg1VxPhgo4J1fGaKND9YYeXORGqtweMR8HrxY,2025-12-21 03:01:59,2025-12-13 01:09:09,2025-05-23 10:24:13
866877072659828,866877072659828,16857118866877072659828,,已激活,2025-05-23 10:24:11,2025-05-23 10:24:14,FwPSberg1VxPhgo4J1fGaKND9YYeXORGqtweMR8HrxY,2025-12-14 03:01:04,2025-10-22 11:27:37,2025-05-23 10:24:14
866877072656105,866877072656105,16857118866877072656105,,已激活,2025-05-22 16:46:46,2025-05-22 16:49:30,FwPSberg1VxPhgo4J1fGaKND9YYeXORGqtweMR8HrxY,2025-12-21 03:03:57,2025-12-19 19:40:03,2025-05-22 16:49:30
866207075007835,866207075007835,16857118866207075007835,,已激活,2025-05-20 16:06:51,2025-05-20 16:07:01,FwPSberg1VxPhgo4J1fGaKND9YYeXORGqtweMR8HrxY,2025-12-21 03:04:22,2025-12-05 08:32:19,2025-05-20 16:07:01
866207075448674,866207075448674,16857118866207075448674,,已激活,2025-05-20 16:06:51,2025-05-20 16:06:54,FwPSberg1VxPhgo4J1fGaKND9YYeXORGqtweMR8HrxY,2025-12-21 03:03:47,2025-12-14 22:32:18,2025-05-20 16:06:54
866207075366876,866207075366876,16857118866207075366876,,已激活,2025-05-20 11:33:56,2025-05-20 11:34:14,FwPSberg1VxPhgo4J1fGaKND9YYeXORGqtweMR8HrxY,2025-12-21 17:05:41,2025-12-21 16:50:40,2025-05-20 11:34:14
866877072621588,866877072621588,16857118866877072621588,,已激活,2025-04-29 16:19:37,2025-04-29 16:30:18,FwPSberg1VxPhgo4J1fGaKND9YYeXORGqtweMR8HrxY,2025-12-21 09:13:21,2025-12-21 17:59:52,2025-04-29 16:30:18
866207075010110,866207075010110,16857118866207075010110,,已激活,2025-04-29 15:32:45,2025-04-29 15:36:36,FwPSberg1VxPhgo4J1fGaKND9YYeXORGqtweMR8HrxY,2025-12-21 03:03:59,2025-12-14 17:49:45,2025-04-29 15:36:36
866877072647286,866877072647286,16857118866877072647286,,已激活,2025-04-29 15:22:48,2025-04-29 15:26:59,FwPSberg1VxPhgo4J1fGaKND9YYeXORGqtweMR8HrxY,2025-12-21 03:03:43,2025-12-14 17:49:46,2025-04-29 15:26:59
866877072645504,866877072645504,16857118866877072645504,,已激活,2025-04-29 15:17:46,2025-04-29 15:18:49,FwPSberg1VxPhgo4J1fGaKND9YYeXORGqtweMR8HrxY,2025-12-21 03:04:17,2025-12-15 10:35:57,2025-04-29 15:18:49
866877072647245,866877072647245,16857118866877072647245,,已激活,2025-04-29 15:10:09,2025-04-29 15:13:12,FwPSberg1VxPhgo4J1fGaKND9YYeXORGqtweMR8HrxY,2025-12-21 03:02:08,2025-12-05 00:35:00,2025-04-29 15:13:12
866877072641669,866877072641669,16857118866877072641669,,已激活,2025-04-29 15:01:46,2025-04-29 15:03:51,FwPSberg1VxPhgo4J1fGaKND9YYeXORGqtweMR8HrxY,2025-12-21 03:03:47,2025-12-05 00:36:05,2025-04-29 15:03:51
866207075440192,866207075440192,16857118866207075440192,,已激活,2025-04-27 09:22:03,2025-04-27 11:54:05,FwPSberg1VxPhgo4J1fGaKND9YYeXORGqtweMR8HrxY,2025-12-21 19:08:13,2025-12-21 19:12:43,2025-04-27 11:54:05
866207075492953,866207075492953,16857118866207075492953,,已激活,2025-04-22 12:30:02,2025-04-22 12:30:17,FwPSberg1VxPhgo4J1fGaKND9YYeXORGqtweMR8HrxY,2025-12-21 03:03:21,,2025-04-22 12:30:17
866207075442271,866207075442271,16857118866207075442271,,已激活,2025-04-17 14:12:02,2025-04-17 14:16:17,FwPSberg1VxPhgo4J1fGaKND9YYeXORGqtweMR8HrxY,2025-04-17 14:16:17,2025-04-17 14:20:47,2025-04-17 14:16:17
866207075363915,866207075363915,16857118866207075363915,,已激活,2025-04-11 16:45:56,2025-04-11 16:46:12,FwPSberg1VxPhgo4J1fGaKND9YYeXORGqtweMR8HrxY,2025-12-21 14:04:48,2025-12-21 13:39:18,2025-04-11 16:46:12
866207075445878,866207075445878,16857118866207075445878,,已激活,2025-04-11 16:23:01,2025-04-11 16:23:12,FwPSberg1VxPhgo4J1fGaKND9YYeXORGqtweMR8HrxY,2025-12-21 03:03:57,2025-12-03 14:49:59,2025-04-11 16:23:12
866207075009971,866207075009971,16857118866207075009971,,已激活,2025-04-11 13:46:13,2025-04-11 13:46:23,FwPSberg1VxPhgo4J1fGaKND9YYeXORGqtweMR8HrxY,2025-12-21 03:02:30,2025-11-28 19:37:16,2025-04-11 13:46:23
866207075411490,866207075411490,16857118866207075411490,,已激活,2025-04-11 09:51:05,2025-04-11 09:51:17,FwPSberg1VxPhgo4J1fGaKND9YYeXORGqtweMR8HrxY,2025-12-21 10:17:36,2025-12-20 23:22:08,2025-04-11 09:51:17
866207075009419,866207075009419,16857118866207075009419,,已激活,2025-04-11 09:18:08,2025-04-11 09:18:22,FwPSberg1VxPhgo4J1fGaKND9YYeXORGqtweMR8HrxY,2025-12-21 19:34:39,2025-12-21 19:12:23,2025-04-11 09:18:22
866207075411458,866207075411458,16857118866207075411458,,已激活,2025-04-10 15:39:47,2025-04-10 15:39:59,FwPSberg1VxPhgo4J1fGaKND9YYeXORGqtweMR8HrxY,2025-12-21 03:01:48,2025-12-05 01:19:42,2025-04-10 15:39:59
866207075365894,866207075365894,16857118866207075365894,,已激活,2025-04-10 13:52:00,2025-04-10 13:52:13,FwPSberg1VxPhgo4J1fGaKND9YYeXORGqtweMR8HrxY,2025-12-21 15:34:37,2025-12-21 15:34:20,2025-04-10 13:52:13
866207075440614,866207075440614,16857118866207075440614,,已激活,2025-04-10 10:20:31,2025-04-10 10:20:42,FwPSberg1VxPhgo4J1fGaKND9YYeXORGqtweMR8HrxY,2025-12-21 12:30:15,2025-12-19 17:38:57,2025-04-10 10:20:42
866207075366595,866207075366595,16857118866207075366595,,已激活,2025-04-02 15:01:18,2025-04-02 15:01:29,FwPSberg1VxPhgo4J1fGaKND9YYeXORGqtweMR8HrxY,2025-12-21 03:04:24,2025-12-05 01:20:13,2025-04-02 15:01:29
866207075009757,866207075009757,16857118866207075009757,,已激活,2025-03-24 11:48:05,2025-03-24 11:48:32,FwPSberg1VxPhgo4J1fGaKND9YYeXORGqtweMR8HrxY,2025-12-21 09:41:49,2025-11-02 03:36:44,2025-03-24 11:48:32
866207075009211,866207075009211,16857118866207075009211,,已激活,2025-02-25 16:11:28,2025-02-25 16:30:17,FwPSberg1VxPhgo4J1fGaKND9YYeXORGqtweMR8HrxY,2025-06-06 23:16:13,2025-06-06 23:20:43,2025-02-25 16:30:17
866207075363378,866207075363378,16857118866207075363378,,已激活,2025-02-21 14:29:33,2025-02-21 14:29:41,FwPSberg1VxPhgo4J1fGaKND9YYeXORGqtweMR8HrxY,2025-04-30 08:03:53,2025-04-30 08:53:23,2025-02-21 14:29:41
866207075445472,866207075445472,16857118866207075445472,,已激活,2025-02-13 10:51:55,2025-02-13 10:52:14,FwPSberg1VxPhgo4J1fGaKND9YYeXORGqtweMR8HrxY,2025-06-28 03:02:57,2025-07-02 11:34:32,2025-02-13 10:52:14
866207075447536,866207075447536,16857118866207075447536,,已激活,2025-02-13 10:29:48,2025-02-13 10:30:01,FwPSberg1VxPhgo4J1fGaKND9YYeXORGqtweMR8HrxY,2025-12-21 03:03:23,2025-11-11 08:10:56,2025-02-13 10:30:01
866207075410856,866207075410856,16857118866207075410856,,已激活,2025-02-12 11:06:41,2025-02-12 11:08:03,FwPSberg1VxPhgo4J1fGaKND9YYeXORGqtweMR8HrxY,2025-02-12 11:08:03,2025-02-12 11:14:03,2025-02-12 11:08:03
866207075363873,866207075363873,16857118866207075363873,,已注册,2025-01-18 11:56:01,,FwPSberg1VxPhgo4J1fGaKND9YYeXORGqtweMR8HrxY,,,
866207075002299,866207075002299,16857118866207075002299,,已激活,2025-01-17 18:57:50,2025-01-17 18:58:04,FwPSberg1VxPhgo4J1fGaKND9YYeXORGqtweMR8HrxY,2025-12-21 03:02:20,2025-11-22 22:11:06,2025-01-17 18:58:04
866207075443915,866207075443915,16857118866207075443915,,已激活,2025-01-17 18:49:33,2025-02-01 02:12:34,FwPSberg1VxPhgo4J1fGaKND9YYeXORGqtweMR8HrxY,2025-12-21 03:02:17,2025-09-25 23:55:24,2025-02-01 02:12:34
866207075010078,866207075010078,16857118866207075010078,,已激活,2025-01-17 18:49:33,2025-01-17 18:49:45,FwPSberg1VxPhgo4J1fGaKND9YYeXORGqtweMR8HrxY,2025-12-21 03:01:59,2025-11-14 19:29:42,2025-01-17 18:49:45
866207075007876,866207075007876,16857118866207075007876,,已激活,2025-01-17 10:03:17,2025-01-17 10:03:32,FwPSberg1VxPhgo4J1fGaKND9YYeXORGqtweMR8HrxY,2025-12-21 03:00:22,2025-12-07 03:01:18,2025-01-17 10:03:32
866207075441836,866207075441836,16857118866207075441836,,已激活,2024-12-24 15:11:02,2024-12-24 15:11:16,FwPSberg1VxPhgo4J1fGaKND9YYeXORGqtweMR8HrxY,2025-12-21 03:03:28,2025-12-04 15:25:43,2024-12-24 15:11:16
866207075008650,866207075008650,16857118866207075008650,,已注册,2024-12-23 15:09:14,,FwPSberg1VxPhgo4J1fGaKND9YYeXORGqtweMR8HrxY,,,
866207075442172,866207075442172,16857118866207075442172,,已激活,2024-12-16 10:44:01,2024-12-16 10:44:14,FwPSberg1VxPhgo4J1fGaKND9YYeXORGqtweMR8HrxY,2025-11-25 04:34:26,2025-11-23 02:18:12,2024-12-16 10:44:14
866207075009997,866207075009997,16857118866207075009997,,已激活,2024-12-16 10:44:01,2024-12-16 10:44:14,FwPSberg1VxPhgo4J1fGaKND9YYeXORGqtweMR8HrxY,2025-11-25 04:33:33,2025-11-21 23:43:16,2024-12-16 10:44:14
866207075492979,866207075492979,16857118866207075492979,,已注册,2024-12-09 09:27:40,,FwPSberg1VxPhgo4J1fGaKND9YYeXORGqtweMR8HrxY,,,
866207075010037,866207075010037,16857118866207075010037,,已激活,2024-12-02 16:20:30,2024-12-02 16:36:05,FwPSberg1VxPhgo4J1fGaKND9YYeXORGqtweMR8HrxY,2025-12-20 01:33:13,2025-12-20 01:21:02,2024-12-02 16:36:05
866207075440234,866207075440234,16857118866207075440234,,已激活,2024-12-02 16:20:29,2024-12-02 16:24:20,FwPSberg1VxPhgo4J1fGaKND9YYeXORGqtweMR8HrxY,2024-12-02 16:24:20,2024-12-02 16:30:20,2024-12-02 16:24:20
866207075366918,866207075366918,16857118866207075366918,,已激活,2024-12-02 16:20:29,2024-12-02 16:31:41,FwPSberg1VxPhgo4J1fGaKND9YYeXORGqtweMR8HrxY,2025-12-06 15:02:34,2025-12-06 14:40:17,2024-12-02 16:31:41
866207075441497,866207075441497,16857118866207075441497,,已激活,2024-12-02 16:20:29,2024-12-02 16:28:18,FwPSberg1VxPhgo4J1fGaKND9YYeXORGqtweMR8HrxY,2025-12-21 03:03:44,2025-11-02 11:22:43,2024-12-02 16:28:18
866207075008197,866207075008197,16857118866207075008197,,已激活,2024-12-02 09:24:06,2024-12-02 09:24:09,FwPSberg1VxPhgo4J1fGaKND9YYeXORGqtweMR8HrxY,2025-12-21 20:03:10,2025-12-21 20:07:40,2024-12-02 09:24:09
866207075442917,866207075442917,16857118866207075442917,,已激活,2024-11-27 16:23:23,2024-11-27 16:23:25,FwPSberg1VxPhgo4J1fGaKND9YYeXORGqtweMR8HrxY,2025-12-21 10:41:43,2025-12-19 18:39:44,2024-11-27 16:23:25
866207075001317,866207075001317,16857118866207075001317,,已激活,2024-11-22 09:15:55,2024-11-22 09:16:05,FwPSberg1VxPhgo4J1fGaKND9YYeXORGqtweMR8HrxY,2025-12-21 03:03:45,2025-09-21 11:20:51,2024-11-22 09:16:05
866207075445852,866207075445852,16857118866207075445852,,已激活,2024-11-22 09:09:34,2024-11-22 09:09:37,FwPSberg1VxPhgo4J1fGaKND9YYeXORGqtweMR8HrxY,2025-12-21 03:03:05,2025-11-28 02:37:09,2024-11-22 09:09:37
866207075411151,866207075411151,16857118866207075411151,,已激活,2024-11-22 09:09:34,2024-11-22 09:09:51,FwPSberg1VxPhgo4J1fGaKND9YYeXORGqtweMR8HrxY,2025-05-23 15:33:27,2025-05-23 15:37:57,2024-11-22 09:09:51
866207075442073,866207075442073,16857118866207075442073,,已激活,2024-11-22 09:09:33,2024-11-22 09:10:27,FwPSberg1VxPhgo4J1fGaKND9YYeXORGqtweMR8HrxY,2025-12-21 17:34:42,2025-12-21 17:31:29,2024-11-22 09:10:27
866207075493159,866207075493159,16857118866207075493159,,已激活,2024-11-11 13:42:10,2024-11-11 14:03:19,FwPSberg1VxPhgo4J1fGaKND9YYeXORGqtweMR8HrxY,2025-12-21 03:04:20,2025-12-20 05:05:38,2024-11-11 14:03:19
866207075441596,866207075441596,16857118866207075441596,,已激活,2024-11-11 13:42:10,2024-11-11 14:04:58,FwPSberg1VxPhgo4J1fGaKND9YYeXORGqtweMR8HrxY,2025-12-13 18:35:03,2025-12-13 18:39:33,2024-11-11 14:04:58
866207075363139,866207075363139,16857118866207075363139,,已激活,2024-11-11 09:18:41,2024-11-11 09:18:45,FwPSberg1VxPhgo4J1fGaKND9YYeXORGqtweMR8HrxY,2025-12-21 03:01:35,2025-11-09 15:28:18,2024-11-11 09:18:45
866207075447379,866207075447379,16857118866207075447379,,已激活,2024-11-06 14:21:55,2024-11-06 14:22:37,FwPSberg1VxPhgo4J1fGaKND9YYeXORGqtweMR8HrxY,2025-12-21 03:02:52,2025-12-20 19:50:46,2024-11-06 14:22:37
866207075008379,866207075008379,16857118866207075008379,,已激活,2024-11-06 13:40:40,2024-11-06 13:41:03,FwPSberg1VxPhgo4J1fGaKND9YYeXORGqtweMR8HrxY,2025-12-21 20:05:28,2025-12-21 19:49:10,2024-11-06 13:41:03
860497077593884,860497077593884,16857118860497077593884,,已激活,2024-11-05 13:45:42,2024-11-05 14:00:28,FwPSberg1VxPhgo4J1fGaKND9YYeXORGqtweMR8HrxY,2025-12-21 07:40:03,2025-12-21 07:37:08,2024-11-05 14:00:28
866207075441950,866207075441950,16857118866207075441950,,已激活,2024-11-04 10:01:15,2024-11-04 10:01:28,FwPSberg1VxPhgo4J1fGaKND9YYeXORGqtweMR8HrxY,2025-12-21 03:03:00,2025-12-18 16:02:53,2024-11-04 10:01:28
866207075444335,866207075444335,16857118866207075444335,,已激活,2024-10-29 17:19:18,2024-10-29 17:19:26,FwPSberg1VxPhgo4J1fGaKND9YYeXORGqtweMR8HrxY,2025-11-25 04:32:02,2025-11-22 11:33:31,2024-10-29 17:19:26
866207075440598,866207075440598,16857118866207075440598,,已激活,2024-10-29 16:38:52,2024-10-29 16:39:07,FwPSberg1VxPhgo4J1fGaKND9YYeXORGqtweMR8HrxY,2025-12-05 00:35:23,2025-11-14 14:44:52,2024-10-29 16:39:07
866207075324750,866207075324750,16857118866207075324750,,已激活,2024-10-28 14:16:45,2024-10-28 14:16:58,FwPSberg1VxPhgo4J1fGaKND9YYeXORGqtweMR8HrxY,2025-12-21 03:03:44,2025-12-07 00:51:37,2024-10-28 14:16:58
886207075448435,886207075448435,16857118886207075448435,,已注册,2024-10-28 14:16:45,,FwPSberg1VxPhgo4J1fGaKND9YYeXORGqtweMR8HrxY,,,
866207075002273,866207075002273,16857118866207075002273,,已激活,2024-10-28 13:55:10,2024-10-28 13:55:30,FwPSberg1VxPhgo4J1fGaKND9YYeXORGqtweMR8HrxY,2025-12-21 03:03:48,2025-12-05 01:21:28,2024-10-28 13:55:30
866207075001994,866207075001994,16857118866207075001994,,已激活,2024-10-28 13:55:10,2024-10-28 13:55:13,FwPSberg1VxPhgo4J1fGaKND9YYeXORGqtweMR8HrxY,2025-12-21 03:02:56,2025-11-24 06:15:35,2024-10-28 13:55:13
866207075362859,866207075362859,16857118866207075362859,,已激活,2024-10-24 15:25:05,2024-10-24 16:35:03,FwPSberg1VxPhgo4J1fGaKND9YYeXORGqtweMR8HrxY,2025-12-21 17:40:53,2025-12-02 18:10:32,2024-10-24 16:35:03
866207075002455,866207075002455,16857118866207075002455,,已激活,2024-10-24 15:25:05,2024-10-24 15:25:18,FwPSberg1VxPhgo4J1fGaKND9YYeXORGqtweMR8HrxY,2025-12-21 18:33:31,2025-12-21 18:08:01,2024-10-24 15:25:18
866207075442370,866207075442370,16857118866207075442370,,已激活,2024-10-24 15:24:07,2024-10-24 15:24:08,FwPSberg1VxPhgo4J1fGaKND9YYeXORGqtweMR8HrxY,2025-12-12 03:02:57,2025-11-08 19:55:08,2024-10-24 15:24:08
866207075443253,866207075443253,16857118866207075443253,,已激活,2024-10-22 09:14:19,2024-10-22 09:14:19,FwPSberg1VxPhgo4J1fGaKND9YYeXORGqtweMR8HrxY,2025-12-21 03:03:02,2025-12-20 02:07:20,2024-10-22 09:14:19
866207075442156,866207075442156,16857118866207075442156,,已激活,2024-10-19 16:10:32,2024-10-19 16:10:55,FwPSberg1VxPhgo4J1fGaKND9YYeXORGqtweMR8HrxY,2025-12-21 03:03:41,2025-12-17 15:13:57,2024-10-19 16:10:55
866207075007819,866207075007819,16857118866207075007819,,已激活,2024-10-19 16:03:15,2024-10-19 16:04:16,FwPSberg1VxPhgo4J1fGaKND9YYeXORGqtweMR8HrxY,2025-12-05 01:34:11,2025-12-05 01:19:16,2024-10-19 16:04:16
866207075445274,866207075445274,16857118866207075445274,,已激活,2024-10-15 10:06:13,2024-10-15 10:06:20,FwPSberg1VxPhgo4J1fGaKND9YYeXORGqtweMR8HrxY,2025-12-21 08:40:56,2025-12-21 17:16:56,2024-10-15 10:06:20
866207075292635,866207075292635,16857118866207075292635,,已激活,2024-10-15 10:01:22,2024-10-15 10:01:28,FwPSberg1VxPhgo4J1fGaKND9YYeXORGqtweMR8HrxY,2025-12-20 08:16:33,2025-10-21 10:38:49,2024-10-15 10:01:28
866207075001655,866207075001655,16857118866207075001655,,已激活,2024-10-15 09:19:40,2024-10-15 09:20:19,FwPSberg1VxPhgo4J1fGaKND9YYeXORGqtweMR8HrxY,2025-12-21 03:03:13,2025-12-18 01:13:49,2024-10-15 09:20:19
866207075411011,866207075411011,16857118866207075411011,,已激活,2024-10-14 10:45:06,2024-11-02 22:33:25,FwPSberg1VxPhgo4J1fGaKND9YYeXORGqtweMR8HrxY,2025-12-21 17:56:21,2025-12-21 20:05:21,2024-11-02 22:33:25
866207075443998,866207075443998,16857118866207075443998,,已激活,2024-10-08 11:36:02,2024-10-08 18:58:53,FwPSberg1VxPhgo4J1fGaKND9YYeXORGqtweMR8HrxY,2025-12-21 03:02:59,2025-12-17 17:35:50,2024-10-08 18:58:53
866207075008312,866207075008312,16857118866207075008312,,已激活,2024-10-08 10:06:53,2024-10-08 10:06:55,FwPSberg1VxPhgo4J1fGaKND9YYeXORGqtweMR8HrxY,2025-12-21 03:01:00,2025-12-06 03:01:49,2024-10-08 10:06:55
866207075364079,866207075364079,16857118866207075364079,,已激活,2024-10-08 10:02:22,2024-10-08 10:22:01,FwPSberg1VxPhgo4J1fGaKND9YYeXORGqtweMR8HrxY,2025-12-21 03:06:03,2025-12-21 03:04:10,2024-10-08 10:22:01
866207075292395,866207075292395,16857118866207075292395,,已激活,2024-10-08 09:59:42,2024-10-08 09:59:58,FwPSberg1VxPhgo4J1fGaKND9YYeXORGqtweMR8HrxY,2025-12-21 03:03:50,2025-10-27 14:50:57,2024-10-08 09:59:58
866207075008973,866207075008973,16857118866207075008973,,已激活,2024-10-08 09:41:11,2024-10-14 09:27:17,FwPSberg1VxPhgo4J1fGaKND9YYeXORGqtweMR8HrxY,2025-12-12 03:01:19,2025-11-13 01:17:08,2024-10-14 09:27:17
866207075411110,866207075411110,16857118866207075411110,,已激活,2024-10-08 09:37:09,2024-10-29 14:26:30,FwPSberg1VxPhgo4J1fGaKND9YYeXORGqtweMR8HrxY,2025-12-20 15:34:50,2025-12-20 15:18:39,2024-10-29 14:26:30
866207075008296,866207075008296,16857118866207075008296,,已激活,2024-10-08 09:31:28,2024-10-08 09:31:57,FwPSberg1VxPhgo4J1fGaKND9YYeXORGqtweMR8HrxY,2025-12-21 03:03:23,2025-12-05 01:21:21,2024-10-08 09:31:57
866207075363436,866207075363436,16857118866207075363436,,已激活,2024-09-30 14:55:18,2024-09-30 14:55:37,FwPSberg1VxPhgo4J1fGaKND9YYeXORGqtweMR8HrxY,2025-11-26 00:02:45,2025-08-29 15:17:02,2024-09-30 14:55:37
866207075365811,866207075365811,16857118866207075365811,,已激活,2024-09-30 14:55:18,2024-09-30 14:55:19,FwPSberg1VxPhgo4J1fGaKND9YYeXORGqtweMR8HrxY,2025-12-21 03:01:40,2025-12-05 01:20:39,2024-09-30 14:55:19
866207075492219,866207075492219,16857118866207075492219,,已激活,2024-09-30 14:55:18,2024-09-30 14:55:24,FwPSberg1VxPhgo4J1fGaKND9YYeXORGqtweMR8HrxY,2025-12-21 03:03:28,2025-12-06 19:35:06,2024-09-30 14:55:24
866207075445670,866207075445670,16857118866207075445670,,已激活,2024-09-30 14:55:18,2024-09-30 14:55:30,FwPSberg1VxPhgo4J1fGaKND9YYeXORGqtweMR8HrxY,2025-12-21 03:02:10,2025-09-12 03:23:34,2024-09-30 14:55:30
860497077621685,860497077621685,16857118860497077621685,,已激活,2024-09-29 09:06:43,2024-09-29 09:06:46,FwPSberg1VxPhgo4J1fGaKND9YYeXORGqtweMR8HrxY,2025-12-19 03:33:02,2025-12-19 03:25:38,2024-09-29 09:06:46
866207075002653,866207075002653,16857118866207075002653,,已激活,2024-09-27 15:47:32,2024-09-27 15:47:37,FwPSberg1VxPhgo4J1fGaKND9YYeXORGqtweMR8HrxY,2025-12-19 15:35:47,2025-12-19 15:31:09,2024-09-27 15:47:37
866207075008494,866207075008494,16857118866207075008494,,已激活,2024-09-26 13:40:36,2024-09-26 13:40:59,FwPSberg1VxPhgo4J1fGaKND9YYeXORGqtweMR8HrxY,2025-12-21 08:37:18,2025-12-21 08:35:58,2024-09-26 13:40:59
866207075440630,866207075440630,16857118866207075440630,,已激活,2024-09-24 16:36:27,2024-09-24 16:36:33,FwPSberg1VxPhgo4J1fGaKND9YYeXORGqtweMR8HrxY,2025-12-21 03:02:17,2025-12-10 01:03:03,2024-09-24 16:36:33
866207075441430,866207075441430,16857118866207075441430,,已激活,2024-09-24 16:34:04,2024-09-24 16:34:08,FwPSberg1VxPhgo4J1fGaKND9YYeXORGqtweMR8HrxY,2025-12-21 03:04:13,2025-12-05 00:35:46,2024-09-24 16:34:08
866207075008957,866207075008957,16857118866207075008957,,已激活,2024-09-24 16:19:59,2024-09-24 16:20:14,FwPSberg1VxPhgo4J1fGaKND9YYeXORGqtweMR8HrxY,2025-12-21 03:04:18,2025-12-20 16:28:44,2024-09-24 16:20:14
866207075363253,866207075363253,16857118866207075363253,,已激活,2024-09-24 15:47:51,2024-09-24 15:47:51,FwPSberg1VxPhgo4J1fGaKND9YYeXORGqtweMR8HrxY,2025-12-21 03:04:01,2025-11-09 05:20:04,2024-09-24 15:47:51
860497077632534,860497077632534,16857118860497077632534,,已注册,2024-09-24 15:40:25,,FwPSberg1VxPhgo4J1fGaKND9YYeXORGqtweMR8HrxY,,,
866207075440978,866207075440978,16857118866207075440978,,已激活,2024-09-24 15:40:25,2024-09-24 16:02:57,FwPSberg1VxPhgo4J1fGaKND9YYeXORGqtweMR8HrxY,2025-12-20 21:34:56,2025-12-20 21:16:41,2024-09-24 16:02:57
866207075411730,866207075411730,16857118866207075411730,,已激活,2024-09-23 11:33:57,2024-09-23 11:34:02,FwPSberg1VxPhgo4J1fGaKND9YYeXORGqtweMR8HrxY,2025-12-01 14:03:46,2025-12-01 13:43:09,2024-09-23 11:34:02
866207075002117,866207075002117,16857118866207075002117,,已激活,2024-09-23 11:07:12,2024-09-25 03:37:32,FwPSberg1VxPhgo4J1fGaKND9YYeXORGqtweMR8HrxY,2025-12-13 09:03:06,2025-12-13 09:01:38,2024-09-25 03:37:32
866207075411177,866207075411177,16857118866207075411177,,已激活,2024-09-23 10:37:02,2024-11-04 15:58:03,FwPSberg1VxPhgo4J1fGaKND9YYeXORGqtweMR8HrxY,2025-12-21 03:03:07,2025-11-28 18:43:12,2024-11-04 15:58:03
866207075443410,866207075443410,16857118866207075443410,,已激活,2024-09-23 10:31:21,2024-11-04 09:34:30,FwPSberg1VxPhgo4J1fGaKND9YYeXORGqtweMR8HrxY,2025-07-13 03:04:23,2025-07-13 08:38:53,2024-11-04 09:34:30
866207075448872,866207075448872,16857118866207075448872,,已激活,2024-09-23 10:24:21,2024-09-23 10:24:30,FwPSberg1VxPhgo4J1fGaKND9YYeXORGqtweMR8HrxY,2025-12-19 15:06:01,2025-12-19 14:59:15,2024-09-23 10:24:30
865596060053866,865596060053866,16857118865596060053866,,已激活,2024-09-18 15:35:47,2024-09-18 15:39:34,FwPSberg1VxPhgo4J1fGaKND9YYeXORGqtweMR8HrxY,2024-09-18 15:39:34,2024-09-18 15:57:34,2024-09-18 15:39:34
865596060054039,865596060054039,16857118865596060054039,,已激活,2024-09-18 14:02:48,2024-09-18 14:09:04,FwPSberg1VxPhgo4J1fGaKND9YYeXORGqtweMR8HrxY,2024-09-19 09:20:15,2024-09-19 09:33:45,2024-09-18 14:09:04
865596060053874,865596060053874,16857118865596060053874,,已激活,2024-09-18 14:02:48,2024-09-18 14:12:14,FwPSberg1VxPhgo4J1fGaKND9YYeXORGqtweMR8HrxY,2024-09-18 14:12:14,2024-09-18 14:16:44,2024-09-18 14:12:14
865596060053619,865596060053619,16857118865596060053619,,已激活,2024-09-18 14:02:47,2024-09-18 14:03:19,FwPSberg1VxPhgo4J1fGaKND9YYeXORGqtweMR8HrxY,2024-09-18 14:14:08,2024-09-18 14:18:38,2024-09-18 14:03:19
865596060054070,865596060054070,16857118865596060054070,,已激活,2024-09-18 14:02:47,2024-09-18 14:10:32,FwPSberg1VxPhgo4J1fGaKND9YYeXORGqtweMR8HrxY,2024-09-19 09:33:51,2024-09-19 09:39:51,2024-09-18 14:10:32
866207075009179,866207075009179,16857118866207075009179,,已激活,2024-09-10 09:22:10,2024-09-10 09:30:26,FwPSberg1VxPhgo4J1fGaKND9YYeXORGqtweMR8HrxY,2024-09-10 09:30:26,2024-09-10 09:34:56,2024-09-10 09:30:26
866207075367197,866207075367197,16857118866207075367197,,已激活,2024-09-02 19:28:02,2024-09-02 19:28:23,FwPSberg1VxPhgo4J1fGaKND9YYeXORGqtweMR8HrxY,2025-12-21 03:04:25,2025-12-19 01:09:21,2024-09-02 19:28:23
866207075440556,866207075440556,16857118866207075440556,,已激活,2024-09-02 19:26:03,2024-09-02 19:26:07,FwPSberg1VxPhgo4J1fGaKND9YYeXORGqtweMR8HrxY,2025-12-21 03:03:01,2025-12-17 03:02:28,2024-09-02 19:26:07
866207075367072,866207075367072,16857118866207075367072,,已激活,2024-09-02 19:26:03,2024-09-02 19:26:18,FwPSberg1VxPhgo4J1fGaKND9YYeXORGqtweMR8HrxY,2025-12-21 03:01:33,2025-11-02 03:38:26,2024-09-02 19:26:18
866207075410773,866207075410773,16857118866207075410773,,已激活,2024-09-02 18:49:26,2024-09-02 18:57:40,FwPSberg1VxPhgo4J1fGaKND9YYeXORGqtweMR8HrxY,2025-12-21 03:03:49,2025-09-26 15:50:26,2024-09-02 18:57:40
866207075444897,866207075444897,16857118866207075444897,,已激活,2024-09-02 18:49:26,2024-09-02 18:55:32,FwPSberg1VxPhgo4J1fGaKND9YYeXORGqtweMR8HrxY,2025-12-21 03:01:57,2025-11-30 06:42:51,2024-09-02 18:55:32
866207075001176,866207075001176,16857118866207075001176,,已注册,2024-09-02 09:52:11,,FwPSberg1VxPhgo4J1fGaKND9YYeXORGqtweMR8HrxY,,,
866207075446157,866207075446157,16857118866207075446157,,已激活,2024-08-30 09:11:35,2024-08-30 09:34:29,FwPSberg1VxPhgo4J1fGaKND9YYeXORGqtweMR8HrxY,2025-12-21 03:04:10,2025-12-13 03:34:15,2024-08-30 09:34:29
860497077621701,860497077621701,16857118860497077621701,,已激活,2024-08-30 09:09:51,2024-08-30 09:10:00,FwPSberg1VxPhgo4J1fGaKND9YYeXORGqtweMR8HrxY,2025-12-21 03:01:02,2025-12-18 03:01:50,2024-08-30 09:10:00
866207075008890,866207075008890,16857118866207075008890,,已激活,2024-08-22 14:53:44,2024-08-22 14:53:47,FwPSberg1VxPhgo4J1fGaKND9YYeXORGqtweMR8HrxY,2025-12-21 03:01:46,2025-12-19 14:20:23,2024-08-22 14:53:47
866207075002059,866207075002059,16857118866207075002059,,已激活,2024-08-22 14:53:44,2024-08-22 14:53:48,FwPSberg1VxPhgo4J1fGaKND9YYeXORGqtweMR8HrxY,2025-12-21 03:03:48,2025-11-24 09:11:03,2024-08-22 14:53:48
866207075447296,866207075447296,16857118866207075447296,,已激活,2024-08-14 14:19:03,2024-08-14 14:27:04,FwPSberg1VxPhgo4J1fGaKND9YYeXORGqtweMR8HrxY,2025-12-21 03:03:29,2025-12-15 09:35:58,2024-08-14 14:27:04
866207075002331,866207075002331,16857118866207075002331,,已激活,2024-08-06 18:14:52,2025-05-26 14:26:44,FwPSberg1VxPhgo4J1fGaKND9YYeXORGqtweMR8HrxY,2025-12-21 03:03:38,2025-12-06 06:15:09,2025-05-26 14:26:44
866207975002174,866207975002174,16857118866207975002174,,已注册,2024-08-06 18:14:52,,FwPSberg1VxPhgo4J1fGaKND9YYeXORGqtweMR8HrxY,,,
866207075410898,866207075410898,16857118866207075410898,,已激活,2024-08-06 18:14:52,2025-05-26 14:37:35,FwPSberg1VxPhgo4J1fGaKND9YYeXORGqtweMR8HrxY,2025-12-21 03:01:57,2025-12-16 00:27:01,2025-05-26 14:37:35
866207075008098,866207075008098,16857118866207075008098,,已激活,2024-08-06 18:14:52,2025-05-26 14:38:12,FwPSberg1VxPhgo4J1fGaKND9YYeXORGqtweMR8HrxY,2025-12-21 03:03:30,2025-12-17 12:15:21,2025-05-26 14:38:12
866207075010730,866207075010730,16857118866207075010730,,已激活,2024-08-06 18:12:42,2025-05-26 14:50:45,FwPSberg1VxPhgo4J1fGaKND9YYeXORGqtweMR8HrxY,2025-12-21 03:03:41,2025-12-06 06:15:13,2025-05-26 14:50:45
866207075448633,866207075448633,16857118866207075448633,,已激活,2024-08-06 18:12:42,2025-05-26 14:50:12,FwPSberg1VxPhgo4J1fGaKND9YYeXORGqtweMR8HrxY,2025-12-21 03:01:59,2025-12-06 06:14:28,2025-05-26 14:50:12
866207075010573,866207075010573,16857118866207075010573,,已激活,2024-08-06 12:48:26,2025-05-26 15:08:54,FwPSberg1VxPhgo4J1fGaKND9YYeXORGqtweMR8HrxY,2025-12-21 18:51:27,2025-12-21 18:55:57,2025-05-26 15:08:54
866207075010771,866207075010771,16857118866207075010771,,已激活,2024-08-06 12:48:26,2025-05-26 15:09:31,FwPSberg1VxPhgo4J1fGaKND9YYeXORGqtweMR8HrxY,2025-12-21 18:55:36,2025-12-21 19:00:06,2025-05-26 15:09:31
866207075442313,866207075442313,16857118866207075442313,,已激活,2024-08-06 09:42:57,2024-08-06 09:43:10,FwPSberg1VxPhgo4J1fGaKND9YYeXORGqtweMR8HrxY,2025-12-18 03:04:29,2025-12-18 11:16:30,2024-08-06 09:43:10
866207075007710,866207075007710,16857118866207075007710,,已激活,2024-08-02 17:18:07,2024-08-02 17:18:08,FwPSberg1VxPhgo4J1fGaKND9YYeXORGqtweMR8HrxY,2025-12-21 08:28:37,2025-12-20 23:24:45,2024-08-02 17:18:08
866207075007538,866207075007538,16857118866207075007538,,已激活,2024-08-02 15:06:25,2024-08-02 15:06:35,FwPSberg1VxPhgo4J1fGaKND9YYeXORGqtweMR8HrxY,2025-12-21 03:03:42,2025-12-18 01:04:15,2024-08-02 15:06:35
866207075447494,866207075447494,16857118866207075447494,,已激活,2024-08-02 14:26:05,2024-08-02 14:26:11,FwPSberg1VxPhgo4J1fGaKND9YYeXORGqtweMR8HrxY,2025-12-21 03:02:28,2025-12-18 01:04:04,2024-08-02 14:26:11
866207075444459,866207075444459,16857118866207075444459,,已激活,2024-08-02 14:26:05,2024-08-02 14:26:18,FwPSberg1VxPhgo4J1fGaKND9YYeXORGqtweMR8HrxY,2025-12-21 03:02:33,2025-12-20 06:51:12,2024-08-02 14:26:18
866207075007850,866207075007850,16857118866207075007850,,已激活,2024-08-02 11:25:20,2024-08-02 11:25:25,FwPSberg1VxPhgo4J1fGaKND9YYeXORGqtweMR8HrxY,2025-12-21 03:02:08,2025-12-14 16:41:40,2024-08-02 11:25:25
866207075366835,866207075366835,16857118866207075366835,,已激活,2024-08-02 11:25:20,2024-08-02 11:25:37,FwPSberg1VxPhgo4J1fGaKND9YYeXORGqtweMR8HrxY,2025-12-21 03:01:44,2025-12-20 12:38:28,2024-08-02 11:25:37
866207075002414,866207075002414,16857118866207075002414,,已激活,2024-08-01 17:16:02,2024-08-01 17:16:13,FwPSberg1VxPhgo4J1fGaKND9YYeXORGqtweMR8HrxY,2025-12-21 19:02:43,2025-09-12 01:26:34,2024-08-01 17:16:13
866207075411219,866207075411219,16857118866207075411219,,已激活,2024-08-01 16:06:48,2024-08-16 15:42:42,FwPSberg1VxPhgo4J1fGaKND9YYeXORGqtweMR8HrxY,2025-12-21 03:02:10,2025-12-21 03:02:06,2024-08-16 15:42:42
866207075001135,866207075001135,16857118866207075001135,,已激活,2024-08-01 15:35:15,2024-08-01 15:35:30,FwPSberg1VxPhgo4J1fGaKND9YYeXORGqtweMR8HrxY,2025-12-21 03:03:58,2025-09-23 09:25:16,2024-08-01 15:35:30
866207075448831,866207075448831,16857118866207075448831,,已激活,2024-08-01 15:35:15,2024-08-01 15:35:27,FwPSberg1VxPhgo4J1fGaKND9YYeXORGqtweMR8HrxY,2025-12-21 03:03:32,2025-11-30 12:31:50,2024-08-01 15:35:27
866207075444657,866207075444657,16857118866207075444657,,已激活,2024-08-01 15:17:29,2024-08-01 15:18:06,FwPSberg1VxPhgo4J1fGaKND9YYeXORGqtweMR8HrxY,2025-06-04 22:43:22,2025-06-04 22:47:52,2024-08-01 15:18:06
866207075447916,866207075447916,16857118866207075447916,,已激活,2024-08-01 15:14:09,2024-08-01 15:14:14,FwPSberg1VxPhgo4J1fGaKND9YYeXORGqtweMR8HrxY,2025-12-21 18:03:37,2025-12-21 20:06:37,2024-08-01 15:14:14
866207075365738,866207075365738,16857118866207075365738,,已激活,2024-08-01 15:14:09,2024-08-01 15:14:33,FwPSberg1VxPhgo4J1fGaKND9YYeXORGqtweMR8HrxY,2025-12-21 20:00:50,2025-12-21 19:36:33,2024-08-01 15:14:33
866207075001895,866207075001895,16857118866207075001895,,已激活,2024-08-01 14:52:08,2024-08-01 14:53:31,FwPSberg1VxPhgo4J1fGaKND9YYeXORGqtweMR8HrxY,2025-12-03 08:54:24,2025-12-03 08:58:54,2024-08-01 14:53:31
866207075443873,866207075443873,16857118866207075443873,,已激活,2024-08-01 14:51:22,2024-08-01 14:51:26,FwPSberg1VxPhgo4J1fGaKND9YYeXORGqtweMR8HrxY,2025-12-21 20:05:56,2025-12-21 19:48:08,2024-08-01 14:51:26
866207075441653,866207075441653,16857118866207075441653,,已激活,2024-08-01 14:51:22,2024-08-01 14:51:24,FwPSberg1VxPhgo4J1fGaKND9YYeXORGqtweMR8HrxY,2025-12-21 19:02:32,2025-12-21 18:41:21,2024-08-01 14:51:24
866207075008551,866207075008551,16857118866207075008551,,已激活,2024-08-01 14:36:43,2024-08-01 14:36:56,FwPSberg1VxPhgo4J1fGaKND9YYeXORGqtweMR8HrxY,2025-11-19 07:50:03,2025-11-19 07:54:33,2024-08-01 14:36:56
866207075442479,866207075442479,16857118866207075442479,,已激活,2024-08-01 14:34:58,2024-08-01 14:35:09,FwPSberg1VxPhgo4J1fGaKND9YYeXORGqtweMR8HrxY,2025-12-21 03:03:06,2025-12-19 14:58:05,2024-08-01 14:35:09
866207075443212,866207075443212,16857118866207075443212,,已激活,2024-08-01 14:34:58,2024-08-01 14:35:11,FwPSberg1VxPhgo4J1fGaKND9YYeXORGqtweMR8HrxY,2025-12-18 17:58:43,2025-12-18 18:03:13,2024-08-01 14:35:11
866207075008254,866207075008254,16857118866207075008254,,已激活,2024-08-01 14:22:11,2024-08-01 14:22:53,FwPSberg1VxPhgo4J1fGaKND9YYeXORGqtweMR8HrxY,2025-12-21 03:04:21,2025-12-20 12:08:40,2024-08-01 14:22:53
866207075007892,866207075007892,16857118866207075007892,,已激活,2024-08-01 14:22:10,2024-08-01 14:22:34,FwPSberg1VxPhgo4J1fGaKND9YYeXORGqtweMR8HrxY,2025-12-21 03:03:51,2025-12-19 18:49:25,2024-08-01 14:22:34
866207075001333,866207075001333,16857118866207075001333,,已激活,2024-07-30 13:08:13,2025-05-29 09:25:26,FwPSberg1VxPhgo4J1fGaKND9YYeXORGqtweMR8HrxY,2025-12-21 20:07:52,2025-12-21 19:35:19,2025-05-29 09:25:26
866207075008114,866207075008114,16857118866207075008114,,已激活,2024-07-30 13:05:46,2024-07-30 13:05:52,FwPSberg1VxPhgo4J1fGaKND9YYeXORGqtweMR8HrxY,2025-12-21 12:26:43,2025-12-21 12:31:13,2024-07-30 13:05:52
866207075441992,866207075441992,16857118866207075441992,,已激活,2024-07-30 12:31:47,2024-07-30 12:31:47,FwPSberg1VxPhgo4J1fGaKND9YYeXORGqtweMR8HrxY,2025-12-19 08:29:44,2025-12-19 08:34:14,2024-07-30 12:31:47
866207075441539,866207075441539,16857118866207075441539,,已激活,2024-07-30 12:31:47,2024-08-17 17:36:33,FwPSberg1VxPhgo4J1fGaKND9YYeXORGqtweMR8HrxY,2025-12-20 18:34:02,2025-12-20 18:16:15,2024-08-17 17:36:33
866207075443675,866207075443675,16857118866207075443675,,已激活,2024-07-30 12:07:13,2024-07-30 12:07:14,FwPSberg1VxPhgo4J1fGaKND9YYeXORGqtweMR8HrxY,2025-12-15 03:02:55,2025-12-12 20:09:46,2024-07-30 12:07:14
866207075362974,866207075362974,16857118866207075362974,,已激活,2024-07-30 12:07:13,2024-07-30 12:07:23,FwPSberg1VxPhgo4J1fGaKND9YYeXORGqtweMR8HrxY,2025-12-21 03:04:17,2025-12-12 20:39:34,2024-07-30 12:07:23
866207075447338,866207075447338,16857118866207075447338,,已激活,2024-07-30 11:31:24,2024-07-30 11:32:57,FwPSberg1VxPhgo4J1fGaKND9YYeXORGqtweMR8HrxY,2025-12-21 03:01:47,2025-09-23 17:13:25,2024-07-30 11:32:57
866207075410955,866207075410955,16857118866207075410955,,已激活,2024-07-30 11:31:24,2024-07-30 11:34:36,FwPSberg1VxPhgo4J1fGaKND9YYeXORGqtweMR8HrxY,2025-12-21 03:04:01,2025-12-03 11:12:14,2024-07-30 11:34:36
866207075442453,866207075442453,16857118866207075442453,,已激活,2024-07-30 11:14:31,2024-07-30 11:17:28,FwPSberg1VxPhgo4J1fGaKND9YYeXORGqtweMR8HrxY,2025-12-12 03:01:11,2025-10-28 05:32:41,2024-07-30 11:17:28
866207075440937,866207075440937,16857118866207075440937,,已激活,2024-07-30 11:14:31,2024-07-30 11:17:28,FwPSberg1VxPhgo4J1fGaKND9YYeXORGqtweMR8HrxY,2025-12-21 03:04:11,2025-12-19 12:30:54,2024-07-30 11:17:28
866207075007975,866207075007975,16857118866207075007975,,已激活,2024-07-30 10:58:27,2024-07-30 10:58:43,FwPSberg1VxPhgo4J1fGaKND9YYeXORGqtweMR8HrxY,2025-12-21 03:01:59,2025-12-07 01:52:34,2024-07-30 10:58:43
866207075441810,866207075441810,16857118866207075441810,,已激活,2024-07-30 10:58:27,2024-07-30 11:00:53,FwPSberg1VxPhgo4J1fGaKND9YYeXORGqtweMR8HrxY,2025-12-12 03:02:56,2025-12-09 08:34:49,2024-07-30 11:00:53
866207075007793,866207075007793,16857118866207075007793,,已激活,2024-07-30 10:49:16,2024-07-30 11:04:54,FwPSberg1VxPhgo4J1fGaKND9YYeXORGqtweMR8HrxY,2025-12-21 03:02:21,2025-12-10 14:28:52,2024-07-30 11:04:54
866207075363394,866207075363394,16857118866207075363394,,已激活,2024-07-30 10:47:48,2024-07-30 10:48:13,FwPSberg1VxPhgo4J1fGaKND9YYeXORGqtweMR8HrxY,2025-12-21 07:34:44,2025-12-21 07:29:48,2024-07-30 10:48:13
866207075009013,866207075009013,16857118866207075009013,,已激活,2024-07-29 17:28:58,2024-07-30 12:04:20,FwPSberg1VxPhgo4J1fGaKND9YYeXORGqtweMR8HrxY,2025-12-21 14:34:47,2025-09-29 11:50:59,2024-07-30 12:04:20
866207075443394,866207075443394,16857118866207075443394,,已激活,2024-07-29 17:17:07,2024-07-29 17:17:25,FwPSberg1VxPhgo4J1fGaKND9YYeXORGqtweMR8HrxY,2025-12-21 10:03:07,2025-12-20 17:04:56,2024-07-29 17:17:25
866207075446017,866207075446017,16857118866207075446017,,已激活,2024-07-29 17:17:07,2024-08-01 18:11:53,FwPSberg1VxPhgo4J1fGaKND9YYeXORGqtweMR8HrxY,2025-12-21 18:59:20,2025-09-12 03:22:29,2024-08-01 18:11:53
866207075442230,866207075442230,16857118866207075442230,,已激活,2024-07-29 17:09:28,2024-07-31 13:08:54,FwPSberg1VxPhgo4J1fGaKND9YYeXORGqtweMR8HrxY,2025-12-21 19:01:22,2025-12-18 21:28:10,2024-07-31 13:08:54
866207075443634,866207075443634,16857118866207075443634,,已激活,2024-07-29 17:04:09,2024-07-29 17:04:30,FwPSberg1VxPhgo4J1fGaKND9YYeXORGqtweMR8HrxY,2025-12-21 03:02:18,2025-06-16 18:21:13,2024-07-29 17:04:30
866207075008932,866207075008932,16857118866207075008932,,已激活,2024-07-29 17:01:45,2024-08-01 18:14:16,FwPSberg1VxPhgo4J1fGaKND9YYeXORGqtweMR8HrxY,2025-12-21 19:08:12,2025-06-16 18:21:37,2024-08-01 18:14:16
866207075448518,866207075448518,16857118866207075448518,,已激活,2024-07-29 16:51:46,2024-07-29 16:53:33,FwPSberg1VxPhgo4J1fGaKND9YYeXORGqtweMR8HrxY,2025-12-21 03:04:25,2025-12-19 03:03:42,2024-07-29 16:53:33
866207075010557,866207075010557,16857118866207075010557,,已激活,2024-07-29 16:51:46,2024-07-29 16:51:50,FwPSberg1VxPhgo4J1fGaKND9YYeXORGqtweMR8HrxY,2025-12-21 03:01:47,2025-12-20 19:13:49,2024-07-29 16:51:50
866207075443790,866207075443790,16857118866207075443790,,已激活,2024-07-29 16:35:37,2024-07-29 16:36:14,FwPSberg1VxPhgo4J1fGaKND9YYeXORGqtweMR8HrxY,2025-12-21 11:10:12,2025-09-30 06:45:39,2024-07-29 16:36:14
866207075001937,866207075001937,16857118866207075001937,,已激活,2024-07-29 16:35:37,2024-07-29 16:36:16,FwPSberg1VxPhgo4J1fGaKND9YYeXORGqtweMR8HrxY,2025-12-21 03:01:54,2025-12-05 01:22:21,2024-07-29 16:36:16
866207075000574,866207075000574,16857118866207075000574,,已激活,2024-07-29 16:34:01,2024-07-29 16:34:10,FwPSberg1VxPhgo4J1fGaKND9YYeXORGqtweMR8HrxY,2025-12-21 03:03:15,2025-10-18 23:15:01,2024-07-29 16:34:10
866207075443519,866207075443519,16857118866207075443519,,已激活,2024-07-29 16:34:01,2024-07-29 16:34:39,FwPSberg1VxPhgo4J1fGaKND9YYeXORGqtweMR8HrxY,2025-12-21 13:35:24,2025-09-12 01:24:03,2024-07-29 16:34:39
866207075443550,866207075443550,16857118866207075443550,,已激活,2024-07-29 16:34:01,2024-07-29 17:33:43,FwPSberg1VxPhgo4J1fGaKND9YYeXORGqtweMR8HrxY,2025-12-21 03:02:13,2025-12-13 18:47:07,2024-07-29 17:33:43
866207075008056,866207075008056,16857118866207075008056,,已激活,2024-07-29 16:34:01,2024-08-02 11:50:06,FwPSberg1VxPhgo4J1fGaKND9YYeXORGqtweMR8HrxY,2025-12-21 03:03:02,2025-06-05 06:02:37,2024-08-02 11:50:06
866207075443436,866207075443436,16857118866207075443436,,已激活,2024-07-29 15:58:51,2024-07-29 15:59:06,FwPSberg1VxPhgo4J1fGaKND9YYeXORGqtweMR8HrxY,2025-12-21 03:02:31,2025-11-19 02:05:45,2024-07-29 15:59:06
866207075010193,866207075010193,16857118866207075010193,,已激活,2024-07-29 15:58:51,2024-07-29 15:58:58,FwPSberg1VxPhgo4J1fGaKND9YYeXORGqtweMR8HrxY,2025-12-21 03:03:23,2025-10-13 05:25:48,2024-07-29 15:58:58
866207075008155,866207075008155,16857118866207075008155,,已激活,2024-07-29 15:58:50,2024-07-29 15:59:04,FwPSberg1VxPhgo4J1fGaKND9YYeXORGqtweMR8HrxY,2025-12-21 03:04:31,2025-11-30 01:39:48,2024-07-29 15:59:04
866207075007751,866207075007751,16857118866207075007751,,已激活,2024-07-29 15:58:50,2024-07-29 15:59:23,FwPSberg1VxPhgo4J1fGaKND9YYeXORGqtweMR8HrxY,2025-12-20 03:04:06,2025-12-05 01:19:56,2024-07-29 15:59:23
886207075010276,886207075010276,16857118886207075010276,,已注册,2024-07-29 15:58:50,,FwPSberg1VxPhgo4J1fGaKND9YYeXORGqtweMR8HrxY,,,
866207075007934,866207075007934,16857118866207075007934,,已激活,2024-07-29 15:58:50,2024-07-29 15:59:15,FwPSberg1VxPhgo4J1fGaKND9YYeXORGqtweMR8HrxY,2025-12-21 03:01:50,2025-12-13 15:35:16,2024-07-29 15:59:15
866207075445639,866207075445639,16857118866207075445639,,已激活,2024-07-29 15:58:50,2024-07-29 15:59:04,FwPSberg1VxPhgo4J1fGaKND9YYeXORGqtweMR8HrxY,2025-12-21 20:04:39,2025-12-21 19:56:18,2024-07-29 15:59:04
866207075008692,866207075008692,16857118866207075008692,,已激活,2024-07-29 15:58:50,2024-07-29 15:58:50,FwPSberg1VxPhgo4J1fGaKND9YYeXORGqtweMR8HrxY,2025-12-12 07:34:23,2025-12-12 07:16:24,2024-07-29 15:58:50
866207075442594,866207075442594,16857118866207075442594,,已激活,2024-07-29 15:58:49,2024-07-29 15:59:03,FwPSberg1VxPhgo4J1fGaKND9YYeXORGqtweMR8HrxY,2025-12-21 03:03:59,2025-12-18 15:09:35,2024-07-29 15:59:03
866207075387518,866207075387518,16857118866207075387518,,已激活,2024-07-29 15:58:49,2024-07-29 15:59:10,FwPSberg1VxPhgo4J1fGaKND9YYeXORGqtweMR8HrxY,2025-12-20 12:34:27,2025-12-20 12:29:58,2024-07-29 15:59:10
866207075008171,866207075008171,16857118866207075008171,,已激活,2024-07-29 15:58:49,2024-07-29 15:58:56,FwPSberg1VxPhgo4J1fGaKND9YYeXORGqtweMR8HrxY,2025-12-21 03:01:59,2025-12-14 16:45:32,2024-07-29 15:58:56
866207075442255,866207075442255,16857118866207075442255,,已激活,2024-07-29 15:58:49,2024-07-29 15:58:56,FwPSberg1VxPhgo4J1fGaKND9YYeXORGqtweMR8HrxY,2025-12-21 03:03:04,2025-10-13 02:16:40,2024-07-29 15:58:56
866207075448757,866207075448757,16857118866207075448757,,已激活,2024-07-29 15:58:49,2024-07-29 17:17:53,FwPSberg1VxPhgo4J1fGaKND9YYeXORGqtweMR8HrxY,2025-12-21 03:00:24,2025-08-19 15:19:34,2024-07-29 17:17:53
866207075001853,866207075001853,16857118866207075001853,,已激活,2024-07-29 15:58:49,2024-07-29 15:58:56,FwPSberg1VxPhgo4J1fGaKND9YYeXORGqtweMR8HrxY,2025-12-21 03:04:20,2025-08-25 18:28:35,2024-07-29 15:58:56
866207075447577,866207075447577,16857118866207075447577,,已激活,2024-07-29 15:58:48,2024-07-29 15:58:58,FwPSberg1VxPhgo4J1fGaKND9YYeXORGqtweMR8HrxY,2025-12-20 17:37:29,2025-12-20 17:23:17,2024-07-29 15:58:58
866207075007579,866207075007579,16857118866207075007579,,已激活,2024-07-29 15:58:48,2024-07-29 15:59:00,FwPSberg1VxPhgo4J1fGaKND9YYeXORGqtweMR8HrxY,2025-12-21 03:04:29,2025-12-05 13:45:34,2024-07-29 15:59:00
866207075442552,866207075442552,16857118866207075442552,,已激活,2024-07-29 15:58:48,2024-07-29 15:59:06,FwPSberg1VxPhgo4J1fGaKND9YYeXORGqtweMR8HrxY,2025-12-21 03:02:21,2025-12-18 11:24:43,2024-07-29 15:59:06
866207075440317,866207075440317,16857118866207075440317,,已激活,2024-07-29 15:58:48,2024-07-29 15:59:00,FwPSberg1VxPhgo4J1fGaKND9YYeXORGqtweMR8HrxY,2025-12-21 03:04:18,2025-12-20 03:25:01,2024-07-29 15:59:00
866207075447411,866207075447411,16857118866207075447411,,已激活,2024-07-29 15:58:48,2024-07-29 15:58:53,FwPSberg1VxPhgo4J1fGaKND9YYeXORGqtweMR8HrxY,2025-12-21 03:03:46,2025-12-16 09:54:52,2024-07-29 15:58:53
866207075010052,866207075010052,16857118866207075010052,,已激活,2024-07-29 15:58:48,2024-07-29 16:07:33,FwPSberg1VxPhgo4J1fGaKND9YYeXORGqtweMR8HrxY,2025-12-21 09:10:27,2025-12-21 08:38:38,2024-07-29 16:07:33
866207075442339,866207075442339,16857118866207075442339,,已激活,2024-07-28 17:47:46,2025-07-02 11:10:59,FwPSberg1VxPhgo4J1fGaKND9YYeXORGqtweMR8HrxY,2025-12-21 20:04:27,2025-12-21 19:52:31,2025-07-02 11:10:59
866207075010516,866207075010516,16857118866207075010516,,已激活,2024-07-28 17:47:46,2025-01-07 11:19:17,FwPSberg1VxPhgo4J1fGaKND9YYeXORGqtweMR8HrxY,2025-12-21 03:04:39,2025-12-13 17:32:14,2025-01-07 11:19:17
866207075008874,866207075008874,16857118866207075008874,,已激活,2024-07-28 17:47:46,2025-08-29 17:50:13,FwPSberg1VxPhgo4J1fGaKND9YYeXORGqtweMR8HrxY,2025-12-21 19:37:27,2025-12-21 19:43:27,2025-08-29 17:50:13
866207075002570,866207075002570,16857118866207075002570,,已激活,2024-07-28 17:47:45,2025-11-25 17:30:49,FwPSberg1VxPhgo4J1fGaKND9YYeXORGqtweMR8HrxY,2025-12-21 14:23:48,2025-12-21 14:28:18,2025-11-25 17:30:49
866207075446074,866207075446074,16857118866207075446074,,已注册,2024-07-28 17:47:45,,FwPSberg1VxPhgo4J1fGaKND9YYeXORGqtweMR8HrxY,,,
866207075001499,866207075001499,16857118866207075001499,,已激活,2024-07-28 17:47:45,2025-09-26 18:24:30,FwPSberg1VxPhgo4J1fGaKND9YYeXORGqtweMR8HrxY,2025-09-26 18:24:30,2025-09-26 18:29:00,2025-09-26 18:24:30
866207075001291,866207075001291,16857118866207075001291,,已激活,2024-07-28 17:47:45,2024-08-01 17:54:26,FwPSberg1VxPhgo4J1fGaKND9YYeXORGqtweMR8HrxY,2025-12-13 16:38:07,2025-12-13 16:42:37,2024-08-01 17:54:26
866207075442297,866207075442297,16857118866207075442297,,已激活,2024-07-28 17:47:44,2024-07-28 21:57:02,FwPSberg1VxPhgo4J1fGaKND9YYeXORGqtweMR8HrxY,2025-12-21 03:03:53,2025-12-13 03:02:38,2024-07-28 21:57:02
866207075174239,866207075174239,16857118866207075174239,,已激活,2024-07-28 17:47:44,2024-07-28 17:47:56,FwPSberg1VxPhgo4J1fGaKND9YYeXORGqtweMR8HrxY,2025-12-21 03:03:14,2025-12-09 07:34:09,2024-07-28 17:47:56
866207075445217,866207075445217,16857118866207075445217,,已激活,2024-07-28 17:47:44,2024-07-28 17:48:13,FwPSberg1VxPhgo4J1fGaKND9YYeXORGqtweMR8HrxY,2025-12-21 03:04:04,2025-09-28 07:20:16,2024-07-28 17:48:13
866207075411037,866207075411037,16857118866207075411037,,已激活,2024-07-28 17:47:44,2025-01-07 14:15:16,FwPSberg1VxPhgo4J1fGaKND9YYeXORGqtweMR8HrxY,2025-12-21 03:04:31,2025-11-17 23:54:38,2025-01-07 14:15:16
866207075008619,866207075008619,16857118866207075008619,,已激活,2024-07-28 17:47:44,2024-07-28 17:47:52,FwPSberg1VxPhgo4J1fGaKND9YYeXORGqtweMR8HrxY,2025-12-21 03:01:49,2025-11-25 04:22:09,2024-07-28 17:47:52
866207075009138,866207075009138,16857118866207075009138,,已注册,2024-07-28 17:47:44,,FwPSberg1VxPhgo4J1fGaKND9YYeXORGqtweMR8HrxY,,,
866207075002018,866207075002018,16857118866207075002018,,已注册,2024-07-28 17:47:43,,FwPSberg1VxPhgo4J1fGaKND9YYeXORGqtweMR8HrxY,,,
866207075445316,866207075445316,16857118866207075445316,,已激活,2024-07-28 17:47:43,2024-07-31 12:37:27,FwPSberg1VxPhgo4J1fGaKND9YYeXORGqtweMR8HrxY,2025-12-21 03:04:13,2025-12-14 19:52:02,2024-07-31 12:37:27
866207075009732,866207075009732,16857118866207075009732,,已激活,2024-07-28 17:47:43,2024-07-28 17:47:55,FwPSberg1VxPhgo4J1fGaKND9YYeXORGqtweMR8HrxY,2025-12-21 03:03:02,2025-12-13 17:32:15,2024-07-28 17:47:55
866207075001739,866207075001739,16857118866207075001739,,已激活,2024-07-28 17:47:43,2024-07-28 17:47:46,FwPSberg1VxPhgo4J1fGaKND9YYeXORGqtweMR8HrxY,2025-12-21 19:03:58,2025-12-21 18:51:47,2024-07-28 17:47:46
866207075002372,866207075002372,16857118866207075002372,,已激活,2024-07-28 17:47:43,2024-07-28 17:47:51,FwPSberg1VxPhgo4J1fGaKND9YYeXORGqtweMR8HrxY,2025-12-21 03:04:19,2025-12-19 05:30:47,2024-07-28 17:47:51
866207075008916,866207075008916,16857118866207075008916,,已激活,2024-07-28 17:47:42,2025-03-13 15:17:04,FwPSberg1VxPhgo4J1fGaKND9YYeXORGqtweMR8HrxY,2025-12-21 03:03:07,2025-11-04 17:00:27,2025-03-13 15:17:04
866207075008833,866207075008833,16857118866207075008833,,已激活,2024-07-28 17:47:42,2025-07-31 15:46:19,FwPSberg1VxPhgo4J1fGaKND9YYeXORGqtweMR8HrxY,2025-12-21 16:05:55,2025-12-21 16:00:51,2025-07-31 15:46:19
866207075410757,866207075410757,16857118866207075410757,,已激活,2024-07-27 11:56:25,2025-01-15 15:31:02,FwPSberg1VxPhgo4J1fGaKND9YYeXORGqtweMR8HrxY,2025-12-21 19:42:32,2025-12-21 19:50:02,2025-01-15 15:31:02
866207075445134,866207075445134,16857118866207075445134,,已激活,2024-07-27 11:56:24,2025-01-15 15:02:26,FwPSberg1VxPhgo4J1fGaKND9YYeXORGqtweMR8HrxY,2025-12-21 03:04:29,2025-10-22 03:04:59,2025-01-15 15:02:26
866207075002133,866207075002133,16857118866207075002133,,已激活,2024-07-27 11:56:24,2024-08-01 09:03:17,FwPSberg1VxPhgo4J1fGaKND9YYeXORGqtweMR8HrxY,2025-12-21 08:44:03,2025-12-21 03:06:44,2024-08-01 09:03:17
866207075009575,866207075009575,16857118866207075009575,,已激活,2024-07-27 11:56:24,2024-07-27 14:57:47,FwPSberg1VxPhgo4J1fGaKND9YYeXORGqtweMR8HrxY,2025-12-21 17:14:43,2025-12-21 17:13:47,2024-07-27 14:57:47
866207075444731,866207075444731,16857118866207075444731,,已激活,2024-07-27 11:56:24,2024-07-27 11:56:30,FwPSberg1VxPhgo4J1fGaKND9YYeXORGqtweMR8HrxY,2025-12-21 19:55:14,2025-12-14 14:19:19,2024-07-27 11:56:30
866207075445258,866207075445258,16857118866207075445258,,已激活,2024-07-27 11:56:24,2024-07-28 11:34:23,FwPSberg1VxPhgo4J1fGaKND9YYeXORGqtweMR8HrxY,2025-12-21 18:42:17,2025-12-21 18:14:38,2024-07-28 11:34:23
866207075409551,866207075409551,16857118866207075409551,,已注册,2024-07-27 11:56:24,,FwPSberg1VxPhgo4J1fGaKND9YYeXORGqtweMR8HrxY,,,
866207075010433,866207075010433,16857118866207075010433,,已注册,2024-07-27 11:56:23,,FwPSberg1VxPhgo4J1fGaKND9YYeXORGqtweMR8HrxY,,,
866207075411052,866207075411052,16857118866207075411052,,已激活,2024-07-26 19:08:28,2024-07-26 19:09:54,FwPSberg1VxPhgo4J1fGaKND9YYeXORGqtweMR8HrxY,2025-12-21 17:34:23,2025-12-21 17:13:18,2024-07-26 19:09:54
866207075002075,866207075002075,16857118866207075002075,,已激活,2024-07-26 19:08:28,2024-07-26 19:08:52,FwPSberg1VxPhgo4J1fGaKND9YYeXORGqtweMR8HrxY,2025-12-21 12:38:49,2025-12-21 11:47:33,2024-07-26 19:08:52
866207075493233,866207075493233,16857118866207075493233,,已注册,2024-07-26 18:25:34,,FwPSberg1VxPhgo4J1fGaKND9YYeXORGqtweMR8HrxY,,,
866207075008452,866207075008452,16857118866207075008452,,已注册,2024-07-26 18:25:34,,FwPSberg1VxPhgo4J1fGaKND9YYeXORGqtweMR8HrxY,,,
866207075009930,866207075009930,16857118866207075009930,,已激活,2024-07-26 17:43:36,2024-08-06 04:54:23,FwPSberg1VxPhgo4J1fGaKND9YYeXORGqtweMR8HrxY,2025-12-21 03:03:25,2025-12-18 03:02:26,2024-08-06 04:54:23
866207075443295,866207075443295,16857118866207075443295,,已激活,2024-07-26 17:43:36,2024-07-26 17:46:45,FwPSberg1VxPhgo4J1fGaKND9YYeXORGqtweMR8HrxY,2025-12-21 03:03:30,2025-12-13 10:09:45,2024-07-26 17:46:45
866207075448476,866207075448476,16857118866207075448476,,已激活,2024-07-23 17:31:43,2024-07-23 17:31:56,FwPSberg1VxPhgo4J1fGaKND9YYeXORGqtweMR8HrxY,2025-12-21 03:04:09,2025-12-19 18:57:55,2024-07-23 17:31:56
866207075174510,866207075174510,16857118866207075174510,,已激活,2024-07-23 17:31:43,2024-07-23 17:31:49,FwPSberg1VxPhgo4J1fGaKND9YYeXORGqtweMR8HrxY,2025-12-21 11:32:40,2025-12-21 11:13:55,2024-07-23 17:31:49
866207075367056,866207075367056,16857118866207075367056,,已激活,2024-07-23 17:31:43,2024-07-23 17:31:52,FwPSberg1VxPhgo4J1fGaKND9YYeXORGqtweMR8HrxY,2025-12-21 18:09:35,2025-12-21 17:42:34,2024-07-23 17:31:52
866207075363212,866207075363212,16857118866207075363212,,已激活,2024-07-23 17:31:43,2024-07-23 17:31:47,FwPSberg1VxPhgo4J1fGaKND9YYeXORGqtweMR8HrxY,2025-12-21 12:39:48,2025-12-21 12:39:40,2024-07-23 17:31:47
866207075008031,866207075008031,16857118866207075008031,,已激活,2024-07-23 16:45:39,2024-07-23 16:45:39,FwPSberg1VxPhgo4J1fGaKND9YYeXORGqtweMR8HrxY,2025-12-21 03:01:36,2025-12-18 06:39:56,2024-07-23 16:45:39
866207075442032,866207075442032,16857118866207075442032,,已激活,2024-07-23 16:45:38,2024-07-23 16:45:53,FwPSberg1VxPhgo4J1fGaKND9YYeXORGqtweMR8HrxY,2025-12-15 12:32:26,2025-12-15 12:30:56,2024-07-23 16:45:53
866207075007439,866207075007439,16857118866207075007439,,已激活,2024-07-23 16:27:38,2024-07-23 16:29:32,FwPSberg1VxPhgo4J1fGaKND9YYeXORGqtweMR8HrxY,2025-12-21 03:03:52,2025-09-25 22:39:59,2024-07-23 16:29:32
866207075001457,866207075001457,16857118866207075001457,,已激活,2024-07-23 16:17:33,2024-07-23 16:17:35,FwPSberg1VxPhgo4J1fGaKND9YYeXORGqtweMR8HrxY,2025-12-21 03:02:03,2025-12-02 07:53:24,2024-07-23 16:17:35
866207075442719,866207075442719,16857118866207075442719,,已激活,2024-07-23 16:17:33,2024-07-23 16:17:55,FwPSberg1VxPhgo4J1fGaKND9YYeXORGqtweMR8HrxY,2025-12-21 03:04:10,2025-12-15 20:14:05,2024-07-23 16:17:55
866207075001838,866207075001838,16857118866207075001838,,已激活,2024-07-23 14:38:28,2024-07-23 14:50:39,FwPSberg1VxPhgo4J1fGaKND9YYeXORGqtweMR8HrxY,2025-12-21 00:03:11,2025-12-20 23:42:57,2024-07-23 14:50:39
866207075440739,866207075440739,16857118866207075440739,,已激活,2024-07-23 14:38:28,2024-07-23 14:45:58,FwPSberg1VxPhgo4J1fGaKND9YYeXORGqtweMR8HrxY,2025-12-20 22:06:57,2025-12-20 21:50:45,2024-07-23 14:45:58
860497077630629,860497077630629,16857118860497077630629,,已激活,2024-07-23 13:34:06,2024-07-23 13:35:07,FwPSberg1VxPhgo4J1fGaKND9YYeXORGqtweMR8HrxY,2025-12-05 01:03:40,2025-12-05 00:35:14,2024-07-23 13:35:07
860497077622626,860497077622626,16857118860497077622626,,已激活,2024-07-16 14:06:03,2024-07-16 14:24:54,FwPSberg1VxPhgo4J1fGaKND9YYeXORGqtweMR8HrxY,2025-12-18 12:03:09,2025-12-18 11:43:47,2024-07-16 14:24:54
866207075411656,866207075411656,16857118866207075411656,,已激活,2024-07-16 14:02:55,2024-08-01 01:55:56,FwPSberg1VxPhgo4J1fGaKND9YYeXORGqtweMR8HrxY,2025-12-21 03:02:14,2025-12-16 00:27:12,2024-08-01 01:55:56
866207075444418,866207075444418,16857118866207075444418,,已激活,2024-07-16 14:02:55,2024-08-01 01:56:05,FwPSberg1VxPhgo4J1fGaKND9YYeXORGqtweMR8HrxY,2025-12-21 03:04:30,2025-11-30 22:44:57,2024-08-01 01:56:05
860497077621974,860497077621974,16857118860497077621974,,已激活,2024-07-15 13:56:01,2024-07-15 13:56:08,FwPSberg1VxPhgo4J1fGaKND9YYeXORGqtweMR8HrxY,2025-12-21 03:03:08,2025-12-11 13:44:49,2024-07-15 13:56:08
866207075445837,866207075445837,16857118866207075445837,,已激活,2024-07-15 10:35:59,2024-07-15 10:36:10,FwPSberg1VxPhgo4J1fGaKND9YYeXORGqtweMR8HrxY,2025-12-21 03:03:32,2025-12-12 11:22:39,2024-07-15 10:36:10
866207075441570,866207075441570,16857118866207075441570,,已激活,2024-07-15 10:35:58,2024-07-15 10:36:13,FwPSberg1VxPhgo4J1fGaKND9YYeXORGqtweMR8HrxY,2025-12-21 03:04:22,2025-12-12 11:22:59,2024-07-15 10:36:13
866207075441935,866207075441935,16857118866207075441935,,已激活,2024-07-15 10:35:58,2024-07-15 10:36:05,FwPSberg1VxPhgo4J1fGaKND9YYeXORGqtweMR8HrxY,2025-12-21 03:04:23,2025-12-12 11:24:20,2024-07-15 10:36:05
860497077626015,860497077626015,16857118860497077626015,,已激活,2024-07-12 16:10:04,2024-07-23 13:45:07,FwPSberg1VxPhgo4J1fGaKND9YYeXORGqtweMR8HrxY,2025-12-21 03:04:24,2025-11-28 02:37:52,2024-07-23 13:45:07
866207075363055,866207075363055,16857118866207075363055,,已激活,2024-07-10 16:00:27,2024-07-10 16:00:41,FwPSberg1VxPhgo4J1fGaKND9YYeXORGqtweMR8HrxY,2025-11-26 00:04:20,2025-11-17 06:06:01,2024-07-10 16:00:41
866207075001671,866207075001671,16857118866207075001671,,已激活,2024-07-10 15:23:02,2024-07-10 15:23:05,FwPSberg1VxPhgo4J1fGaKND9YYeXORGqtweMR8HrxY,2025-12-20 03:04:16,2025-12-05 01:21:05,2024-07-10 15:23:05
866207075001416,866207075001416,16857118866207075001416,,已激活,2024-07-08 13:09:05,2024-07-08 13:10:06,FwPSberg1VxPhgo4J1fGaKND9YYeXORGqtweMR8HrxY,2025-05-20 08:58:38,2025-05-20 10:09:08,2024-07-08 13:10:06
860497077507363,860497077507363,16857118860497077507363,,已注册,2024-07-08 12:09:09,,FwPSberg1VxPhgo4J1fGaKND9YYeXORGqtweMR8HrxY,,,
866207075442438,866207075442438,16857118866207075442438,,已激活,2024-07-05 16:31:12,2024-07-05 16:50:13,FwPSberg1VxPhgo4J1fGaKND9YYeXORGqtweMR8HrxY,2025-12-21 03:01:12,2025-11-28 10:34:28,2024-07-05 16:50:13
866207075411615,866207075411615,16857118866207075411615,,已激活,2024-07-05 16:31:12,2024-07-05 16:50:14,FwPSberg1VxPhgo4J1fGaKND9YYeXORGqtweMR8HrxY,2025-12-21 03:02:02,2025-11-28 10:34:26,2024-07-05 16:50:14
866207075292312,866207075292312,16857118866207075292312,,已激活,2024-07-05 16:30:00,2024-07-05 16:30:13,FwPSberg1VxPhgo4J1fGaKND9YYeXORGqtweMR8HrxY,2025-12-01 13:34:24,2025-12-01 13:23:44,2024-07-05 16:30:13
866207075002356,866207075002356,16857118866207075002356,,已激活,2024-07-05 16:29:59,2024-07-05 16:30:09,FwPSberg1VxPhgo4J1fGaKND9YYeXORGqtweMR8HrxY,2025-12-21 03:01:51,2025-12-05 01:20:39,2024-07-05 16:30:09
866207075010599,866207075010599,16857118866207075010599,,已激活,2024-07-05 16:08:50,2024-07-05 16:08:55,FwPSberg1VxPhgo4J1fGaKND9YYeXORGqtweMR8HrxY,2025-12-21 03:04:09,2025-09-12 00:40:17,2024-07-05 16:08:55
866207075387591,866207075387591,16857118866207075387591,,已激活,2024-07-05 16:08:49,2024-07-05 16:08:57,FwPSberg1VxPhgo4J1fGaKND9YYeXORGqtweMR8HrxY,2025-12-18 03:04:34,2025-10-28 22:21:30,2024-07-05 16:08:57
866207075409510,866207075409510,16857118866207075409510,,已激活,2024-07-05 16:02:20,2024-07-05 16:02:25,FwPSberg1VxPhgo4J1fGaKND9YYeXORGqtweMR8HrxY,2025-12-21 03:03:56,2025-11-28 09:58:55,2024-07-05 16:02:25
866207075002695,866207075002695,16857118866207075002695,,已激活,2024-07-05 16:02:20,2024-07-05 16:02:26,FwPSberg1VxPhgo4J1fGaKND9YYeXORGqtweMR8HrxY,2025-12-21 03:04:08,2025-12-19 18:04:12,2024-07-05 16:02:26
866207075444376,866207075444376,16857118866207075444376,,已激活,2024-07-05 14:26:17,2024-07-05 14:26:28,FwPSberg1VxPhgo4J1fGaKND9YYeXORGqtweMR8HrxY,2025-12-21 15:32:54,2025-12-21 15:14:13,2024-07-05 14:26:28
866207075441554,866207075441554,16857118866207075441554,,已激活,2024-07-05 14:26:17,2024-07-05 14:26:30,FwPSberg1VxPhgo4J1fGaKND9YYeXORGqtweMR8HrxY,2025-12-15 20:05:13,2025-12-15 19:46:01,2024-07-05 14:26:30
866207075387559,866207075387559,16857118866207075387559,,已激活,2024-07-05 14:10:14,2024-07-05 14:10:24,FwPSberg1VxPhgo4J1fGaKND9YYeXORGqtweMR8HrxY,2025-12-21 03:04:04,2025-11-22 10:27:01,2024-07-05 14:10:24
866207075442636,866207075442636,16857118866207075442636,,已激活,2024-07-05 14:10:13,2024-07-05 14:10:24,FwPSberg1VxPhgo4J1fGaKND9YYeXORGqtweMR8HrxY,2025-12-21 03:04:18,2025-12-14 06:59:44,2024-07-05 14:10:24
866207075492250,866207075492250,16857118866207075492250,,已激活,2024-07-05 14:03:09,2024-07-05 14:03:11,FwPSberg1VxPhgo4J1fGaKND9YYeXORGqtweMR8HrxY,2025-12-21 03:04:16,2025-10-27 22:09:48,2024-07-05 14:03:11
866207075230031,866207075230031,16857118866207075230031,,已激活,2024-07-05 14:03:09,2024-07-05 14:03:23,FwPSberg1VxPhgo4J1fGaKND9YYeXORGqtweMR8HrxY,2025-12-21 03:03:07,2025-12-07 09:03:38,2024-07-05 14:03:23
866207075001531,866207075001531,16857118866207075001531,,已激活,2024-07-05 13:32:34,2024-07-05 14:00:49,FwPSberg1VxPhgo4J1fGaKND9YYeXORGqtweMR8HrxY,2025-12-21 03:05:04,2025-10-26 15:24:58,2024-07-05 14:00:49
866207075001259,866207075001259,16857118866207075001259,,已激活,2024-07-05 13:31:44,2024-07-05 13:31:59,FwPSberg1VxPhgo4J1fGaKND9YYeXORGqtweMR8HrxY,2025-12-21 03:04:21,2025-12-05 01:21:15,2024-07-05 13:31:59
866207075445498,866207075445498,16857118866207075445498,,已激活,2024-07-05 13:31:44,2024-07-05 13:31:52,FwPSberg1VxPhgo4J1fGaKND9YYeXORGqtweMR8HrxY,2025-12-21 03:03:26,2025-12-20 06:08:23,2024-07-05 13:31:52
866207075445712,866207075445712,16857118866207075445712,,已激活,2024-07-05 13:31:44,2024-07-05 13:31:48,FwPSberg1VxPhgo4J1fGaKND9YYeXORGqtweMR8HrxY,2025-12-21 20:04:04,2025-12-21 20:00:39,2024-07-05 13:31:48
866207075007132,866207075007132,16857118866207075007132,,已激活,2024-07-04 18:59:05,2024-07-04 18:59:22,FwPSberg1VxPhgo4J1fGaKND9YYeXORGqtweMR8HrxY,2025-12-21 03:03:44,2025-10-19 23:32:28,2024-07-04 18:59:22
860497077395488,860497077395488,16857118860497077395488,,已注册,2024-07-04 18:47:34,,FwPSberg1VxPhgo4J1fGaKND9YYeXORGqtweMR8HrxY,,,
866207075001275,866207075001275,16857118866207075001275,,已激活,2024-07-04 18:37:53,2024-07-04 18:39:28,FwPSberg1VxPhgo4J1fGaKND9YYeXORGqtweMR8HrxY,2025-12-21 10:31:08,2025-12-21 10:14:31,2024-07-04 18:39:28
866207075007231,866207075007231,16857118866207075007231,,已激活,2024-07-04 18:37:53,2024-07-04 18:37:59,FwPSberg1VxPhgo4J1fGaKND9YYeXORGqtweMR8HrxY,2025-12-21 03:03:56,2025-10-28 03:05:30,2024-07-04 18:37:59
866207075292353,866207075292353,16857118866207075292353,,已激活,2024-07-04 18:19:35,2024-07-04 18:19:36,FwPSberg1VxPhgo4J1fGaKND9YYeXORGqtweMR8HrxY,2025-12-21 17:55:11,2025-12-21 17:28:18,2024-07-04 18:19:36
866207075010474,866207075010474,16857118866207075010474,,已激活,2024-07-04 18:04:20,2024-07-04 18:04:28,FwPSberg1VxPhgo4J1fGaKND9YYeXORGqtweMR8HrxY,2025-12-21 03:03:05,2025-11-07 09:33:37,2024-07-04 18:04:28
866207075442354,866207075442354,16857118866207075442354,,已激活,2024-07-04 18:04:20,2024-07-04 18:04:37,FwPSberg1VxPhgo4J1fGaKND9YYeXORGqtweMR8HrxY,2025-12-21 17:30:46,2025-12-21 17:20:05,2024-07-04 18:04:37
866207075411573,866207075411573,16857118866207075411573,,已激活,2024-07-04 17:39:18,2024-07-04 18:02:52,FwPSberg1VxPhgo4J1fGaKND9YYeXORGqtweMR8HrxY,2025-12-21 03:04:48,2025-10-20 12:38:47,2024-07-04 18:02:52
866207075445175,866207075445175,16857118866207075445175,,已激活,2024-07-04 17:38:21,2024-07-04 17:38:29,FwPSberg1VxPhgo4J1fGaKND9YYeXORGqtweMR8HrxY,2025-12-21 03:02:15,2025-12-19 03:03:05,2024-07-04 17:38:29
866207075008817,866207075008817,16857118866207075008817,,已激活,2024-07-03 12:46:56,2025-01-02 06:50:43,FwPSberg1VxPhgo4J1fGaKND9YYeXORGqtweMR8HrxY,2025-12-21 03:01:36,2025-09-12 01:26:31,2025-01-02 06:50:43
866207075364194,866207075364194,16857118866207075364194,,已激活,2024-07-03 12:46:55,2025-01-02 06:50:37,FwPSberg1VxPhgo4J1fGaKND9YYeXORGqtweMR8HrxY,2025-12-21 03:03:16,2025-09-12 01:26:58,2025-01-02 06:50:37
866207075367031,866207075367031,16857118866207075367031,,已激活,2024-07-03 12:46:55,2025-01-02 06:50:59,FwPSberg1VxPhgo4J1fGaKND9YYeXORGqtweMR8HrxY,2025-12-21 03:04:01,2025-12-18 10:34:26,2025-01-02 06:50:59
866207075009898,866207075009898,16857118866207075009898,,已激活,2024-07-03 12:46:55,2025-01-02 06:50:26,FwPSberg1VxPhgo4J1fGaKND9YYeXORGqtweMR8HrxY,2025-12-21 03:03:23,2025-12-18 10:33:40,2025-01-02 06:50:26
866207075007391,866207075007391,16857118866207075007391,,已注册,2024-07-01 18:23:32,,FwPSberg1VxPhgo4J1fGaKND9YYeXORGqtweMR8HrxY,,,
866207075007397,866207075007397,16857118866207075007397,,已激活,2024-07-01 17:28:31,2024-07-01 17:29:00,FwPSberg1VxPhgo4J1fGaKND9YYeXORGqtweMR8HrxY,2025-07-23 06:38:35,2025-07-23 10:52:05,2024-07-01 17:29:00
866207075492110,866207075492110,16857118866207075492110,,已激活,2024-07-01 17:13:26,2024-07-02 13:45:49,FwPSberg1VxPhgo4J1fGaKND9YYeXORGqtweMR8HrxY,2025-08-20 03:03:40,2025-08-21 01:02:11,2024-07-02 13:45:49
866207075008411,866207075008411,16857118866207075008411,,已激活,2024-07-01 16:32:26,2024-07-02 12:11:59,FwPSberg1VxPhgo4J1fGaKND9YYeXORGqtweMR8HrxY,2025-09-16 03:03:29,2025-09-16 10:31:59,2024-07-02 12:11:59
866207075001812,866207075001812,16857118866207075001812,,已激活,2024-07-01 16:32:26,2024-07-01 17:05:46,FwPSberg1VxPhgo4J1fGaKND9YYeXORGqtweMR8HrxY,2025-07-28 15:03:34,2025-07-28 17:51:34,2024-07-01 17:05:46
866207075445399,866207075445399,16857118866207075445399,,已激活,2024-07-01 16:32:26,2024-07-02 13:39:41,FwPSberg1VxPhgo4J1fGaKND9YYeXORGqtweMR8HrxY,2025-05-07 03:04:34,2025-05-07 21:48:04,2024-07-02 13:39:41
866207075447254,866207075447254,16857118866207075447254,,已激活,2024-07-01 16:32:26,2024-07-01 17:12:18,FwPSberg1VxPhgo4J1fGaKND9YYeXORGqtweMR8HrxY,2025-11-12 08:55:12,2025-11-12 08:59:42,2024-07-01 17:12:18
866207075442511,866207075442511,16857118866207075442511,,已激活,2024-07-01 16:28:20,2024-07-01 17:41:56,FwPSberg1VxPhgo4J1fGaKND9YYeXORGqtweMR8HrxY,2025-11-12 08:53:30,2025-11-12 08:58:00,2024-07-01 17:41:56
866207075445936,866207075445936,16857118866207075445936,,已激活,2024-07-01 16:28:20,2024-07-01 17:35:27,FwPSberg1VxPhgo4J1fGaKND9YYeXORGqtweMR8HrxY,2025-09-16 03:03:15,2025-09-16 09:55:45,2024-07-01 17:35:27
866207075442958,866207075442958,16857118866207075442958,,已激活,2024-07-01 16:28:19,2024-07-01 17:19:30,FwPSberg1VxPhgo4J1fGaKND9YYeXORGqtweMR8HrxY,2025-09-16 03:02:41,2025-09-16 10:14:41,2024-07-01 17:19:30
866207075002737,866207075002737,16857118866207075002737,,已激活,2024-07-01 16:28:19,2024-07-01 16:58:39,FwPSberg1VxPhgo4J1fGaKND9YYeXORGqtweMR8HrxY,2025-05-16 03:03:37,2025-05-16 17:08:08,2024-07-01 16:58:39
866207075410914,866207075410914,16857118866207075410914,,已激活,2024-07-01 16:28:19,2024-07-01 16:47:37,FwPSberg1VxPhgo4J1fGaKND9YYeXORGqtweMR8HrxY,2025-11-12 08:51:30,2025-11-12 08:56:00,2024-07-01 16:47:37
866207075447874,866207075447874,16857118866207075447874,,已激活,2024-07-01 16:28:19,2024-07-01 16:31:14,FwPSberg1VxPhgo4J1fGaKND9YYeXORGqtweMR8HrxY,2025-09-13 12:31:41,2025-09-16 09:15:14,2024-07-01 16:31:14
866207075444491,866207075444491,16857118866207075444491,,已激活,2024-06-27 15:26:35,2024-06-28 02:34:53,FwPSberg1VxPhgo4J1fGaKND9YYeXORGqtweMR8HrxY,2025-12-16 00:33:18,2025-12-16 00:27:01,2024-06-28 02:34:53
866207075006977,866207075006977,16857118866207075006977,,已激活,2024-06-26 16:39:19,2024-06-26 16:39:26,FwPSberg1VxPhgo4J1fGaKND9YYeXORGqtweMR8HrxY,2025-12-09 15:34:21,2025-12-09 15:31:45,2024-06-26 16:39:26
8662070750006977,8662070750006977,168571188662070750006977,,已注册,2024-06-26 16:38:30,,FwPSberg1VxPhgo4J1fGaKND9YYeXORGqtweMR8HrxY,,,
866207075444533,866207075444533,16857118866207075444533,,已激活,2024-06-26 13:53:17,2024-06-26 13:53:22,FwPSberg1VxPhgo4J1fGaKND9YYeXORGqtweMR8HrxY,2025-12-21 03:02:12,2025-11-26 16:04:51,2024-06-26 13:53:22
866207075006936,866207075006936,16857118866207075006936,,已激活,2024-06-25 14:47:14,2024-06-25 14:47:25,FwPSberg1VxPhgo4J1fGaKND9YYeXORGqtweMR8HrxY,2024-09-02 03:01:45,2024-09-02 11:12:15,2024-06-25 14:47:25
866207075230072,866207075230072,16857118866207075230072,,已激活,2024-06-24 14:34:48,2024-06-24 14:34:50,FwPSberg1VxPhgo4J1fGaKND9YYeXORGqtweMR8HrxY,2025-12-03 17:33:36,2025-12-03 17:27:29,2024-06-24 14:34:50
866207075445415,866207075445415,16857118866207075445415,,已激活,2024-06-20 14:58:58,2024-06-20 14:59:04,FwPSberg1VxPhgo4J1fGaKND9YYeXORGqtweMR8HrxY,2025-08-10 03:02:21,2025-08-11 01:38:22,2024-06-20 14:59:04
866207075007272,866207075007272,16857118866207075007272,,已激活,2024-06-20 14:57:33,2024-06-20 14:57:40,FwPSberg1VxPhgo4J1fGaKND9YYeXORGqtweMR8HrxY,2025-06-30 03:03:49,2025-07-01 01:51:50,2024-06-20 14:57:40
866207075007652,866207075007652,16857118866207075007652,,已激活,2024-06-20 14:56:44,2024-06-20 14:56:59,FwPSberg1VxPhgo4J1fGaKND9YYeXORGqtweMR8HrxY,2024-09-03 09:17:03,2024-09-03 09:23:03,2024-06-20 14:56:59
866207075008999,866207075008999,16857118866207075008999,,已激活,2024-06-20 14:55:22,2024-06-20 14:55:32,FwPSberg1VxPhgo4J1fGaKND9YYeXORGqtweMR8HrxY,2025-02-27 03:01:28,2025-02-27 13:14:59,2024-06-20 14:55:32
866207075365779,866207075365779,16857118866207075365779,,已激活,2024-06-19 18:19:23,2024-06-19 18:19:30,FwPSberg1VxPhgo4J1fGaKND9YYeXORGqtweMR8HrxY,2025-12-21 03:01:22,2025-12-20 13:35:29,2024-06-19 18:19:30
866207075445357,866207075445357,16857118866207075445357,,已激活,2024-06-19 18:19:23,2024-06-19 18:19:35,FwPSberg1VxPhgo4J1fGaKND9YYeXORGqtweMR8HrxY,2025-12-21 03:03:59,2025-12-19 03:06:22,2024-06-19 18:19:35
866207075442198,866207075442198,16857118866207075442198,,已激活,2024-06-19 17:19:01,2024-07-03 12:25:04,FwPSberg1VxPhgo4J1fGaKND9YYeXORGqtweMR8HrxY,2025-12-21 03:03:38,2025-12-17 02:37:04,2024-07-03 12:25:04
866207075009377,866207075009377,16857118866207075009377,,已激活,2024-06-19 17:19:01,2024-07-03 12:25:08,FwPSberg1VxPhgo4J1fGaKND9YYeXORGqtweMR8HrxY,2025-12-21 03:04:08,2025-11-26 17:32:55,2024-07-03 12:25:08
866207075010151,866207075010151,16857118866207075010151,,已激活,2024-06-18 17:03:01,2024-06-18 17:03:08,FwPSberg1VxPhgo4J1fGaKND9YYeXORGqtweMR8HrxY,2025-12-21 18:04:13,2025-12-21 17:42:32,2024-06-18 17:03:08
866207075007678,866207075007678,16857118866207075007678,,已激活,2024-06-18 16:02:06,2024-06-18 16:02:12,FwPSberg1VxPhgo4J1fGaKND9YYeXORGqtweMR8HrxY,2025-12-21 03:01:50,2025-12-09 17:44:17,2024-06-18 16:02:12
866207075440150,866207075440150,16857118866207075440150,,已激活,2024-06-18 16:02:06,2024-06-18 16:02:21,FwPSberg1VxPhgo4J1fGaKND9YYeXORGqtweMR8HrxY,2025-12-21 13:33:49,2025-12-21 13:33:05,2024-06-18 16:02:21
866207075008015,866207075008015,16857118866207075008015,,已激活,2024-06-18 16:02:06,2024-06-18 16:02:12,FwPSberg1VxPhgo4J1fGaKND9YYeXORGqtweMR8HrxY,2025-12-21 20:01:14,2025-12-21 20:05:44,2024-06-18 16:02:12
866207075445795,866207075445795,16857118866207075445795,,已激活,2024-06-18 15:57:41,2024-06-18 15:57:48,FwPSberg1VxPhgo4J1fGaKND9YYeXORGqtweMR8HrxY,2025-12-21 03:03:57,2025-11-30 23:33:25,2024-06-18 15:57:48
866207075009591,866207075009591,16857118866207075009591,,已激活,2024-06-18 15:57:41,2024-06-18 15:57:42,FwPSberg1VxPhgo4J1fGaKND9YYeXORGqtweMR8HrxY,2025-12-21 03:03:32,2025-11-18 09:16:41,2024-06-18 15:57:42
866207075009054,866207075009054,16857118866207075009054,,已激活,2024-06-18 15:57:41,2024-06-18 15:57:41,FwPSberg1VxPhgo4J1fGaKND9YYeXORGqtweMR8HrxY,2025-12-21 03:02:18,2025-12-07 17:35:10,2024-06-18 15:57:41
866207075001952,866207075001952,16857118866207075001952,,已激活,2024-06-18 15:57:41,2024-06-18 15:57:47,FwPSberg1VxPhgo4J1fGaKND9YYeXORGqtweMR8HrxY,2025-12-21 03:04:00,2025-12-14 17:29:49,2024-06-18 15:57:47
866207075002315,866207075002315,16857118866207075002315,,已激活,2024-06-17 19:24:39,2024-06-17 19:24:53,FwPSberg1VxPhgo4J1fGaKND9YYeXORGqtweMR8HrxY,2025-11-25 04:25:51,2025-10-19 23:33:23,2024-06-17 19:24:53
866207075001473,866207075001473,16857118866207075001473,,已激活,2024-06-17 19:24:39,2024-06-17 19:25:36,FwPSberg1VxPhgo4J1fGaKND9YYeXORGqtweMR8HrxY,2025-12-21 03:02:13,2025-12-20 11:52:51,2024-06-17 19:25:36
866207075411771,866207075411771,16857118866207075411771,,已激活,2024-06-17 19:24:39,2024-06-17 19:32:38,FwPSberg1VxPhgo4J1fGaKND9YYeXORGqtweMR8HrxY,2025-12-21 03:01:28,2025-10-20 06:51:30,2024-06-17 19:32:38
866207075441679,866207075441679,16857118866207075441679,,已激活,2024-06-17 19:21:52,2024-06-17 19:21:56,FwPSberg1VxPhgo4J1fGaKND9YYeXORGqtweMR8HrxY,2025-12-12 03:02:56,2025-10-29 12:04:05,2024-06-17 19:21:56
866207075007090,866207075007090,16857118866207075007090,,已激活,2024-06-17 12:51:21,2024-06-17 12:51:33,FwPSberg1VxPhgo4J1fGaKND9YYeXORGqtweMR8HrxY,2025-12-21 03:02:10,2025-12-21 20:06:41,2024-06-17 12:51:33
866207075444277,866207075444277,16857118866207075444277,,已激活,2024-06-17 11:25:50,2024-06-17 11:25:51,FwPSberg1VxPhgo4J1fGaKND9YYeXORGqtweMR8HrxY,2025-12-05 01:32:53,2025-12-05 01:20:55,2024-06-17 11:25:51
866207075444293,866207075444293,16857118866207075444293,,已激活,2024-06-15 14:20:44,2024-06-15 14:20:44,FwPSberg1VxPhgo4J1fGaKND9YYeXORGqtweMR8HrxY,2025-12-13 03:03:26,2025-12-05 01:19:50,2024-06-15 14:20:44
866207075007611,866207075007611,16857118866207075007611,,已激活,2024-06-14 17:18:46,2024-06-14 17:18:58,FwPSberg1VxPhgo4J1fGaKND9YYeXORGqtweMR8HrxY,2025-12-21 03:03:24,2025-12-04 05:30:16,2024-06-14 17:18:58
866207075009252,866207075009252,16857118866207075009252,,已激活,2024-06-14 17:18:46,2024-06-14 17:18:59,FwPSberg1VxPhgo4J1fGaKND9YYeXORGqtweMR8HrxY,2025-12-21 03:04:09,2025-12-19 21:25:38,2024-06-14 17:18:59
866207075230114,866207075230114,16857118866207075230114,,已激活,2024-06-14 16:34:27,2024-06-14 16:57:33,FwPSberg1VxPhgo4J1fGaKND9YYeXORGqtweMR8HrxY,2025-11-29 03:01:16,2025-10-17 22:45:09,2024-06-14 16:57:33
866207075442412,866207075442412,16857118866207075442412,,已激活,2024-06-14 16:32:29,2024-06-14 16:32:45,FwPSberg1VxPhgo4J1fGaKND9YYeXORGqtweMR8HrxY,2025-12-21 09:31:34,2025-12-21 09:07:06,2024-06-14 16:32:45
866207075008759,866207075008759,16857118866207075008759,,已激活,2024-06-14 15:47:48,2024-06-14 15:48:02,FwPSberg1VxPhgo4J1fGaKND9YYeXORGqtweMR8HrxY,2025-12-21 15:04:22,2025-12-21 14:40:23,2024-06-14 15:48:02
866207075444319,866207075444319,16857118866207075444319,,已激活,2024-06-14 15:47:48,2024-06-14 15:47:57,FwPSberg1VxPhgo4J1fGaKND9YYeXORGqtweMR8HrxY,2025-12-21 15:31:50,2025-12-21 15:16:50,2024-06-14 15:47:57
866207075444772,866207075444772,16857118866207075444772,,已激活,2024-06-14 15:35:24,2024-06-14 15:35:26,FwPSberg1VxPhgo4J1fGaKND9YYeXORGqtweMR8HrxY,2025-12-21 03:02:21,2025-11-09 15:15:43,2024-06-14 15:35:26
866207075445233,866207075445233,16857118866207075445233,,已激活,2024-06-14 15:35:24,2024-06-14 15:35:45,FwPSberg1VxPhgo4J1fGaKND9YYeXORGqtweMR8HrxY,2025-12-21 03:01:33,2025-10-31 23:03:33,2024-06-14 15:35:45
866207075009039,866207075009039,16857118866207075009039,,已激活,2024-06-14 12:35:32,2024-06-14 12:35:47,FwPSberg1VxPhgo4J1fGaKND9YYeXORGqtweMR8HrxY,2025-12-21 14:34:55,2025-12-21 14:34:12,2024-06-14 12:35:47
866207075009070,866207075009070,16857118866207075009070,,已激活,2024-06-14 12:35:32,2024-06-14 12:35:38,FwPSberg1VxPhgo4J1fGaKND9YYeXORGqtweMR8HrxY,2025-12-21 19:07:28,2025-12-21 18:05:07,2024-06-14 12:35:38
866207075446058,866207075446058,16857118866207075446058,,已激活,2024-06-14 11:58:06,2024-06-14 11:58:16,FwPSberg1VxPhgo4J1fGaKND9YYeXORGqtweMR8HrxY,2025-12-21 03:03:17,2025-12-05 01:20:31,2024-06-14 11:58:16
866207075007918,866207075007918,16857118866207075007918,,已激活,2024-06-14 11:58:06,2024-06-14 11:58:13,FwPSberg1VxPhgo4J1fGaKND9YYeXORGqtweMR8HrxY,2025-12-21 03:02:36,2025-12-20 21:01:10,2024-06-14 11:58:13
866207075445738,866207075445738,16857118866207075445738,,已激活,2024-06-13 16:37:57,2024-06-14 04:21:33,FwPSberg1VxPhgo4J1fGaKND9YYeXORGqtweMR8HrxY,2025-12-21 03:01:00,2025-12-19 17:14:28,2024-06-14 04:21:33
866207075009716,866207075009716,16857118866207075009716,,已激活,2024-06-13 16:37:57,2024-06-14 21:39:43,FwPSberg1VxPhgo4J1fGaKND9YYeXORGqtweMR8HrxY,2025-12-21 03:04:08,2025-10-25 07:26:31,2024-06-14 21:39:43
860497077625629,860497077625629,16857118860497077625629,,已激活,2024-06-13 15:57:18,2024-06-13 15:58:54,FwPSberg1VxPhgo4J1fGaKND9YYeXORGqtweMR8HrxY,2025-12-21 03:02:36,2025-11-30 19:00:34,2024-06-13 15:58:54
866207075007314,866207075007314,16857118866207075007314,,已激活,2024-06-12 16:40:16,2024-06-12 16:59:51,FwPSberg1VxPhgo4J1fGaKND9YYeXORGqtweMR8HrxY,2025-12-21 03:03:57,2025-12-20 14:24:58,2024-06-12 16:59:51
860497077594486,860497077594486,16857118860497077594486,,已激活,2024-06-12 16:13:02,2024-06-12 16:13:11,FwPSberg1VxPhgo4J1fGaKND9YYeXORGqtweMR8HrxY,2025-12-16 03:01:43,2025-11-28 20:40:57,2024-06-12 16:13:11
860497077621529,860497077621529,16857118860497077621529,,已激活,2024-06-12 15:46:17,2024-06-12 15:46:23,FwPSberg1VxPhgo4J1fGaKND9YYeXORGqtweMR8HrxY,2025-06-28 03:01:50,2025-06-28 09:09:21,2024-06-12 15:46:23
860497077523071,860497077523071,16857118860497077523071,,已激活,2024-06-12 15:11:53,2024-06-12 15:32:59,FwPSberg1VxPhgo4J1fGaKND9YYeXORGqtweMR8HrxY,2025-12-21 03:03:17,2025-11-23 19:46:57,2024-06-12 15:32:59
866207075001374,866207075001374,16857118866207075001374,,已激活,2024-06-11 17:03:22,2024-06-11 17:07:03,FwPSberg1VxPhgo4J1fGaKND9YYeXORGqtweMR8HrxY,2025-12-21 19:35:22,2025-12-21 19:39:52,2024-06-11 17:07:03
866207075410997,866207075410997,16857118866207075410997,,已激活,2024-06-11 16:54:16,2024-06-11 16:54:29,FwPSberg1VxPhgo4J1fGaKND9YYeXORGqtweMR8HrxY,2025-12-21 03:03:24,2025-12-20 22:19:19,2024-06-11 16:54:29
866207075009534,866207075009534,16857118866207075009534,,已激活,2024-06-11 13:54:14,2024-06-11 14:22:47,FwPSberg1VxPhgo4J1fGaKND9YYeXORGqtweMR8HrxY,2025-12-21 17:04:53,2025-12-12 21:06:41,2024-06-11 14:22:47
860497077622030,860497077622030,16857118860497077622030,,已激活,2024-06-08 15:27:06,2024-06-08 16:34:29,FwPSberg1VxPhgo4J1fGaKND9YYeXORGqtweMR8HrxY,2025-12-21 03:04:07,2025-12-05 16:30:44,2024-06-08 16:34:29
860497077632591,860497077632591,16857118860497077632591,,已激活,2024-06-08 15:01:16,2024-06-08 15:01:17,FwPSberg1VxPhgo4J1fGaKND9YYeXORGqtweMR8HrxY,2025-12-21 03:03:30,2025-11-17 14:01:03,2024-06-08 15:01:17
860497077622014,860497077622014,16857118860497077622014,,已激活,2024-06-08 14:55:01,2024-06-08 14:55:22,FwPSberg1VxPhgo4J1fGaKND9YYeXORGqtweMR8HrxY,2025-12-21 03:03:18,2025-10-16 15:44:16,2024-06-08 14:55:22
860497077622022,860497077622022,16857118860497077622022,,已激活,2024-06-08 14:55:01,2024-06-08 14:55:30,FwPSberg1VxPhgo4J1fGaKND9YYeXORGqtweMR8HrxY,2025-10-16 03:03:20,2025-10-16 15:45:20,2024-06-08 14:55:30
860497077632526,860497077632526,16857118860497077632526,,已激活,2024-06-08 11:56:21,2024-06-08 11:56:37,FwPSberg1VxPhgo4J1fGaKND9YYeXORGqtweMR8HrxY,2025-12-21 03:03:52,2025-11-17 13:46:51,2024-06-08 11:56:37
860497077622113,860497077622113,16857118860497077622113,,已激活,2024-06-08 11:56:21,2024-06-08 11:56:24,FwPSberg1VxPhgo4J1fGaKND9YYeXORGqtweMR8HrxY,2025-12-21 03:04:04,2025-11-17 13:47:19,2024-06-08 11:56:24
860497077632658,860497077632658,16857118860497077632658,,已激活,2024-06-08 11:56:21,2024-06-08 11:56:21,FwPSberg1VxPhgo4J1fGaKND9YYeXORGqtweMR8HrxY,2025-11-17 03:02:30,2025-11-17 13:44:31,2024-06-08 11:56:21
860497077631387,860497077631387,16857118860497077631387,,已激活,2024-06-08 11:56:21,2024-06-08 11:57:10,FwPSberg1VxPhgo4J1fGaKND9YYeXORGqtweMR8HrxY,2025-12-21 03:04:03,2025-11-17 13:45:02,2024-06-08 11:57:10
860497077621602,860497077621602,16857118860497077621602,,已激活,2024-06-08 11:56:20,2024-06-08 11:56:24,FwPSberg1VxPhgo4J1fGaKND9YYeXORGqtweMR8HrxY,2025-12-21 03:01:43,2025-11-17 14:03:06,2024-06-08 11:56:24
860497077621677,860497077621677,16857118860497077621677,,已激活,2024-06-08 11:56:20,2024-06-08 11:56:24,FwPSberg1VxPhgo4J1fGaKND9YYeXORGqtweMR8HrxY,2025-11-17 03:04:05,2025-11-17 14:02:36,2024-06-08 11:56:24
860497077621271,860497077621271,16857118860497077621271,,已激活,2024-06-08 11:56:20,2024-06-08 11:56:27,FwPSberg1VxPhgo4J1fGaKND9YYeXORGqtweMR8HrxY,2025-12-17 03:02:15,2025-11-28 01:07:33,2024-06-08 11:56:27
860497077631361,860497077631361,16857118860497077631361,,已激活,2024-06-07 18:21:07,2024-06-07 18:21:09,FwPSberg1VxPhgo4J1fGaKND9YYeXORGqtweMR8HrxY,2025-12-21 03:01:31,2025-12-02 08:50:04,2024-06-07 18:21:09
860497077621388,860497077621388,16857118860497077621388,,已激活,2024-06-07 18:13:21,2024-06-07 18:13:23,FwPSberg1VxPhgo4J1fGaKND9YYeXORGqtweMR8HrxY,2025-12-21 03:04:23,2025-12-19 23:35:11,2024-06-07 18:13:23
860497077631650,860497077631650,16857118860497077631650,,已激活,2024-06-07 17:54:09,2024-06-07 17:55:48,FwPSberg1VxPhgo4J1fGaKND9YYeXORGqtweMR8HrxY,2025-12-07 03:01:43,2025-12-02 08:50:57,2024-06-07 17:55:48
860497077621404,860497077621404,16857118860497077621404,,已激活,2024-06-07 17:46:47,2024-06-07 17:47:43,FwPSberg1VxPhgo4J1fGaKND9YYeXORGqtweMR8HrxY,2025-12-21 18:34:59,2025-12-21 18:39:29,2024-06-07 17:47:43
860497077631676,860497077631676,16857118860497077631676,,已激活,2024-06-07 17:40:11,2024-06-07 17:40:59,FwPSberg1VxPhgo4J1fGaKND9YYeXORGqtweMR8HrxY,2025-12-21 19:30:41,2025-12-21 19:19:22,2024-06-07 17:40:59
860497077631460,860497077631460,16857118860497077631460,,已激活,2024-06-07 17:12:07,2024-06-07 17:12:15,FwPSberg1VxPhgo4J1fGaKND9YYeXORGqtweMR8HrxY,2025-12-21 03:02:23,2025-12-02 08:50:43,2024-06-07 17:12:15
860497077631734,860497077631734,16857118860497077631734,,已激活,2024-06-07 17:06:14,2024-06-07 17:06:19,FwPSberg1VxPhgo4J1fGaKND9YYeXORGqtweMR8HrxY,2025-12-21 03:02:13,2025-12-13 03:50:31,2024-06-07 17:06:19
860497077631445,860497077631445,16857118860497077631445,,已激活,2024-06-07 17:06:14,2024-06-07 17:06:17,FwPSberg1VxPhgo4J1fGaKND9YYeXORGqtweMR8HrxY,2025-12-21 03:03:04,2025-12-18 06:53:27,2024-06-07 17:06:17
860497077631668,860497077631668,16857118860497077631668,,已激活,2024-06-07 16:51:45,2024-06-07 16:51:46,FwPSberg1VxPhgo4J1fGaKND9YYeXORGqtweMR8HrxY,2025-12-21 03:01:40,2025-12-02 08:50:40,2024-06-07 16:51:46
860497077631726,860497077631726,16857118860497077631726,,已激活,2024-06-07 16:46:01,2024-06-07 16:46:09,FwPSberg1VxPhgo4J1fGaKND9YYeXORGqtweMR8HrxY,2025-12-21 03:03:19,2025-12-16 10:33:39,2024-06-07 16:46:09
860497077631452,860497077631452,16857118860497077631452,,已激活,2024-06-07 16:39:59,2024-06-07 16:40:02,FwPSberg1VxPhgo4J1fGaKND9YYeXORGqtweMR8HrxY,2025-12-21 03:02:24,2025-12-02 08:50:43,2024-06-07 16:40:02
860497077631544,860497077631544,16857118860497077631544,,已激活,2024-06-07 16:31:58,2024-06-07 16:32:06,FwPSberg1VxPhgo4J1fGaKND9YYeXORGqtweMR8HrxY,2025-12-21 03:03:51,2025-12-02 08:50:21,2024-06-07 16:32:06
860497077594379,860497077594379,16857118860497077594379,,已激活,2024-06-07 16:25:58,2024-06-07 16:26:01,FwPSberg1VxPhgo4J1fGaKND9YYeXORGqtweMR8HrxY,2025-12-21 03:01:49,2025-12-02 08:50:50,2024-06-07 16:26:01
860497077621610,860497077621610,16857118860497077621610,,已激活,2024-06-07 16:11:25,2024-06-07 16:11:29,FwPSberg1VxPhgo4J1fGaKND9YYeXORGqtweMR8HrxY,2025-12-21 03:01:32,2025-11-25 12:36:45,2024-06-07 16:11:29
860497077631684,860497077631684,16857118860497077631684,,已激活,2024-06-07 15:29:55,2024-06-07 15:59:55,FwPSberg1VxPhgo4J1fGaKND9YYeXORGqtweMR8HrxY,2025-12-21 19:56:40,2025-12-21 20:02:40,2024-06-07 15:59:55
860497077631643,860497077631643,16857118860497077631643,,已激活,2024-06-07 14:18:22,2024-06-07 14:45:29,FwPSberg1VxPhgo4J1fGaKND9YYeXORGqtweMR8HrxY,2025-12-21 03:03:51,2025-12-20 14:44:38,2024-06-07 14:45:29
860497077631718,860497077631718,16857118860497077631718,,已激活,2024-06-07 14:08:21,2024-06-07 14:08:23,FwPSberg1VxPhgo4J1fGaKND9YYeXORGqtweMR8HrxY,2025-12-21 03:01:48,2025-10-10 05:20:08,2024-06-07 14:08:23
860497077594460,860497077594460,16857118860497077594460,,已激活,2024-06-07 13:56:16,2024-06-07 13:56:18,FwPSberg1VxPhgo4J1fGaKND9YYeXORGqtweMR8HrxY,2025-12-21 03:03:54,2025-10-10 05:19:24,2024-06-07 13:56:18
860497077594387,860497077594387,16857118860497077594387,,已激活,2024-06-07 12:38:43,2024-06-07 12:39:39,FwPSberg1VxPhgo4J1fGaKND9YYeXORGqtweMR8HrxY,2025-12-21 03:04:04,2025-12-17 15:22:17,2024-06-07 12:39:39
860497077621438,860497077621438,16857118860497077621438,,已激活,2024-06-07 12:38:43,2024-06-07 12:38:52,FwPSberg1VxPhgo4J1fGaKND9YYeXORGqtweMR8HrxY,2025-12-21 03:01:52,2025-12-13 12:04:03,2024-06-07 12:38:52
860497077594478,860497077594478,16857118860497077594478,,已激活,2024-06-07 12:21:15,2024-06-07 12:21:50,FwPSberg1VxPhgo4J1fGaKND9YYeXORGqtweMR8HrxY,2025-12-21 03:02:15,2025-12-19 07:41:49,2024-06-07 12:21:50
860497077620760,860497077620760,16857118860497077620760,,已激活,2024-06-06 11:44:08,2024-06-06 11:44:12,FwPSberg1VxPhgo4J1fGaKND9YYeXORGqtweMR8HrxY,2025-12-21 03:01:42,2025-12-05 01:20:15,2024-06-06 11:44:12
860497077631320,860497077631320,16857118860497077631320,,已激活,2024-06-05 17:33:32,2024-06-05 17:33:34,FwPSberg1VxPhgo4J1fGaKND9YYeXORGqtweMR8HrxY,2025-12-21 03:03:19,2025-11-25 06:00:59,2024-06-05 17:33:34
860497077495924,860497077495924,16857118860497077495924,,已激活,2024-06-05 10:18:55,2024-06-05 10:18:57,FwPSberg1VxPhgo4J1fGaKND9YYeXORGqtweMR8HrxY,2025-12-19 03:02:05,2025-11-21 06:34:45,2024-06-05 10:18:57
860497077620794,860497077620794,16857118860497077620794,,已激活,2024-06-05 09:33:41,2024-06-05 09:33:47,FwPSberg1VxPhgo4J1fGaKND9YYeXORGqtweMR8HrxY,2025-12-16 03:00:14,2025-11-21 07:36:18,2024-06-05 09:33:47
860497077625975,860497077625975,16857118860497077625975,,已激活,2024-05-29 11:02:22,2024-05-29 11:02:22,FwPSberg1VxPhgo4J1fGaKND9YYeXORGqtweMR8HrxY,2025-12-21 02:03:40,2025-12-21 01:55:33,2024-05-29 11:02:22
860497077627401,860497077627401,16857118860497077627401,,已激活,2024-05-29 10:47:13,2024-05-29 10:47:16,FwPSberg1VxPhgo4J1fGaKND9YYeXORGqtweMR8HrxY,2025-12-21 03:04:05,2025-12-19 19:37:22,2024-05-29 10:47:16
860497077625645,860497077625645,16857118860497077625645,,已激活,2024-05-25 11:49:52,2024-05-25 11:49:58,FwPSberg1VxPhgo4J1fGaKND9YYeXORGqtweMR8HrxY,2025-12-21 19:04:20,2025-12-21 18:36:46,2024-05-25 11:49:58
860497077621719,860497077621719,16857118860497077621719,,已激活,2024-05-24 17:30:38,2024-05-24 17:33:39,FwPSberg1VxPhgo4J1fGaKND9YYeXORGqtweMR8HrxY,2025-12-21 03:04:05,2025-10-31 16:07:32,2024-05-24 17:33:39
860497077632609,860497077632609,16857118860497077632609,,已激活,2024-05-24 14:29:45,2024-05-24 14:30:08,FwPSberg1VxPhgo4J1fGaKND9YYeXORGqtweMR8HrxY,2025-12-21 03:01:43,2025-12-20 23:57:16,2024-05-24 14:30:08
860497077631932,860497077631932,16857118860497077631932,,已激活,2024-05-24 10:19:35,2024-05-24 10:19:36,FwPSberg1VxPhgo4J1fGaKND9YYeXORGqtweMR8HrxY,2025-12-21 03:03:51,2025-09-30 08:20:42,2024-05-24 10:19:36
860497077622493,860497077622493,16857118860497077622493,,已激活,2024-05-23 16:16:43,2024-05-23 16:16:46,FwPSberg1VxPhgo4J1fGaKND9YYeXORGqtweMR8HrxY,2025-12-21 03:03:11,2025-12-05 15:43:51,2024-05-23 16:16:46
860497077631809,860497077631809,16857118860497077631809,,已激活,2024-05-23 11:09:49,2024-05-23 11:33:25,FwPSberg1VxPhgo4J1fGaKND9YYeXORGqtweMR8HrxY,2025-12-21 07:04:35,2025-11-26 02:22:25,2024-05-23 11:33:25
860497077621479,860497077621479,16857118860497077621479,,已激活,2024-05-22 16:22:59,2024-05-22 16:22:59,FwPSberg1VxPhgo4J1fGaKND9YYeXORGqtweMR8HrxY,2025-12-21 03:02:25,2025-10-22 10:40:56,2024-05-22 16:22:59
860497077630843,860497077630843,16857118860497077630843,,已激活,2024-05-22 10:37:50,2024-05-22 11:03:39,FwPSberg1VxPhgo4J1fGaKND9YYeXORGqtweMR8HrxY,2025-12-21 15:33:46,2025-12-21 15:14:16,2024-05-22 11:03:39
860497077625637,860497077625637,16857118860497077625637,,已激活,2024-05-21 16:15:23,2024-05-21 16:15:38,FwPSberg1VxPhgo4J1fGaKND9YYeXORGqtweMR8HrxY,2025-12-21 18:44:30,2025-12-21 18:49:00,2024-05-21 16:15:38
860497077495908,860497077495908,16857118860497077495908,,已激活,2024-05-21 16:09:42,2024-05-21 16:16:46,FwPSberg1VxPhgo4J1fGaKND9YYeXORGqtweMR8HrxY,2024-06-14 16:04:52,2024-06-14 16:10:52,2024-05-21 16:16:46
860497077631619,860497077631619,16857118860497077631619,,已激活,2024-05-20 15:44:17,2024-05-20 15:48:48,FwPSberg1VxPhgo4J1fGaKND9YYeXORGqtweMR8HrxY,2025-12-21 03:02:02,2025-11-23 15:22:17,2024-05-20 15:48:48
860497077632575,860497077632575,16857118860497077632575,,已激活,2024-05-20 15:43:17,2024-05-20 15:43:27,FwPSberg1VxPhgo4J1fGaKND9YYeXORGqtweMR8HrxY,2025-12-21 03:03:41,2025-11-28 04:44:08,2024-05-20 15:43:27
860497077632617,860497077632617,16857118860497077632617,,已激活,2024-05-20 15:43:17,2024-05-20 15:43:20,FwPSberg1VxPhgo4J1fGaKND9YYeXORGqtweMR8HrxY,2025-12-16 05:03:04,2025-12-16 04:34:34,2024-05-20 15:43:20
860497077627518,860497077627518,16857118860497077627518,,已激活,2024-05-20 15:43:17,2024-05-20 15:43:23,FwPSberg1VxPhgo4J1fGaKND9YYeXORGqtweMR8HrxY,2025-12-17 03:02:15,2025-11-12 07:56:53,2024-05-20 15:43:23
860497077632716,860497077632716,16857118860497077632716,,已激活,2024-05-20 15:43:17,2024-05-20 15:43:22,FwPSberg1VxPhgo4J1fGaKND9YYeXORGqtweMR8HrxY,2025-12-21 03:02:05,2025-12-05 17:47:50,2024-05-20 15:43:22
860497077621743,860497077621743,16857118860497077621743,,已激活,2024-05-20 10:24:52,2024-05-20 10:33:43,FwPSberg1VxPhgo4J1fGaKND9YYeXORGqtweMR8HrxY,2025-12-21 19:35:32,2025-12-21 19:10:18,2024-05-20 10:33:43
860497077621990,860497077621990,16857118860497077621990,,已激活,2024-05-17 17:54:29,2024-05-17 17:54:31,FwPSberg1VxPhgo4J1fGaKND9YYeXORGqtweMR8HrxY,2025-12-21 03:02:25,2025-09-02 01:58:05,2024-05-17 17:54:31
860497077625751,860497077625751,16857118860497077625751,,已激活,2024-05-17 17:54:29,2024-05-17 17:54:36,FwPSberg1VxPhgo4J1fGaKND9YYeXORGqtweMR8HrxY,2025-06-14 03:04:04,2025-06-14 04:23:34,2024-05-17 17:54:36
860497077626031,860497077626031,16857118860497077626031,,已激活,2024-05-17 15:35:11,2024-05-17 15:35:12,FwPSberg1VxPhgo4J1fGaKND9YYeXORGqtweMR8HrxY,2025-11-25 04:32:18,2025-10-31 19:06:25,2024-05-17 15:35:12
860497077621537,860497077621537,16857118860497077621537,,已激活,2024-05-15 12:57:55,2024-05-15 12:59:13,FwPSberg1VxPhgo4J1fGaKND9YYeXORGqtweMR8HrxY,2025-12-21 08:59:54,2025-12-21 17:49:25,2024-05-15 12:59:13
860497077522966,860497077522966,16857118860497077522966,,已激活,2024-05-14 18:34:13,2024-05-14 18:34:15,FwPSberg1VxPhgo4J1fGaKND9YYeXORGqtweMR8HrxY,2025-11-25 04:34:48,2025-11-09 15:06:29,2024-05-14 18:34:15
860497077522883,860497077522883,16857118860497077522883,,已激活,2024-05-11 17:22:26,2024-05-11 17:22:29,FwPSberg1VxPhgo4J1fGaKND9YYeXORGqtweMR8HrxY,2025-12-05 01:36:03,2025-12-05 01:19:36,2024-05-11 17:22:29
860497077523006,860497077523006,16857118860497077523006,,已激活,2024-05-11 17:21:34,2024-05-11 17:21:35,FwPSberg1VxPhgo4J1fGaKND9YYeXORGqtweMR8HrxY,2025-12-21 03:03:27,2025-12-05 01:21:52,2024-05-11 17:21:35
860497077632740,860497077632740,16857118860497077632740,,已激活,2024-05-11 17:21:34,2024-05-11 17:21:37,FwPSberg1VxPhgo4J1fGaKND9YYeXORGqtweMR8HrxY,2025-12-21 18:04:43,2025-12-10 16:35:38,2024-05-11 17:21:37
860497077631395,860497077631395,16857118860497077631395,,已激活,2024-05-10 17:10:02,2024-05-10 17:17:03,FwPSberg1VxPhgo4J1fGaKND9YYeXORGqtweMR8HrxY,2025-12-21 03:03:05,2025-12-07 15:17:24,2024-05-10 17:17:03
860497077627534,860497077627534,16857118860497077627534,,已激活,2024-05-10 17:10:02,2024-05-10 17:13:27,FwPSberg1VxPhgo4J1fGaKND9YYeXORGqtweMR8HrxY,2024-06-11 15:49:29,2024-06-11 15:53:59,2024-05-10 17:13:27
860497077522875,860497077522875,16857118860497077522875,,已激活,2024-05-10 12:30:35,2024-05-10 12:30:40,FwPSberg1VxPhgo4J1fGaKND9YYeXORGqtweMR8HrxY,2025-12-11 03:04:04,2025-06-18 12:03:51,2024-05-10 12:30:40
860497077625983,860497077625983,16857118860497077625983,,已激活,2024-05-09 10:00:56,2024-05-09 10:24:59,FwPSberg1VxPhgo4J1fGaKND9YYeXORGqtweMR8HrxY,2024-05-09 10:24:59,2024-05-09 10:29:29,2024-05-09 10:24:59
860497077627864,860497077627864,16857118860497077627864,,已激活,2024-05-09 10:00:56,2024-05-09 10:58:27,FwPSberg1VxPhgo4J1fGaKND9YYeXORGqtweMR8HrxY,2024-05-09 10:58:27,2024-05-09 11:02:57,2024-05-09 10:58:27
860497077625694,860497077625694,16857118860497077625694,,已激活,2024-05-09 10:00:56,2024-05-09 10:34:31,FwPSberg1VxPhgo4J1fGaKND9YYeXORGqtweMR8HrxY,2025-12-21 03:02:15,2025-11-24 23:20:00,2024-05-09 10:34:31
860497077631163,860497077631163,16857118860497077631163,,已激活,2024-05-06 09:10:32,2024-05-06 09:10:35,FwPSberg1VxPhgo4J1fGaKND9YYeXORGqtweMR8HrxY,2025-12-21 11:04:50,2025-11-22 14:02:26,2024-05-06 09:10:35
860497077632054,860497077632054,16857118860497077632054,,已激活,2024-04-30 13:38:10,2024-04-30 14:00:40,FwPSberg1VxPhgo4J1fGaKND9YYeXORGqtweMR8HrxY,2025-12-21 17:07:32,2025-12-21 16:33:38,2024-04-30 14:00:40
860497077621784,860497077621784,16857118860497077621784,,已激活,2024-04-30 13:38:10,2024-04-30 14:03:05,FwPSberg1VxPhgo4J1fGaKND9YYeXORGqtweMR8HrxY,2025-12-21 18:09:52,2025-12-19 09:47:21,2024-04-30 14:03:05
860497077622675,860497077622675,16857118860497077622675,,已激活,2024-04-30 13:38:10,2024-04-30 14:04:16,FwPSberg1VxPhgo4J1fGaKND9YYeXORGqtweMR8HrxY,2025-12-05 03:00:53,2025-11-02 10:37:22,2024-04-30 14:04:16
860497077632237,860497077632237,16857118860497077632237,,已激活,2024-04-30 13:38:09,2024-04-30 14:04:38,FwPSberg1VxPhgo4J1fGaKND9YYeXORGqtweMR8HrxY,2025-12-21 03:01:43,2025-11-09 16:26:52,2024-04-30 14:04:38
860497077622535,860497077622535,16857118860497077622535,,已激活,2024-04-30 13:38:09,2024-04-30 14:04:04,FwPSberg1VxPhgo4J1fGaKND9YYeXORGqtweMR8HrxY,2025-12-21 03:04:09,2025-12-12 03:38:57,2024-04-30 14:04:04
860497077501325,860497077501325,16857118860497077501325,,已激活,2024-04-30 09:08:01,2024-04-30 09:20:35,FwPSberg1VxPhgo4J1fGaKND9YYeXORGqtweMR8HrxY,2025-12-21 03:04:01,2025-12-13 14:05:44,2024-04-30 09:20:35
860497077631221,860497077631221,16857118860497077631221,,已激活,2024-04-29 17:38:09,2024-04-29 17:38:13,FwPSberg1VxPhgo4J1fGaKND9YYeXORGqtweMR8HrxY,2025-12-21 19:31:45,2025-12-21 19:03:15,2024-04-29 17:38:13
860497077631106,860497077631106,16857118860497077631106,,已激活,2024-04-29 17:38:09,2024-04-29 17:38:15,FwPSberg1VxPhgo4J1fGaKND9YYeXORGqtweMR8HrxY,2025-12-21 03:02:04,2025-12-05 01:20:09,2024-04-29 17:38:15
860497077622634,860497077622634,16857118860497077622634,,已激活,2024-04-29 17:38:09,2024-04-29 17:38:16,FwPSberg1VxPhgo4J1fGaKND9YYeXORGqtweMR8HrxY,2025-12-21 03:04:09,2025-11-28 02:38:34,2024-04-29 17:38:16
860497077622444,860497077622444,16857118860497077622444,,已激活,2024-04-29 17:38:09,2024-04-29 17:38:10,FwPSberg1VxPhgo4J1fGaKND9YYeXORGqtweMR8HrxY,2025-12-21 03:01:41,2025-12-09 10:32:42,2024-04-29 17:38:10
860497077631262,860497077631262,16857118860497077631262,,已激活,2024-04-29 17:38:08,2024-04-29 17:38:10,FwPSberg1VxPhgo4J1fGaKND9YYeXORGqtweMR8HrxY,2025-12-21 16:37:25,2025-12-21 16:14:22,2024-04-29 17:38:10
860497077621842,860497077621842,16857118860497077621842,,已激活,2024-04-25 16:13:46,2024-04-25 16:13:49,FwPSberg1VxPhgo4J1fGaKND9YYeXORGqtweMR8HrxY,2024-10-15 03:03:55,2024-10-15 04:02:25,2024-04-25 16:13:49
860497077631288,860497077631288,16857118860497077631288,,已激活,2024-04-25 13:01:27,2024-04-25 13:39:43,FwPSberg1VxPhgo4J1fGaKND9YYeXORGqtweMR8HrxY,2025-12-21 03:03:39,2025-11-28 02:36:55,2024-04-25 13:39:43
860497077631247,860497077631247,16857118860497077631247,,已激活,2024-04-24 17:17:11,2024-04-24 17:43:10,FwPSberg1VxPhgo4J1fGaKND9YYeXORGqtweMR8HrxY,2025-12-21 03:03:02,2025-12-01 09:54:11,2024-04-24 17:43:10
860497077621503,860497077621503,16857118860497077621503,,已激活,2024-04-23 12:21:25,2024-04-23 12:21:32,FwPSberg1VxPhgo4J1fGaKND9YYeXORGqtweMR8HrxY,2025-12-13 03:03:27,2025-12-05 01:22:19,2024-04-23 12:21:32
860497077622584,860497077622584,16857118860497077622584,,已激活,2024-04-19 11:04:50,2024-04-19 12:00:18,FwPSberg1VxPhgo4J1fGaKND9YYeXORGqtweMR8HrxY,2025-12-17 01:02:33,2025-12-17 00:35:44,2024-04-19 12:00:18
860497077631866,860497077631866,16857118860497077631866,,已激活,2024-04-19 11:04:49,2024-04-19 11:55:55,FwPSberg1VxPhgo4J1fGaKND9YYeXORGqtweMR8HrxY,2025-11-26 00:05:21,2025-10-31 18:24:55,2024-04-19 11:55:55
860497077622410,860497077622410,16857118860497077622410,,已激活,2024-04-19 11:04:49,2024-04-19 12:08:33,FwPSberg1VxPhgo4J1fGaKND9YYeXORGqtweMR8HrxY,2025-12-21 20:04:22,2025-12-21 19:38:52,2024-04-19 12:08:33
860497077621750,860497077621750,16857118860497077621750,,已激活,2024-04-19 11:00:32,2024-04-19 11:09:35,FwPSberg1VxPhgo4J1fGaKND9YYeXORGqtweMR8HrxY,2025-12-11 16:04:18,2025-12-11 15:36:14,2024-04-19 11:09:35
860497077632161,860497077632161,16857118860497077632161,,已激活,2024-04-19 11:00:32,2024-04-19 11:35:51,FwPSberg1VxPhgo4J1fGaKND9YYeXORGqtweMR8HrxY,2025-12-10 03:01:56,2025-11-27 14:26:40,2024-04-19 11:35:51
860497077622436,860497077622436,16857118860497077622436,,已激活,2024-04-19 11:00:32,2024-04-19 11:02:58,FwPSberg1VxPhgo4J1fGaKND9YYeXORGqtweMR8HrxY,2025-12-21 19:02:30,2025-12-21 18:46:24,2024-04-19 11:02:58
860497077622485,860497077622485,16857118860497077622485,,已激活,2024-04-19 11:00:31,2024-04-19 11:18:02,FwPSberg1VxPhgo4J1fGaKND9YYeXORGqtweMR8HrxY,2025-11-25 04:37:02,2025-11-14 06:12:56,2024-04-19 11:18:02
860497077630884,860497077630884,16857118860497077630884,,已激活,2024-04-19 11:00:31,2024-04-19 11:24:00,FwPSberg1VxPhgo4J1fGaKND9YYeXORGqtweMR8HrxY,2025-12-21 03:03:00,2025-12-20 21:01:18,2024-04-19 11:24:00
860497077630892,860497077630892,16857118860497077630892,,已激活,2024-04-19 11:00:31,2024-04-19 11:43:34,FwPSberg1VxPhgo4J1fGaKND9YYeXORGqtweMR8HrxY,2025-12-20 14:32:04,2025-12-20 14:17:56,2024-04-19 11:43:34
860497077632369,860497077632369,16857118860497077632369,,已激活,2024-04-19 11:00:31,2024-04-19 11:50:38,FwPSberg1VxPhgo4J1fGaKND9YYeXORGqtweMR8HrxY,2025-11-28 03:02:31,2025-11-28 02:38:31,2024-04-19 11:50:38
860497077620943,860497077620943,16857118860497077620943,,已激活,2024-04-19 10:53:21,2024-04-19 10:53:31,FwPSberg1VxPhgo4J1fGaKND9YYeXORGqtweMR8HrxY,2025-12-21 03:03:57,2025-09-17 16:55:50,2024-04-19 10:53:31
860497077632005,860497077632005,16857118860497077632005,,已激活,2024-04-18 17:48:46,2024-04-18 17:48:49,FwPSberg1VxPhgo4J1fGaKND9YYeXORGqtweMR8HrxY,2025-11-19 03:02:48,2025-11-19 13:43:18,2024-04-18 17:48:49
860497077622063,860497077622063,16857118860497077622063,,已激活,2024-04-18 17:48:46,2024-04-18 17:48:55,FwPSberg1VxPhgo4J1fGaKND9YYeXORGqtweMR8HrxY,2025-12-21 03:01:51,2025-09-30 08:21:09,2024-04-18 17:48:55
860497077631296,860497077631296,16857118860497077631296,,已激活,2024-04-18 12:55:28,2024-04-18 12:55:59,FwPSberg1VxPhgo4J1fGaKND9YYeXORGqtweMR8HrxY,2025-12-21 09:02:51,2025-12-21 08:40:47,2024-04-18 12:55:59
860497077621933,860497077621933,16857118860497077621933,,已激活,2024-04-18 09:05:56,2024-04-19 03:00:59,FwPSberg1VxPhgo4J1fGaKND9YYeXORGqtweMR8HrxY,2024-09-27 03:02:47,2024-10-28 17:16:06,2024-04-19 03:00:59
860497077621693,860497077621693,16857118860497077621693,,已激活,2024-04-15 15:41:46,2024-04-15 15:41:52,FwPSberg1VxPhgo4J1fGaKND9YYeXORGqtweMR8HrxY,2025-12-21 03:04:09,2025-12-05 01:20:11,2024-04-15 15:41:52
860497077631882,860497077631882,16857118860497077631882,,已激活,2024-04-15 12:26:45,2024-04-15 12:26:46,FwPSberg1VxPhgo4J1fGaKND9YYeXORGqtweMR8HrxY,2025-12-21 03:03:16,2025-12-13 05:52:04,2024-04-15 12:26:46
860497077509468,860497077509468,16857118860497077509468,,已激活,2024-04-15 12:04:30,2024-04-15 12:05:58,FwPSberg1VxPhgo4J1fGaKND9YYeXORGqtweMR8HrxY,2025-12-21 19:31:32,2025-12-21 19:27:53,2024-04-15 12:05:58
860497077632468,860497077632468,16857118860497077632468,,已激活,2024-04-15 12:04:30,2024-04-15 12:23:31,FwPSberg1VxPhgo4J1fGaKND9YYeXORGqtweMR8HrxY,2025-12-21 19:23:30,2025-12-21 19:31:00,2024-04-15 12:23:31
860497077625686,860497077625686,16857118860497077625686,,已激活,2024-04-15 10:42:41,2024-04-15 10:42:42,FwPSberg1VxPhgo4J1fGaKND9YYeXORGqtweMR8HrxY,2025-12-12 03:02:55,2025-08-01 11:33:31,2024-04-15 10:42:42
860497077631908,860497077631908,16857118860497077631908,,已激活,2024-04-10 16:29:12,2024-04-10 16:29:20,FwPSberg1VxPhgo4J1fGaKND9YYeXORGqtweMR8HrxY,2025-12-21 03:03:31,2025-12-08 04:08:09,2024-04-10 16:29:20
860497077621891,860497077621891,16857118860497077621891,,已激活,2024-04-10 15:54:22,2024-04-10 15:54:31,FwPSberg1VxPhgo4J1fGaKND9YYeXORGqtweMR8HrxY,2025-12-21 03:02:02,2025-11-28 19:37:08,2024-04-10 15:54:31
860497077631965,860497077631965,16857118860497077631965,,已激活,2024-04-10 15:34:58,2024-04-10 15:35:03,FwPSberg1VxPhgo4J1fGaKND9YYeXORGqtweMR8HrxY,2025-12-21 03:03:18,2025-11-28 19:37:08,2024-04-10 15:35:03
860497077621925,860497077621925,16857118860497077621925,,已激活,2024-04-10 13:33:16,2024-04-10 13:33:20,FwPSberg1VxPhgo4J1fGaKND9YYeXORGqtweMR8HrxY,2025-12-21 03:03:27,2025-09-27 03:06:36,2024-04-10 13:33:20
860497077630876,860497077630876,16857118860497077630876,,已激活,2024-04-09 16:30:45,2024-04-09 16:31:44,FwPSberg1VxPhgo4J1fGaKND9YYeXORGqtweMR8HrxY,2025-12-21 03:03:42,2025-07-16 02:51:54,2024-04-09 16:31:44
860497077631411,860497077631411,16857118860497077631411,,已激活,2024-04-09 16:15:56,2024-04-09 16:15:58,FwPSberg1VxPhgo4J1fGaKND9YYeXORGqtweMR8HrxY,2025-12-05 01:40:39,2025-12-05 01:19:47,2024-04-09 16:15:58
860497077631429,860497077631429,16857118860497077631429,,已激活,2024-04-09 16:12:07,2024-04-16 09:14:43,FwPSberg1VxPhgo4J1fGaKND9YYeXORGqtweMR8HrxY,2025-12-05 01:36:13,2025-12-05 01:19:46,2024-04-16 09:14:43
860497077631916,860497077631916,16857118860497077631916,,已激活,2024-04-09 15:44:18,2024-04-09 15:44:21,FwPSberg1VxPhgo4J1fGaKND9YYeXORGqtweMR8HrxY,2025-12-05 01:33:00,2025-12-05 01:21:03,2024-04-09 15:44:21
860497077631700,860497077631700,16857118860497077631700,,已激活,2024-04-08 17:35:30,2024-04-08 17:35:32,FwPSberg1VxPhgo4J1fGaKND9YYeXORGqtweMR8HrxY,2025-12-21 03:00:16,2025-10-17 05:28:24,2024-04-08 17:35:32
860497077631379,860497077631379,16857118860497077631379,,已激活,2024-04-08 17:35:30,2024-04-08 17:35:39,FwPSberg1VxPhgo4J1fGaKND9YYeXORGqtweMR8HrxY,2025-11-25 04:35:20,2025-11-17 20:53:11,2024-04-08 17:35:39
860497077621917,860497077621917,16857118860497077621917,,已激活,2024-04-08 11:34:31,2024-04-08 11:34:31,FwPSberg1VxPhgo4J1fGaKND9YYeXORGqtweMR8HrxY,2025-12-21 03:03:51,2025-12-19 19:58:36,2024-04-08 11:34:31
860497077625777,860497077625777,16857118860497077625777,,已激活,2024-04-08 10:07:47,2024-04-08 10:20:45,FwPSberg1VxPhgo4J1fGaKND9YYeXORGqtweMR8HrxY,2025-12-21 09:26:54,2025-12-20 21:26:06,2024-04-08 10:20:45
860497077627880,860497077627880,16857118860497077627880,,已激活,2024-04-08 10:06:54,2024-04-08 10:08:39,FwPSberg1VxPhgo4J1fGaKND9YYeXORGqtweMR8HrxY,2025-12-21 03:02:36,2025-10-28 14:35:05,2024-04-08 10:08:39
860497077631098,860497077631098,16857118860497077631098,,已激活,2024-04-08 09:25:55,2024-04-08 09:25:57,FwPSberg1VxPhgo4J1fGaKND9YYeXORGqtweMR8HrxY,2025-12-21 03:03:01,2025-12-05 19:10:53,2024-04-08 09:25:57
860497077631254,860497077631254,16857118860497077631254,,已激活,2024-04-07 16:49:32,2024-04-07 16:49:39,FwPSberg1VxPhgo4J1fGaKND9YYeXORGqtweMR8HrxY,2025-12-21 03:03:20,2025-11-07 19:54:28,2024-04-07 16:49:39
860497077632757,860497077632757,16857118860497077632757,,已激活,2024-04-07 15:31:19,2024-04-07 15:31:20,FwPSberg1VxPhgo4J1fGaKND9YYeXORGqtweMR8HrxY,2025-02-01 03:02:50,2025-02-01 16:50:50,2024-04-07 15:31:20
860497077621859,860497077621859,16857118860497077621859,,已激活,2024-04-07 14:17:31,2024-04-07 14:17:36,FwPSberg1VxPhgo4J1fGaKND9YYeXORGqtweMR8HrxY,2025-12-21 20:02:16,2025-12-21 19:36:25,2024-04-07 14:17:36
860497077631783,860497077631783,16857118860497077631783,,已激活,2024-04-07 10:06:15,2024-04-07 10:06:22,FwPSberg1VxPhgo4J1fGaKND9YYeXORGqtweMR8HrxY,2025-12-21 03:02:02,2025-12-15 15:34:21,2024-04-07 10:06:22
860497077621552,860497077621552,16857118860497077621552,,已激活,2024-04-07 09:22:59,2024-04-07 09:23:14,FwPSberg1VxPhgo4J1fGaKND9YYeXORGqtweMR8HrxY,2025-12-21 03:03:20,2025-12-05 01:20:43,2024-04-07 09:23:14
860497077621834,860497077621834,16857118860497077621834,,已激活,2024-04-03 16:16:36,2024-04-03 16:38:23,FwPSberg1VxPhgo4J1fGaKND9YYeXORGqtweMR8HrxY,2025-12-21 03:04:14,2025-12-05 00:34:21,2024-04-03 16:38:23
860497077621263,860497077621263,16857118860497077621263,,已激活,2024-04-03 12:57:56,2024-04-03 12:58:03,FwPSberg1VxPhgo4J1fGaKND9YYeXORGqtweMR8HrxY,2024-09-22 07:30:17,2024-09-22 07:34:47,2024-04-03 12:58:03
860497077621768,860497077621768,16857118860497077621768,,已激活,2024-04-03 12:23:57,2024-04-03 12:24:03,FwPSberg1VxPhgo4J1fGaKND9YYeXORGqtweMR8HrxY,2025-12-21 03:04:20,2025-12-05 01:20:57,2024-04-03 12:24:03
864662072586318,864662072586318,16857118864662072586318,,已注册,2024-04-03 10:42:52,,FwPSberg1VxPhgo4J1fGaKND9YYeXORGqtweMR8HrxY,,,
864662072489778,864662072489778,16857118864662072489778,,已注册,2024-04-03 10:42:52,,FwPSberg1VxPhgo4J1fGaKND9YYeXORGqtweMR8HrxY,,,
860497077621818,860497077621818,16857118860497077621818,,已激活,2024-04-03 10:17:45,2024-04-03 10:18:22,FwPSberg1VxPhgo4J1fGaKND9YYeXORGqtweMR8HrxY,2025-12-21 03:02:12,2025-12-19 19:29:59,2024-04-03 10:18:22
864662072586300,864662072586300,16857118864662072586300,,已激活,2024-04-03 10:17:45,2024-04-03 14:25:02,FwPSberg1VxPhgo4J1fGaKND9YYeXORGqtweMR8HrxY,2024-04-03 14:25:02,2024-04-03 14:29:32,2024-04-03 14:25:02
864662072489760,864662072489760,16857118864662072489760,,已激活,2024-04-03 10:17:45,2024-04-03 14:28:48,FwPSberg1VxPhgo4J1fGaKND9YYeXORGqtweMR8HrxY,2024-04-03 14:28:48,2024-04-03 16:06:18,2024-04-03 14:28:48
860497077631692,860497077631692,16857118860497077631692,,已激活,2024-04-03 09:41:24,2024-04-03 09:41:29,FwPSberg1VxPhgo4J1fGaKND9YYeXORGqtweMR8HrxY,2025-12-21 18:45:21,2025-11-28 14:12:58,2024-04-03 09:41:29
860497077631940,860497077631940,16857118860497077631940,,已激活,2024-04-03 09:28:00,2024-04-03 09:28:06,FwPSberg1VxPhgo4J1fGaKND9YYeXORGqtweMR8HrxY,2025-12-21 05:00:24,2025-11-18 15:09:52,2024-04-03 09:28:06
860497077621958,860497077621958,16857118860497077621958,,已激活,2024-04-03 09:08:55,2024-04-03 09:08:58,FwPSberg1VxPhgo4J1fGaKND9YYeXORGqtweMR8HrxY,2025-12-21 03:03:02,2025-12-07 13:14:16,2024-04-03 09:08:58
860497077621511,860497077621511,16857118860497077621511,,已激活,2024-04-02 16:24:08,2024-04-02 16:24:38,FwPSberg1VxPhgo4J1fGaKND9YYeXORGqtweMR8HrxY,2025-12-21 03:03:48,2025-10-29 07:47:23,2024-04-02 16:24:38
860497077593983,860497077593983,16857118860497077593983,,已激活,2024-04-02 16:18:26,2024-04-02 16:50:50,FwPSberg1VxPhgo4J1fGaKND9YYeXORGqtweMR8HrxY,2025-12-21 20:04:16,2025-12-21 19:35:47,2024-04-02 16:50:50
860497077621826,860497077621826,16857118860497077621826,,已激活,2024-04-02 15:48:40,2024-04-02 15:48:52,FwPSberg1VxPhgo4J1fGaKND9YYeXORGqtweMR8HrxY,2025-12-21 05:41:06,2025-12-21 05:36:26,2024-04-02 15:48:52
860497077622519,860497077622519,16857118860497077622519,,已激活,2024-04-02 14:59:49,2024-04-02 14:59:56,FwPSberg1VxPhgo4J1fGaKND9YYeXORGqtweMR8HrxY,2025-12-21 03:03:03,2025-12-19 14:08:35,2024-04-02 14:59:56
860497077631239,860497077631239,16857118860497077631239,,已激活,2024-04-02 14:46:13,2024-04-02 14:46:17,FwPSberg1VxPhgo4J1fGaKND9YYeXORGqtweMR8HrxY,2025-12-21 03:03:26,2025-12-05 01:20:27,2024-04-02 14:46:17
860497077622543,860497077622543,16857118860497077622543,,已激活,2024-04-02 14:22:46,2024-04-02 14:28:34,FwPSberg1VxPhgo4J1fGaKND9YYeXORGqtweMR8HrxY,2025-12-04 11:23:34,2025-12-04 11:29:34,2024-04-02 14:28:34
860497077631072,860497077631072,16857118860497077631072,,已激活,2024-04-02 13:51:34,2024-04-02 13:51:43,FwPSberg1VxPhgo4J1fGaKND9YYeXORGqtweMR8HrxY,2025-12-21 03:02:03,2025-12-10 01:21:24,2024-04-02 13:51:43
860497077622550,860497077622550,16857118860497077622550,,已激活,2024-04-02 10:43:04,2024-04-02 10:43:07,FwPSberg1VxPhgo4J1fGaKND9YYeXORGqtweMR8HrxY,2025-12-05 08:32:41,2025-12-05 08:28:06,2024-04-02 10:43:07
860497077621735,860497077621735,16857118860497077621735,,已激活,2024-04-02 10:18:33,2024-04-02 10:18:42,FwPSberg1VxPhgo4J1fGaKND9YYeXORGqtweMR8HrxY,2025-12-21 03:01:24,2025-12-16 17:38:56,2024-04-02 10:18:42
860497077630850,860497077630850,16857118860497077630850,,已激活,2024-04-02 09:51:37,2024-04-02 10:51:07,FwPSberg1VxPhgo4J1fGaKND9YYeXORGqtweMR8HrxY,2025-12-21 03:03:10,2025-11-28 02:37:02,2024-04-02 10:51:07
860497077621966,860497077621966,16857118860497077621966,,已激活,2024-04-02 09:22:19,2024-04-02 09:22:46,FwPSberg1VxPhgo4J1fGaKND9YYeXORGqtweMR8HrxY,2025-12-21 03:04:23,2025-11-28 02:37:06,2024-04-02 09:22:46
860497077621339,860497077621339,16857118860497077621339,,已激活,2024-03-28 10:23:10,2024-03-28 10:23:12,FwPSberg1VxPhgo4J1fGaKND9YYeXORGqtweMR8HrxY,2025-11-11 10:53:49,2025-11-11 10:58:19,2024-03-28 10:23:12
860497077621446,860497077621446,16857118860497077621446,,已激活,2024-03-28 10:04:52,2024-03-28 10:31:58,FwPSberg1VxPhgo4J1fGaKND9YYeXORGqtweMR8HrxY,2025-12-21 16:32:18,2025-12-21 16:08:21,2024-03-28 10:31:58
860497077631833,860497077631833,16857118860497077631833,,已注册,2024-03-25 17:15:49,,FwPSberg1VxPhgo4J1fGaKND9YYeXORGqtweMR8HrxY,,,
860497077631437,860497077631437,16857118860497077631437,,已激活,2024-03-25 17:15:49,2024-03-25 17:18:39,FwPSberg1VxPhgo4J1fGaKND9YYeXORGqtweMR8HrxY,2025-12-21 03:04:16,2025-12-12 19:08:36,2024-03-25 17:18:39
860497077631494,860497077631494,16857118860497077631494,,已激活,2024-03-25 14:59:29,2024-03-25 14:59:34,FwPSberg1VxPhgo4J1fGaKND9YYeXORGqtweMR8HrxY,2025-12-21 03:02:14,2025-12-12 19:20:37,2024-03-25 14:59:34
860497077631791,860497077631791,16857118860497077631791,,已激活,2024-03-25 14:59:29,2024-03-25 14:59:35,FwPSberg1VxPhgo4J1fGaKND9YYeXORGqtweMR8HrxY,2025-08-03 03:03:43,2025-08-03 08:59:13,2024-03-25 14:59:35
860497077594429,860497077594429,16857118860497077594429,,已激活,2024-03-25 14:59:29,2024-03-25 14:59:36,FwPSberg1VxPhgo4J1fGaKND9YYeXORGqtweMR8HrxY,2025-12-21 03:03:05,2025-12-19 20:24:16,2024-03-25 14:59:36
860497077509500,860497077509500,16857118860497077509500,,已激活,2024-03-25 14:59:29,2024-04-01 03:20:21,FwPSberg1VxPhgo4J1fGaKND9YYeXORGqtweMR8HrxY,2025-12-21 03:03:54,2025-12-12 17:50:50,2024-04-01 03:20:21
860497077594488,860497077594488,16857118860497077594488,,已注册,2024-03-21 09:05:48,,FwPSberg1VxPhgo4J1fGaKND9YYeXORGqtweMR8HrxY,,,
860497077631486,860497077631486,16857118860497077631486,,已激活,2024-03-20 17:01:28,2024-03-20 17:01:35,FwPSberg1VxPhgo4J1fGaKND9YYeXORGqtweMR8HrxY,2025-12-05 01:34:14,2025-12-05 01:20:35,2024-03-20 17:01:35
860497077594411,860497077594411,16857118860497077594411,,已激活,2024-03-20 16:36:37,2024-03-20 16:36:41,FwPSberg1VxPhgo4J1fGaKND9YYeXORGqtweMR8HrxY,2025-07-31 20:45:39,2025-07-31 21:09:39,2024-03-20 16:36:41
860497077621420,860497077621420,16857118860497077621420,,已激活,2024-03-20 15:27:49,2024-03-20 15:27:58,FwPSberg1VxPhgo4J1fGaKND9YYeXORGqtweMR8HrxY,2025-12-09 15:34:48,2025-12-09 15:31:54,2024-03-20 15:27:58
860497077509443,860497077509443,16857118860497077509443,,已激活,2024-03-19 18:08:39,2024-03-19 18:08:45,FwPSberg1VxPhgo4J1fGaKND9YYeXORGqtweMR8HrxY,2025-12-21 03:02:15,2025-07-07 05:48:59,2024-03-19 18:08:45
860497077631627,860497077631627,16857118860497077631627,,已激活,2024-03-19 11:47:19,2024-04-01 01:43:23,FwPSberg1VxPhgo4J1fGaKND9YYeXORGqtweMR8HrxY,2025-09-27 00:57:30,2025-09-27 01:02:00,2024-04-01 01:43:23
860497077509484,860497077509484,16857118860497077509484,,已激活,2024-03-19 11:47:19,2024-03-19 11:47:23,FwPSberg1VxPhgo4J1fGaKND9YYeXORGqtweMR8HrxY,2025-12-20 23:33:38,2025-12-20 23:15:31,2024-03-19 11:47:23
860497077621347,860497077621347,16857118860497077621347,,已激活,2024-03-19 10:22:16,2024-03-19 10:22:20,FwPSberg1VxPhgo4J1fGaKND9YYeXORGqtweMR8HrxY,2025-12-21 03:04:12,2025-11-20 13:02:29,2024-03-19 10:22:20
860497077594403,860497077594403,16857118860497077594403,,已激活,2024-03-18 11:26:20,2024-03-18 11:26:32,FwPSberg1VxPhgo4J1fGaKND9YYeXORGqtweMR8HrxY,2025-12-05 03:03:26,2025-08-27 03:00:59,2024-03-18 11:26:32
860497077594106,860497077594106,16857118860497077594106,,已激活,2024-03-18 09:52:50,2024-03-18 09:52:51,FwPSberg1VxPhgo4J1fGaKND9YYeXORGqtweMR8HrxY,2025-12-21 19:05:56,2025-12-21 19:01:50,2024-03-18 09:52:51
860497077621396,860497077621396,16857118860497077621396,,已激活,2024-03-18 09:46:52,2024-03-18 09:46:57,FwPSberg1VxPhgo4J1fGaKND9YYeXORGqtweMR8HrxY,2025-12-21 03:02:25,2025-12-12 18:34:23,2024-03-18 09:46:57
860497077631577,860497077631577,16857118860497077631577,,已激活,2024-03-18 09:46:52,2024-03-18 09:48:41,FwPSberg1VxPhgo4J1fGaKND9YYeXORGqtweMR8HrxY,2025-12-21 03:05:15,2025-12-21 03:05:11,2024-03-18 09:48:41
860497077523899,860497077523899,16857118860497077523899,,已激活,2024-03-18 09:46:52,2024-03-18 09:46:53,FwPSberg1VxPhgo4J1fGaKND9YYeXORGqtweMR8HrxY,2025-08-09 03:03:52,2025-08-09 09:56:22,2024-03-18 09:46:53
860497077594007,860497077594007,16857118860497077594007,,已激活,2024-03-18 09:46:52,2024-03-18 09:47:05,FwPSberg1VxPhgo4J1fGaKND9YYeXORGqtweMR8HrxY,2025-12-21 03:03:08,2025-12-03 15:50:22,2024-03-18 09:47:05
860497077621032,860497077621032,16857118860497077621032,,已激活,2024-03-18 09:46:52,2024-03-18 09:48:11,FwPSberg1VxPhgo4J1fGaKND9YYeXORGqtweMR8HrxY,2025-12-21 03:02:01,2025-12-18 06:31:42,2024-03-18 09:48:11
860497077621453,860497077621453,16857118860497077621453,,已激活,2024-03-13 11:09:39,2024-03-13 11:09:40,FwPSberg1VxPhgo4J1fGaKND9YYeXORGqtweMR8HrxY,2025-12-21 03:01:42,2025-12-19 23:37:46,2024-03-13 11:09:40
860497077622170,860497077622170,16857118860497077622170,,已激活,2024-03-13 11:09:39,2024-03-13 11:09:51,FwPSberg1VxPhgo4J1fGaKND9YYeXORGqtweMR8HrxY,2025-12-21 03:02:10,2025-09-12 00:39:28,2024-03-13 11:09:51
860497077632302,860497077632302,16857118860497077632302,,已激活,2024-03-13 11:09:39,2024-03-13 11:09:42,FwPSberg1VxPhgo4J1fGaKND9YYeXORGqtweMR8HrxY,2025-12-21 03:03:26,2025-07-21 22:01:01,2024-03-13 11:09:42
860497077622048,860497077622048,16857118860497077622048,,已激活,2024-03-13 11:09:39,2024-03-13 11:09:40,FwPSberg1VxPhgo4J1fGaKND9YYeXORGqtweMR8HrxY,2025-12-21 03:01:31,2025-10-30 05:29:54,2024-03-13 11:09:40
860497077620984,860497077620984,16857118860497077620984,,已激活,2024-03-13 11:09:38,2024-03-13 11:09:40,FwPSberg1VxPhgo4J1fGaKND9YYeXORGqtweMR8HrxY,2025-12-21 03:04:03,2025-07-08 05:16:43,2024-03-13 11:09:40
860497077621313,860497077621313,16857118860497077621313,,已激活,2024-03-13 11:09:38,2024-03-13 11:09:42,FwPSberg1VxPhgo4J1fGaKND9YYeXORGqtweMR8HrxY,2025-12-21 03:00:41,2025-11-17 10:51:23,2024-03-13 11:09:42
860497077632393,860497077632393,16857118860497077632393,,已激活,2024-03-13 11:09:38,2024-03-13 11:09:42,FwPSberg1VxPhgo4J1fGaKND9YYeXORGqtweMR8HrxY,2025-12-21 03:03:52,2025-12-15 05:07:44,2024-03-13 11:09:42
860497077625488,860497077625488,16857118860497077625488,,已激活,2024-03-12 14:23:40,2024-03-12 14:23:59,FwPSberg1VxPhgo4J1fGaKND9YYeXORGqtweMR8HrxY,2025-12-21 03:02:12,2025-12-05 01:22:35,2024-03-12 14:23:59
860497077621586,860497077621586,16857118860497077621586,,已激活,2024-03-11 16:16:32,2024-03-11 16:37:47,FwPSberg1VxPhgo4J1fGaKND9YYeXORGqtweMR8HrxY,2024-03-11 16:37:47,2024-03-11 16:42:17,2024-03-11 16:37:47
860497077621578,860497077621578,16857118860497077621578,,已激活,2024-03-11 16:16:32,2024-03-11 16:46:18,FwPSberg1VxPhgo4J1fGaKND9YYeXORGqtweMR8HrxY,2024-03-11 16:46:18,2024-03-11 16:50:48,2024-03-11 16:46:18
860497077593975,860497077593975,16857118860497077593975,,已激活,2024-03-11 16:16:32,2024-03-11 16:54:33,FwPSberg1VxPhgo4J1fGaKND9YYeXORGqtweMR8HrxY,2024-03-11 16:54:33,2024-03-11 16:59:03,2024-03-11 16:54:33
860497077593991,860497077593991,16857118860497077593991,,已激活,2024-03-11 16:16:32,2024-03-11 17:05:20,FwPSberg1VxPhgo4J1fGaKND9YYeXORGqtweMR8HrxY,2024-03-11 17:05:20,2024-03-11 17:09:50,2024-03-11 17:05:20
860497077594031,860497077594031,16857118860497077594031,,已激活,2024-03-11 16:16:31,2024-03-11 17:14:15,FwPSberg1VxPhgo4J1fGaKND9YYeXORGqtweMR8HrxY,2024-03-11 17:14:15,2024-03-11 17:20:15,2024-03-11 17:14:15
860497077631924,860497077631924,16857118860497077631924,,已激活,2024-03-11 15:09:36,2024-03-11 15:20:46,FwPSberg1VxPhgo4J1fGaKND9YYeXORGqtweMR8HrxY,2025-12-21 03:03:54,2025-12-06 02:40:17,2024-03-11 15:20:46
860497077594361,860497077594361,16857118860497077594361,,已激活,2024-03-11 15:09:36,2024-03-11 16:07:40,FwPSberg1VxPhgo4J1fGaKND9YYeXORGqtweMR8HrxY,2025-12-21 19:33:55,2025-12-21 19:21:51,2024-03-11 16:07:40
860497077631551,860497077631551,16857118860497077631551,,已激活,2024-03-11 15:09:35,2024-03-11 15:59:50,FwPSberg1VxPhgo4J1fGaKND9YYeXORGqtweMR8HrxY,2024-03-27 12:11:32,2024-03-27 12:29:32,2024-03-11 15:59:50
860497077509427,860497077509427,16857118860497077509427,,已激活,2024-03-11 14:47:16,2024-03-11 15:01:25,FwPSberg1VxPhgo4J1fGaKND9YYeXORGqtweMR8HrxY,2025-11-25 04:33:33,2025-11-24 00:11:28,2024-03-11 15:01:25
860497077631593,860497077631593,16857118860497077631593,,已激活,2024-03-11 14:29:48,2024-03-11 14:30:15,FwPSberg1VxPhgo4J1fGaKND9YYeXORGqtweMR8HrxY,2025-12-10 04:02:29,2025-12-10 04:00:21,2024-03-11 14:30:15
860497077622097,860497077622097,16857118860497077622097,,已激活,2024-03-11 11:26:10,2024-03-11 11:26:12,FwPSberg1VxPhgo4J1fGaKND9YYeXORGqtweMR8HrxY,2025-12-21 03:02:42,2025-12-04 00:18:22,2024-03-11 11:26:12
860497077631569,860497077631569,16857118860497077631569,,已激活,2024-03-11 09:38:57,2024-03-11 09:39:01,FwPSberg1VxPhgo4J1fGaKND9YYeXORGqtweMR8HrxY,2025-12-21 03:01:28,2025-12-19 07:29:47,2024-03-11 09:39:01
860497077509534,860497077509534,16857118860497077509534,,已激活,2024-03-11 09:01:51,2024-03-11 09:01:55,FwPSberg1VxPhgo4J1fGaKND9YYeXORGqtweMR8HrxY,2025-11-26 00:02:22,2025-09-18 13:35:31,2024-03-11 09:01:55
860497077486386,860497077486386,16857118860497077486386,,已激活,2024-03-11 09:01:50,2024-03-11 09:01:57,FwPSberg1VxPhgo4J1fGaKND9YYeXORGqtweMR8HrxY,2025-04-11 03:03:13,2025-04-11 09:31:43,2024-03-11 09:01:57
860497077625496,860497077625496,16857118860497077625496,,已激活,2024-03-08 17:37:08,2024-03-08 17:42:00,FwPSberg1VxPhgo4J1fGaKND9YYeXORGqtweMR8HrxY,2025-11-25 04:33:39,2025-09-12 00:39:20,2024-03-08 17:42:00
860497077621636,860497077621636,16857118860497077621636,,已激活,2024-03-08 12:48:32,2024-03-08 12:48:35,FwPSberg1VxPhgo4J1fGaKND9YYeXORGqtweMR8HrxY,2025-12-21 03:03:09,2025-11-18 13:39:24,2024-03-08 12:48:35
860497077593892,860497077593892,16857118860497077593892,,已激活,2024-03-08 12:34:34,2024-03-08 12:34:39,FwPSberg1VxPhgo4J1fGaKND9YYeXORGqtweMR8HrxY,2025-12-21 03:04:07,2025-12-20 20:53:44,2024-03-08 12:34:39
860497077594098,860497077594098,16857118860497077594098,,已激活,2024-03-08 11:27:21,2024-03-08 11:27:23,FwPSberg1VxPhgo4J1fGaKND9YYeXORGqtweMR8HrxY,2025-12-21 03:02:35,2025-12-21 00:49:04,2024-03-08 11:27:23
860497077631338,860497077631338,16857118860497077631338,,已激活,2024-03-07 17:15:38,2024-03-07 17:43:40,FwPSberg1VxPhgo4J1fGaKND9YYeXORGqtweMR8HrxY,2025-12-21 03:00:16,2025-12-19 18:31:49,2024-03-07 17:43:40
860497077594080,860497077594080,16857118860497077594080,,已激活,2024-03-07 17:13:15,2024-03-07 17:36:15,FwPSberg1VxPhgo4J1fGaKND9YYeXORGqtweMR8HrxY,2025-12-21 03:01:51,2025-12-14 08:13:59,2024-03-07 17:36:15
860497077627575,860497077627575,16857118860497077627575,,已激活,2024-03-07 17:10:32,2024-03-07 17:26:59,FwPSberg1VxPhgo4J1fGaKND9YYeXORGqtweMR8HrxY,2025-12-21 03:02:12,2025-12-05 00:34:55,2024-03-07 17:26:59
860497077631122,860497077631122,16857118860497077631122,,已激活,2024-03-07 16:09:44,2024-03-07 16:09:49,FwPSberg1VxPhgo4J1fGaKND9YYeXORGqtweMR8HrxY,2025-09-17 03:01:53,2025-09-17 11:03:24,2024-03-07 16:09:49
860497077487210,860497077487210,16857118860497077487210,,已激活,2024-03-07 14:39:36,2024-03-07 14:39:42,FwPSberg1VxPhgo4J1fGaKND9YYeXORGqtweMR8HrxY,2025-12-05 00:35:49,2025-11-04 02:31:22,2024-03-07 14:39:42
860497077625728,860497077625728,16857118860497077625728,,已激活,2024-03-07 13:48:05,2024-03-07 14:10:21,FwPSberg1VxPhgo4J1fGaKND9YYeXORGqtweMR8HrxY,2025-04-17 11:27:07,2025-04-17 11:45:07,2024-03-07 14:10:21
860497077593967,860497077593967,16857118860497077593967,,已激活,2024-03-07 12:35:53,2024-03-07 12:35:59,FwPSberg1VxPhgo4J1fGaKND9YYeXORGqtweMR8HrxY,2025-11-28 03:02:49,2025-11-28 02:35:49,2024-03-07 12:35:59
860497077525472,860497077525472,16857118860497077525472,,已激活,2024-03-06 18:24:09,2024-03-06 18:24:20,FwPSberg1VxPhgo4J1fGaKND9YYeXORGqtweMR8HrxY,2025-12-21 03:01:43,2025-12-18 18:38:18,2024-03-06 18:24:20
860497077594072,860497077594072,16857118860497077594072,,已激活,2024-03-06 18:24:09,2024-03-06 18:24:16,FwPSberg1VxPhgo4J1fGaKND9YYeXORGqtweMR8HrxY,2025-12-21 03:03:07,2025-09-27 02:23:23,2024-03-06 18:24:16
860497077520416,860497077520416,16857118860497077520416,,已激活,2024-03-06 16:59:46,2024-03-06 16:59:48,FwPSberg1VxPhgo4J1fGaKND9YYeXORGqtweMR8HrxY,2025-12-21 03:03:24,2025-12-17 16:05:40,2024-03-06 16:59:48
860497077509583,860497077509583,16857118860497077509583,,已激活,2024-03-06 16:59:46,2024-03-06 16:59:51,FwPSberg1VxPhgo4J1fGaKND9YYeXORGqtweMR8HrxY,2025-12-21 03:03:54,2025-11-01 18:04:37,2024-03-06 16:59:51
860497077509518,860497077509518,16857118860497077509518,,已激活,2024-03-06 13:25:53,2024-03-06 13:26:36,FwPSberg1VxPhgo4J1fGaKND9YYeXORGqtweMR8HrxY,2025-12-21 03:03:19,2025-04-23 02:16:13,2024-03-06 13:26:36
860497077509435,860497077509435,16857118860497077509435,,已激活,2024-03-06 09:22:51,2024-03-06 09:22:54,FwPSberg1VxPhgo4J1fGaKND9YYeXORGqtweMR8HrxY,2025-11-25 04:34:17,2025-11-06 08:02:01,2024-03-06 09:22:54
860497077622055,860497077622055,16857118860497077622055,,已激活,2024-03-05 17:59:38,2024-03-05 17:59:41,FwPSberg1VxPhgo4J1fGaKND9YYeXORGqtweMR8HrxY,2025-11-25 12:03:57,2025-11-25 11:50:44,2024-03-05 17:59:41
860497077625835,860497077625835,16857118860497077625835,,已激活,2024-03-05 17:59:38,2024-03-05 17:59:44,FwPSberg1VxPhgo4J1fGaKND9YYeXORGqtweMR8HrxY,2025-12-21 03:04:03,2025-12-18 18:39:27,2024-03-05 17:59:44
860497077509591,860497077509591,16857118860497077509591,,已激活,2024-03-05 16:34:55,2024-03-05 16:49:49,FwPSberg1VxPhgo4J1fGaKND9YYeXORGqtweMR8HrxY,2025-12-21 18:49:22,2025-12-20 23:46:54,2024-03-05 16:49:49
860497077625710,860497077625710,16857118860497077625710,,已激活,2024-03-05 16:34:55,2024-03-05 16:35:00,FwPSberg1VxPhgo4J1fGaKND9YYeXORGqtweMR8HrxY,2025-12-21 03:02:52,2025-12-18 17:53:59,2024-03-05 16:35:00
860497077632039,860497077632039,16857118860497077632039,,已激活,2024-03-05 12:54:38,2024-03-05 13:12:55,FwPSberg1VxPhgo4J1fGaKND9YYeXORGqtweMR8HrxY,2025-12-05 01:33:31,2025-12-05 01:21:34,2024-03-05 13:12:55
860497077509492,860497077509492,16857118860497077509492,,已激活,2024-03-05 11:45:04,2024-03-05 11:45:16,FwPSberg1VxPhgo4J1fGaKND9YYeXORGqtweMR8HrxY,2025-12-21 03:02:26,2025-08-18 02:21:16,2024-03-05 11:45:16
860497077625702,860497077625702,16857118860497077625702,,已激活,2024-03-05 11:45:04,2024-03-05 11:45:23,FwPSberg1VxPhgo4J1fGaKND9YYeXORGqtweMR8HrxY,2025-12-21 03:01:49,2025-09-05 18:15:33,2024-03-05 11:45:23
860497077530225,860497077530225,16857118860497077530225,,已激活,2024-03-05 10:21:45,2024-03-05 10:21:54,FwPSberg1VxPhgo4J1fGaKND9YYeXORGqtweMR8HrxY,2025-11-28 03:05:47,2025-11-28 02:37:18,2024-03-05 10:21:54
860497077522214,860497077522214,16857118860497077522214,,已激活,2024-03-04 16:27:07,2024-03-04 16:27:14,FwPSberg1VxPhgo4J1fGaKND9YYeXORGqtweMR8HrxY,2025-12-21 16:05:13,2025-12-20 20:34:46,2024-03-04 16:27:14
860497077632229,860497077632229,16857118860497077632229,,已激活,2024-03-04 16:27:07,2024-03-04 16:27:17,FwPSberg1VxPhgo4J1fGaKND9YYeXORGqtweMR8HrxY,2025-12-21 03:04:13,2025-12-15 10:13:37,2024-03-04 16:27:17
860497077631601,860497077631601,16857118860497077631601,,已激活,2024-03-04 14:43:44,2024-03-05 03:00:38,FwPSberg1VxPhgo4J1fGaKND9YYeXORGqtweMR8HrxY,2025-12-17 03:00:42,2025-12-05 00:35:31,2024-03-05 03:00:38
860497077632120,860497077632120,16857118860497077632120,,已激活,2024-03-04 13:38:58,2024-03-04 13:39:00,FwPSberg1VxPhgo4J1fGaKND9YYeXORGqtweMR8HrxY,2025-12-21 03:03:19,2025-12-05 01:20:43,2024-03-04 13:39:00
860497077493093,860497077493093,16857118860497077493093,,已激活,2024-03-04 13:37:45,2024-03-04 13:37:47,FwPSberg1VxPhgo4J1fGaKND9YYeXORGqtweMR8HrxY,2025-12-03 15:46:37,2025-12-03 14:49:16,2024-03-04 13:37:47
860497077622121,860497077622121,16857118860497077622121,,已激活,2024-03-04 13:37:44,2024-03-04 13:37:49,FwPSberg1VxPhgo4J1fGaKND9YYeXORGqtweMR8HrxY,2025-12-12 03:02:55,2025-12-03 14:49:01,2024-03-04 13:37:49
860497077632088,860497077632088,16857118860497077632088,,已激活,2024-03-04 13:37:44,2024-03-04 13:37:48,FwPSberg1VxPhgo4J1fGaKND9YYeXORGqtweMR8HrxY,2025-12-21 03:02:10,2025-12-03 14:49:20,2024-03-04 13:37:48
860497077509617,860497077509617,16857118860497077509617,,已激活,2024-03-04 08:59:06,2024-03-04 08:59:19,FwPSberg1VxPhgo4J1fGaKND9YYeXORGqtweMR8HrxY,2025-12-21 10:03:32,2025-12-21 09:45:20,2024-03-04 08:59:19
860497077509476,860497077509476,16857118860497077509476,,已激活,2024-03-04 08:59:06,2024-03-04 08:59:14,FwPSberg1VxPhgo4J1fGaKND9YYeXORGqtweMR8HrxY,2025-12-21 14:02:12,2025-12-21 13:49:15,2024-03-04 08:59:14
860497077539119,860497077539119,16857118860497077539119,,已激活,2024-03-04 08:59:06,2024-03-04 08:59:08,FwPSberg1VxPhgo4J1fGaKND9YYeXORGqtweMR8HrxY,2025-12-21 03:03:22,2025-12-05 01:19:11,2024-03-04 08:59:08
860497077620786,860497077620786,16857118860497077620786,,已激活,2024-03-04 08:59:06,2024-03-04 08:59:12,FwPSberg1VxPhgo4J1fGaKND9YYeXORGqtweMR8HrxY,2025-12-21 19:04:24,2025-09-02 03:01:00,2024-03-04 08:59:12
860497077631742,860497077631742,16857118860497077631742,,已激活,2024-03-01 13:50:23,2024-03-01 13:50:28,FwPSberg1VxPhgo4J1fGaKND9YYeXORGqtweMR8HrxY,2025-12-21 03:03:41,2025-12-19 01:05:00,2024-03-01 13:50:28
860497077632708,860497077632708,16857118860497077632708,,已激活,2024-03-01 13:32:33,2024-03-01 13:32:48,FwPSberg1VxPhgo4J1fGaKND9YYeXORGqtweMR8HrxY,2025-03-18 03:03:28,2025-03-18 09:22:59,2024-03-01 13:32:48
860497077621172,860497077621172,16857118860497077621172,,已激活,2024-02-29 16:57:32,2024-02-29 16:57:32,FwPSberg1VxPhgo4J1fGaKND9YYeXORGqtweMR8HrxY,2025-12-21 03:02:05,2025-12-10 19:36:58,2024-02-29 16:57:32
860497077631635,860497077631635,16857118860497077631635,,已激活,2024-02-26 10:17:37,2024-02-27 03:00:32,FwPSberg1VxPhgo4J1fGaKND9YYeXORGqtweMR8HrxY,2025-02-11 03:03:19,2024-12-13 10:07:55,2024-02-27 03:00:32
860497077631775,860497077631775,16857118860497077631775,,已激活,2024-02-20 14:24:06,2024-02-21 05:28:16,FwPSberg1VxPhgo4J1fGaKND9YYeXORGqtweMR8HrxY,2025-07-30 09:09:48,2025-07-30 11:33:48,2024-02-21 05:28:16
860497077632252,860497077632252,16857118860497077632252,,已激活,2024-02-20 13:37:33,2024-02-20 13:37:41,FwPSberg1VxPhgo4J1fGaKND9YYeXORGqtweMR8HrxY,2025-12-21 03:03:58,2025-12-19 16:02:10,2024-02-20 13:37:41
860497077632336,860497077632336,16857118860497077632336,,已激活,2024-02-06 10:04:17,2024-02-06 10:04:18,FwPSberg1VxPhgo4J1fGaKND9YYeXORGqtweMR8HrxY,2025-12-17 03:03:58,2025-12-14 20:38:35,2024-02-06 10:04:18
860497077620844,860497077620844,16857118860497077620844,,已激活,2024-02-06 09:59:21,2024-02-06 09:59:24,FwPSberg1VxPhgo4J1fGaKND9YYeXORGqtweMR8HrxY,2025-12-05 01:34:34,2025-12-05 01:19:27,2024-02-06 09:59:24
860497077621107,860497077621107,16857118860497077621107,,已激活,2024-02-06 09:57:00,2024-02-06 09:57:02,FwPSberg1VxPhgo4J1fGaKND9YYeXORGqtweMR8HrxY,2025-12-12 03:02:55,2025-12-05 01:20:57,2024-02-06 09:57:02
860497077632492,860497077632492,16857118860497077632492,,已激活,2024-02-03 18:07:46,2024-02-03 18:07:53,FwPSberg1VxPhgo4J1fGaKND9YYeXORGqtweMR8HrxY,2025-12-21 03:03:57,2025-12-05 01:21:45,2024-02-03 18:07:53
860497077632021,860497077632021,16857118860497077632021,,已激活,2024-02-02 16:06:37,2024-02-02 16:06:37,FwPSberg1VxPhgo4J1fGaKND9YYeXORGqtweMR8HrxY,2025-12-05 01:32:46,2025-12-05 01:20:45,2024-02-02 16:06:37
860497077620869,860497077620869,16857118860497077620869,,已激活,2024-02-02 14:56:04,2024-02-02 14:56:05,FwPSberg1VxPhgo4J1fGaKND9YYeXORGqtweMR8HrxY,2025-12-21 01:38:50,2025-12-21 01:43:20,2024-02-02 14:56:05
860497077509450,860497077509450,16857118860497077509450,,已激活,2024-02-02 13:50:31,2024-02-02 13:51:17,FwPSberg1VxPhgo4J1fGaKND9YYeXORGqtweMR8HrxY,2025-12-21 03:03:44,2025-12-11 23:04:27,2024-02-02 13:51:17
860497077620802,860497077620802,16857118860497077620802,,已激活,2024-02-01 17:01:22,2024-02-01 17:01:50,FwPSberg1VxPhgo4J1fGaKND9YYeXORGqtweMR8HrxY,2025-12-21 03:03:51,2025-12-01 13:44:18,2024-02-01 17:01:50
860497077620836,860497077620836,16857118860497077620836,,已激活,2024-02-01 17:01:22,2024-02-01 17:01:29,FwPSberg1VxPhgo4J1fGaKND9YYeXORGqtweMR8HrxY,2025-12-21 03:01:41,2025-12-09 11:50:40,2024-02-01 17:01:29
860497077621008,860497077621008,16857118860497077621008,,已激活,2024-02-01 17:01:21,2024-02-01 17:01:31,FwPSberg1VxPhgo4J1fGaKND9YYeXORGqtweMR8HrxY,2025-12-21 03:04:01,2025-11-26 08:15:20,2024-02-01 17:01:31
860497077627815,860497077627815,16857118860497077627815,,已激活,2024-02-01 17:01:21,2024-02-01 17:01:56,FwPSberg1VxPhgo4J1fGaKND9YYeXORGqtweMR8HrxY,2025-12-21 03:01:51,2025-12-07 12:02:26,2024-02-01 17:01:56
860497077632211,860497077632211,16857118860497077632211,,已激活,2024-02-01 17:01:21,2024-02-01 17:01:52,FwPSberg1VxPhgo4J1fGaKND9YYeXORGqtweMR8HrxY,2025-12-21 03:00:15,2025-12-20 20:38:34,2024-02-01 17:01:52
860497077632443,860497077632443,16857118860497077632443,,已激活,2024-02-01 17:01:21,2024-02-01 17:01:24,FwPSberg1VxPhgo4J1fGaKND9YYeXORGqtweMR8HrxY,2025-12-21 19:57:50,2025-12-20 23:55:44,2024-02-01 17:01:24
860497077626007,860497077626007,16857118860497077626007,,已激活,2024-02-01 11:36:52,2024-02-01 11:36:57,FwPSberg1VxPhgo4J1fGaKND9YYeXORGqtweMR8HrxY,2025-12-21 03:01:52,2025-11-29 04:01:19,2024-02-01 11:36:57
860497077621198,860497077621198,16857118860497077621198,,已激活,2024-02-01 10:30:27,2024-02-01 10:30:32,FwPSberg1VxPhgo4J1fGaKND9YYeXORGqtweMR8HrxY,2025-11-26 00:03:21,2025-11-15 17:01:12,2024-02-01 10:30:32
860497077621206,860497077621206,16857118860497077621206,,已激活,2024-02-01 10:30:27,2024-02-01 10:30:32,FwPSberg1VxPhgo4J1fGaKND9YYeXORGqtweMR8HrxY,2025-12-20 10:37:20,2025-12-20 10:35:24,2024-02-01 10:30:32
860497077632419,860497077632419,16857118860497077632419,,已激活,2024-01-31 15:45:43,2024-01-31 15:45:50,FwPSberg1VxPhgo4J1fGaKND9YYeXORGqtweMR8HrxY,2025-12-20 05:06:14,2025-12-20 04:52:07,2024-01-31 15:45:50
860497077622089,860497077622089,16857118860497077622089,,已激活,2024-01-31 11:46:31,2024-01-31 11:46:41,FwPSberg1VxPhgo4J1fGaKND9YYeXORGqtweMR8HrxY,2025-12-09 03:01:24,2025-10-13 11:13:06,2024-01-31 11:46:41
860497077625967,860497077625967,16857118860497077625967,,已激活,2024-01-31 09:57:57,2024-01-31 10:03:53,FwPSberg1VxPhgo4J1fGaKND9YYeXORGqtweMR8HrxY,2025-11-07 11:04:37,2025-11-07 11:09:07,2024-01-31 10:03:53
860497077631403,860497077631403,16857118860497077631403,,已激活,2024-01-29 17:45:28,2024-01-29 17:45:33,FwPSberg1VxPhgo4J1fGaKND9YYeXORGqtweMR8HrxY,2025-12-05 00:37:00,2025-12-05 00:34:03,2024-01-29 17:45:33
860497077621982,860497077621982,16857118860497077621982,,已激活,2024-01-29 16:37:43,2024-01-29 16:37:45,FwPSberg1VxPhgo4J1fGaKND9YYeXORGqtweMR8HrxY,2025-12-21 03:03:52,2025-12-15 04:11:24,2024-01-29 16:37:45
860497077631346,860497077631346,16857118860497077631346,,已激活,2024-01-29 16:10:40,2024-01-29 16:10:43,FwPSberg1VxPhgo4J1fGaKND9YYeXORGqtweMR8HrxY,2025-11-26 00:04:24,2025-11-04 05:25:29,2024-01-29 16:10:43
860497077632013,860497077632013,16857118860497077632013,,已激活,2024-01-29 09:40:35,2024-01-29 09:40:56,FwPSberg1VxPhgo4J1fGaKND9YYeXORGqtweMR8HrxY,2025-12-21 03:03:26,2025-12-08 18:56:33,2024-01-29 09:40:56
860497077622071,860497077622071,16857118860497077622071,,已激活,2024-01-29 09:34:47,2024-01-29 09:34:51,FwPSberg1VxPhgo4J1fGaKND9YYeXORGqtweMR8HrxY,2025-11-25 04:33:47,2025-11-06 09:57:26,2024-01-29 09:34:51
860497077621016,860497077621016,16857118860497077621016,,已激活,2024-01-29 09:34:47,2024-01-29 09:35:01,FwPSberg1VxPhgo4J1fGaKND9YYeXORGqtweMR8HrxY,2025-11-25 04:33:41,2025-11-17 22:49:34,2024-01-29 09:35:01
860497077627856,860497077627856,16857118860497077627856,,已激活,2024-01-26 10:33:29,2024-05-02 15:54:28,FwPSberg1VxPhgo4J1fGaKND9YYeXORGqtweMR8HrxY,2025-11-26 00:04:50,2025-10-29 19:28:36,2024-05-02 15:54:28
860497077627872,860497077627872,16857118860497077627872,,已注册,2024-01-26 10:33:28,,FwPSberg1VxPhgo4J1fGaKND9YYeXORGqtweMR8HrxY,,,
860497077632500,860497077632500,16857118860497077632500,,已激活,2024-01-25 09:34:23,2024-05-02 16:29:06,FwPSberg1VxPhgo4J1fGaKND9YYeXORGqtweMR8HrxY,2025-12-21 03:02:12,2025-08-27 10:34:28,2024-05-02 16:29:06
860497077622154,860497077622154,16857118860497077622154,,已注册,2024-01-25 09:34:23,,FwPSberg1VxPhgo4J1fGaKND9YYeXORGqtweMR8HrxY,,,
860497077632732,860497077632732,16857118860497077632732,,已激活,2024-01-25 09:34:23,2024-01-25 16:02:23,FwPSberg1VxPhgo4J1fGaKND9YYeXORGqtweMR8HrxY,2024-01-25 16:02:23,2024-01-25 16:08:23,2024-01-25 16:02:23
860497077632583,860497077632583,16857118860497077632583,,已激活,2024-01-25 09:34:22,2024-10-29 14:42:04,FwPSberg1VxPhgo4J1fGaKND9YYeXORGqtweMR8HrxY,2025-12-21 03:02:58,2025-06-06 17:26:08,2024-10-29 14:42:04
860497077632435,860497077632435,16857118860497077632435,,已激活,2024-01-24 11:44:07,2024-01-24 12:05:30,FwPSberg1VxPhgo4J1fGaKND9YYeXORGqtweMR8HrxY,2025-12-21 03:01:44,2025-09-27 05:22:23,2024-01-24 12:05:30
860497077631353,860497077631353,16857118860497077631353,,已激活,2024-01-23 13:47:02,2024-01-23 13:47:04,FwPSberg1VxPhgo4J1fGaKND9YYeXORGqtweMR8HrxY,2025-12-21 03:02:12,2025-12-05 01:19:54,2024-01-23 13:47:04
860497077631981,860497077631981,16857118860497077631981,,已激活,2024-01-23 10:44:12,2024-09-15 01:17:01,FwPSberg1VxPhgo4J1fGaKND9YYeXORGqtweMR8HrxY,2025-12-21 03:03:55,2025-12-20 08:05:32,2024-09-15 01:17:01
860497077631973,860497077631973,16857118860497077631973,,已激活,2024-01-23 10:12:52,2024-02-11 13:24:35,FwPSberg1VxPhgo4J1fGaKND9YYeXORGqtweMR8HrxY,2025-12-21 03:03:45,2025-12-20 06:14:27,2024-02-11 13:24:35
860497077631999,860497077631999,16857118860497077631999,,已激活,2024-01-23 10:12:52,2024-01-23 10:13:14,FwPSberg1VxPhgo4J1fGaKND9YYeXORGqtweMR8HrxY,2025-12-21 19:26:05,2025-12-21 19:30:35,2024-01-23 10:13:14
860497077525464,860497077525464,16857118860497077525464,,已激活,2024-01-22 09:21:52,2024-01-22 09:21:55,FwPSberg1VxPhgo4J1fGaKND9YYeXORGqtweMR8HrxY,2025-11-25 04:32:10,2025-10-26 23:17:46,2024-01-22 09:21:55
860497077632450,860497077632450,16857118860497077632450,,已激活,2024-01-22 09:21:52,2024-01-22 09:21:57,FwPSberg1VxPhgo4J1fGaKND9YYeXORGqtweMR8HrxY,2025-11-26 00:05:54,2025-10-23 19:51:41,2024-01-22 09:21:57
860497077620893,860497077620893,16857118860497077620893,,已激活,2024-01-22 09:21:52,2024-01-22 09:21:59,FwPSberg1VxPhgo4J1fGaKND9YYeXORGqtweMR8HrxY,2025-12-14 09:04:04,2025-12-14 08:59:54,2024-01-22 09:21:59
860497077621354,860497077621354,16857118860497077621354,,已激活,2024-01-19 17:03:21,2024-01-19 17:28:54,FwPSberg1VxPhgo4J1fGaKND9YYeXORGqtweMR8HrxY,2025-12-21 19:42:37,2025-12-21 19:48:37,2024-01-19 17:28:54
860497077625934,860497077625934,16857118860497077625934,,已激活,2024-01-19 15:59:19,2024-01-19 17:05:08,FwPSberg1VxPhgo4J1fGaKND9YYeXORGqtweMR8HrxY,2025-11-28 03:04:27,2025-11-28 02:38:03,2024-01-19 17:05:08
860497077529771,860497077529771,16857118860497077529771,,已激活,2024-01-18 11:20:45,2024-01-18 11:22:30,FwPSberg1VxPhgo4J1fGaKND9YYeXORGqtweMR8HrxY,2025-11-26 00:03:33,2025-11-14 09:05:18,2024-01-18 11:22:30
860497077621630,860497077621630,16857118860497077621630,,已注册,2024-01-17 18:44:35,,FwPSberg1VxPhgo4J1fGaKND9YYeXORGqtweMR8HrxY,,,
860497077509567,860497077509567,16857118860497077509567,,已激活,2024-01-17 16:28:29,2024-01-18 03:01:02,FwPSberg1VxPhgo4J1fGaKND9YYeXORGqtweMR8HrxY,2025-12-20 03:04:07,2025-12-05 03:07:57,2024-01-18 03:01:02
860497077631510,860497077631510,16857118860497077631510,,已激活,2024-01-17 16:09:12,2024-01-17 16:09:18,FwPSberg1VxPhgo4J1fGaKND9YYeXORGqtweMR8HrxY,2025-12-21 03:03:12,2025-11-28 02:38:36,2024-01-17 16:09:18
860497077621289,860497077621289,16857118860497077621289,,已激活,2024-01-17 15:55:18,2024-01-17 15:55:19,FwPSberg1VxPhgo4J1fGaKND9YYeXORGqtweMR8HrxY,2025-11-25 04:35:39,2025-11-05 18:17:19,2024-01-17 15:55:19
860497077594056,860497077594056,16857118860497077594056,,已激活,2024-01-17 15:15:32,2024-01-17 15:15:37,FwPSberg1VxPhgo4J1fGaKND9YYeXORGqtweMR8HrxY,2025-11-25 04:32:45,2025-09-13 18:13:19,2024-01-17 15:15:37
860497077625819,860497077625819,16857118860497077625819,,已激活,2024-01-17 14:55:41,2024-01-17 14:55:48,FwPSberg1VxPhgo4J1fGaKND9YYeXORGqtweMR8HrxY,2025-12-15 00:33:21,2025-12-15 00:23:30,2024-01-17 14:55:48
860497077525449,860497077525449,16857118860497077525449,,已激活,2024-01-17 14:46:21,2024-01-17 14:46:25,FwPSberg1VxPhgo4J1fGaKND9YYeXORGqtweMR8HrxY,2025-12-20 21:05:04,2025-12-20 20:51:00,2024-01-17 14:46:25
860497077625769,860497077625769,16857118860497077625769,,已激活,2024-01-17 13:05:40,2024-01-17 13:20:33,FwPSberg1VxPhgo4J1fGaKND9YYeXORGqtweMR8HrxY,2025-12-09 15:34:14,2025-12-09 15:33:03,2024-01-17 13:20:33
860061065749971,860061065749971,16857118860061065749971,,已激活,2024-01-16 17:03:55,2024-01-16 17:07:17,FwPSberg1VxPhgo4J1fGaKND9YYeXORGqtweMR8HrxY,2024-01-17 11:22:34,2024-01-17 14:30:04,2024-01-16 17:07:17
860497077627724,860497077627724,16857118860497077627724,,已激活,2024-01-16 16:20:56,2024-01-16 16:22:52,FwPSberg1VxPhgo4J1fGaKND9YYeXORGqtweMR8HrxY,2024-01-17 11:13:00,2024-01-17 14:29:30,2024-01-16 16:22:52
860497077625736,860497077625736,16857118860497077625736,,已激活,2024-01-16 15:57:32,2024-01-16 16:23:35,FwPSberg1VxPhgo4J1fGaKND9YYeXORGqtweMR8HrxY,2025-12-20 09:40:00,2025-12-20 09:17:40,2024-01-16 16:23:35
860497077631841,860497077631841,16857118860497077631841,,已注册,2024-01-16 15:57:32,,FwPSberg1VxPhgo4J1fGaKND9YYeXORGqtweMR8HrxY,,,
860497077487020,860497077487020,16857118860497077487020,,已激活,2024-01-16 15:12:04,2024-01-16 15:12:06,FwPSberg1VxPhgo4J1fGaKND9YYeXORGqtweMR8HrxY,2025-11-25 04:24:13,2025-11-11 15:59:07,2024-01-16 15:12:06
860497077525399,860497077525399,16857118860497077525399,,已激活,2024-01-16 15:04:04,2024-01-16 15:04:08,FwPSberg1VxPhgo4J1fGaKND9YYeXORGqtweMR8HrxY,2025-12-17 07:16:38,2025-12-17 07:13:06,2024-01-16 15:04:08
860497077404058,860497077404058,16857118860497077404058,,已激活,2024-01-16 10:43:45,2024-01-16 10:44:52,FwPSberg1VxPhgo4J1fGaKND9YYeXORGqtweMR8HrxY,2024-01-17 14:45:46,2024-01-17 14:59:16,2024-01-16 10:44:52
860497077627542,860497077627542,16857118860497077627542,,已激活,2024-01-15 12:36:02,2024-01-15 12:36:04,FwPSberg1VxPhgo4J1fGaKND9YYeXORGqtweMR8HrxY,2025-12-21 03:03:23,2025-12-03 14:48:38,2024-01-15 12:36:04
860497077509625,860497077509625,16857118860497077509625,,已激活,2024-01-15 12:34:58,2024-01-15 12:34:59,FwPSberg1VxPhgo4J1fGaKND9YYeXORGqtweMR8HrxY,2025-12-21 03:03:53,2025-12-03 09:46:22,2024-01-15 12:34:59
860497077525415,860497077525415,16857118860497077525415,,已激活,2024-01-15 11:37:19,2024-01-15 11:37:27,FwPSberg1VxPhgo4J1fGaKND9YYeXORGqtweMR8HrxY,2025-12-16 10:33:12,2025-12-16 10:10:48,2024-01-15 11:37:27
860497077525407,860497077525407,16857118860497077525407,,已激活,2024-01-15 11:37:19,2024-01-15 11:37:25,FwPSberg1VxPhgo4J1fGaKND9YYeXORGqtweMR8HrxY,2025-11-26 00:01:44,2025-10-06 02:41:12,2024-01-15 11:37:25
860497077509575,860497077509575,16857118860497077509575,,已激活,2024-01-15 10:58:21,2024-01-15 10:58:26,FwPSberg1VxPhgo4J1fGaKND9YYeXORGqtweMR8HrxY,2025-12-21 03:02:55,2025-12-03 14:48:38,2024-01-15 10:58:26
860497077509559,860497077509559,16857118860497077509559,,已激活,2024-01-15 10:52:16,2024-01-16 03:02:45,FwPSberg1VxPhgo4J1fGaKND9YYeXORGqtweMR8HrxY,2025-12-21 03:01:48,2025-12-05 01:19:44,2024-01-16 03:02:45
860497077625587,860497077625587,16857118860497077625587,,已激活,2024-01-12 14:33:51,2024-01-12 14:35:39,FwPSberg1VxPhgo4J1fGaKND9YYeXORGqtweMR8HrxY,2025-10-30 03:02:51,2025-10-30 15:23:52,2024-01-12 14:35:39
860497077367636,860497077367636,16857118860497077367636,,已激活,2024-01-12 13:55:01,2024-01-12 13:55:09,FwPSberg1VxPhgo4J1fGaKND9YYeXORGqtweMR8HrxY,2025-11-18 14:22:07,2025-11-18 15:01:07,2024-01-12 13:55:09
860497077627468,860497077627468,16857118860497077627468,,已激活,2024-01-12 12:04:34,2024-01-12 12:04:38,FwPSberg1VxPhgo4J1fGaKND9YYeXORGqtweMR8HrxY,2025-12-21 03:03:45,2025-12-20 03:32:31,2024-01-12 12:04:38
860497077627443,860497077627443,16857118860497077627443,,已激活,2024-01-12 12:04:34,2024-01-12 12:05:05,FwPSberg1VxPhgo4J1fGaKND9YYeXORGqtweMR8HrxY,2025-12-21 03:01:59,2025-11-18 12:50:16,2024-01-12 12:05:05
860497077627435,860497077627435,16857118860497077627435,,已激活,2024-01-12 12:04:34,2024-01-12 12:04:36,FwPSberg1VxPhgo4J1fGaKND9YYeXORGqtweMR8HrxY,2025-12-21 03:03:52,2025-11-18 14:09:45,2024-01-12 12:04:36
860497077625579,860497077625579,16857118860497077625579,,已激活,2024-01-11 16:47:37,2024-01-11 16:47:38,FwPSberg1VxPhgo4J1fGaKND9YYeXORGqtweMR8HrxY,2025-12-21 03:01:31,2025-12-08 23:49:00,2024-01-11 16:47:38
860497077625843,860497077625843,16857118860497077625843,,已激活,2024-01-11 16:33:10,2024-01-11 16:33:11,FwPSberg1VxPhgo4J1fGaKND9YYeXORGqtweMR8HrxY,2025-12-21 19:03:47,2025-12-21 18:35:19,2024-01-11 16:33:11
860497077625595,860497077625595,16857118860497077625595,,已激活,2024-01-11 16:16:30,2024-01-11 16:17:16,FwPSberg1VxPhgo4J1fGaKND9YYeXORGqtweMR8HrxY,2025-12-21 03:02:21,2025-12-07 16:12:26,2024-01-11 16:17:16
860497077625827,860497077625827,16857118860497077625827,,已激活,2024-01-11 16:13:49,2024-01-11 16:14:19,FwPSberg1VxPhgo4J1fGaKND9YYeXORGqtweMR8HrxY,2025-12-21 03:03:49,2025-12-13 03:08:21,2024-01-11 16:14:19
860497077509526,860497077509526,16857118860497077509526,,已激活,2024-01-11 14:42:30,2024-01-11 15:30:24,FwPSberg1VxPhgo4J1fGaKND9YYeXORGqtweMR8HrxY,2025-12-21 03:02:15,2025-12-20 05:19:56,2024-01-11 15:30:24
860497077627450,860497077627450,16857118860497077627450,,已激活,2024-01-11 13:02:46,2024-01-11 13:02:52,FwPSberg1VxPhgo4J1fGaKND9YYeXORGqtweMR8HrxY,2025-11-25 04:32:16,2025-11-26 17:09:48,2024-01-11 13:02:52
860497077621024,860497077621024,16857118860497077621024,,已激活,2024-01-11 13:02:45,2024-01-11 13:03:19,FwPSberg1VxPhgo4J1fGaKND9YYeXORGqtweMR8HrxY,2025-11-26 03:02:49,2025-11-26 17:10:19,2024-01-11 13:03:19
860497077632674,860497077632674,16857118860497077632674,,已激活,2024-01-11 11:15:06,2024-01-11 11:15:12,FwPSberg1VxPhgo4J1fGaKND9YYeXORGqtweMR8HrxY,2025-12-21 03:03:42,2025-11-28 02:35:59,2024-01-11 11:15:12
860497077631817,860497077631817,16857118860497077631817,,已激活,2024-01-11 11:01:32,2024-01-11 11:01:34,FwPSberg1VxPhgo4J1fGaKND9YYeXORGqtweMR8HrxY,2025-12-21 03:47:47,2025-12-05 01:14:44,2024-01-11 11:01:34
860497077632286,860497077632286,16857118860497077632286,,已激活,2024-01-11 10:47:39,2024-01-11 10:48:11,FwPSberg1VxPhgo4J1fGaKND9YYeXORGqtweMR8HrxY,2025-12-21 07:13:21,2025-09-23 14:56:57,2024-01-11 10:48:11
860497077622105,860497077622105,16857118860497077622105,,已激活,2024-01-11 10:39:40,2024-01-11 10:44:31,FwPSberg1VxPhgo4J1fGaKND9YYeXORGqtweMR8HrxY,2025-12-21 14:01:44,2025-12-21 13:57:04,2024-01-11 10:44:31
860497077632559,860497077632559,16857118860497077632559,,已激活,2024-01-11 10:37:00,2024-01-11 10:42:30,FwPSberg1VxPhgo4J1fGaKND9YYeXORGqtweMR8HrxY,2025-12-21 03:04:26,2025-09-11 23:52:22,2024-01-11 10:42:30
860497077631304,860497077631304,16857118860497077631304,,已激活,2024-01-11 10:00:18,2024-01-11 10:00:19,FwPSberg1VxPhgo4J1fGaKND9YYeXORGqtweMR8HrxY,2025-12-21 19:38:46,2025-12-21 18:23:47,2024-01-11 10:00:19
860497077632724,860497077632724,16857118860497077632724,,已激活,2024-01-11 09:48:15,2024-01-11 09:55:06,FwPSberg1VxPhgo4J1fGaKND9YYeXORGqtweMR8HrxY,2025-12-21 03:02:11,2025-12-09 14:59:27,2024-01-11 09:55:06
860497077632203,860497077632203,16857118860497077632203,,已激活,2024-01-11 09:48:15,2024-01-11 09:48:16,FwPSberg1VxPhgo4J1fGaKND9YYeXORGqtweMR8HrxY,2025-12-08 09:03:51,2025-12-08 08:35:23,2024-01-11 09:48:16
860497077622196,860497077622196,16857118860497077622196,,已激活,2024-01-11 09:29:51,2024-01-11 09:29:57,FwPSberg1VxPhgo4J1fGaKND9YYeXORGqtweMR8HrxY,2025-06-14 11:21:01,2025-06-14 11:27:01,2024-01-11 09:29:57
860497077632682,860497077632682,16857118860497077632682,,已激活,2024-01-10 14:45:30,2024-01-10 14:45:34,FwPSberg1VxPhgo4J1fGaKND9YYeXORGqtweMR8HrxY,2025-12-08 03:03:53,2025-12-08 11:32:23,2024-01-10 14:45:34
860497077622188,860497077622188,16857118860497077622188,,已激活,2024-01-10 14:23:34,2024-01-10 14:23:37,FwPSberg1VxPhgo4J1fGaKND9YYeXORGqtweMR8HrxY,2025-12-08 03:02:47,2025-12-08 11:32:47,2024-01-10 14:23:37
860497077632666,860497077632666,16857118860497077632666,,已激活,2024-01-10 13:35:59,2024-01-10 13:59:43,FwPSberg1VxPhgo4J1fGaKND9YYeXORGqtweMR8HrxY,2025-12-21 03:01:54,2025-12-19 08:17:21,2024-01-10 13:59:43
860497077632104,860497077632104,16857118860497077632104,,已激活,2024-01-10 13:20:51,2024-01-10 13:20:53,FwPSberg1VxPhgo4J1fGaKND9YYeXORGqtweMR8HrxY,2025-12-21 10:03:44,2025-12-21 09:40:51,2024-01-10 13:20:53
860497077632633,860497077632633,16857118860497077632633,,已激活,2024-01-10 13:20:51,2024-01-10 13:20:58,FwPSberg1VxPhgo4J1fGaKND9YYeXORGqtweMR8HrxY,2025-12-21 03:03:09,2025-12-17 09:34:42,2024-01-10 13:20:58
860497077632385,860497077632385,16857118860497077632385,,已激活,2024-01-10 10:57:58,2024-01-10 10:57:58,FwPSberg1VxPhgo4J1fGaKND9YYeXORGqtweMR8HrxY,2025-12-21 16:30:29,2025-12-21 16:02:00,2024-01-10 10:57:58
860497077621321,860497077621321,16857118860497077621321,,已激活,2024-01-10 09:30:36,2024-01-10 09:30:44,FwPSberg1VxPhgo4J1fGaKND9YYeXORGqtweMR8HrxY,2025-09-15 08:25:10,2025-09-15 11:05:41,2024-01-10 09:30:44
860497077627609,860497077627609,16857118860497077627609,,已激活,2024-01-10 09:06:44,2024-01-10 15:02:46,FwPSberg1VxPhgo4J1fGaKND9YYeXORGqtweMR8HrxY,2025-12-21 03:01:52,2025-12-06 10:31:39,2024-01-10 15:02:46
860497077627583,860497077627583,16857118860497077627583,,已激活,2024-01-10 09:06:44,2024-01-10 16:39:17,FwPSberg1VxPhgo4J1fGaKND9YYeXORGqtweMR8HrxY,2025-11-26 00:04:02,2025-11-15 23:55:49,2024-01-10 16:39:17
860497077627831,860497077627831,16857118860497077627831,,已激活,2024-01-10 09:06:43,2024-03-31 09:12:25,FwPSberg1VxPhgo4J1fGaKND9YYeXORGqtweMR8HrxY,2025-12-21 03:04:13,2025-12-09 11:13:28,2024-03-31 09:12:25
860497077627674,860497077627674,16857118860497077627674,,已激活,2024-01-10 09:06:43,2024-01-11 10:33:22,FwPSberg1VxPhgo4J1fGaKND9YYeXORGqtweMR8HrxY,2025-12-21 05:21:26,2025-12-21 05:15:26,2024-01-11 10:33:22
860497077627765,860497077627765,16857118860497077627765,,已激活,2024-01-10 09:06:43,2024-01-11 10:26:35,FwPSberg1VxPhgo4J1fGaKND9YYeXORGqtweMR8HrxY,2025-12-21 20:03:50,2025-12-21 19:59:31,2024-01-11 10:26:35
860497077627732,860497077627732,16857118860497077627732,,已激活,2024-01-10 09:06:43,2024-01-11 10:42:34,FwPSberg1VxPhgo4J1fGaKND9YYeXORGqtweMR8HrxY,2025-12-09 11:26:50,2025-12-09 11:13:11,2024-01-11 10:42:34
860497077627658,860497077627658,16857118860497077627658,,已激活,2024-01-10 09:06:43,2024-01-10 14:26:30,FwPSberg1VxPhgo4J1fGaKND9YYeXORGqtweMR8HrxY,2025-12-05 01:34:54,2025-12-05 01:19:59,2024-01-10 14:26:30
860497077627427,860497077627427,16857118860497077627427,,已激活,2024-01-10 09:06:43,2024-01-10 14:19:18,FwPSberg1VxPhgo4J1fGaKND9YYeXORGqtweMR8HrxY,2025-12-21 03:03:40,2025-12-10 09:49:22,2024-01-10 14:19:18
860497077622139,860497077622139,16857118860497077622139,,已激活,2024-01-09 14:59:02,2024-01-09 14:59:04,FwPSberg1VxPhgo4J1fGaKND9YYeXORGqtweMR8HrxY,2025-11-25 04:31:52,2025-10-26 03:36:40,2024-01-09 14:59:04
860497077627567,860497077627567,16857118860497077627567,,已激活,2024-01-09 13:41:46,2024-01-09 13:41:49,FwPSberg1VxPhgo4J1fGaKND9YYeXORGqtweMR8HrxY,2025-12-21 03:03:43,2025-12-10 14:09:11,2024-01-09 13:41:49
860497077632153,860497077632153,16857118860497077632153,,已激活,2024-01-09 13:29:58,2024-01-09 13:29:59,FwPSberg1VxPhgo4J1fGaKND9YYeXORGqtweMR8HrxY,2025-11-26 00:05:28,2025-10-14 15:28:51,2024-01-09 13:29:59
860497077632062,860497077632062,16857118860497077632062,,已激活,2024-01-09 13:08:12,2024-01-09 13:08:13,FwPSberg1VxPhgo4J1fGaKND9YYeXORGqtweMR8HrxY,2025-12-05 01:34:51,2025-12-05 01:19:52,2024-01-09 13:08:13
860497077631148,860497077631148,16857118860497077631148,,已激活,2024-01-09 12:35:13,2024-01-09 12:35:15,FwPSberg1VxPhgo4J1fGaKND9YYeXORGqtweMR8HrxY,2025-12-16 00:39:25,2025-12-16 00:27:17,2024-01-09 12:35:15
860497077509542,860497077509542,16857118860497077509542,,已激活,2024-01-09 11:38:58,2024-01-09 13:31:31,FwPSberg1VxPhgo4J1fGaKND9YYeXORGqtweMR8HrxY,2025-12-21 03:04:06,2025-12-10 14:10:33,2024-01-09 13:31:31
860497077525456,860497077525456,16857118860497077525456,,已激活,2024-01-09 11:38:58,2024-01-09 14:28:10,FwPSberg1VxPhgo4J1fGaKND9YYeXORGqtweMR8HrxY,2025-12-20 00:16:57,2025-12-20 00:11:12,2024-01-09 14:28:10
860497077627757,860497077627757,16857118860497077627757,,已激活,2024-01-09 11:38:57,2024-01-16 00:03:44,FwPSberg1VxPhgo4J1fGaKND9YYeXORGqtweMR8HrxY,2025-12-21 09:01:28,2025-12-21 08:36:39,2024-01-16 00:03:44
860497077627823,860497077627823,16857118860497077627823,,已激活,2024-01-09 11:38:57,2024-01-09 15:46:12,FwPSberg1VxPhgo4J1fGaKND9YYeXORGqtweMR8HrxY,2025-12-21 03:04:06,2025-11-14 13:46:53,2024-01-09 15:46:12
860497077627377,860497077627377,16857118860497077627377,,已激活,2024-01-09 11:38:57,2024-01-09 15:51:25,FwPSberg1VxPhgo4J1fGaKND9YYeXORGqtweMR8HrxY,2025-12-21 03:02:14,2025-12-07 01:10:12,2024-01-09 15:51:25
860497077627641,860497077627641,16857118860497077627641,,已激活,2024-01-09 11:38:57,2024-01-09 15:57:37,FwPSberg1VxPhgo4J1fGaKND9YYeXORGqtweMR8HrxY,2025-12-21 03:04:05,2025-11-19 04:56:44,2024-01-09 15:57:37
860497077627740,860497077627740,16857118860497077627740,,已激活,2024-01-09 11:38:57,2024-01-09 16:12:30,FwPSberg1VxPhgo4J1fGaKND9YYeXORGqtweMR8HrxY,2025-12-21 17:33:17,2025-12-21 17:27:24,2024-01-09 16:12:30
860497077523147,860497077523147,16857118860497077523147,,已激活,2024-01-09 11:38:56,2024-01-09 16:07:00,FwPSberg1VxPhgo4J1fGaKND9YYeXORGqtweMR8HrxY,2025-12-21 03:04:04,2025-10-17 20:27:44,2024-01-09 16:07:00
860497077520903,860497077520903,16857118860497077520903,,已激活,2024-01-09 11:38:56,2024-01-09 16:19:27,FwPSberg1VxPhgo4J1fGaKND9YYeXORGqtweMR8HrxY,2025-12-21 03:02:03,2025-12-20 07:55:24,2024-01-09 16:19:27
860497077523154,860497077523154,16857118860497077523154,,已激活,2024-01-09 11:38:56,2024-01-09 16:28:10,FwPSberg1VxPhgo4J1fGaKND9YYeXORGqtweMR8HrxY,2025-12-21 03:04:09,2025-11-13 22:08:51,2024-01-09 16:28:10
860497077632625,860497077632625,16857118860497077632625,,已激活,2024-01-09 11:27:23,2024-01-09 11:27:33,FwPSberg1VxPhgo4J1fGaKND9YYeXORGqtweMR8HrxY,2025-12-21 03:03:56,2025-12-20 15:13:35,2024-01-09 11:27:33
860497077632278,860497077632278,16857118860497077632278,,已激活,2024-01-08 18:02:18,2024-01-08 18:02:21,FwPSberg1VxPhgo4J1fGaKND9YYeXORGqtweMR8HrxY,2025-12-21 03:04:13,2025-12-11 16:38:57,2024-01-08 18:02:21
860497077458971,860497077458971,16857118860497077458971,,已激活,2023-12-28 17:28:22,2023-12-29 03:00:40,FwPSberg1VxPhgo4J1fGaKND9YYeXORGqtweMR8HrxY,2024-03-23 22:00:32,2024-03-24 11:53:03,2023-12-29 03:00:40
860497077408521,860497077408521,16857118860497077408521,,已激活,2023-12-28 17:22:22,2024-06-17 17:44:38,FwPSberg1VxPhgo4J1fGaKND9YYeXORGqtweMR8HrxY,2024-06-17 17:44:38,2024-06-17 18:04:08,2024-06-17 17:44:38
860497077470042,860497077470042,16857118860497077470042,,已激活,2023-12-28 17:22:22,2024-06-17 17:44:38,FwPSberg1VxPhgo4J1fGaKND9YYeXORGqtweMR8HrxY,2024-06-17 17:44:38,2024-06-17 18:04:08,2024-06-17 17:44:38
860497077537790,860497077537790,16857118860497077537790,,已注册,2023-12-28 17:22:22,,FwPSberg1VxPhgo4J1fGaKND9YYeXORGqtweMR8HrxY,,,
860497077404322,860497077404322,16857118860497077404322,,已注册,2023-12-28 17:22:22,,FwPSberg1VxPhgo4J1fGaKND9YYeXORGqtweMR8HrxY,,,
860497077404348,860497077404348,16857118860497077404348,,已注册,2023-12-28 17:22:22,,FwPSberg1VxPhgo4J1fGaKND9YYeXORGqtweMR8HrxY,,,
860497077458823,860497077458823,16857118860497077458823,,已激活,2023-12-28 17:22:21,2024-06-17 15:57:42,FwPSberg1VxPhgo4J1fGaKND9YYeXORGqtweMR8HrxY,2025-12-20 03:04:06,2025-12-05 01:19:34,2024-06-17 15:57:42
860497077404207,860497077404207,16857118860497077404207,,已激活,2023-12-28 17:22:21,2024-03-05 16:11:49,FwPSberg1VxPhgo4J1fGaKND9YYeXORGqtweMR8HrxY,2025-12-21 03:01:52,2025-10-19 23:33:51,2024-03-05 16:11:49
860497077404108,860497077404108,16857118860497077404108,,已激活,2023-12-28 17:22:21,2023-12-30 16:14:24,FwPSberg1VxPhgo4J1fGaKND9YYeXORGqtweMR8HrxY,2025-12-21 03:03:53,2025-11-21 11:04:27,2023-12-30 16:14:24
860497077404173,860497077404173,16857118860497077404173,,已激活,2023-12-28 17:22:21,2023-12-29 03:00:15,FwPSberg1VxPhgo4J1fGaKND9YYeXORGqtweMR8HrxY,2025-12-21 03:04:12,2025-11-21 11:03:32,2023-12-29 03:00:15
860497077603766,860497077603766,16857118860497077603766,,已激活,2023-12-28 17:22:21,2024-01-15 09:44:54,FwPSberg1VxPhgo4J1fGaKND9YYeXORGqtweMR8HrxY,2024-03-16 03:02:55,2024-02-17 14:42:43,2024-01-15 09:44:54
860497077404272,860497077404272,16857118860497077404272,,已激活,2023-12-28 17:22:20,2024-01-13 16:09:29,FwPSberg1VxPhgo4J1fGaKND9YYeXORGqtweMR8HrxY,2024-04-10 03:01:57,2024-04-17 01:38:04,2024-01-13 16:09:29
860497077458880,860497077458880,16857118860497077458880,,已注册,2023-12-28 17:22:20,,FwPSberg1VxPhgo4J1fGaKND9YYeXORGqtweMR8HrxY,,,
860497077458815,860497077458815,16857118860497077458815,,已激活,2023-12-28 17:22:20,2024-01-14 11:12:51,FwPSberg1VxPhgo4J1fGaKND9YYeXORGqtweMR8HrxY,2024-02-14 03:01:52,2024-02-21 05:49:59,2024-01-14 11:12:51
860497077404256,860497077404256,16857118860497077404256,,已激活,2023-12-28 17:22:20,2023-12-29 03:01:39,FwPSberg1VxPhgo4J1fGaKND9YYeXORGqtweMR8HrxY,2025-12-21 03:04:21,2025-12-17 15:44:40,2023-12-29 03:01:39
860497077404280,860497077404280,16857118860497077404280,,已激活,2023-12-28 17:22:20,2024-01-16 16:39:34,FwPSberg1VxPhgo4J1fGaKND9YYeXORGqtweMR8HrxY,2025-12-21 03:03:41,2025-12-17 15:45:32,2024-01-16 16:39:34
860497077395553,860497077395553,16857118860497077395553,,已激活,2023-12-28 17:22:20,2023-12-29 17:04:45,FwPSberg1VxPhgo4J1fGaKND9YYeXORGqtweMR8HrxY,2025-12-09 03:01:16,2025-12-13 07:46:21,2023-12-29 17:04:45
860497077404090,860497077404090,16857118860497077404090,,已激活,2023-12-28 17:22:19,2024-01-06 16:36:53,FwPSberg1VxPhgo4J1fGaKND9YYeXORGqtweMR8HrxY,2025-11-21 16:13:03,2025-11-21 16:17:33,2024-01-06 16:36:53
860497077397526,860497077397526,16857118860497077397526,,已激活,2023-12-28 17:22:19,2023-12-29 03:01:24,FwPSberg1VxPhgo4J1fGaKND9YYeXORGqtweMR8HrxY,2024-07-05 13:35:19,2024-07-05 13:41:19,2023-12-29 03:01:24
860497077404363,860497077404363,16857118860497077404363,,已激活,2023-12-28 17:22:19,2023-12-29 03:00:41,FwPSberg1VxPhgo4J1fGaKND9YYeXORGqtweMR8HrxY,2024-07-05 13:35:18,2024-07-05 13:39:48,2023-12-29 03:00:41
860497077458849,860497077458849,16857118860497077458849,,已激活,2023-12-26 15:46:34,2024-06-17 18:06:00,FwPSberg1VxPhgo4J1fGaKND9YYeXORGqtweMR8HrxY,2025-12-21 03:03:16,2025-12-17 14:09:11,2024-06-17 18:06:00
860497077395942,860497077395942,16857118860497077395942,,已激活,2023-12-26 14:10:49,2024-03-05 14:22:41,FwPSberg1VxPhgo4J1fGaKND9YYeXORGqtweMR8HrxY,2025-12-21 03:03:16,2025-12-21 06:45:16,2024-03-05 14:22:41
860497077404215,860497077404215,16857118860497077404215,,已激活,2023-12-26 14:10:49,2024-03-08 09:57:04,FwPSberg1VxPhgo4J1fGaKND9YYeXORGqtweMR8HrxY,2025-12-18 17:02:38,2025-12-18 17:26:38,2024-03-08 09:57:04
860497077404199,860497077404199,16857118860497077404199,,已激活,2023-12-26 12:15:40,2024-03-05 15:20:34,FwPSberg1VxPhgo4J1fGaKND9YYeXORGqtweMR8HrxY,2025-11-17 03:01:20,2025-11-14 03:06:46,2024-03-05 15:20:34
860497074495488,860497074495488,16857118860497074495488,,已注册,2023-12-26 12:15:39,,FwPSberg1VxPhgo4J1fGaKND9YYeXORGqtweMR8HrxY,,,
860497077404140,860497077404140,16857118860497077404140,,已激活,2023-12-19 10:25:50,2023-12-20 22:03:02,FwPSberg1VxPhgo4J1fGaKND9YYeXORGqtweMR8HrxY,2024-03-07 03:02:30,2024-03-07 05:49:00,2023-12-20 22:03:02
860497077396924,860497077396924,16857118860497077396924,,已激活,2023-12-19 10:04:49,2023-12-19 17:01:21,FwPSberg1VxPhgo4J1fGaKND9YYeXORGqtweMR8HrxY,2025-12-21 03:04:23,2025-11-20 03:03:29,2023-12-19 17:01:21
860497077383427,860497077383427,16857118860497077383427,,已激活,2023-12-18 16:14:07,2023-12-18 16:16:07,FwPSberg1VxPhgo4J1fGaKND9YYeXORGqtweMR8HrxY,2024-04-17 11:35:23,2024-04-17 11:39:53,2023-12-18 16:16:07
860497077395520,860497077395520,16857118860497077395520,,已激活,2023-12-18 12:57:08,2023-12-22 12:02:16,FwPSberg1VxPhgo4J1fGaKND9YYeXORGqtweMR8HrxY,2025-09-07 03:02:56,2025-09-02 03:02:57,2023-12-22 12:02:16
860497077395322,860497077395322,16857118860497077395322,,已激活,2023-12-15 15:18:19,2023-12-16 22:00:31,FwPSberg1VxPhgo4J1fGaKND9YYeXORGqtweMR8HrxY,2025-05-15 17:04:34,2025-05-17 17:58:36,2023-12-16 22:00:31
860497077395439,860497077395439,16857118860497077395439,,已激活,2023-12-12 18:14:57,2023-12-13 03:01:21,FwPSberg1VxPhgo4J1fGaKND9YYeXORGqtweMR8HrxY,2025-12-20 15:20:37,2025-12-21 12:32:38,2023-12-13 03:01:21
860497077406962,860497077406962,16857118860497077406962,,已注册,2023-12-11 13:58:42,,FwPSberg1VxPhgo4J1fGaKND9YYeXORGqtweMR8HrxY,,,
860497077458898,860497077458898,16857118860497077458898,,已激活,2023-12-11 13:58:42,2023-12-12 03:00:44,FwPSberg1VxPhgo4J1fGaKND9YYeXORGqtweMR8HrxY,2024-07-05 05:03:45,2024-07-05 14:03:46,2023-12-12 03:00:44
860497077494604,860497077494604,16857118860497077494604,,已激活,2023-12-01 16:55:50,2023-12-02 03:02:18,FwPSberg1VxPhgo4J1fGaKND9YYeXORGqtweMR8HrxY,2025-12-21 03:03:56,2025-12-15 11:38:27,2023-12-02 03:02:18
860497077459003,860497077459003,16857118860497077459003,,已激活,2023-12-01 16:44:52,2023-12-02 03:02:11,FwPSberg1VxPhgo4J1fGaKND9YYeXORGqtweMR8HrxY,2025-12-05 01:19:39,2025-11-10 14:08:28,2023-12-02 03:02:11
865027053455132,865027053455132,16857118865027053455132,,已注册,2023-12-01 15:19:56,,FwPSberg1VxPhgo4J1fGaKND9YYeXORGqtweMR8HrxY,,,
860497077388970,860497077388970,16857118860497077388970,,已激活,2023-11-28 13:28:17,2023-11-28 14:02:19,FwPSberg1VxPhgo4J1fGaKND9YYeXORGqtweMR8HrxY,2025-11-26 00:02:56,2025-11-16 00:16:43,2023-11-28 14:02:19
860497077494901,860497077494901,16857118860497077494901,,已激活,2023-11-25 14:09:54,2023-11-25 15:00:35,FwPSberg1VxPhgo4J1fGaKND9YYeXORGqtweMR8HrxY,2025-09-13 12:31:54,2025-10-09 23:05:23,2023-11-25 15:00:35
860497077397997,860497077397997,16857118860497077397997,,已激活,2023-11-25 13:41:14,2023-11-25 13:51:53,FwPSberg1VxPhgo4J1fGaKND9YYeXORGqtweMR8HrxY,2025-12-21 03:01:56,2025-09-12 00:39:23,2023-11-25 13:51:53
860497077404264,860497077404264,16857118860497077404264,,已激活,2023-11-24 13:35:37,2023-11-24 14:13:10,FwPSberg1VxPhgo4J1fGaKND9YYeXORGqtweMR8HrxY,2025-12-10 16:07:21,2025-12-11 03:02:51,2023-11-24 14:13:10
860497077458922,860497077458922,16857118860497077458922,,已激活,2023-11-24 13:35:01,2023-11-24 13:50:34,FwPSberg1VxPhgo4J1fGaKND9YYeXORGqtweMR8HrxY,2025-12-21 03:03:58,2025-12-06 12:07:54,2023-11-24 13:50:34
860497077408943,860497077408943,16857118860497077408943,,已激活,2023-11-24 13:31:27,2023-11-24 15:07:05,FwPSberg1VxPhgo4J1fGaKND9YYeXORGqtweMR8HrxY,2025-12-21 03:04:21,2025-12-17 16:58:08,2023-11-24 15:07:05
860497077483466,860497077483466,16857118860497077483466,,已激活,2023-11-24 13:30:30,2023-11-24 15:36:08,FwPSberg1VxPhgo4J1fGaKND9YYeXORGqtweMR8HrxY,2025-12-19 09:16:07,2025-12-19 09:13:40,2023-11-24 15:36:08
860497077407341,860497077407341,16857118860497077407341,,已激活,2023-11-24 10:42:13,2023-11-24 10:58:25,FwPSberg1VxPhgo4J1fGaKND9YYeXORGqtweMR8HrxY,2025-12-21 03:01:27,2025-12-17 04:38:44,2023-11-24 10:58:25
860497077397880,860497077397880,16857118860497077397880,,已激活,2023-11-24 10:41:18,2023-11-24 11:20:55,FwPSberg1VxPhgo4J1fGaKND9YYeXORGqtweMR8HrxY,2025-04-27 14:33:40,2025-04-27 14:38:10,2023-11-24 11:20:55
860497077396684,860497077396684,16857118860497077396684,,已激活,2023-11-24 09:43:03,2023-11-24 09:44:39,FwPSberg1VxPhgo4J1fGaKND9YYeXORGqtweMR8HrxY,2025-12-21 03:03:40,2025-12-19 10:55:18,2023-11-24 09:44:39
860497077404181,860497077404181,16857118860497077404181,,已激活,2023-11-24 09:37:27,2023-11-24 09:45:47,FwPSberg1VxPhgo4J1fGaKND9YYeXORGqtweMR8HrxY,2025-12-21 03:04:21,2025-12-12 20:02:44,2023-11-24 09:45:47
860497077398714,860497077398714,16857118860497077398714,,已激活,2023-11-23 17:59:19,2023-11-23 18:14:01,FwPSberg1VxPhgo4J1fGaKND9YYeXORGqtweMR8HrxY,2025-12-21 03:02:39,2025-12-08 20:59:14,2023-11-23 18:14:01
860497077396056,860497077396056,16857118860497077396056,,已激活,2023-11-23 17:54:50,2023-11-23 18:15:32,FwPSberg1VxPhgo4J1fGaKND9YYeXORGqtweMR8HrxY,2025-12-21 03:01:39,2025-10-17 07:12:49,2023-11-23 18:15:32
860497077402136,860497077402136,16857118860497077402136,,已激活,2023-11-23 17:13:47,2023-11-23 18:05:07,FwPSberg1VxPhgo4J1fGaKND9YYeXORGqtweMR8HrxY,2025-12-21 03:04:11,2025-12-15 20:29:40,2023-11-23 18:05:07
860497077458906,860497077458906,16857118860497077458906,,已激活,2023-11-23 17:12:00,2023-11-23 18:06:47,FwPSberg1VxPhgo4J1fGaKND9YYeXORGqtweMR8HrxY,2025-12-21 03:03:42,2025-08-26 19:51:48,2023-11-23 18:06:47
860497077404231,860497077404231,16857118860497077404231,,已激活,2023-11-22 15:45:04,2023-11-23 03:03:27,FwPSberg1VxPhgo4J1fGaKND9YYeXORGqtweMR8HrxY,2025-12-21 03:04:12,2025-12-17 00:35:44,2023-11-23 03:03:27
860497077406954,860497077406954,16857118860497077406954,,已激活,2023-11-22 15:42:46,2023-11-23 03:00:35,FwPSberg1VxPhgo4J1fGaKND9YYeXORGqtweMR8HrxY,2025-12-21 03:03:39,2025-11-25 04:24:19,2023-11-23 03:00:35
860497077383658,860497077383658,16857118860497077383658,,已激活,2023-11-22 15:40:23,2023-11-23 03:02:55,FwPSberg1VxPhgo4J1fGaKND9YYeXORGqtweMR8HrxY,2025-12-17 03:02:25,2025-11-21 18:43:16,2023-11-23 03:02:55
860497077459011,860497077459011,16857118860497077459011,,已激活,2023-11-22 15:37:33,2023-11-23 03:00:50,FwPSberg1VxPhgo4J1fGaKND9YYeXORGqtweMR8HrxY,2025-12-20 10:03:27,2025-12-20 09:48:39,2023-11-23 03:00:50
860497077403027,860497077403027,16857118860497077403027,,已激活,2023-11-22 11:24:15,2023-11-23 03:00:55,FwPSberg1VxPhgo4J1fGaKND9YYeXORGqtweMR8HrxY,2025-12-21 03:03:40,2025-12-15 07:07:37,2023-11-23 03:00:55
860497077459086,860497077459086,16857118860497077459086,,已激活,2023-11-22 11:22:20,2023-11-23 03:01:24,FwPSberg1VxPhgo4J1fGaKND9YYeXORGqtweMR8HrxY,2025-12-21 03:04:04,2025-11-21 13:57:40,2023-11-23 03:01:24
860497077395405,860497077395405,16857118860497077395405,,已激活,2023-11-22 11:19:45,2023-11-23 03:01:46,FwPSberg1VxPhgo4J1fGaKND9YYeXORGqtweMR8HrxY,2025-04-17 11:23:19,2025-04-17 11:27:49,2023-11-23 03:01:46
860497077404314,860497077404314,16857118860497077404314,,已激活,2023-11-22 11:17:41,2023-11-23 03:01:04,FwPSberg1VxPhgo4J1fGaKND9YYeXORGqtweMR8HrxY,2025-12-21 03:01:27,2025-12-04 03:08:14,2023-11-23 03:01:04
860497077395447,860497077395447,16857118860497077395447,,已激活,2023-11-22 09:13:50,2023-11-23 03:02:10,FwPSberg1VxPhgo4J1fGaKND9YYeXORGqtweMR8HrxY,2025-12-21 03:01:54,2025-12-14 09:46:19,2023-11-23 03:02:10
860497077407028,860497077407028,16857118860497077407028,,已激活,2023-11-22 09:04:34,2023-11-23 03:04:13,FwPSberg1VxPhgo4J1fGaKND9YYeXORGqtweMR8HrxY,2025-12-21 07:32:01,2025-12-21 07:23:07,2023-11-23 03:04:13
860497077459052,860497077459052,16857118860497077459052,,已激活,2023-11-21 12:08:15,2023-11-22 03:03:29,FwPSberg1VxPhgo4J1fGaKND9YYeXORGqtweMR8HrxY,2025-12-20 18:33:37,2025-12-20 18:11:37,2023-11-22 03:03:29
860497077404389,860497077404389,16857118860497077404389,,已激活,2023-11-20 17:04:26,2023-11-21 03:03:11,FwPSberg1VxPhgo4J1fGaKND9YYeXORGqtweMR8HrxY,2025-12-21 03:01:43,2025-12-05 01:19:55,2023-11-21 03:03:11
860497077397955,860497077397955,16857118860497077397955,,已激活,2023-11-20 14:59:01,2023-11-21 03:01:59,FwPSberg1VxPhgo4J1fGaKND9YYeXORGqtweMR8HrxY,2025-12-20 02:34:41,2025-12-20 02:06:33,2023-11-21 03:01:59
860497077408869,860497077408869,16857118860497077408869,,已激活,2023-11-20 09:50:45,2023-11-25 06:49:01,FwPSberg1VxPhgo4J1fGaKND9YYeXORGqtweMR8HrxY,2025-12-21 03:01:25,2025-12-09 03:05:06,2023-11-25 06:49:01
860497077395603,860497077395603,16857118860497077395603,,已激活,2023-11-20 09:48:37,2023-11-21 03:02:39,FwPSberg1VxPhgo4J1fGaKND9YYeXORGqtweMR8HrxY,2025-12-21 03:01:44,2025-12-16 02:43:44,2023-11-21 03:02:39
860497077459102,860497077459102,16857118860497077459102,,已激活,2023-11-20 09:46:05,2023-11-21 03:00:24,FwPSberg1VxPhgo4J1fGaKND9YYeXORGqtweMR8HrxY,2025-12-21 03:03:25,2025-12-19 06:58:15,2023-11-21 03:00:24
860497077407069,860497077407069,16857118860497077407069,,已激活,2023-11-20 09:43:36,2023-11-21 03:01:16,FwPSberg1VxPhgo4J1fGaKND9YYeXORGqtweMR8HrxY,2025-12-21 18:05:19,2025-12-21 17:44:37,2023-11-21 03:01:16
860497077395934,860497077395934,16857118860497077395934,,已激活,2023-11-20 09:41:23,2023-11-21 03:00:12,FwPSberg1VxPhgo4J1fGaKND9YYeXORGqtweMR8HrxY,2025-12-20 03:04:11,2025-11-06 13:40:41,2023-11-21 03:00:12
860497077458914,860497077458914,16857118860497077458914,,已激活,2023-11-20 09:39:09,2023-11-21 03:01:48,FwPSberg1VxPhgo4J1fGaKND9YYeXORGqtweMR8HrxY,2025-12-21 03:03:58,2025-11-27 04:35:56,2023-11-21 03:01:48
860497077391222,860497077391222,16857118860497077391222,,已激活,2023-11-20 09:36:07,2023-11-21 22:02:52,FwPSberg1VxPhgo4J1fGaKND9YYeXORGqtweMR8HrxY,2025-12-21 03:04:11,2025-11-17 16:36:03,2023-11-21 22:02:52
860497077406970,860497077406970,16857118860497077406970,,已激活,2023-11-20 09:33:34,2023-11-21 03:03:18,FwPSberg1VxPhgo4J1fGaKND9YYeXORGqtweMR8HrxY,2025-12-21 03:01:36,2025-12-21 02:56:34,2023-11-21 03:03:18
860497077404116,860497077404116,16857118860497077404116,,已激活,2023-11-20 09:28:54,2023-11-21 03:01:27,FwPSberg1VxPhgo4J1fGaKND9YYeXORGqtweMR8HrxY,2025-12-21 03:03:49,2025-12-05 01:19:39,2023-11-21 03:01:27
860497077404371,860497077404371,16857118860497077404371,,已激活,2023-11-16 11:39:52,2023-11-17 08:57:20,FwPSberg1VxPhgo4J1fGaKND9YYeXORGqtweMR8HrxY,2025-12-21 09:10:01,2025-12-20 21:41:56,2023-11-17 08:57:20
860061065744692,860061065744692,16857118860061065744692,,已注册,2023-11-15 14:32:16,,FwPSberg1VxPhgo4J1fGaKND9YYeXORGqtweMR8HrxY,,,
123456789,123456789,16857118123456789,,已注册,2023-11-13 15:18:34,,FwPSberg1VxPhgo4J1fGaKND9YYeXORGqtweMR8HrxY,,,
860123459201,860123459201,16857118860123459201,,已注册,2023-11-13 15:02:25,,FwPSberg1VxPhgo4J1fGaKND9YYeXORGqtweMR8HrxY,,,
860123459101,860123459101,16857118860123459101,,已注册,2023-11-13 15:01:07,,FwPSberg1VxPhgo4J1fGaKND9YYeXORGqtweMR8HrxY,,,
86012345910,86012345910,1685711886012345910,,已注册,2023-11-13 14:58:03,,FwPSberg1VxPhgo4J1fGaKND9YYeXORGqtweMR8HrxY,,,
860123459,860123459,16857118860123459,,已注册,2023-11-13 14:54:11,,FwPSberg1VxPhgo4J1fGaKND9YYeXORGqtweMR8HrxY,,,
860497077477005,860497077477005,16857118860497077477005,,已激活,2023-11-12 18:17:40,2023-11-12 18:33:23,FwPSberg1VxPhgo4J1fGaKND9YYeXORGqtweMR8HrxY,2024-01-17 11:11:21,2024-01-17 11:15:51,2023-11-12 18:33:23
860061065749963,860061065749963,16857118860061065749963,,已激活,2023-10-19 17:04:24,2023-10-19 17:15:40,FwPSberg1VxPhgo4J1fGaKND9YYeXORGqtweMR8HrxY,2024-01-18 16:56:43,2024-01-18 17:04:13,2023-10-19 17:15:40
860061065744659,860061065744659,16857118860061065744659,,已激活,2023-09-20 14:05:38,2023-09-25 10:02:16,FwPSberg1VxPhgo4J1fGaKND9YYeXORGqtweMR8HrxY,2023-10-23 10:22:27,2023-10-23 10:31:27,2023-09-25 10:02:16